{"type":"FeatureCollection","features":[{"type":"Feature","geometry":{"type":"Point","coordinates":[-122.55812835693,49.210037231445]},"properties":{"id":552940,"datetime":"2026-08-30T19:26:24.000000Z","filename":"https://olm-s3.s3.eu-west-1.amazonaws.com/2026/08/30/WU6btr8wI1p4cydSmNsiTYGWPyESdTDP8kP1nCG4.jpg","tags":[{"type":"standard","category":"pets","item":"dogshit","quantity":1}],"objects":[{"status":"OK","on_map":true,"group":"Fecal","subgroup":"","layer":"Pet Waste Unbagged","full_name":"Fecal \u2013 Pet Waste Unbagged","olm_key":"pets/dogshit","quantity":1,"picked_up":false}],"groups":["pet_waste"],"has_litter":false,"has_pet_waste":true,"has_substances":false,"zone":"cottonwood_zone_C","zone_edge_m":28.6,"nbhd_edge_m":null}},{"type":"Feature","geometry":{"type":"Point","coordinates":[-122.55902099609,49.205593109131]},"properties":{"id":552939,"datetime":"2026-08-30T19:36:44.000000Z","filename":"https://olm-s3.s3.eu-west-1.amazonaws.com/2026/08/30/ocZ90uPRmnLLFowFvdsMEd0P4LsDOYK8bX9qc5jB.jpg","tags":[{"type":"standard","category":"pets","item":"dogshit","quantity":1}],"objects":[{"status":"OK","on_map":true,"group":"Fecal","subgroup":"","layer":"Pet Waste Unbagged","full_name":"Fecal \u2013 Pet Waste Unbagged","olm_key":"pets/dogshit","quantity":1,"picked_up":false}],"groups":["pet_waste"],"has_litter":false,"has_pet_waste":true,"has_substances":false,"zone":"cottonwood_zone_E","zone_edge_m":20.4,"nbhd_edge_m":null}},{"type":"Feature","geometry":{"type":"Point","coordinates":[-122.56114959717,49.21017074585]},"properties":{"id":552938,"datetime":"2026-08-30T19:59:50.000000Z","filename":"https://olm-s3.s3.eu-west-1.amazonaws.com/2026/08/30/LjDf02a6HMD1T0RvBHnp0mogxykugrnXOHhOAt7e.jpg","tags":[{"type":"standard","category":"other","item":"balloon","quantity":1}],"objects":[{"status":"OK","on_map":true,"group":"Household","subgroup":"","layer":"Party Litter","full_name":"Household \u2013 Party Litter","olm_key":"other/balloon","quantity":1,"picked_up":true}],"groups":["litter"],"has_litter":true,"has_pet_waste":false,"has_substances":false,"zone":"cottonwood_zone_C","zone_edge_m":43.5,"nbhd_edge_m":null}},{"type":"Feature","geometry":{"type":"Point","coordinates":[-122.56114959717,49.21017074585]},"properties":{"id":552937,"datetime":"2026-08-30T19:59:55.000000Z","filename":"https://olm-s3.s3.eu-west-1.amazonaws.com/2026/08/30/1GAJImAJIsPw8HKB2dhS6hUl5gXJeTCG9S0uqTuX.jpg","tags":[{"type":"standard","category":"other","item":"plastic","quantity":1}],"objects":[{"status":"OK","on_map":true,"group":"Piece","subgroup":"","layer":"Plastic Piece","full_name":"Piece \u2013 Plastic Piece","olm_key":"other/plastic","quantity":1,"picked_up":true}],"groups":["litter"],"has_litter":true,"has_pet_waste":false,"has_substances":false,"zone":"cottonwood_zone_C","zone_edge_m":43.5,"nbhd_edge_m":null}},{"type":"Feature","geometry":{"type":"Point","coordinates":[-122.56114959717,49.21017074585]},"properties":{"id":552936,"datetime":"2026-08-30T20:00:06.000000Z","filename":"https://olm-s3.s3.eu-west-1.amazonaws.com/2026/08/30/s8PsfVKyRU4N2Nmzmwm07vW8kdA2bmBcFsjm6m7F.jpg","tags":[{"type":"standard","category":"other","item":"paper","quantity":1},{"type":"material","category":"material","item":"paper","quantity":1,"parent_category":"other","parent_item":"paper"}],"objects":[{"status":"OK","on_map":true,"group":"Piece","subgroup":"","layer":"Paper Piece","full_name":"Piece \u2013 Paper Piece","olm_key":"other/paper","quantity":1,"picked_up":true}],"groups":["litter"],"has_litter":true,"has_pet_waste":false,"has_substances":false,"zone":"cottonwood_zone_C","zone_edge_m":43.5,"nbhd_edge_m":null}},{"type":"Feature","geometry":{"type":"Point","coordinates":[-122.56114959717,49.21017074585]},"properties":{"id":552935,"datetime":"2026-08-30T20:00:52.000000Z","filename":"https://olm-s3.s3.eu-west-1.amazonaws.com/2026/08/30/Mttb8lRWfkasLpB3S6Rb0KH3heXyPGSRuwCY5egu.jpg","tags":[{"type":"standard","category":"other","item":"plastic","quantity":1}],"objects":[{"status":"OK","on_map":true,"group":"Piece","subgroup":"","layer":"Plastic Piece","full_name":"Piece \u2013 Plastic Piece","olm_key":"other/plastic","quantity":1,"picked_up":true}],"groups":["litter"],"has_litter":true,"has_pet_waste":false,"has_substances":false,"zone":"cottonwood_zone_C","zone_edge_m":43.5,"nbhd_edge_m":null}},{"type":"Feature","geometry":{"type":"Point","coordinates":[-122.56156921387,49.209568023682]},"properties":{"id":552934,"datetime":"2026-08-30T20:01:08.000000Z","filename":"https://olm-s3.s3.eu-west-1.amazonaws.com/2026/08/30/3PZLG8FUzUUV3bI6eE7wxL1PxBFvmekKVyRQQEPN.jpg","tags":[{"type":"standard","category":"other","item":"paper","quantity":1},{"type":"material","category":"material","item":"paper","quantity":1,"parent_category":"other","parent_item":"paper"}],"objects":[{"status":"OK","on_map":true,"group":"Piece","subgroup":"","layer":"Paper Piece","full_name":"Piece \u2013 Paper Piece","olm_key":"other/paper","quantity":1,"picked_up":true}],"groups":["litter"],"has_litter":true,"has_pet_waste":false,"has_substances":false,"zone":"cottonwood_zone_D","zone_edge_m":23.6,"nbhd_edge_m":null}},{"type":"Feature","geometry":{"type":"Point","coordinates":[-122.56156921387,49.209568023682]},"properties":{"id":552933,"datetime":"2026-08-30T20:01:27.000000Z","filename":"https://olm-s3.s3.eu-west-1.amazonaws.com/2026/08/30/PMwRHjXfjRsWrXiX0z0rraFEQ6tGlU0TpewVH1fH.jpg","tags":[{"type":"standard","category":"other","item":"plastic","quantity":1}],"objects":[{"status":"OK","on_map":true,"group":"Piece","subgroup":"","layer":"Plastic Piece","full_name":"Piece \u2013 Plastic Piece","olm_key":"other/plastic","quantity":1,"picked_up":true}],"groups":["litter"],"has_litter":true,"has_pet_waste":false,"has_substances":false,"zone":"cottonwood_zone_D","zone_edge_m":23.6,"nbhd_edge_m":null}},{"type":"Feature","geometry":{"type":"Point","coordinates":[-122.56156921387,49.209568023682]},"properties":{"id":552932,"datetime":"2026-08-30T20:02:55.000000Z","filename":"https://olm-s3.s3.eu-west-1.amazonaws.com/2026/08/30/l7UMekdihHgFGDqFiXJwFy9h593a3f2qCMSl8ZDa.jpg","tags":[{"type":"standard","category":"sanitary","item":"dental_floss","quantity":1}],"objects":[{"status":"OK","on_map":true,"group":"Household","subgroup":"","layer":"Dental Waste","full_name":"Household \u2013 Dental Waste","olm_key":"sanitary/dental_floss","quantity":1,"picked_up":true}],"groups":["litter"],"has_litter":true,"has_pet_waste":false,"has_substances":false,"zone":"cottonwood_zone_D","zone_edge_m":23.6,"nbhd_edge_m":null}},{"type":"Feature","geometry":{"type":"Point","coordinates":[-122.56156921387,49.209568023682]},"properties":{"id":552931,"datetime":"2026-08-30T20:03:45.000000Z","filename":"https://olm-s3.s3.eu-west-1.amazonaws.com/2026/08/30/CH3AokV4nPfjVekvtLUy9DDlIUfg5eyugRYLcBpz.jpg","tags":[{"type":"standard","category":"other","item":"plastic","quantity":1}],"objects":[{"status":"OK","on_map":true,"group":"Piece","subgroup":"","layer":"Plastic Piece","full_name":"Piece \u2013 Plastic Piece","olm_key":"other/plastic","quantity":1,"picked_up":true}],"groups":["litter"],"has_litter":true,"has_pet_waste":false,"has_substances":false,"zone":"cottonwood_zone_D","zone_edge_m":23.6,"nbhd_edge_m":null}},{"type":"Feature","geometry":{"type":"Point","coordinates":[-122.56156921387,49.209568023682]},"properties":{"id":552930,"datetime":"2026-08-30T20:03:50.000000Z","filename":"https://olm-s3.s3.eu-west-1.amazonaws.com/2026/08/30/N5VE3xrXVffrAQnzqMGJUAdzImzS6Pe6lyWEUikE.jpg","tags":[{"type":"standard","category":"other","item":"plastic","quantity":1}],"objects":[{"status":"OK","on_map":true,"group":"Piece","subgroup":"","layer":"Plastic Piece","full_name":"Piece \u2013 Plastic Piece","olm_key":"other/plastic","quantity":1,"picked_up":true}],"groups":["litter"],"has_litter":true,"has_pet_waste":false,"has_substances":false,"zone":"cottonwood_zone_D","zone_edge_m":23.6,"nbhd_edge_m":null}},{"type":"Feature","geometry":{"type":"Point","coordinates":[-122.56156921387,49.209568023682]},"properties":{"id":552929,"datetime":"2026-08-30T20:04:02.000000Z","filename":"https://olm-s3.s3.eu-west-1.amazonaws.com/2026/08/30/bLe30IJ2lELHDmhFsVCmGG7EwOlU0FLua4mmsQ9g.jpg","tags":[{"type":"standard","category":"other","item":"balloon","quantity":1}],"objects":[{"status":"OK","on_map":true,"group":"Household","subgroup":"","layer":"Party Litter","full_name":"Household \u2013 Party Litter","olm_key":"other/balloon","quantity":1,"picked_up":true}],"groups":["litter"],"has_litter":true,"has_pet_waste":false,"has_substances":false,"zone":"cottonwood_zone_D","zone_edge_m":23.6,"nbhd_edge_m":null}},{"type":"Feature","geometry":{"type":"Point","coordinates":[-122.56156921387,49.209568023682]},"properties":{"id":552928,"datetime":"2026-08-30T20:04:09.000000Z","filename":"https://olm-s3.s3.eu-west-1.amazonaws.com/2026/08/30/HKKIztYVASgJ1S17iczR6npv5EtsxGr2aSanXsdx.jpg","tags":[{"type":"standard","category":"other","item":"plastic","quantity":1}],"objects":[{"status":"OK","on_map":true,"group":"Piece","subgroup":"","layer":"Plastic Piece","full_name":"Piece \u2013 Plastic Piece","olm_key":"other/plastic","quantity":1,"picked_up":true}],"groups":["litter"],"has_litter":true,"has_pet_waste":false,"has_substances":false,"zone":"cottonwood_zone_D","zone_edge_m":23.6,"nbhd_edge_m":null}},{"type":"Feature","geometry":{"type":"Point","coordinates":[-122.56156921387,49.209568023682]},"properties":{"id":552927,"datetime":"2026-08-30T20:04:15.000000Z","filename":"https://olm-s3.s3.eu-west-1.amazonaws.com/2026/08/30/qr2naQPW5L17SyBkMxz1ygyfE85xSnrwtBY31Pvp.jpg","tags":[{"type":"standard","category":"other","item":"paper","quantity":1},{"type":"material","category":"material","item":"paper","quantity":1,"parent_category":"other","parent_item":"paper"},{"type":"standard","category":"smoking","item":"butts","quantity":1}],"objects":[{"status":"OK","on_map":true,"group":"Piece","subgroup":"","layer":"Paper Piece","full_name":"Piece \u2013 Paper Piece","olm_key":"other/paper","quantity":1,"picked_up":true},{"status":"OK","on_map":true,"group":"Smoking","subgroup":"","layer":"Cigarette Butts","full_name":"Smoking \u2013 Cigarette Butts","olm_key":"smoking/butts","quantity":1,"picked_up":true}],"groups":["litter","substances"],"has_litter":true,"has_pet_waste":false,"has_substances":true,"zone":"cottonwood_zone_D","zone_edge_m":23.6,"nbhd_edge_m":null}},{"type":"Feature","geometry":{"type":"Point","coordinates":[-122.56156921387,49.209568023682]},"properties":{"id":552926,"datetime":"2026-08-30T20:04:26.000000Z","filename":"https://olm-s3.s3.eu-west-1.amazonaws.com/2026/08/30/pTqBi7wu9XOSyVD45ZBfirHIlFQ2DcUWAyk0Byq1.jpg","tags":[{"type":"standard","category":"other","item":"plastic","quantity":1}],"objects":[{"status":"OK","on_map":true,"group":"Piece","subgroup":"","layer":"Plastic Piece","full_name":"Piece \u2013 Plastic Piece","olm_key":"other/plastic","quantity":1,"picked_up":true}],"groups":["litter"],"has_litter":true,"has_pet_waste":false,"has_substances":false,"zone":"cottonwood_zone_D","zone_edge_m":23.6,"nbhd_edge_m":null}},{"type":"Feature","geometry":{"type":"Point","coordinates":[-122.56156921387,49.209568023682]},"properties":{"id":552925,"datetime":"2026-08-30T20:04:31.000000Z","filename":"https://olm-s3.s3.eu-west-1.amazonaws.com/2026/08/30/S4TM6g73J7IgEMmGDMGzhL2cyxvfNzHoP16macoA.jpg","tags":[{"type":"standard","category":"other","item":"paper","quantity":1},{"type":"material","category":"material","item":"paper","quantity":1,"parent_category":"other","parent_item":"paper"}],"objects":[{"status":"OK","on_map":true,"group":"Piece","subgroup":"","layer":"Paper Piece","full_name":"Piece \u2013 Paper Piece","olm_key":"other/paper","quantity":1,"picked_up":true}],"groups":["litter"],"has_litter":true,"has_pet_waste":false,"has_substances":false,"zone":"cottonwood_zone_D","zone_edge_m":23.6,"nbhd_edge_m":null}},{"type":"Feature","geometry":{"type":"Point","coordinates":[-122.56156921387,49.209568023682]},"properties":{"id":552924,"datetime":"2026-08-30T20:04:35.000000Z","filename":"https://olm-s3.s3.eu-west-1.amazonaws.com/2026/08/30/CO2XARmjuP6KaPJlQUhv45wFxmAIF1forAfbAUfR.jpg","tags":[{"type":"standard","category":"other","item":"plastic","quantity":1}],"objects":[{"status":"OK","on_map":true,"group":"Piece","subgroup":"","layer":"Plastic Piece","full_name":"Piece \u2013 Plastic Piece","olm_key":"other/plastic","quantity":1,"picked_up":true}],"groups":["litter"],"has_litter":true,"has_pet_waste":false,"has_substances":false,"zone":"cottonwood_zone_D","zone_edge_m":23.6,"nbhd_edge_m":null}},{"type":"Feature","geometry":{"type":"Point","coordinates":[-122.56156921387,49.209568023682]},"properties":{"id":552923,"datetime":"2026-08-30T20:04:41.000000Z","filename":"https://olm-s3.s3.eu-west-1.amazonaws.com/2026/08/30/YVfRjlE8NnnOpkdGoiq4mir8wBUWQjfyWJQGJJ3v.jpg","tags":[{"type":"standard","category":"sanitary","item":"wipes","quantity":5}],"objects":[{"status":"OK","on_map":true,"group":"Household","subgroup":"","layer":"Wet Wipes","full_name":"Household \u2013 Wet Wipes","olm_key":"sanitary/wipes","quantity":5,"picked_up":true}],"groups":["litter"],"has_litter":true,"has_pet_waste":false,"has_substances":false,"zone":"cottonwood_zone_D","zone_edge_m":23.6,"nbhd_edge_m":null}},{"type":"Feature","geometry":{"type":"Point","coordinates":[-122.56156921387,49.209568023682]},"properties":{"id":552922,"datetime":"2026-08-30T20:04:50.000000Z","filename":"https://olm-s3.s3.eu-west-1.amazonaws.com/2026/08/30/VnGi36C46nP0SgkcNP5INTOyXm5AIRa6oEoKew6x.jpg","tags":[{"type":"standard","category":"smoking","item":"butts","quantity":4}],"objects":[{"status":"OK","on_map":true,"group":"Smoking","subgroup":"","layer":"Cigarette Butts","full_name":"Smoking \u2013 Cigarette Butts","olm_key":"smoking/butts","quantity":4,"picked_up":true}],"groups":["substances"],"has_litter":false,"has_pet_waste":false,"has_substances":true,"zone":"cottonwood_zone_D","zone_edge_m":23.6,"nbhd_edge_m":null}},{"type":"Feature","geometry":{"type":"Point","coordinates":[-122.56156921387,49.209568023682]},"properties":{"id":552921,"datetime":"2026-08-30T20:05:04.000000Z","filename":"https://olm-s3.s3.eu-west-1.amazonaws.com/2026/08/30/h1ZD0cayRDm5Arjb0kTiGzOJflyLC9GjgOy7qp0y.jpg","tags":[{"type":"standard","category":"smoking","item":"butts","quantity":1}],"objects":[{"status":"OK","on_map":true,"group":"Smoking","subgroup":"","layer":"Cigarette Butts","full_name":"Smoking \u2013 Cigarette Butts","olm_key":"smoking/butts","quantity":1,"picked_up":true}],"groups":["substances"],"has_litter":false,"has_pet_waste":false,"has_substances":true,"zone":"cottonwood_zone_D","zone_edge_m":23.6,"nbhd_edge_m":null}},{"type":"Feature","geometry":{"type":"Point","coordinates":[-122.56156921387,49.209568023682]},"properties":{"id":552920,"datetime":"2026-08-30T20:05:19.000000Z","filename":"https://olm-s3.s3.eu-west-1.amazonaws.com/2026/08/30/kO42DLKbgDT9PQ5OAdfJB0wZSQe6VoUYEOCDVLMY.jpg","tags":[{"type":"standard","category":"other","item":"plastic","quantity":1}],"objects":[{"status":"OK","on_map":true,"group":"Piece","subgroup":"","layer":"Plastic Piece","full_name":"Piece \u2013 Plastic Piece","olm_key":"other/plastic","quantity":1,"picked_up":true}],"groups":["litter"],"has_litter":true,"has_pet_waste":false,"has_substances":false,"zone":"cottonwood_zone_D","zone_edge_m":23.6,"nbhd_edge_m":null}},{"type":"Feature","geometry":{"type":"Point","coordinates":[-122.56156921387,49.209568023682]},"properties":{"id":552919,"datetime":"2026-08-30T20:05:31.000000Z","filename":"https://olm-s3.s3.eu-west-1.amazonaws.com/2026/08/30/cnLIbiyNaeiI8BORqKCVXS8x7U6CmyCTOc2L757p.jpg","tags":[{"type":"standard","category":"other","item":"paper","quantity":1},{"type":"material","category":"material","item":"paper","quantity":1,"parent_category":"other","parent_item":"paper"}],"objects":[{"status":"OK","on_map":true,"group":"Piece","subgroup":"","layer":"Paper Piece","full_name":"Piece \u2013 Paper Piece","olm_key":"other/paper","quantity":1,"picked_up":true}],"groups":["litter"],"has_litter":true,"has_pet_waste":false,"has_substances":false,"zone":"cottonwood_zone_D","zone_edge_m":23.6,"nbhd_edge_m":null}},{"type":"Feature","geometry":{"type":"Point","coordinates":[-122.56156921387,49.209568023682]},"properties":{"id":552918,"datetime":"2026-08-30T20:05:56.000000Z","filename":"https://olm-s3.s3.eu-west-1.amazonaws.com/2026/08/30/sO4hjwYkol9V3S5vfTtnkt2cbAGD4Mw3jZu90Fek.jpg","tags":[{"type":"standard","category":"other","item":"paper","quantity":3},{"type":"material","category":"material","item":"paper","quantity":1,"parent_category":"other","parent_item":"paper"}],"objects":[{"status":"OK","on_map":true,"group":"Piece","subgroup":"","layer":"Paper Piece","full_name":"Piece \u2013 Paper Piece","olm_key":"other/paper","quantity":3,"picked_up":true}],"groups":["litter"],"has_litter":true,"has_pet_waste":false,"has_substances":false,"zone":"cottonwood_zone_D","zone_edge_m":23.6,"nbhd_edge_m":null}},{"type":"Feature","geometry":{"type":"Point","coordinates":[-122.56156921387,49.209568023682]},"properties":{"id":552917,"datetime":"2026-08-30T20:06:15.000000Z","filename":"https://olm-s3.s3.eu-west-1.amazonaws.com/2026/08/30/ALwufqew6LihiG3mWQiZt7k8dFHYAcHKrf10nwyT.jpg","tags":[{"type":"standard","category":"sanitary","item":"dental_floss","quantity":1}],"objects":[{"status":"OK","on_map":true,"group":"Household","subgroup":"","layer":"Dental Waste","full_name":"Household \u2013 Dental Waste","olm_key":"sanitary/dental_floss","quantity":1,"picked_up":true}],"groups":["litter"],"has_litter":true,"has_pet_waste":false,"has_substances":false,"zone":"cottonwood_zone_D","zone_edge_m":23.6,"nbhd_edge_m":null}},{"type":"Feature","geometry":{"type":"Point","coordinates":[-122.56156921387,49.209568023682]},"properties":{"id":552916,"datetime":"2026-08-30T20:06:27.000000Z","filename":"https://olm-s3.s3.eu-west-1.amazonaws.com/2026/08/30/ZT0Zep2NSDGRZXgN9cFLQupijeUhyj6Ubc3ECmp1.jpg","tags":[{"type":"standard","category":"other","item":"plastic","quantity":1}],"objects":[{"status":"OK","on_map":true,"group":"Piece","subgroup":"","layer":"Plastic Piece","full_name":"Piece \u2013 Plastic Piece","olm_key":"other/plastic","quantity":1,"picked_up":true}],"groups":["litter"],"has_litter":true,"has_pet_waste":false,"has_substances":false,"zone":"cottonwood_zone_D","zone_edge_m":23.6,"nbhd_edge_m":null}},{"type":"Feature","geometry":{"type":"Point","coordinates":[-122.56156921387,49.209568023682]},"properties":{"id":552915,"datetime":"2026-08-30T20:06:34.000000Z","filename":"https://olm-s3.s3.eu-west-1.amazonaws.com/2026/08/30/5Qz81darR6tKwluOTs2lE6xmau0PKJVHC4pScVIl.jpg","tags":[{"type":"standard","category":"medical","item":"bandage","quantity":1}],"objects":[{"status":"OK","on_map":true,"group":"Household","subgroup":"","layer":"Medical Bandages","full_name":"Household \u2013 Medical Bandages","olm_key":"medical/bandage","quantity":1,"picked_up":true}],"groups":["litter"],"has_litter":true,"has_pet_waste":false,"has_substances":false,"zone":"cottonwood_zone_D","zone_edge_m":23.6,"nbhd_edge_m":null}},{"type":"Feature","geometry":{"type":"Point","coordinates":[-122.56251525879,49.206935882568]},"properties":{"id":552914,"datetime":"2026-08-30T20:06:44.000000Z","filename":"https://olm-s3.s3.eu-west-1.amazonaws.com/2026/08/30/ic3z429iUqrnHdcGcTucxPTn6IDSZADY1Z82GX2i.jpg","tags":[{"type":"standard","category":"other","item":"plastic","quantity":2}],"objects":[{"status":"OK","on_map":true,"group":"Piece","subgroup":"","layer":"Plastic Piece","full_name":"Piece \u2013 Plastic Piece","olm_key":"other/plastic","quantity":2,"picked_up":true}],"groups":["litter"],"has_litter":true,"has_pet_waste":false,"has_substances":false,"zone":"cottonwood_zone_E","zone_edge_m":144.3,"nbhd_edge_m":null}},{"type":"Feature","geometry":{"type":"Point","coordinates":[-122.56250762939,49.20694732666]},"properties":{"id":552913,"datetime":"2026-08-30T20:06:57.000000Z","filename":"https://olm-s3.s3.eu-west-1.amazonaws.com/2026/08/30/2RQzhRM9UlgiNYfBl28p8VecnARW5qCtaloIeTpy.jpg","tags":[{"type":"standard","category":"other","item":"paper","quantity":1},{"type":"material","category":"material","item":"paper","quantity":1,"parent_category":"other","parent_item":"paper"},{"type":"standard","category":"sanitary","item":"ear_swabs","quantity":1}],"objects":[{"status":"OK","on_map":true,"group":"Piece","subgroup":"","layer":"Paper Piece","full_name":"Piece \u2013 Paper Piece","olm_key":"other/paper","quantity":1,"picked_up":true},{"status":"OK","on_map":true,"group":"Household","subgroup":"","layer":"Cotton Swabs","full_name":"Household \u2013 Cotton Swabs","olm_key":"sanitary/ear_swabs","quantity":1,"picked_up":true}],"groups":["litter"],"has_litter":true,"has_pet_waste":false,"has_substances":false,"zone":"cottonwood_zone_E","zone_edge_m":144.9,"nbhd_edge_m":null}},{"type":"Feature","geometry":{"type":"Point","coordinates":[-122.56248474121,49.206939697266]},"properties":{"id":552912,"datetime":"2026-08-30T20:07:09.000000Z","filename":"https://olm-s3.s3.eu-west-1.amazonaws.com/2026/08/30/VslwpBqaboe8hJv9oPCzxz6tsZ0xhOqWL8teQKvH.jpg","tags":[{"type":"standard","category":"other","item":"plastic","quantity":1}],"objects":[{"status":"OK","on_map":true,"group":"Piece","subgroup":"","layer":"Plastic Piece","full_name":"Piece \u2013 Plastic Piece","olm_key":"other/plastic","quantity":1,"picked_up":true}],"groups":["litter"],"has_litter":true,"has_pet_waste":false,"has_substances":false,"zone":"cottonwood_zone_E","zone_edge_m":146.6,"nbhd_edge_m":null}},{"type":"Feature","geometry":{"type":"Point","coordinates":[-122.56250762939,49.206745147705]},"properties":{"id":552911,"datetime":"2026-08-30T20:07:29.000000Z","filename":"https://olm-s3.s3.eu-west-1.amazonaws.com/2026/08/30/5ukNweqlOMtEb4Yn4cPNtOZVaV4ImV0cAu68YLIj.jpg","tags":[{"type":"standard","category":"industrial","item":"other","quantity":1}],"objects":[{"status":"OK","on_map":true,"group":"Industrial","subgroup":"","layer":"Industrial Debris","full_name":"Industrial \u2013 Industrial Debris","olm_key":"industrial/other","quantity":1,"picked_up":true}],"groups":["litter"],"has_litter":true,"has_pet_waste":false,"has_substances":false,"zone":"cottonwood_zone_E","zone_edge_m":144.9,"nbhd_edge_m":null}},{"type":"Feature","geometry":{"type":"Point","coordinates":[-122.56250762939,49.206657409668]},"properties":{"id":552910,"datetime":"2026-08-30T20:08:12.000000Z","filename":"https://olm-s3.s3.eu-west-1.amazonaws.com/2026/08/30/obuBXbiLxXGOkGRfmwWsUPvB0hzdGhk5cElgbqkE.jpg","tags":[{"type":"standard","category":"smoking","item":"butts","quantity":1}],"objects":[{"status":"OK","on_map":true,"group":"Smoking","subgroup":"","layer":"Cigarette Butts","full_name":"Smoking \u2013 Cigarette Butts","olm_key":"smoking/butts","quantity":1,"picked_up":true}],"groups":["substances"],"has_litter":false,"has_pet_waste":false,"has_substances":true,"zone":"cottonwood_zone_E","zone_edge_m":138.9,"nbhd_edge_m":null}},{"type":"Feature","geometry":{"type":"Point","coordinates":[-122.56250762939,49.206657409668]},"properties":{"id":552909,"datetime":"2026-08-30T20:08:31.000000Z","filename":"https://olm-s3.s3.eu-west-1.amazonaws.com/2026/08/30/VRtosLlvmwtUvkr72HDiqqlzYkYiPpzgxt9k6l69.jpg","tags":[{"type":"standard","category":"other","item":"plastic","quantity":1},{"type":"standard","category":"other","item":"paper","quantity":1},{"type":"material","category":"material","item":"paper","quantity":1,"parent_category":"other","parent_item":"paper"}],"objects":[{"status":"OK","on_map":true,"group":"Piece","subgroup":"","layer":"Plastic Piece","full_name":"Piece \u2013 Plastic Piece","olm_key":"other/plastic","quantity":1,"picked_up":true},{"status":"OK","on_map":true,"group":"Piece","subgroup":"","layer":"Paper Piece","full_name":"Piece \u2013 Paper Piece","olm_key":"other/paper","quantity":1,"picked_up":true}],"groups":["litter"],"has_litter":true,"has_pet_waste":false,"has_substances":false,"zone":"cottonwood_zone_E","zone_edge_m":138.9,"nbhd_edge_m":null}},{"type":"Feature","geometry":{"type":"Point","coordinates":[-122.56250762939,49.206657409668]},"properties":{"id":552908,"datetime":"2026-08-30T20:08:44.000000Z","filename":"https://olm-s3.s3.eu-west-1.amazonaws.com/2026/08/30/iWWXhvbXNLCKe1UhKQhzfj1dsrb8eTD4bykCH4RS.jpg","tags":[{"type":"standard","category":"other","item":"plastic","quantity":4},{"type":"standard","category":"other","item":"paper","quantity":1},{"type":"material","category":"material","item":"paper","quantity":1,"parent_category":"other","parent_item":"paper"}],"objects":[{"status":"OK","on_map":true,"group":"Piece","subgroup":"","layer":"Plastic Piece","full_name":"Piece \u2013 Plastic Piece","olm_key":"other/plastic","quantity":4,"picked_up":true},{"status":"OK","on_map":true,"group":"Piece","subgroup":"","layer":"Paper Piece","full_name":"Piece \u2013 Paper Piece","olm_key":"other/paper","quantity":1,"picked_up":true}],"groups":["litter"],"has_litter":true,"has_pet_waste":false,"has_substances":false,"zone":"cottonwood_zone_E","zone_edge_m":138.9,"nbhd_edge_m":null}},{"type":"Feature","geometry":{"type":"Point","coordinates":[-122.56250762939,49.206657409668]},"properties":{"id":552907,"datetime":"2026-08-30T20:09:21.000000Z","filename":"https://olm-s3.s3.eu-west-1.amazonaws.com/2026/08/30/SWEe75viJhqoZapHPYF995WSdj41hA4j3IVnTVzy.jpg","tags":[{"type":"standard","category":"sanitary","item":"wipes","quantity":1}],"objects":[{"status":"OK","on_map":true,"group":"Household","subgroup":"","layer":"Wet Wipes","full_name":"Household \u2013 Wet Wipes","olm_key":"sanitary/wipes","quantity":1,"picked_up":true}],"groups":["litter"],"has_litter":true,"has_pet_waste":false,"has_substances":false,"zone":"cottonwood_zone_E","zone_edge_m":138.9,"nbhd_edge_m":null}},{"type":"Feature","geometry":{"type":"Point","coordinates":[-122.5622177124,49.206020355225]},"properties":{"id":552906,"datetime":"2026-08-30T20:09:30.000000Z","filename":"https://olm-s3.s3.eu-west-1.amazonaws.com/2026/08/30/McebbmRJz3BhbinsWuu4tmNWu1wM1lGae1Uzd2Z4.jpg","tags":[{"type":"standard","category":"softdrinks","item":"straw","quantity":1}],"objects":[{"status":"OK","on_map":true,"group":"Convenient Food Drink","subgroup":"Drink","layer":"Paper Drink Straws","full_name":"Convenient Food Drink \u2013 Drink \u2013 Paper Drink Straws","olm_key":"softdrinks/straw","quantity":1,"picked_up":true}],"groups":["litter"],"has_litter":true,"has_pet_waste":false,"has_substances":false,"zone":"cottonwood_zone_E","zone_edge_m":67.9,"nbhd_edge_m":null}},{"type":"Feature","geometry":{"type":"Point","coordinates":[-122.5622177124,49.206020355225]},"properties":{"id":552905,"datetime":"2026-08-30T20:09:35.000000Z","filename":"https://olm-s3.s3.eu-west-1.amazonaws.com/2026/08/30/STgBTaJWA7kEuPcqwRiblBy4UojtvsRivErSR9oZ.jpg","tags":[{"type":"standard","category":"other","item":"paper","quantity":1},{"type":"material","category":"material","item":"paper","quantity":1,"parent_category":"other","parent_item":"paper"}],"objects":[{"status":"OK","on_map":true,"group":"Piece","subgroup":"","layer":"Paper Piece","full_name":"Piece \u2013 Paper Piece","olm_key":"other/paper","quantity":1,"picked_up":true}],"groups":["litter"],"has_litter":true,"has_pet_waste":false,"has_substances":false,"zone":"cottonwood_zone_E","zone_edge_m":67.9,"nbhd_edge_m":null}},{"type":"Feature","geometry":{"type":"Point","coordinates":[-122.5622177124,49.206020355225]},"properties":{"id":552904,"datetime":"2026-08-30T20:09:43.000000Z","filename":"https://olm-s3.s3.eu-west-1.amazonaws.com/2026/08/30/ZbIohCCo5TFJY7ZYQSPETMRlLOyHF3piuMh08mUa.jpg","tags":[{"type":"standard","category":"other","item":"plastic","quantity":1}],"objects":[{"status":"OK","on_map":true,"group":"Piece","subgroup":"","layer":"Plastic Piece","full_name":"Piece \u2013 Plastic Piece","olm_key":"other/plastic","quantity":1,"picked_up":true}],"groups":["litter"],"has_litter":true,"has_pet_waste":false,"has_substances":false,"zone":"cottonwood_zone_E","zone_edge_m":67.9,"nbhd_edge_m":null}},{"type":"Feature","geometry":{"type":"Point","coordinates":[-122.5622177124,49.206020355225]},"properties":{"id":552903,"datetime":"2026-08-30T20:09:50.000000Z","filename":"https://olm-s3.s3.eu-west-1.amazonaws.com/2026/08/30/zl57odZAYsXWa7Zli1VTaUWODSrganoXoV3t10uL.jpg","tags":[{"type":"standard","category":"food","item":"straw","quantity":1},{"type":"material","category":"material","item":"plastic","quantity":1,"parent_category":"food","parent_item":"straw"},{"type":"standard","category":"other","item":"plastic","quantity":1}],"objects":[{"status":"OK","on_map":true,"group":"Household","subgroup":"","layer":"Plastic Straws","full_name":"Household \u2013 Plastic Straws","olm_key":"food/straw","quantity":1,"picked_up":true},{"status":"OK","on_map":true,"group":"Piece","subgroup":"","layer":"Plastic Piece","full_name":"Piece \u2013 Plastic Piece","olm_key":"other/plastic","quantity":1,"picked_up":true}],"groups":["litter"],"has_litter":true,"has_pet_waste":false,"has_substances":false,"zone":"cottonwood_zone_E","zone_edge_m":67.9,"nbhd_edge_m":null}},{"type":"Feature","geometry":{"type":"Point","coordinates":[-122.5622177124,49.206020355225]},"properties":{"id":552902,"datetime":"2026-08-30T20:10:02.000000Z","filename":"https://olm-s3.s3.eu-west-1.amazonaws.com/2026/08/30/dYiLa2TgDfPMzJUaP4mSCZggxt5wGougzGDb1P5z.jpg","tags":[{"type":"standard","category":"other","item":"plastic","quantity":1}],"objects":[{"status":"OK","on_map":true,"group":"Piece","subgroup":"","layer":"Plastic Piece","full_name":"Piece \u2013 Plastic Piece","olm_key":"other/plastic","quantity":1,"picked_up":true}],"groups":["litter"],"has_litter":true,"has_pet_waste":false,"has_substances":false,"zone":"cottonwood_zone_E","zone_edge_m":67.9,"nbhd_edge_m":null}},{"type":"Feature","geometry":{"type":"Point","coordinates":[-122.5622177124,49.206020355225]},"properties":{"id":552901,"datetime":"2026-08-30T20:10:13.000000Z","filename":"https://olm-s3.s3.eu-west-1.amazonaws.com/2026/08/30/hDtKx7B89dMEp3Yr72k1t167awz8swxR27gjkotN.jpg","tags":[{"type":"standard","category":"food","item":"wrapper","quantity":1},{"type":"material","category":"material","item":"foil","quantity":1,"parent_category":"food","parent_item":"wrapper"},{"type":"material","category":"material","item":"plastic","quantity":1,"parent_category":"food","parent_item":"wrapper"}],"objects":[{"status":"OK","on_map":true,"group":"Convenient Food Drink","subgroup":"Snack","layer":"Foil / Plastic Film Snack Wrapper","full_name":"Convenient Food Drink \u2013 Snack \u2013 Foil / Plastic Film Snack Wrapper","olm_key":"food/wrapper","quantity":1,"picked_up":true}],"groups":["litter"],"has_litter":true,"has_pet_waste":false,"has_substances":false,"zone":"cottonwood_zone_E","zone_edge_m":67.9,"nbhd_edge_m":null}},{"type":"Feature","geometry":{"type":"Point","coordinates":[-122.5622177124,49.206020355225]},"properties":{"id":552900,"datetime":"2026-08-30T20:10:33.000000Z","filename":"https://olm-s3.s3.eu-west-1.amazonaws.com/2026/08/30/oT7gVQJATp8h8rIX2mt66igbuSzY0qS2e0zm4ZzE.jpg","tags":[{"type":"standard","category":"food","item":"container","quantity":1},{"type":"material","category":"material","item":"plastic","quantity":1,"parent_category":"food","parent_item":"container"}],"objects":[{"status":"OK","on_map":true,"group":"Household","subgroup":"","layer":"Food Container - Plastic, Paper, Foam","full_name":"Household \u2013 Food Container - Plastic, Paper, Foam","olm_key":"food/container","quantity":1,"picked_up":true}],"groups":["litter"],"has_litter":true,"has_pet_waste":false,"has_substances":false,"zone":"cottonwood_zone_E","zone_edge_m":67.9,"nbhd_edge_m":null}},{"type":"Feature","geometry":{"type":"Point","coordinates":[-122.5622177124,49.206020355225]},"properties":{"id":552899,"datetime":"2026-08-30T20:10:48.000000Z","filename":"https://olm-s3.s3.eu-west-1.amazonaws.com/2026/08/30/QEQVbNhQB00CK5IxFBmFaRN9KNJMYzVBGiztS7Vv.jpg","tags":[{"type":"standard","category":"other","item":"plastic","quantity":2},{"type":"standard","category":"smoking","item":"butts","quantity":4},{"type":"standard","category":"softdrinks","item":"bottle_cap","quantity":1}],"objects":[{"status":"OK","on_map":true,"group":"Piece","subgroup":"","layer":"Plastic Piece","full_name":"Piece \u2013 Plastic Piece","olm_key":"other/plastic","quantity":2,"picked_up":true},{"status":"OK","on_map":true,"group":"Smoking","subgroup":"","layer":"Cigarette Butts","full_name":"Smoking \u2013 Cigarette Butts","olm_key":"smoking/butts","quantity":4,"picked_up":true},{"status":"OK","on_map":true,"group":"Convenient Food Drink","subgroup":"Drink","layer":"Drink Bottle Cap","full_name":"Convenient Food Drink \u2013 Drink \u2013 Drink Bottle Cap","olm_key":"softdrinks/bottle_cap","quantity":1,"picked_up":true}],"groups":["litter","substances"],"has_litter":true,"has_pet_waste":false,"has_substances":true,"zone":"cottonwood_zone_E","zone_edge_m":67.9,"nbhd_edge_m":null}},{"type":"Feature","geometry":{"type":"Point","coordinates":[-122.56153106689,49.205799102783]},"properties":{"id":552898,"datetime":"2026-08-30T20:11:22.000000Z","filename":"https://olm-s3.s3.eu-west-1.amazonaws.com/2026/08/30/CW11oU8gNR8v5bQd44av563YQdtzriG2vAkRvasJ.jpg","tags":[{"type":"standard","category":"sanitary","item":"wipes","quantity":2}],"objects":[{"status":"OK","on_map":true,"group":"Household","subgroup":"","layer":"Wet Wipes","full_name":"Household \u2013 Wet Wipes","olm_key":"sanitary/wipes","quantity":2,"picked_up":true}],"groups":["litter"],"has_litter":true,"has_pet_waste":false,"has_substances":false,"zone":"cottonwood_zone_E","zone_edge_m":43.3,"nbhd_edge_m":null}},{"type":"Feature","geometry":{"type":"Point","coordinates":[-122.56153106689,49.205799102783]},"properties":{"id":552897,"datetime":"2026-08-30T20:11:27.000000Z","filename":"https://olm-s3.s3.eu-west-1.amazonaws.com/2026/08/30/ZrjewIERdcyzohDVHM6nrvWFS2n4KmjACYOTMm3T.jpg","tags":[{"type":"standard","category":"softdrinks","item":"straw_wrapper","quantity":1}],"objects":[{"status":"OK","on_map":true,"group":"Convenient Food Drink","subgroup":"Drink","layer":"Drink Straw Wrapper","full_name":"Convenient Food Drink \u2013 Drink \u2013 Drink Straw Wrapper","olm_key":"softdrinks/straw_wrapper","quantity":1,"picked_up":true}],"groups":["litter"],"has_litter":true,"has_pet_waste":false,"has_substances":false,"zone":"cottonwood_zone_E","zone_edge_m":43.3,"nbhd_edge_m":null}},{"type":"Feature","geometry":{"type":"Point","coordinates":[-122.56153106689,49.205799102783]},"properties":{"id":552896,"datetime":"2026-08-30T20:11:34.000000Z","filename":"https://olm-s3.s3.eu-west-1.amazonaws.com/2026/08/30/K0d3ev57FFX9WlR17yU29W24Yzd1ImuhIdXWW1kY.jpg","tags":[{"type":"standard","category":"other","item":"plastic","quantity":2}],"objects":[{"status":"OK","on_map":true,"group":"Piece","subgroup":"","layer":"Plastic Piece","full_name":"Piece \u2013 Plastic Piece","olm_key":"other/plastic","quantity":2,"picked_up":true}],"groups":["litter"],"has_litter":true,"has_pet_waste":false,"has_substances":false,"zone":"cottonwood_zone_E","zone_edge_m":43.3,"nbhd_edge_m":null}},{"type":"Feature","geometry":{"type":"Point","coordinates":[-122.56153106689,49.205799102783]},"properties":{"id":552895,"datetime":"2026-08-30T20:11:40.000000Z","filename":"https://olm-s3.s3.eu-west-1.amazonaws.com/2026/08/30/bHi0TrCMqvz6fIPzSbeBVuOVyiivVhTVWi0YFImj.jpg","tags":[{"type":"standard","category":"sanitary","item":"wipes","quantity":3}],"objects":[{"status":"OK","on_map":true,"group":"Household","subgroup":"","layer":"Wet Wipes","full_name":"Household \u2013 Wet Wipes","olm_key":"sanitary/wipes","quantity":3,"picked_up":true}],"groups":["litter"],"has_litter":true,"has_pet_waste":false,"has_substances":false,"zone":"cottonwood_zone_E","zone_edge_m":43.3,"nbhd_edge_m":null}},{"type":"Feature","geometry":{"type":"Point","coordinates":[-122.56153106689,49.205799102783]},"properties":{"id":552894,"datetime":"2026-08-30T20:12:01.000000Z","filename":"https://olm-s3.s3.eu-west-1.amazonaws.com/2026/08/30/Uu7DhXAxpV45c43tG7pWULjQr1ZMgPE5ZJOuV0fK.jpg","tags":[{"type":"standard","category":"other","item":"plastic","quantity":1}],"objects":[{"status":"OK","on_map":true,"group":"Piece","subgroup":"","layer":"Plastic Piece","full_name":"Piece \u2013 Plastic Piece","olm_key":"other/plastic","quantity":1,"picked_up":true}],"groups":["litter"],"has_litter":true,"has_pet_waste":false,"has_substances":false,"zone":"cottonwood_zone_E","zone_edge_m":43.3,"nbhd_edge_m":null}},{"type":"Feature","geometry":{"type":"Point","coordinates":[-122.56153106689,49.205799102783]},"properties":{"id":552893,"datetime":"2026-08-30T20:12:11.000000Z","filename":"https://olm-s3.s3.eu-west-1.amazonaws.com/2026/08/30/fxxP60GJT799RnDe9HvRjCNLNpFUKT4CJ8JWEpYM.jpg","tags":[{"type":"standard","category":"food","item":"wrapper","quantity":1},{"type":"material","category":"material","item":"foil","quantity":1,"parent_category":"food","parent_item":"wrapper"},{"type":"material","category":"material","item":"plastic","quantity":1,"parent_category":"food","parent_item":"wrapper"},{"type":"standard","category":"other","item":"paper","quantity":1},{"type":"material","category":"material","item":"paper","quantity":1,"parent_category":"other","parent_item":"paper"},{"type":"standard","category":"other","item":"plastic","quantity":2}],"objects":[{"status":"OK","on_map":true,"group":"Convenient Food Drink","subgroup":"Snack","layer":"Foil / Plastic Film Snack Wrapper","full_name":"Convenient Food Drink \u2013 Snack \u2013 Foil / Plastic Film Snack Wrapper","olm_key":"food/wrapper","quantity":1,"picked_up":true},{"status":"OK","on_map":true,"group":"Piece","subgroup":"","layer":"Paper Piece","full_name":"Piece \u2013 Paper Piece","olm_key":"other/paper","quantity":1,"picked_up":true},{"status":"OK","on_map":true,"group":"Piece","subgroup":"","layer":"Plastic Piece","full_name":"Piece \u2013 Plastic Piece","olm_key":"other/plastic","quantity":2,"picked_up":true}],"groups":["litter"],"has_litter":true,"has_pet_waste":false,"has_substances":false,"zone":"cottonwood_zone_E","zone_edge_m":43.3,"nbhd_edge_m":null}},{"type":"Feature","geometry":{"type":"Point","coordinates":[-122.56153106689,49.205799102783]},"properties":{"id":552892,"datetime":"2026-08-30T20:12:25.000000Z","filename":"https://olm-s3.s3.eu-west-1.amazonaws.com/2026/08/30/Hxse5qPgjrRdvo6K2DcXnJeHCZ2sb2JzJkMYq1Xg.jpg","tags":[{"type":"standard","category":"food","item":"wrapper","quantity":1},{"type":"material","category":"material","item":"foil","quantity":1,"parent_category":"food","parent_item":"wrapper"},{"type":"material","category":"material","item":"plastic","quantity":1,"parent_category":"food","parent_item":"wrapper"}],"objects":[{"status":"OK","on_map":true,"group":"Convenient Food Drink","subgroup":"Snack","layer":"Foil / Plastic Film Snack Wrapper","full_name":"Convenient Food Drink \u2013 Snack \u2013 Foil / Plastic Film Snack Wrapper","olm_key":"food/wrapper","quantity":1,"picked_up":true}],"groups":["litter"],"has_litter":true,"has_pet_waste":false,"has_substances":false,"zone":"cottonwood_zone_E","zone_edge_m":43.3,"nbhd_edge_m":null}},{"type":"Feature","geometry":{"type":"Point","coordinates":[-122.56153106689,49.205799102783]},"properties":{"id":552891,"datetime":"2026-08-30T20:12:33.000000Z","filename":"https://olm-s3.s3.eu-west-1.amazonaws.com/2026/08/30/hN7xjOcSyyUK3yQqIEStdmkoIkJD5OwnSfA7DBSw.jpg","tags":[{"type":"standard","category":"other","item":"plastic","quantity":1}],"objects":[{"status":"OK","on_map":true,"group":"Piece","subgroup":"","layer":"Plastic Piece","full_name":"Piece \u2013 Plastic Piece","olm_key":"other/plastic","quantity":1,"picked_up":true}],"groups":["litter"],"has_litter":true,"has_pet_waste":false,"has_substances":false,"zone":"cottonwood_zone_E","zone_edge_m":43.3,"nbhd_edge_m":null}},{"type":"Feature","geometry":{"type":"Point","coordinates":[-122.56153106689,49.205799102783]},"properties":{"id":552890,"datetime":"2026-08-30T20:12:47.000000Z","filename":"https://olm-s3.s3.eu-west-1.amazonaws.com/2026/08/30/VHOXDSpn75yiRyrTfGJ0FYXaSWOcyX0Pi7I8UZ3z.jpg","tags":[{"type":"standard","category":"food","item":"wrapper","quantity":2},{"type":"material","category":"material","item":"plastic","quantity":1,"parent_category":"food","parent_item":"wrapper"}],"objects":[{"status":"OK","on_map":true,"group":"Convenient Food Drink","subgroup":"Snack","layer":"Foil / Plastic Film Snack Wrapper","full_name":"Convenient Food Drink \u2013 Snack \u2013 Foil / Plastic Film Snack Wrapper","olm_key":"food/wrapper","quantity":2,"picked_up":true}],"groups":["litter"],"has_litter":true,"has_pet_waste":false,"has_substances":false,"zone":"cottonwood_zone_E","zone_edge_m":43.3,"nbhd_edge_m":null}},{"type":"Feature","geometry":{"type":"Point","coordinates":[-122.56153106689,49.205799102783]},"properties":{"id":552889,"datetime":"2026-08-30T20:12:57.000000Z","filename":"https://olm-s3.s3.eu-west-1.amazonaws.com/2026/08/30/JVy09owGqVgqDdwnPL3PIBiy6derLCUtvlalNFKo.jpg","tags":[{"type":"standard","category":"food","item":"wrapper","quantity":1},{"type":"material","category":"material","item":"plastic","quantity":1,"parent_category":"food","parent_item":"wrapper"}],"objects":[{"status":"OK","on_map":true,"group":"Convenient Food Drink","subgroup":"Snack","layer":"Foil / Plastic Film Snack Wrapper","full_name":"Convenient Food Drink \u2013 Snack \u2013 Foil / Plastic Film Snack Wrapper","olm_key":"food/wrapper","quantity":1,"picked_up":true}],"groups":["litter"],"has_litter":true,"has_pet_waste":false,"has_substances":false,"zone":"cottonwood_zone_E","zone_edge_m":43.3,"nbhd_edge_m":null}},{"type":"Feature","geometry":{"type":"Point","coordinates":[-122.56153106689,49.205799102783]},"properties":{"id":552888,"datetime":"2026-08-30T20:13:01.000000Z","filename":"https://olm-s3.s3.eu-west-1.amazonaws.com/2026/08/30/JUtrlw1jYwa1p5Xvxo5vqAQ367L2LcJJgkghNko2.jpg","tags":[{"type":"standard","category":"other","item":"paper","quantity":1},{"type":"material","category":"material","item":"paper","quantity":1,"parent_category":"other","parent_item":"paper"},{"type":"standard","category":"smoking","item":"butts","quantity":1}],"objects":[{"status":"OK","on_map":true,"group":"Piece","subgroup":"","layer":"Paper Piece","full_name":"Piece \u2013 Paper Piece","olm_key":"other/paper","quantity":1,"picked_up":true},{"status":"OK","on_map":true,"group":"Smoking","subgroup":"","layer":"Cigarette Butts","full_name":"Smoking \u2013 Cigarette Butts","olm_key":"smoking/butts","quantity":1,"picked_up":true}],"groups":["litter","substances"],"has_litter":true,"has_pet_waste":false,"has_substances":true,"zone":"cottonwood_zone_E","zone_edge_m":43.3,"nbhd_edge_m":null}},{"type":"Feature","geometry":{"type":"Point","coordinates":[-122.56153106689,49.205799102783]},"properties":{"id":552887,"datetime":"2026-08-30T20:13:10.000000Z","filename":"https://olm-s3.s3.eu-west-1.amazonaws.com/2026/08/30/pDKGkXFSJpEvdvA9c3gU9bfuUvQ7rbmYDMXiyCm7.jpg","tags":[{"type":"standard","category":"other","item":"paper","quantity":1},{"type":"material","category":"material","item":"paper","quantity":1,"parent_category":"other","parent_item":"paper"},{"type":"custom_tag","category":"custom_tag","item":"receipt","quantity":1,"parent_category":"other","parent_item":"paper"}],"objects":[{"status":"OK","on_map":true,"group":"Piece","subgroup":"","layer":"Paper Piece","full_name":"Piece \u2013 Paper Piece","olm_key":"other/paper","quantity":1,"picked_up":true}],"groups":["litter"],"has_litter":true,"has_pet_waste":false,"has_substances":false,"zone":"cottonwood_zone_E","zone_edge_m":43.3,"nbhd_edge_m":null}},{"type":"Feature","geometry":{"type":"Point","coordinates":[-122.56109619141,49.205619812012]},"properties":{"id":552886,"datetime":"2026-08-30T20:13:29.000000Z","filename":"https://olm-s3.s3.eu-west-1.amazonaws.com/2026/08/30/SHINf3qcgPGJX1GjqkLOWP5e4Xwh8ZlcQPTADJKO.jpg","tags":[{"type":"standard","category":"alcohol","item":"can","quantity":1,"object_type":"unknown"}],"objects":[{"status":"OK","on_map":true,"group":"Household","subgroup":"Liquor","layer":"Liquor Can","full_name":"Household \u2013 Liquor \u2013 Liquor Can","olm_key":"alcohol/can","quantity":1,"picked_up":true}],"groups":["substances"],"has_litter":false,"has_pet_waste":false,"has_substances":true,"zone":"cottonwood_zone_E","zone_edge_m":23.4,"nbhd_edge_m":null}},{"type":"Feature","geometry":{"type":"Point","coordinates":[-122.56094360352,49.205623626709]},"properties":{"id":552885,"datetime":"2026-08-30T20:13:58.000000Z","filename":"https://olm-s3.s3.eu-west-1.amazonaws.com/2026/08/30/mopjU4AnQTfqIKnn8415J2eHLIL3uNwNsPj7UzsP.jpg","tags":[{"type":"standard","category":"other","item":"plastic","quantity":1}],"objects":[{"status":"OK","on_map":true,"group":"Piece","subgroup":"","layer":"Plastic Piece","full_name":"Piece \u2013 Plastic Piece","olm_key":"other/plastic","quantity":1,"picked_up":true}],"groups":["litter"],"has_litter":true,"has_pet_waste":false,"has_substances":false,"zone":"cottonwood_zone_E","zone_edge_m":23.8,"nbhd_edge_m":null}},{"type":"Feature","geometry":{"type":"Point","coordinates":[-122.56094360352,49.205623626709]},"properties":{"id":552884,"datetime":"2026-08-30T20:14:04.000000Z","filename":"https://olm-s3.s3.eu-west-1.amazonaws.com/2026/08/30/ojryeOJ0shccgw4xJykkjafMMWSOcjFNCR5l6Mlm.jpg","tags":[{"type":"standard","category":"food","item":"wrapper","quantity":1},{"type":"material","category":"material","item":"plastic","quantity":1,"parent_category":"food","parent_item":"wrapper"},{"type":"material","category":"material","item":"foil","quantity":1,"parent_category":"food","parent_item":"wrapper"}],"objects":[{"status":"OK","on_map":true,"group":"Convenient Food Drink","subgroup":"Snack","layer":"Foil / Plastic Film Snack Wrapper","full_name":"Convenient Food Drink \u2013 Snack \u2013 Foil / Plastic Film Snack Wrapper","olm_key":"food/wrapper","quantity":1,"picked_up":true}],"groups":["litter"],"has_litter":true,"has_pet_waste":false,"has_substances":false,"zone":"cottonwood_zone_E","zone_edge_m":23.8,"nbhd_edge_m":null}},{"type":"Feature","geometry":{"type":"Point","coordinates":[-122.56094360352,49.205623626709]},"properties":{"id":552883,"datetime":"2026-08-30T20:14:25.000000Z","filename":"https://olm-s3.s3.eu-west-1.amazonaws.com/2026/08/30/Nd0wS3CLMIWpNeUPbxYvXfTRfcBtYst1N39SkVmy.jpg","tags":[{"type":"standard","category":"softdrinks","item":"straw","quantity":1}],"objects":[{"status":"OK","on_map":true,"group":"Convenient Food Drink","subgroup":"Drink","layer":"Paper Drink Straws","full_name":"Convenient Food Drink \u2013 Drink \u2013 Paper Drink Straws","olm_key":"softdrinks/straw","quantity":1,"picked_up":true}],"groups":["litter"],"has_litter":true,"has_pet_waste":false,"has_substances":false,"zone":"cottonwood_zone_E","zone_edge_m":23.8,"nbhd_edge_m":null}},{"type":"Feature","geometry":{"type":"Point","coordinates":[-122.56094360352,49.205623626709]},"properties":{"id":552882,"datetime":"2026-08-30T20:14:29.000000Z","filename":"https://olm-s3.s3.eu-west-1.amazonaws.com/2026/08/30/mNTGcRBYlm1N5TyNIk6GTLAAH48y6xROCcA43exR.jpg","tags":[{"type":"standard","category":"other","item":"plastic","quantity":1}],"objects":[{"status":"OK","on_map":true,"group":"Piece","subgroup":"","layer":"Plastic Piece","full_name":"Piece \u2013 Plastic Piece","olm_key":"other/plastic","quantity":1,"picked_up":true}],"groups":["litter"],"has_litter":true,"has_pet_waste":false,"has_substances":false,"zone":"cottonwood_zone_E","zone_edge_m":23.8,"nbhd_edge_m":null}},{"type":"Feature","geometry":{"type":"Point","coordinates":[-122.56094360352,49.205623626709]},"properties":{"id":552881,"datetime":"2026-08-30T20:14:33.000000Z","filename":"https://olm-s3.s3.eu-west-1.amazonaws.com/2026/08/30/YNEEaexGSykirPIF9bNWDHins8uCgksEg2E8Majt.jpg","tags":[{"type":"standard","category":"other","item":"plastic","quantity":1}],"objects":[{"status":"OK","on_map":true,"group":"Piece","subgroup":"","layer":"Plastic Piece","full_name":"Piece \u2013 Plastic Piece","olm_key":"other/plastic","quantity":1,"picked_up":true}],"groups":["litter"],"has_litter":true,"has_pet_waste":false,"has_substances":false,"zone":"cottonwood_zone_E","zone_edge_m":23.8,"nbhd_edge_m":null}},{"type":"Feature","geometry":{"type":"Point","coordinates":[-122.56094360352,49.205623626709]},"properties":{"id":552880,"datetime":"2026-08-30T20:14:38.000000Z","filename":"https://olm-s3.s3.eu-west-1.amazonaws.com/2026/08/30/WohsPHw9AFqbYekBIG9nCLjzDAEcIUWItEalECCX.jpg","tags":[{"type":"standard","category":"other","item":"plastic","quantity":1}],"objects":[{"status":"OK","on_map":true,"group":"Piece","subgroup":"","layer":"Plastic Piece","full_name":"Piece \u2013 Plastic Piece","olm_key":"other/plastic","quantity":1,"picked_up":true}],"groups":["litter"],"has_litter":true,"has_pet_waste":false,"has_substances":false,"zone":"cottonwood_zone_E","zone_edge_m":23.8,"nbhd_edge_m":null}},{"type":"Feature","geometry":{"type":"Point","coordinates":[-122.56094360352,49.205623626709]},"properties":{"id":552879,"datetime":"2026-08-30T20:14:47.000000Z","filename":"https://olm-s3.s3.eu-west-1.amazonaws.com/2026/08/30/80tZiPbCGENue6ApNBV8DWBqSzxWONtXvJbiGuAb.jpg","tags":[{"type":"standard","category":"food","item":"wrapper","quantity":1},{"type":"material","category":"material","item":"plastic","quantity":1,"parent_category":"food","parent_item":"wrapper"}],"objects":[{"status":"OK","on_map":true,"group":"Convenient Food Drink","subgroup":"Snack","layer":"Foil / Plastic Film Snack Wrapper","full_name":"Convenient Food Drink \u2013 Snack \u2013 Foil / Plastic Film Snack Wrapper","olm_key":"food/wrapper","quantity":1,"picked_up":true}],"groups":["litter"],"has_litter":true,"has_pet_waste":false,"has_substances":false,"zone":"cottonwood_zone_E","zone_edge_m":23.8,"nbhd_edge_m":null}},{"type":"Feature","geometry":{"type":"Point","coordinates":[-122.56094360352,49.205623626709]},"properties":{"id":552878,"datetime":"2026-08-30T20:15:03.000000Z","filename":"https://olm-s3.s3.eu-west-1.amazonaws.com/2026/08/30/dveczkVxi7NebLtLQ5wHoa6EyCn3T15SDAlTroym.jpg","tags":[{"type":"standard","category":"softdrinks","item":"can","quantity":1,"object_type":"soda"},{"type":"brand","category":"brand","item":"coke","quantity":1,"parent_category":"softdrinks","parent_item":"can"}],"objects":[{"status":"OK","on_map":true,"group":"Convenient Food Drink","subgroup":"Drink","layer":"Aluminum Drink Cans","full_name":"Convenient Food Drink \u2013 Drink \u2013 Aluminum Drink Cans","olm_key":"softdrinks/can","quantity":1,"picked_up":true}],"groups":["litter"],"has_litter":true,"has_pet_waste":false,"has_substances":false,"zone":"cottonwood_zone_E","zone_edge_m":23.8,"nbhd_edge_m":null}},{"type":"Feature","geometry":{"type":"Point","coordinates":[-122.56094360352,49.205623626709]},"properties":{"id":552877,"datetime":"2026-08-30T20:15:24.000000Z","filename":"https://olm-s3.s3.eu-west-1.amazonaws.com/2026/08/30/8o5CYaSnCU2VRdtD9DniusiRUjU1VygNvfCqNKIW.jpg","tags":[{"type":"standard","category":"smoking","item":"vape","quantity":1,"object_type":"disposable"},{"type":"custom_tag","category":"custom_tag","item":"THC","quantity":1,"parent_category":"smoking","parent_item":"vape"}],"objects":[{"status":"OK","on_map":true,"group":"Smoking","subgroup":"","layer":"Cannabis Vape","full_name":"Smoking \u2013 Cannabis Vape","olm_key":"smoking/vape","quantity":1,"picked_up":true}],"groups":["substances"],"has_litter":false,"has_pet_waste":false,"has_substances":true,"zone":"cottonwood_zone_E","zone_edge_m":23.8,"nbhd_edge_m":null}},{"type":"Feature","geometry":{"type":"Point","coordinates":[-122.56094360352,49.205623626709]},"properties":{"id":552876,"datetime":"2026-08-30T20:15:40.000000Z","filename":"https://olm-s3.s3.eu-west-1.amazonaws.com/2026/08/30/xKeXRebihx9QMmMfZkF4xtrRAUMbPmjI3vClJJ26.jpg","tags":[{"type":"standard","category":"other","item":"paper","quantity":2},{"type":"material","category":"material","item":"paper","quantity":1,"parent_category":"other","parent_item":"paper"}],"objects":[{"status":"OK","on_map":true,"group":"Piece","subgroup":"","layer":"Paper Piece","full_name":"Piece \u2013 Paper Piece","olm_key":"other/paper","quantity":2,"picked_up":true}],"groups":["litter"],"has_litter":true,"has_pet_waste":false,"has_substances":false,"zone":"cottonwood_zone_E","zone_edge_m":23.8,"nbhd_edge_m":null}},{"type":"Feature","geometry":{"type":"Point","coordinates":[-122.56129455566,49.205547332764]},"properties":{"id":552875,"datetime":"2026-08-30T20:16:04.000000Z","filename":"https://olm-s3.s3.eu-west-1.amazonaws.com/2026/08/30/KK2yPsGwEh5BJfq4j69f26Ms1bhHhpxGoye5Oocj.jpg","tags":[{"type":"standard","category":"other","item":"plastic","quantity":1}],"objects":[{"status":"OK","on_map":true,"group":"Piece","subgroup":"","layer":"Plastic Piece","full_name":"Piece \u2013 Plastic Piece","olm_key":"other/plastic","quantity":1,"picked_up":true}],"groups":["litter"],"has_litter":true,"has_pet_waste":false,"has_substances":false,"zone":"cottonwood_zone_E","zone_edge_m":15.3,"nbhd_edge_m":null}},{"type":"Feature","geometry":{"type":"Point","coordinates":[-122.56129455566,49.205547332764]},"properties":{"id":552874,"datetime":"2026-08-30T20:16:22.000000Z","filename":"https://olm-s3.s3.eu-west-1.amazonaws.com/2026/08/30/ehq4WGQQv4AAUhzT6yooq6E5uF7J4N3wmxjHc9tT.jpg","tags":[{"type":"standard","category":"softdrinks","item":"lid","quantity":1},{"type":"standard","category":"softdrinks","item":"straw","quantity":1}],"objects":[{"status":"OK","on_map":true,"group":"Convenient Food Drink","subgroup":"Drink","layer":"Cold Beverage Lid","full_name":"Convenient Food Drink \u2013 Drink \u2013 Cold Beverage Lid","olm_key":"softdrinks/lid","quantity":1,"picked_up":true},{"status":"OK","on_map":true,"group":"Convenient Food Drink","subgroup":"Drink","layer":"Paper Drink Straws","full_name":"Convenient Food Drink \u2013 Drink \u2013 Paper Drink Straws","olm_key":"softdrinks/straw","quantity":1,"picked_up":true}],"groups":["litter"],"has_litter":true,"has_pet_waste":false,"has_substances":false,"zone":"cottonwood_zone_E","zone_edge_m":15.3,"nbhd_edge_m":null}},{"type":"Feature","geometry":{"type":"Point","coordinates":[-122.56129455566,49.205547332764]},"properties":{"id":552873,"datetime":"2026-08-30T20:16:32.000000Z","filename":"https://olm-s3.s3.eu-west-1.amazonaws.com/2026/08/30/VwCxge24TNDPJ57l9FaUXTI1yFWvNugZqFs1Jix8.jpg","tags":[{"type":"standard","category":"smoking","item":"butts","quantity":1}],"objects":[{"status":"OK","on_map":true,"group":"Smoking","subgroup":"","layer":"Cigarette Butts","full_name":"Smoking \u2013 Cigarette Butts","olm_key":"smoking/butts","quantity":1,"picked_up":true}],"groups":["substances"],"has_litter":false,"has_pet_waste":false,"has_substances":true,"zone":"cottonwood_zone_E","zone_edge_m":15.3,"nbhd_edge_m":null}},{"type":"Feature","geometry":{"type":"Point","coordinates":[-122.56129455566,49.205547332764]},"properties":{"id":552872,"datetime":"2026-08-30T20:16:47.000000Z","filename":"https://olm-s3.s3.eu-west-1.amazonaws.com/2026/08/30/2KIveM35UN2s8PX1littqqw7sMEJtXQ4e1lNzoCr.jpg","tags":[{"type":"standard","category":"smoking","item":"butts","quantity":1}],"objects":[{"status":"OK","on_map":true,"group":"Smoking","subgroup":"","layer":"Cigarette Butts","full_name":"Smoking \u2013 Cigarette Butts","olm_key":"smoking/butts","quantity":1,"picked_up":true}],"groups":["substances"],"has_litter":false,"has_pet_waste":false,"has_substances":true,"zone":"cottonwood_zone_E","zone_edge_m":15.3,"nbhd_edge_m":null}},{"type":"Feature","geometry":{"type":"Point","coordinates":[-122.56129455566,49.205547332764]},"properties":{"id":552871,"datetime":"2026-08-30T20:16:58.000000Z","filename":"https://olm-s3.s3.eu-west-1.amazonaws.com/2026/08/30/OIr6bmPaHlSYvzky2YMHMYAeZdpqYTOgChBk4fsW.jpg","tags":[{"type":"standard","category":"other","item":"plastic","quantity":1}],"objects":[{"status":"OK","on_map":true,"group":"Piece","subgroup":"","layer":"Plastic Piece","full_name":"Piece \u2013 Plastic Piece","olm_key":"other/plastic","quantity":1,"picked_up":true}],"groups":["litter"],"has_litter":true,"has_pet_waste":false,"has_substances":false,"zone":"cottonwood_zone_E","zone_edge_m":15.3,"nbhd_edge_m":null}},{"type":"Feature","geometry":{"type":"Point","coordinates":[-122.56129455566,49.205547332764]},"properties":{"id":552870,"datetime":"2026-08-30T20:17:10.000000Z","filename":"https://olm-s3.s3.eu-west-1.amazonaws.com/2026/08/30/awDfV5MxCGkYgNFop9lbjzpDGUydQQ6DuYcMYSIV.jpg","tags":[{"type":"standard","category":"softdrinks","item":"cup","quantity":1,"object_type":"soda"}],"objects":[{"status":"OK","on_map":true,"group":"Convenient Food Drink","subgroup":"Drink","layer":"Cold Beverage Cup","full_name":"Convenient Food Drink \u2013 Drink \u2013 Cold Beverage Cup","olm_key":"softdrinks/cup","quantity":1,"picked_up":true}],"groups":["litter"],"has_litter":true,"has_pet_waste":false,"has_substances":false,"zone":"cottonwood_zone_E","zone_edge_m":15.3,"nbhd_edge_m":null}},{"type":"Feature","geometry":{"type":"Point","coordinates":[-122.56129455566,49.205547332764]},"properties":{"id":552869,"datetime":"2026-08-30T20:17:18.000000Z","filename":"https://olm-s3.s3.eu-west-1.amazonaws.com/2026/08/30/gjS6mC8JUZWtZv2dIpxkCqBN1wStwpVQCvEYtT4F.jpg","tags":[{"type":"standard","category":"food","item":"packaging","quantity":1},{"type":"standard","category":"other","item":"paper","quantity":1},{"type":"material","category":"material","item":"paper","quantity":1,"parent_category":"other","parent_item":"paper"},{"type":"standard","category":"other","item":"balloon","quantity":1}],"objects":[{"status":"OK","on_map":true,"group":"Convenient Food Drink","subgroup":"Take-out","layer":"Food Packaging","full_name":"Convenient Food Drink \u2013 Take-out \u2013 Food Packaging","olm_key":"food/packaging","quantity":1,"picked_up":true},{"status":"OK","on_map":true,"group":"Piece","subgroup":"","layer":"Paper Piece","full_name":"Piece \u2013 Paper Piece","olm_key":"other/paper","quantity":1,"picked_up":true},{"status":"OK","on_map":true,"group":"Household","subgroup":"","layer":"Party Litter","full_name":"Household \u2013 Party Litter","olm_key":"other/balloon","quantity":1,"picked_up":true}],"groups":["litter"],"has_litter":true,"has_pet_waste":false,"has_substances":false,"zone":"cottonwood_zone_E","zone_edge_m":15.3,"nbhd_edge_m":null}},{"type":"Feature","geometry":{"type":"Point","coordinates":[-122.56129455566,49.205547332764]},"properties":{"id":552868,"datetime":"2026-08-30T20:17:42.000000Z","filename":"https://olm-s3.s3.eu-west-1.amazonaws.com/2026/08/30/QXcVj36OAOyl1Q7gTRFaRN7ize4Evmg0cJXsTsOx.jpg","tags":[{"type":"standard","category":"other","item":"other","quantity":1},{"type":"material","category":"material","item":"wood","quantity":1,"parent_category":"other","parent_item":"other"},{"type":"standard","category":"other","item":"paper","quantity":2},{"type":"material","category":"material","item":"paper","quantity":1,"parent_category":"other","parent_item":"paper"}],"objects":[{"status":"OK","on_map":true,"group":"Piece","subgroup":"","layer":"Wood Debris","full_name":"Piece \u2013 Wood Debris","olm_key":"other/other","quantity":1,"picked_up":true},{"status":"OK","on_map":true,"group":"Piece","subgroup":"","layer":"Paper Piece","full_name":"Piece \u2013 Paper Piece","olm_key":"other/paper","quantity":2,"picked_up":true}],"groups":["litter"],"has_litter":true,"has_pet_waste":false,"has_substances":false,"zone":"cottonwood_zone_E","zone_edge_m":15.3,"nbhd_edge_m":null}},{"type":"Feature","geometry":{"type":"Point","coordinates":[-122.56129455566,49.205547332764]},"properties":{"id":552867,"datetime":"2026-08-30T20:18:06.000000Z","filename":"https://olm-s3.s3.eu-west-1.amazonaws.com/2026/08/30/xDuE6QkMDqNxb0RGTJqULGTP21H8KSEz0JXr78uU.jpg","tags":[{"type":"standard","category":"other","item":"balloon","quantity":2}],"objects":[{"status":"OK","on_map":true,"group":"Household","subgroup":"","layer":"Party Litter","full_name":"Household \u2013 Party Litter","olm_key":"other/balloon","quantity":2,"picked_up":true}],"groups":["litter"],"has_litter":true,"has_pet_waste":false,"has_substances":false,"zone":"cottonwood_zone_E","zone_edge_m":15.3,"nbhd_edge_m":null}},{"type":"Feature","geometry":{"type":"Point","coordinates":[-122.56129455566,49.205547332764]},"properties":{"id":552866,"datetime":"2026-08-30T20:18:46.000000Z","filename":"https://olm-s3.s3.eu-west-1.amazonaws.com/2026/08/30/SlUuZfeWVINTvHQi9K4ZvOsISAhlgl6brPHRD0dm.jpg","tags":[{"type":"standard","category":"other","item":"balloon","quantity":6},{"type":"standard","category":"other","item":"clothing","quantity":1}],"objects":[{"status":"OK","on_map":true,"group":"Household","subgroup":"","layer":"Party Litter","full_name":"Household \u2013 Party Litter","olm_key":"other/balloon","quantity":6,"picked_up":true},{"status":"OK","on_map":true,"group":"Household","subgroup":"","layer":"Abandoned Textile Apparel","full_name":"Household \u2013 Abandoned Textile Apparel","olm_key":"other/clothing","quantity":1,"picked_up":true}],"groups":["litter"],"has_litter":true,"has_pet_waste":false,"has_substances":false,"zone":"cottonwood_zone_E","zone_edge_m":15.3,"nbhd_edge_m":null}},{"type":"Feature","geometry":{"type":"Point","coordinates":[-122.55934143066,49.205951690674]},"properties":{"id":552865,"datetime":"2026-08-30T20:19:43.000000Z","filename":"https://olm-s3.s3.eu-west-1.amazonaws.com/2026/08/30/Ed3g5tzIkVJ0OjXvvMigJxejWH8P6OCFl2ohFMZq.jpg","tags":[{"type":"standard","category":"food","item":"bag","quantity":2},{"type":"standard","category":"other","item":"paper","quantity":1},{"type":"material","category":"material","item":"paper","quantity":1,"parent_category":"other","parent_item":"paper"}],"objects":[{"status":"OK","on_map":true,"group":"Household","subgroup":"","layer":"Plastic (#4) or Paper Food Bag","full_name":"Household \u2013 Plastic (#4) or Paper Food Bag","olm_key":"food/bag","quantity":2,"picked_up":true},{"status":"OK","on_map":true,"group":"Piece","subgroup":"","layer":"Paper Piece","full_name":"Piece \u2013 Paper Piece","olm_key":"other/paper","quantity":1,"picked_up":true}],"groups":["litter"],"has_litter":true,"has_pet_waste":false,"has_substances":false,"zone":"cottonwood_zone_E","zone_edge_m":60.3,"nbhd_edge_m":null}},{"type":"Feature","geometry":{"type":"Point","coordinates":[-122.55934143066,49.205951690674]},"properties":{"id":552864,"datetime":"2026-08-30T20:20:11.000000Z","filename":"https://olm-s3.s3.eu-west-1.amazonaws.com/2026/08/30/eOUI4QlRHwj8UtooZI1rUUCKo3ClSIRvRjj8xerZ.jpg","tags":[{"type":"standard","category":"softdrinks","item":"straw","quantity":1},{"type":"material","category":"material","item":"plastic","quantity":1,"parent_category":"softdrinks","parent_item":"straw"},{"type":"standard","category":"softdrinks","item":"lid","quantity":1}],"objects":[{"status":"OK","on_map":true,"group":"Convenient Food Drink","subgroup":"Drink","layer":"Paper Drink Straws","full_name":"Convenient Food Drink \u2013 Drink \u2013 Paper Drink Straws","olm_key":"softdrinks/straw","quantity":1,"picked_up":true},{"status":"OK","on_map":true,"group":"Convenient Food Drink","subgroup":"Drink","layer":"Cold Beverage Lid","full_name":"Convenient Food Drink \u2013 Drink \u2013 Cold Beverage Lid","olm_key":"softdrinks/lid","quantity":1,"picked_up":true}],"groups":["litter"],"has_litter":true,"has_pet_waste":false,"has_substances":false,"zone":"cottonwood_zone_E","zone_edge_m":60.3,"nbhd_edge_m":null}},{"type":"Feature","geometry":{"type":"Point","coordinates":[-122.55934143066,49.205951690674]},"properties":{"id":552863,"datetime":"2026-08-30T20:20:39.000000Z","filename":"https://olm-s3.s3.eu-west-1.amazonaws.com/2026/08/30/g3KO7IBCOrEphXqsgmQHsMOmEpYQuBrrn8g44YnA.jpg","tags":[{"type":"standard","category":"food","item":"wrapper","quantity":1},{"type":"material","category":"material","item":"plastic","quantity":1,"parent_category":"food","parent_item":"wrapper"}],"objects":[{"status":"OK","on_map":true,"group":"Convenient Food Drink","subgroup":"Snack","layer":"Foil / Plastic Film Snack Wrapper","full_name":"Convenient Food Drink \u2013 Snack \u2013 Foil / Plastic Film Snack Wrapper","olm_key":"food/wrapper","quantity":1,"picked_up":true}],"groups":["litter"],"has_litter":true,"has_pet_waste":false,"has_substances":false,"zone":"cottonwood_zone_E","zone_edge_m":60.3,"nbhd_edge_m":null}},{"type":"Feature","geometry":{"type":"Point","coordinates":[-122.55936431885,49.205959320068]},"properties":{"id":552862,"datetime":"2026-08-30T20:21:00.000000Z","filename":"https://olm-s3.s3.eu-west-1.amazonaws.com/2026/08/30/61pZpYg6Xw7TWwZkDC6GwO4lzLcBmPBFy03aX6G5.jpg","tags":[{"type":"standard","category":"other","item":"paper","quantity":1},{"type":"material","category":"material","item":"paper","quantity":1,"parent_category":"other","parent_item":"paper"}],"objects":[{"status":"OK","on_map":true,"group":"Piece","subgroup":"","layer":"Paper Piece","full_name":"Piece \u2013 Paper Piece","olm_key":"other/paper","quantity":1,"picked_up":true}],"groups":["litter"],"has_litter":true,"has_pet_waste":false,"has_substances":false,"zone":"cottonwood_zone_E","zone_edge_m":61.2,"nbhd_edge_m":null}},{"type":"Feature","geometry":{"type":"Point","coordinates":[-122.55936431885,49.205959320068]},"properties":{"id":552861,"datetime":"2026-08-30T20:21:33.000000Z","filename":"https://olm-s3.s3.eu-west-1.amazonaws.com/2026/08/30/WCWLL9oqDBM9xhay69rcvbRys2qXwU7ZXXrlwbcb.jpg","tags":[{"type":"standard","category":"other","item":"plastic","quantity":1},{"type":"standard","category":"other","item":"paper","quantity":3},{"type":"material","category":"material","item":"paper","quantity":1,"parent_category":"other","parent_item":"paper"}],"objects":[{"status":"OK","on_map":true,"group":"Piece","subgroup":"","layer":"Plastic Piece","full_name":"Piece \u2013 Plastic Piece","olm_key":"other/plastic","quantity":1,"picked_up":true},{"status":"OK","on_map":true,"group":"Piece","subgroup":"","layer":"Paper Piece","full_name":"Piece \u2013 Paper Piece","olm_key":"other/paper","quantity":3,"picked_up":true}],"groups":["litter"],"has_litter":true,"has_pet_waste":false,"has_substances":false,"zone":"cottonwood_zone_E","zone_edge_m":61.2,"nbhd_edge_m":null}},{"type":"Feature","geometry":{"type":"Point","coordinates":[-122.55936431885,49.205959320068]},"properties":{"id":552860,"datetime":"2026-08-30T20:22:06.000000Z","filename":"https://olm-s3.s3.eu-west-1.amazonaws.com/2026/08/30/qCCmQPxOKK9QhdkGwJ6vNj9UXtgKCVH5aazU6TYw.jpg","tags":[{"type":"standard","category":"other","item":"plastic","quantity":1},{"type":"standard","category":"smoking","item":"butts","quantity":1}],"objects":[{"status":"OK","on_map":true,"group":"Piece","subgroup":"","layer":"Plastic Piece","full_name":"Piece \u2013 Plastic Piece","olm_key":"other/plastic","quantity":1,"picked_up":true},{"status":"OK","on_map":true,"group":"Smoking","subgroup":"","layer":"Cigarette Butts","full_name":"Smoking \u2013 Cigarette Butts","olm_key":"smoking/butts","quantity":1,"picked_up":true}],"groups":["litter","substances"],"has_litter":true,"has_pet_waste":false,"has_substances":true,"zone":"cottonwood_zone_E","zone_edge_m":61.2,"nbhd_edge_m":null}},{"type":"Feature","geometry":{"type":"Point","coordinates":[-122.55936431885,49.205959320068]},"properties":{"id":552859,"datetime":"2026-08-30T20:22:13.000000Z","filename":"https://olm-s3.s3.eu-west-1.amazonaws.com/2026/08/30/kCIh5Tu8fUNMn2BX695rCu7WP6CCt1XR0CBWH7uV.jpg","tags":[{"type":"standard","category":"food","item":"packet","quantity":1},{"type":"standard","category":"other","item":"plastic","quantity":1}],"objects":[{"status":"OK","on_map":true,"group":"Convenient Food Drink","subgroup":"Take-out","layer":"Condiment Packets","full_name":"Convenient Food Drink \u2013 Take-out \u2013 Condiment Packets","olm_key":"food/packet","quantity":1,"picked_up":true},{"status":"OK","on_map":true,"group":"Piece","subgroup":"","layer":"Plastic Piece","full_name":"Piece \u2013 Plastic Piece","olm_key":"other/plastic","quantity":1,"picked_up":true}],"groups":["litter"],"has_litter":true,"has_pet_waste":false,"has_substances":false,"zone":"cottonwood_zone_E","zone_edge_m":61.2,"nbhd_edge_m":null}},{"type":"Feature","geometry":{"type":"Point","coordinates":[-122.55936431885,49.205959320068]},"properties":{"id":552858,"datetime":"2026-08-30T20:22:23.000000Z","filename":"https://olm-s3.s3.eu-west-1.amazonaws.com/2026/08/30/s7T5QfVwrI7omQQ0jERuEiwziduI9vDTD1B8cKD2.jpg","tags":[{"type":"standard","category":"other","item":"plastic","quantity":1}],"objects":[{"status":"OK","on_map":true,"group":"Piece","subgroup":"","layer":"Plastic Piece","full_name":"Piece \u2013 Plastic Piece","olm_key":"other/plastic","quantity":1,"picked_up":true}],"groups":["litter"],"has_litter":true,"has_pet_waste":false,"has_substances":false,"zone":"cottonwood_zone_E","zone_edge_m":61.2,"nbhd_edge_m":null}},{"type":"Feature","geometry":{"type":"Point","coordinates":[-122.55936431885,49.205959320068]},"properties":{"id":552857,"datetime":"2026-08-30T20:22:38.000000Z","filename":"https://olm-s3.s3.eu-west-1.amazonaws.com/2026/08/30/GIzL7mHhHAzfDtIkcV3IhOiALvdt6FQNK4sPV9fM.jpg","tags":[{"type":"standard","category":"softdrinks","item":"straw","quantity":1}],"objects":[{"status":"OK","on_map":true,"group":"Convenient Food Drink","subgroup":"Drink","layer":"Paper Drink Straws","full_name":"Convenient Food Drink \u2013 Drink \u2013 Paper Drink Straws","olm_key":"softdrinks/straw","quantity":1,"picked_up":true}],"groups":["litter"],"has_litter":true,"has_pet_waste":false,"has_substances":false,"zone":"cottonwood_zone_E","zone_edge_m":61.2,"nbhd_edge_m":null}},{"type":"Feature","geometry":{"type":"Point","coordinates":[-122.55928039551,49.206104278564]},"properties":{"id":552856,"datetime":"2026-08-30T20:23:13.000000Z","filename":"https://olm-s3.s3.eu-west-1.amazonaws.com/2026/08/30/g5ABJiC7QCjMbGjrQQgaZRCOqGJgPO7Wvuod049Z.jpg","tags":[{"type":"standard","category":"smoking","item":"butts","quantity":2}],"objects":[{"status":"OK","on_map":true,"group":"Smoking","subgroup":"","layer":"Cigarette Butts","full_name":"Smoking \u2013 Cigarette Butts","olm_key":"smoking/butts","quantity":2,"picked_up":true}],"groups":["substances"],"has_litter":false,"has_pet_waste":false,"has_substances":true,"zone":"cottonwood_zone_E","zone_edge_m":77.3,"nbhd_edge_m":null}},{"type":"Feature","geometry":{"type":"Point","coordinates":[-122.55928039551,49.206104278564]},"properties":{"id":552855,"datetime":"2026-08-30T20:23:19.000000Z","filename":"https://olm-s3.s3.eu-west-1.amazonaws.com/2026/08/30/nyMkI0PtcfnM2dhfVstPuiku7kgsDbAn7bxbqpu4.jpg","tags":[{"type":"standard","category":"smoking","item":"butts","quantity":1}],"objects":[{"status":"OK","on_map":true,"group":"Smoking","subgroup":"","layer":"Cigarette Butts","full_name":"Smoking \u2013 Cigarette Butts","olm_key":"smoking/butts","quantity":1,"picked_up":true}],"groups":["substances"],"has_litter":false,"has_pet_waste":false,"has_substances":true,"zone":"cottonwood_zone_E","zone_edge_m":77.3,"nbhd_edge_m":null}},{"type":"Feature","geometry":{"type":"Point","coordinates":[-122.55928039551,49.206104278564]},"properties":{"id":552854,"datetime":"2026-08-30T20:23:29.000000Z","filename":"https://olm-s3.s3.eu-west-1.amazonaws.com/2026/08/30/594OxU76BEm6OdpJX19314PcDtBOpLokgCw6FwzK.jpg","tags":[{"type":"standard","category":"smoking","item":"butts","quantity":1}],"objects":[{"status":"OK","on_map":true,"group":"Smoking","subgroup":"","layer":"Cigarette Butts","full_name":"Smoking \u2013 Cigarette Butts","olm_key":"smoking/butts","quantity":1,"picked_up":true}],"groups":["substances"],"has_litter":false,"has_pet_waste":false,"has_substances":true,"zone":"cottonwood_zone_E","zone_edge_m":77.3,"nbhd_edge_m":null}},{"type":"Feature","geometry":{"type":"Point","coordinates":[-122.55928039551,49.206104278564]},"properties":{"id":552853,"datetime":"2026-08-30T20:23:57.000000Z","filename":"https://olm-s3.s3.eu-west-1.amazonaws.com/2026/08/30/bhTOTOhbQJMsMLFD6bB90KagmdjVtn7sqsxJcznL.jpg","tags":[{"type":"standard","category":"food","item":"bag","quantity":1},{"type":"standard","category":"softdrinks","item":"bottle","quantity":1,"object_type":"juice"}],"objects":[{"status":"OK","on_map":true,"group":"Household","subgroup":"","layer":"Plastic (#4) or Paper Food Bag","full_name":"Household \u2013 Plastic (#4) or Paper Food Bag","olm_key":"food/bag","quantity":1,"picked_up":true},{"status":"OK","on_map":true,"group":"Convenient Food Drink","subgroup":"Drink","layer":"Plastic or Glass Drink Bottle","full_name":"Convenient Food Drink \u2013 Drink \u2013 Plastic or Glass Drink Bottle","olm_key":"softdrinks/bottle","quantity":1,"picked_up":true}],"groups":["litter"],"has_litter":true,"has_pet_waste":false,"has_substances":false,"zone":"cottonwood_zone_E","zone_edge_m":77.3,"nbhd_edge_m":null}},{"type":"Feature","geometry":{"type":"Point","coordinates":[-122.55865478516,49.205711364746]},"properties":{"id":552852,"datetime":"2026-08-30T20:24:11.000000Z","filename":"https://olm-s3.s3.eu-west-1.amazonaws.com/2026/08/30/AHJ3BlpCe24qIDtCLSHhZS90XcFJumJnI35CqQX5.jpg","tags":[{"type":"standard","category":"food","item":"container","quantity":1}],"objects":[{"status":"OK","on_map":true,"group":"Household","subgroup":"","layer":"Food Container - Plastic, Paper, Foam","full_name":"Household \u2013 Food Container - Plastic, Paper, Foam","olm_key":"food/container","quantity":1,"picked_up":true}],"groups":["litter"],"has_litter":true,"has_pet_waste":false,"has_substances":false,"zone":"cottonwood_zone_E","zone_edge_m":33.5,"nbhd_edge_m":null}},{"type":"Feature","geometry":{"type":"Point","coordinates":[-122.55865478516,49.205768585205]},"properties":{"id":552851,"datetime":"2026-08-30T20:24:53.000000Z","filename":"https://olm-s3.s3.eu-west-1.amazonaws.com/2026/08/30/lfd3g1gAzKw9zh4WIbb2jXUVTGfKHdmPfbguWTNc.jpg","tags":[{"type":"standard","category":"other","item":"plastic","quantity":1},{"type":"standard","category":"smoking","item":"butts","quantity":2}],"objects":[{"status":"OK","on_map":true,"group":"Piece","subgroup":"","layer":"Plastic Piece","full_name":"Piece \u2013 Plastic Piece","olm_key":"other/plastic","quantity":1,"picked_up":true},{"status":"OK","on_map":true,"group":"Smoking","subgroup":"","layer":"Cigarette Butts","full_name":"Smoking \u2013 Cigarette Butts","olm_key":"smoking/butts","quantity":2,"picked_up":true}],"groups":["litter","substances"],"has_litter":true,"has_pet_waste":false,"has_substances":true,"zone":"cottonwood_zone_E","zone_edge_m":39.9,"nbhd_edge_m":null}},{"type":"Feature","geometry":{"type":"Point","coordinates":[-122.55865478516,49.205768585205]},"properties":{"id":552850,"datetime":"2026-08-30T20:25:52.000000Z","filename":"https://olm-s3.s3.eu-west-1.amazonaws.com/2026/08/30/NNalAnKWJ4ynnxA0yeztrm0apUrMQbxkCLO5uqYk.jpg","tags":[{"type":"standard","category":"marine","item":"polystyrene_fragment","quantity":1}],"objects":[{"status":"OK","on_map":true,"group":"Piece","subgroup":"","layer":"Styrofoam Piece","full_name":"Piece \u2013 Styrofoam Piece","olm_key":"marine/polystyrene_fragment","quantity":1,"picked_up":true}],"groups":["litter"],"has_litter":true,"has_pet_waste":false,"has_substances":false,"zone":"cottonwood_zone_E","zone_edge_m":39.9,"nbhd_edge_m":null}},{"type":"Feature","geometry":{"type":"Point","coordinates":[-122.55865478516,49.205768585205]},"properties":{"id":552849,"datetime":"2026-08-30T20:26:03.000000Z","filename":"https://olm-s3.s3.eu-west-1.amazonaws.com/2026/08/30/R1k0j9jjsiiQeWaQuJUsPk13xKM5bo0AZQ8HCrnM.jpg","tags":[{"type":"standard","category":"food","item":"packaging","quantity":1},{"type":"material","category":"material","item":"plastic","quantity":1,"parent_category":"food","parent_item":"packaging"},{"type":"standard","category":"food","item":"wrapper","quantity":1},{"type":"material","category":"material","item":"foil","quantity":1,"parent_category":"food","parent_item":"wrapper"},{"type":"material","category":"material","item":"plastic","quantity":1,"parent_category":"food","parent_item":"wrapper"}],"objects":[{"status":"OK","on_map":true,"group":"Convenient Food Drink","subgroup":"Take-out","layer":"Food Packaging","full_name":"Convenient Food Drink \u2013 Take-out \u2013 Food Packaging","olm_key":"food/packaging","quantity":1,"picked_up":true},{"status":"OK","on_map":true,"group":"Convenient Food Drink","subgroup":"Snack","layer":"Foil / Plastic Film Snack Wrapper","full_name":"Convenient Food Drink \u2013 Snack \u2013 Foil / Plastic Film Snack Wrapper","olm_key":"food/wrapper","quantity":1,"picked_up":true}],"groups":["litter"],"has_litter":true,"has_pet_waste":false,"has_substances":false,"zone":"cottonwood_zone_E","zone_edge_m":39.9,"nbhd_edge_m":null}},{"type":"Feature","geometry":{"type":"Point","coordinates":[-122.55865478516,49.205768585205]},"properties":{"id":552848,"datetime":"2026-08-30T20:26:12.000000Z","filename":"https://olm-s3.s3.eu-west-1.amazonaws.com/2026/08/30/t8dBqJTjOwoY5z4ySSgkYwpidnCPAcoGGfY0uw3O.jpg","tags":[{"type":"standard","category":"other","item":"other","quantity":2},{"type":"standard","category":"other","item":"paper","quantity":2},{"type":"material","category":"material","item":"paper","quantity":1,"parent_category":"other","parent_item":"paper"}],"objects":[{"status":"OK","on_map":true,"group":"Household","subgroup":"","layer":"Household misc","full_name":"Household \u2013 Household misc","olm_key":"other/other","quantity":2,"picked_up":true},{"status":"OK","on_map":true,"group":"Piece","subgroup":"","layer":"Paper Piece","full_name":"Piece \u2013 Paper Piece","olm_key":"other/paper","quantity":2,"picked_up":true}],"groups":["litter"],"has_litter":true,"has_pet_waste":false,"has_substances":false,"zone":"cottonwood_zone_E","zone_edge_m":39.9,"nbhd_edge_m":null}},{"type":"Feature","geometry":{"type":"Point","coordinates":[-122.55865478516,49.205768585205]},"properties":{"id":552847,"datetime":"2026-08-30T20:26:24.000000Z","filename":"https://olm-s3.s3.eu-west-1.amazonaws.com/2026/08/30/uazIRMYy0qHgTW9pKHf0Z8B6U8C6ItzPPM8tQCgZ.jpg","tags":[{"type":"standard","category":"other","item":"plastic","quantity":1}],"objects":[{"status":"OK","on_map":true,"group":"Piece","subgroup":"","layer":"Plastic Piece","full_name":"Piece \u2013 Plastic Piece","olm_key":"other/plastic","quantity":1,"picked_up":true}],"groups":["litter"],"has_litter":true,"has_pet_waste":false,"has_substances":false,"zone":"cottonwood_zone_E","zone_edge_m":39.9,"nbhd_edge_m":null}},{"type":"Feature","geometry":{"type":"Point","coordinates":[-122.55865478516,49.205768585205]},"properties":{"id":552846,"datetime":"2026-08-30T20:26:43.000000Z","filename":"https://olm-s3.s3.eu-west-1.amazonaws.com/2026/08/30/XV5w1Nt7hZtSK0GsjDbNH5yrR6xKEbxdOp4KOp8m.jpg","tags":[{"type":"standard","category":"food","item":"packaging","quantity":1},{"type":"standard","category":"sanitary","item":"wipes","quantity":2}],"objects":[{"status":"OK","on_map":true,"group":"Convenient Food Drink","subgroup":"Take-out","layer":"Food Packaging","full_name":"Convenient Food Drink \u2013 Take-out \u2013 Food Packaging","olm_key":"food/packaging","quantity":1,"picked_up":true},{"status":"OK","on_map":true,"group":"Household","subgroup":"","layer":"Wet Wipes","full_name":"Household \u2013 Wet Wipes","olm_key":"sanitary/wipes","quantity":2,"picked_up":true}],"groups":["litter"],"has_litter":true,"has_pet_waste":false,"has_substances":false,"zone":"cottonwood_zone_E","zone_edge_m":39.9,"nbhd_edge_m":null}},{"type":"Feature","geometry":{"type":"Point","coordinates":[-122.55865478516,49.205768585205]},"properties":{"id":552845,"datetime":"2026-08-30T20:27:00.000000Z","filename":"https://olm-s3.s3.eu-west-1.amazonaws.com/2026/08/30/dOC9lmN2YA9T0iICw3l6bvs6Iv50dTVTK5gg6d4n.jpg","tags":[{"type":"standard","category":"food","item":"packaging","quantity":1},{"type":"material","category":"material","item":"paper","quantity":1,"parent_category":"food","parent_item":"packaging"}],"objects":[{"status":"OK","on_map":true,"group":"Convenient Food Drink","subgroup":"Take-out","layer":"Food Packaging","full_name":"Convenient Food Drink \u2013 Take-out \u2013 Food Packaging","olm_key":"food/packaging","quantity":1,"picked_up":true}],"groups":["litter"],"has_litter":true,"has_pet_waste":false,"has_substances":false,"zone":"cottonwood_zone_E","zone_edge_m":39.9,"nbhd_edge_m":null}},{"type":"Feature","geometry":{"type":"Point","coordinates":[-122.55865478516,49.205768585205]},"properties":{"id":552844,"datetime":"2026-08-30T20:27:19.000000Z","filename":"https://olm-s3.s3.eu-west-1.amazonaws.com/2026/08/30/Z3P8paf2KxmaQ58RvHXHgGMUHby6okNGbtCpwSNH.jpg","tags":[{"type":"standard","category":"other","item":"paper","quantity":2},{"type":"material","category":"material","item":"paper","quantity":1,"parent_category":"other","parent_item":"paper"},{"type":"standard","category":"other","item":"plastic","quantity":1}],"objects":[{"status":"OK","on_map":true,"group":"Piece","subgroup":"","layer":"Paper Piece","full_name":"Piece \u2013 Paper Piece","olm_key":"other/paper","quantity":2,"picked_up":true},{"status":"OK","on_map":true,"group":"Piece","subgroup":"","layer":"Plastic Piece","full_name":"Piece \u2013 Plastic Piece","olm_key":"other/plastic","quantity":1,"picked_up":true}],"groups":["litter"],"has_litter":true,"has_pet_waste":false,"has_substances":false,"zone":"cottonwood_zone_E","zone_edge_m":39.9,"nbhd_edge_m":null}},{"type":"Feature","geometry":{"type":"Point","coordinates":[-122.55786132812,49.20573425293]},"properties":{"id":552843,"datetime":"2026-08-30T20:27:54.000000Z","filename":"https://olm-s3.s3.eu-west-1.amazonaws.com/2026/08/30/mVUtZrws7dN2STWTmWDueBbbkvpGWB2Tr0OJgpWq.jpg","tags":[{"type":"standard","category":"other","item":"paper","quantity":3},{"type":"material","category":"material","item":"paper","quantity":1,"parent_category":"other","parent_item":"paper"}],"objects":[{"status":"OK","on_map":true,"group":"Piece","subgroup":"","layer":"Paper Piece","full_name":"Piece \u2013 Paper Piece","olm_key":"other/paper","quantity":3,"picked_up":true}],"groups":["litter"],"has_litter":true,"has_pet_waste":false,"has_substances":false,"zone":"cottonwood_zone_E","zone_edge_m":36.1,"nbhd_edge_m":null}},{"type":"Feature","geometry":{"type":"Point","coordinates":[-122.55786132812,49.20573425293]},"properties":{"id":552842,"datetime":"2026-08-30T20:28:08.000000Z","filename":"https://olm-s3.s3.eu-west-1.amazonaws.com/2026/08/30/ceyR42gnoeBEhDturvzSSNBRTqkIkGLAdlGEOM0b.jpg","tags":[{"type":"standard","category":"food","item":"wrapper","quantity":1},{"type":"material","category":"material","item":"plastic","quantity":1,"parent_category":"food","parent_item":"wrapper"}],"objects":[{"status":"OK","on_map":true,"group":"Convenient Food Drink","subgroup":"Snack","layer":"Foil / Plastic Film Snack Wrapper","full_name":"Convenient Food Drink \u2013 Snack \u2013 Foil / Plastic Film Snack Wrapper","olm_key":"food/wrapper","quantity":1,"picked_up":true}],"groups":["litter"],"has_litter":true,"has_pet_waste":false,"has_substances":false,"zone":"cottonwood_zone_E","zone_edge_m":36.1,"nbhd_edge_m":null}},{"type":"Feature","geometry":{"type":"Point","coordinates":[-122.55786132812,49.20573425293]},"properties":{"id":552841,"datetime":"2026-08-30T20:28:25.000000Z","filename":"https://olm-s3.s3.eu-west-1.amazonaws.com/2026/08/30/eDvtHXkNPWCDUBOaUum4A09TRJD5Uz6uppjNtUvL.jpg","tags":[{"type":"standard","category":"food","item":"packaging","quantity":1},{"type":"material","category":"material","item":"plastic","quantity":1,"parent_category":"food","parent_item":"packaging"}],"objects":[{"status":"OK","on_map":true,"group":"Convenient Food Drink","subgroup":"Take-out","layer":"Food Packaging","full_name":"Convenient Food Drink \u2013 Take-out \u2013 Food Packaging","olm_key":"food/packaging","quantity":1,"picked_up":true}],"groups":["litter"],"has_litter":true,"has_pet_waste":false,"has_substances":false,"zone":"cottonwood_zone_E","zone_edge_m":36.1,"nbhd_edge_m":null}},{"type":"Feature","geometry":{"type":"Point","coordinates":[-122.55786132812,49.20573425293]},"properties":{"id":552840,"datetime":"2026-08-30T20:28:35.000000Z","filename":"https://olm-s3.s3.eu-west-1.amazonaws.com/2026/08/30/lY1YzJyz3PPVPRMHpFhOHuJikiYrJ6FcdSd6FABg.jpg","tags":[{"type":"standard","category":"smoking","item":"packaging","quantity":1},{"type":"custom_tag","category":"custom_tag","item":"THC","quantity":1,"parent_category":"smoking","parent_item":"packaging"}],"objects":[{"status":"OK","on_map":true,"group":"Smoking","subgroup":"","layer":"Cannabis Packaging","full_name":"Smoking \u2013 Cannabis Packaging","olm_key":"smoking/packaging","quantity":1,"picked_up":true}],"groups":["substances"],"has_litter":false,"has_pet_waste":false,"has_substances":true,"zone":"cottonwood_zone_E","zone_edge_m":36.1,"nbhd_edge_m":null}},{"type":"Feature","geometry":{"type":"Point","coordinates":[-122.55786132812,49.20573425293]},"properties":{"id":552839,"datetime":"2026-08-30T20:28:41.000000Z","filename":"https://olm-s3.s3.eu-west-1.amazonaws.com/2026/08/30/R5JTqv7HI8IQCKe6BYovzHzs5MpYIg0XVFoTj8L3.jpg","tags":[{"type":"standard","category":"other","item":"paper","quantity":1},{"type":"material","category":"material","item":"paper","quantity":1,"parent_category":"other","parent_item":"paper"}],"objects":[{"status":"OK","on_map":true,"group":"Piece","subgroup":"","layer":"Paper Piece","full_name":"Piece \u2013 Paper Piece","olm_key":"other/paper","quantity":1,"picked_up":true}],"groups":["litter"],"has_litter":true,"has_pet_waste":false,"has_substances":false,"zone":"cottonwood_zone_E","zone_edge_m":36.1,"nbhd_edge_m":null}},{"type":"Feature","geometry":{"type":"Point","coordinates":[-122.55786132812,49.20573425293]},"properties":{"id":552838,"datetime":"2026-08-30T20:28:52.000000Z","filename":"https://olm-s3.s3.eu-west-1.amazonaws.com/2026/08/30/L2H9u6NoGnSVwnEN1vHvUz5iCdwky6CZ5kSTaaQh.jpg","tags":[{"type":"standard","category":"other","item":"paper","quantity":1},{"type":"material","category":"material","item":"paper","quantity":1,"parent_category":"other","parent_item":"paper"}],"objects":[{"status":"OK","on_map":true,"group":"Piece","subgroup":"","layer":"Paper Piece","full_name":"Piece \u2013 Paper Piece","olm_key":"other/paper","quantity":1,"picked_up":true}],"groups":["litter"],"has_litter":true,"has_pet_waste":false,"has_substances":false,"zone":"cottonwood_zone_E","zone_edge_m":36.1,"nbhd_edge_m":null}},{"type":"Feature","geometry":{"type":"Point","coordinates":[-122.55786132812,49.20573425293]},"properties":{"id":552837,"datetime":"2026-08-30T20:29:00.000000Z","filename":"https://olm-s3.s3.eu-west-1.amazonaws.com/2026/08/30/ExmI7mP9wiftXKxGZagP19dLDQpMKmC4m9avbOo3.jpg","tags":[{"type":"standard","category":"food","item":"packaging","quantity":1},{"type":"material","category":"material","item":"plastic","quantity":1,"parent_category":"food","parent_item":"packaging"}],"objects":[{"status":"OK","on_map":true,"group":"Convenient Food Drink","subgroup":"Take-out","layer":"Food Packaging","full_name":"Convenient Food Drink \u2013 Take-out \u2013 Food Packaging","olm_key":"food/packaging","quantity":1,"picked_up":true}],"groups":["litter"],"has_litter":true,"has_pet_waste":false,"has_substances":false,"zone":"cottonwood_zone_E","zone_edge_m":36.1,"nbhd_edge_m":null}},{"type":"Feature","geometry":{"type":"Point","coordinates":[-122.55786132812,49.20573425293]},"properties":{"id":552836,"datetime":"2026-08-30T20:29:21.000000Z","filename":"https://olm-s3.s3.eu-west-1.amazonaws.com/2026/08/30/UcgG878c7FQuTyD6q5ZuKlhPtJYVcpOLaj6JmLTL.jpg","tags":[{"type":"standard","category":"other","item":"plastic","quantity":1}],"objects":[{"status":"OK","on_map":true,"group":"Piece","subgroup":"","layer":"Plastic Piece","full_name":"Piece \u2013 Plastic Piece","olm_key":"other/plastic","quantity":1,"picked_up":true}],"groups":["litter"],"has_litter":true,"has_pet_waste":false,"has_substances":false,"zone":"cottonwood_zone_E","zone_edge_m":36.1,"nbhd_edge_m":null}},{"type":"Feature","geometry":{"type":"Point","coordinates":[-122.55786132812,49.20573425293]},"properties":{"id":552835,"datetime":"2026-08-30T20:29:28.000000Z","filename":"https://olm-s3.s3.eu-west-1.amazonaws.com/2026/08/30/hICGBLmennNPnZGOV2o694ovICUihJptJbCfRMIq.jpg","tags":[{"type":"standard","category":"smoking","item":"butts","quantity":2}],"objects":[{"status":"OK","on_map":true,"group":"Smoking","subgroup":"","layer":"Cigarette Butts","full_name":"Smoking \u2013 Cigarette Butts","olm_key":"smoking/butts","quantity":2,"picked_up":true}],"groups":["substances"],"has_litter":false,"has_pet_waste":false,"has_substances":true,"zone":"cottonwood_zone_E","zone_edge_m":36.1,"nbhd_edge_m":null}},{"type":"Feature","geometry":{"type":"Point","coordinates":[-122.55772399902,49.205745697021]},"properties":{"id":552834,"datetime":"2026-08-30T20:29:35.000000Z","filename":"https://olm-s3.s3.eu-west-1.amazonaws.com/2026/08/30/jvZeA3XsPFja6CTTe8Gt7FLSwwwbmt79s4cyxkg7.jpg","tags":[{"type":"standard","category":"other","item":"paper","quantity":1},{"type":"material","category":"material","item":"paper","quantity":1,"parent_category":"other","parent_item":"paper"}],"objects":[{"status":"OK","on_map":true,"group":"Piece","subgroup":"","layer":"Paper Piece","full_name":"Piece \u2013 Paper Piece","olm_key":"other/paper","quantity":1,"picked_up":true}],"groups":["litter"],"has_litter":true,"has_pet_waste":false,"has_substances":false,"zone":"cottonwood_zone_E","zone_edge_m":37.4,"nbhd_edge_m":null}},{"type":"Feature","geometry":{"type":"Point","coordinates":[-122.55755615234,49.205749511719]},"properties":{"id":552833,"datetime":"2026-08-30T20:29:58.000000Z","filename":"https://olm-s3.s3.eu-west-1.amazonaws.com/2026/08/30/qfHBbeOiwsNBg1dgFxQZzIlqgysxhEhM9q22LucK.jpg","tags":[{"type":"standard","category":"coffee","item":"pod","quantity":1}],"objects":[{"status":"OK","on_map":true,"group":"Convenient Food Drink","subgroup":"Drink","layer":"Single-Serve Coffee Pod","full_name":"Convenient Food Drink \u2013 Drink \u2013 Single-Serve Coffee Pod","olm_key":"coffee/pod","quantity":1,"picked_up":true}],"groups":["litter"],"has_litter":true,"has_pet_waste":false,"has_substances":false,"zone":"cottonwood_zone_E","zone_edge_m":37.8,"nbhd_edge_m":null}},{"type":"Feature","geometry":{"type":"Point","coordinates":[-122.55754089355,49.205753326416]},"properties":{"id":552832,"datetime":"2026-08-30T20:30:12.000000Z","filename":"https://olm-s3.s3.eu-west-1.amazonaws.com/2026/08/30/IAtgDtlbSlP5LPi4wNBjYBrjMuFKELZzqTbtweU5.jpg","tags":[{"type":"standard","category":"food","item":"wrapper","quantity":1},{"type":"material","category":"material","item":"paper","quantity":1,"parent_category":"food","parent_item":"wrapper"}],"objects":[{"status":"OK","on_map":true,"group":"Convenient Food Drink","subgroup":"Snack","layer":"Foil / Plastic Film Snack Wrapper","full_name":"Convenient Food Drink \u2013 Snack \u2013 Foil / Plastic Film Snack Wrapper","olm_key":"food/wrapper","quantity":1,"picked_up":true}],"groups":["litter"],"has_litter":true,"has_pet_waste":false,"has_substances":false,"zone":"cottonwood_zone_E","zone_edge_m":38.2,"nbhd_edge_m":null}},{"type":"Feature","geometry":{"type":"Point","coordinates":[-122.55754089355,49.205753326416]},"properties":{"id":552831,"datetime":"2026-08-30T20:30:17.000000Z","filename":"https://olm-s3.s3.eu-west-1.amazonaws.com/2026/08/30/1ozpd1zNzQP9oBtCdaz1oin3QMPQyVr7EkEXAVyG.jpg","tags":[{"type":"standard","category":"food","item":"napkins","quantity":1},{"type":"material","category":"material","item":"paper","quantity":1,"parent_category":"food","parent_item":"napkins"}],"objects":[{"status":"OK","on_map":true,"group":"Convenient Food Drink","subgroup":"Take-out","layer":"Napkins","full_name":"Convenient Food Drink \u2013 Take-out \u2013 Napkins","olm_key":"food/napkins","quantity":1,"picked_up":true}],"groups":["litter"],"has_litter":true,"has_pet_waste":false,"has_substances":false,"zone":"cottonwood_zone_E","zone_edge_m":38.2,"nbhd_edge_m":null}},{"type":"Feature","geometry":{"type":"Point","coordinates":[-122.55754089355,49.205753326416]},"properties":{"id":552830,"datetime":"2026-08-30T20:30:22.000000Z","filename":"https://olm-s3.s3.eu-west-1.amazonaws.com/2026/08/30/rjsIxRS9BhhO6Hf68tpEQmqgDKtuvNKYEa57cesV.jpg","tags":[{"type":"standard","category":"other","item":"plastic","quantity":1}],"objects":[{"status":"OK","on_map":true,"group":"Piece","subgroup":"","layer":"Plastic Piece","full_name":"Piece \u2013 Plastic Piece","olm_key":"other/plastic","quantity":1,"picked_up":true}],"groups":["litter"],"has_litter":true,"has_pet_waste":false,"has_substances":false,"zone":"cottonwood_zone_E","zone_edge_m":38.2,"nbhd_edge_m":null}},{"type":"Feature","geometry":{"type":"Point","coordinates":[-122.55754089355,49.205753326416]},"properties":{"id":552829,"datetime":"2026-08-30T20:30:34.000000Z","filename":"https://olm-s3.s3.eu-west-1.amazonaws.com/2026/08/30/cX7B00lGsANPts3stfEJZzB7jHDWkZfyVVjz9FcY.jpg","tags":[{"type":"standard","category":"other","item":"paper","quantity":1},{"type":"material","category":"material","item":"paper","quantity":1,"parent_category":"other","parent_item":"paper"}],"objects":[{"status":"OK","on_map":true,"group":"Piece","subgroup":"","layer":"Paper Piece","full_name":"Piece \u2013 Paper Piece","olm_key":"other/paper","quantity":1,"picked_up":true}],"groups":["litter"],"has_litter":true,"has_pet_waste":false,"has_substances":false,"zone":"cottonwood_zone_E","zone_edge_m":38.2,"nbhd_edge_m":null}},{"type":"Feature","geometry":{"type":"Point","coordinates":[-122.55754089355,49.205753326416]},"properties":{"id":552828,"datetime":"2026-08-30T20:30:43.000000Z","filename":"https://olm-s3.s3.eu-west-1.amazonaws.com/2026/08/30/cH6pBKGVVMDfuRkB3tpbPNXIsUK4swlfJn7cgTTj.jpg","tags":[{"type":"standard","category":"smoking","item":"butts","quantity":3}],"objects":[{"status":"OK","on_map":true,"group":"Smoking","subgroup":"","layer":"Cigarette Butts","full_name":"Smoking \u2013 Cigarette Butts","olm_key":"smoking/butts","quantity":3,"picked_up":true}],"groups":["substances"],"has_litter":false,"has_pet_waste":false,"has_substances":true,"zone":"cottonwood_zone_E","zone_edge_m":38.2,"nbhd_edge_m":null}},{"type":"Feature","geometry":{"type":"Point","coordinates":[-122.55723571777,49.205764770508]},"properties":{"id":552827,"datetime":"2026-08-30T20:30:56.000000Z","filename":"https://olm-s3.s3.eu-west-1.amazonaws.com/2026/08/30/jm2FF1vr5okR2ZEYBDemc4BBCjFEctkcKR2mOz8S.jpg","tags":[{"type":"standard","category":"other","item":"paper","quantity":1},{"type":"material","category":"material","item":"paper","quantity":1,"parent_category":"other","parent_item":"paper"}],"objects":[{"status":"OK","on_map":true,"group":"Piece","subgroup":"","layer":"Paper Piece","full_name":"Piece \u2013 Paper Piece","olm_key":"other/paper","quantity":1,"picked_up":true}],"groups":["litter"],"has_litter":true,"has_pet_waste":false,"has_substances":false,"zone":"cottonwood_zone_E","zone_edge_m":39.5,"nbhd_edge_m":null}},{"type":"Feature","geometry":{"type":"Point","coordinates":[-122.5571975708,49.205757141113]},"properties":{"id":552826,"datetime":"2026-08-30T20:31:02.000000Z","filename":"https://olm-s3.s3.eu-west-1.amazonaws.com/2026/08/30/IrPuwUUc0VigpGTqxVe6PkJ0Icp1nyf15o1lf1ba.jpg","tags":[{"type":"standard","category":"other","item":"plastic","quantity":1},{"type":"standard","category":"softdrinks","item":"lid","quantity":1}],"objects":[{"status":"OK","on_map":true,"group":"Piece","subgroup":"","layer":"Plastic Piece","full_name":"Piece \u2013 Plastic Piece","olm_key":"other/plastic","quantity":1,"picked_up":true},{"status":"OK","on_map":true,"group":"Convenient Food Drink","subgroup":"Drink","layer":"Cold Beverage Lid","full_name":"Convenient Food Drink \u2013 Drink \u2013 Cold Beverage Lid","olm_key":"softdrinks/lid","quantity":1,"picked_up":true}],"groups":["litter"],"has_litter":true,"has_pet_waste":false,"has_substances":false,"zone":"cottonwood_zone_E","zone_edge_m":38.6,"nbhd_edge_m":null}},{"type":"Feature","geometry":{"type":"Point","coordinates":[-122.55716705322,49.205757141113]},"properties":{"id":552825,"datetime":"2026-08-30T20:31:11.000000Z","filename":"https://olm-s3.s3.eu-west-1.amazonaws.com/2026/08/30/D9KrGwhPR2AWfIGw0dav9rgJjuO9iTZGyq3XmM2M.jpg","tags":[{"type":"standard","category":"food","item":"wrapper","quantity":1},{"type":"material","category":"material","item":"foil","quantity":1,"parent_category":"food","parent_item":"wrapper"},{"type":"material","category":"material","item":"plastic","quantity":1,"parent_category":"food","parent_item":"wrapper"},{"type":"standard","category":"other","item":"paper","quantity":1},{"type":"material","category":"material","item":"paper","quantity":1,"parent_category":"other","parent_item":"paper"}],"objects":[{"status":"OK","on_map":true,"group":"Convenient Food Drink","subgroup":"Snack","layer":"Foil / Plastic Film Snack Wrapper","full_name":"Convenient Food Drink \u2013 Snack \u2013 Foil / Plastic Film Snack Wrapper","olm_key":"food/wrapper","quantity":1,"picked_up":true},{"status":"OK","on_map":true,"group":"Piece","subgroup":"","layer":"Paper Piece","full_name":"Piece \u2013 Paper Piece","olm_key":"other/paper","quantity":1,"picked_up":true}],"groups":["litter"],"has_litter":true,"has_pet_waste":false,"has_substances":false,"zone":"cottonwood_zone_E","zone_edge_m":38.6,"nbhd_edge_m":null}},{"type":"Feature","geometry":{"type":"Point","coordinates":[-122.55716705322,49.205757141113]},"properties":{"id":552824,"datetime":"2026-08-30T20:31:13.000000Z","filename":"https://olm-s3.s3.eu-west-1.amazonaws.com/2026/08/30/j3RWD9MHNPAEuCIzDrTSCFETodSigB5rpoHPfB1b.jpg","tags":[{"type":"standard","category":"pets","item":"dogshit","quantity":1}],"objects":[{"status":"OK","on_map":true,"group":"Fecal","subgroup":"","layer":"Pet Waste Unbagged","full_name":"Fecal \u2013 Pet Waste Unbagged","olm_key":"pets/dogshit","quantity":1,"picked_up":false}],"groups":["pet_waste"],"has_litter":false,"has_pet_waste":true,"has_substances":false,"zone":"cottonwood_zone_E","zone_edge_m":38.6,"nbhd_edge_m":null}},{"type":"Feature","geometry":{"type":"Point","coordinates":[-122.55716705322,49.205757141113]},"properties":{"id":552823,"datetime":"2026-08-30T20:31:26.000000Z","filename":"https://olm-s3.s3.eu-west-1.amazonaws.com/2026/08/30/0zHdP1vSlYp8RByQUOlzWAkHsiD8c8ojXRVWHRq9.jpg","tags":[{"type":"standard","category":"pets","item":"other","quantity":1}],"objects":[{"status":"OK","on_map":true,"group":"Household","subgroup":"","layer":"Pet Supplies","full_name":"Household \u2013 Pet Supplies","olm_key":"pets/other","quantity":1,"picked_up":true}],"groups":["litter"],"has_litter":true,"has_pet_waste":false,"has_substances":false,"zone":"cottonwood_zone_E","zone_edge_m":38.6,"nbhd_edge_m":null}},{"type":"Feature","geometry":{"type":"Point","coordinates":[-122.55716705322,49.205757141113]},"properties":{"id":552822,"datetime":"2026-08-30T20:31:42.000000Z","filename":"https://olm-s3.s3.eu-west-1.amazonaws.com/2026/08/30/H7CMIER366ZHBht9afjOx2qg8cVZviF2etFiLPw2.jpg","tags":[{"type":"standard","category":"other","item":"paper","quantity":1},{"type":"material","category":"material","item":"paper","quantity":1,"parent_category":"other","parent_item":"paper"}],"objects":[{"status":"OK","on_map":true,"group":"Piece","subgroup":"","layer":"Paper Piece","full_name":"Piece \u2013 Paper Piece","olm_key":"other/paper","quantity":1,"picked_up":true}],"groups":["litter"],"has_litter":true,"has_pet_waste":false,"has_substances":false,"zone":"cottonwood_zone_E","zone_edge_m":38.6,"nbhd_edge_m":null}},{"type":"Feature","geometry":{"type":"Point","coordinates":[-122.55716705322,49.205757141113]},"properties":{"id":552821,"datetime":"2026-08-30T20:31:56.000000Z","filename":"https://olm-s3.s3.eu-west-1.amazonaws.com/2026/08/30/FAO8ml4oq3trz3xM8CQBstRc8BzbZEay5B3hYmL1.jpg","tags":[{"type":"standard","category":"other","item":"paper","quantity":1},{"type":"material","category":"material","item":"paper","quantity":1,"parent_category":"other","parent_item":"paper"}],"objects":[{"status":"OK","on_map":true,"group":"Piece","subgroup":"","layer":"Paper Piece","full_name":"Piece \u2013 Paper Piece","olm_key":"other/paper","quantity":1,"picked_up":true}],"groups":["litter"],"has_litter":true,"has_pet_waste":false,"has_substances":false,"zone":"cottonwood_zone_E","zone_edge_m":38.6,"nbhd_edge_m":null}},{"type":"Feature","geometry":{"type":"Point","coordinates":[-122.55716705322,49.205757141113]},"properties":{"id":552820,"datetime":"2026-08-30T20:32:41.000000Z","filename":"https://olm-s3.s3.eu-west-1.amazonaws.com/2026/08/30/ZTFwrH4LVh4blxJpWaB4iOWPM1LR6nDpDxSaFnio.jpg","tags":[{"type":"standard","category":"other","item":"paper","quantity":1},{"type":"material","category":"material","item":"paper","quantity":1,"parent_category":"other","parent_item":"paper"}],"objects":[{"status":"OK","on_map":true,"group":"Piece","subgroup":"","layer":"Paper Piece","full_name":"Piece \u2013 Paper Piece","olm_key":"other/paper","quantity":1,"picked_up":true}],"groups":["litter"],"has_litter":true,"has_pet_waste":false,"has_substances":false,"zone":"cottonwood_zone_E","zone_edge_m":38.6,"nbhd_edge_m":null}},{"type":"Feature","geometry":{"type":"Point","coordinates":[-122.55716705322,49.205757141113]},"properties":{"id":552819,"datetime":"2026-08-30T20:32:52.000000Z","filename":"https://olm-s3.s3.eu-west-1.amazonaws.com/2026/08/30/Iw1gR1oYkPRR9tTNC5icZT7v2NdFiBlrBjgeGh24.jpg","tags":[{"type":"standard","category":"coffee","item":"lid","quantity":1}],"objects":[{"status":"OK","on_map":true,"group":"Convenient Food Drink","subgroup":"Drink","layer":"Hot Beverage Cup Lid","full_name":"Convenient Food Drink \u2013 Drink \u2013 Hot Beverage Cup Lid","olm_key":"coffee/lid","quantity":1,"picked_up":true}],"groups":["litter"],"has_litter":true,"has_pet_waste":false,"has_substances":false,"zone":"cottonwood_zone_E","zone_edge_m":38.6,"nbhd_edge_m":null}},{"type":"Feature","geometry":{"type":"Point","coordinates":[-122.55716705322,49.205757141113]},"properties":{"id":552818,"datetime":"2026-08-30T20:32:57.000000Z","filename":"https://olm-s3.s3.eu-west-1.amazonaws.com/2026/08/30/0XitMAPTLyLdWNnydlpLm1TmkjhhDXG6zG0hzaYu.jpg","tags":[{"type":"standard","category":"other","item":"paper","quantity":1},{"type":"material","category":"material","item":"paper","quantity":1,"parent_category":"other","parent_item":"paper"}],"objects":[{"status":"OK","on_map":true,"group":"Piece","subgroup":"","layer":"Paper Piece","full_name":"Piece \u2013 Paper Piece","olm_key":"other/paper","quantity":1,"picked_up":true}],"groups":["litter"],"has_litter":true,"has_pet_waste":false,"has_substances":false,"zone":"cottonwood_zone_E","zone_edge_m":38.6,"nbhd_edge_m":null}},{"type":"Feature","geometry":{"type":"Point","coordinates":[-122.55716705322,49.205757141113]},"properties":{"id":552817,"datetime":"2026-08-30T20:33:06.000000Z","filename":"https://olm-s3.s3.eu-west-1.amazonaws.com/2026/08/30/FuXXZsh2HNzljuowisHLrWDc9OpjgsWTKa9ZafnC.jpg","tags":[{"type":"standard","category":"other","item":"paper","quantity":1},{"type":"material","category":"material","item":"paper","quantity":1,"parent_category":"other","parent_item":"paper"}],"objects":[{"status":"OK","on_map":true,"group":"Piece","subgroup":"","layer":"Paper Piece","full_name":"Piece \u2013 Paper Piece","olm_key":"other/paper","quantity":1,"picked_up":true}],"groups":["litter"],"has_litter":true,"has_pet_waste":false,"has_substances":false,"zone":"cottonwood_zone_E","zone_edge_m":38.6,"nbhd_edge_m":null}},{"type":"Feature","geometry":{"type":"Point","coordinates":[-122.55716705322,49.205757141113]},"properties":{"id":552816,"datetime":"2026-08-30T20:33:52.000000Z","filename":"https://olm-s3.s3.eu-west-1.amazonaws.com/2026/08/30/BvjpT7uLPJEDQp3jfZy9jqr93YnDMRDFlxmsUB9v.jpg","tags":[{"type":"standard","category":"sanitary","item":"wipes","quantity":3}],"objects":[{"status":"OK","on_map":true,"group":"Household","subgroup":"","layer":"Wet Wipes","full_name":"Household \u2013 Wet Wipes","olm_key":"sanitary/wipes","quantity":3,"picked_up":true}],"groups":["litter"],"has_litter":true,"has_pet_waste":false,"has_substances":false,"zone":"cottonwood_zone_E","zone_edge_m":38.6,"nbhd_edge_m":null}},{"type":"Feature","geometry":{"type":"Point","coordinates":[-122.55716705322,49.205757141113]},"properties":{"id":552815,"datetime":"2026-08-30T20:33:56.000000Z","filename":"https://olm-s3.s3.eu-west-1.amazonaws.com/2026/08/30/OEzDV32YKlAbhc1ikcsF01B6gSNchHOq3SxVjKwj.jpg","tags":[{"type":"standard","category":"smoking","item":"butts","quantity":1}],"objects":[{"status":"OK","on_map":true,"group":"Smoking","subgroup":"","layer":"Cigarette Butts","full_name":"Smoking \u2013 Cigarette Butts","olm_key":"smoking/butts","quantity":1,"picked_up":true}],"groups":["substances"],"has_litter":false,"has_pet_waste":false,"has_substances":true,"zone":"cottonwood_zone_E","zone_edge_m":38.6,"nbhd_edge_m":null}},{"type":"Feature","geometry":{"type":"Point","coordinates":[-122.55740356445,49.205806732178]},"properties":{"id":552814,"datetime":"2026-08-30T20:34:30.000000Z","filename":"https://olm-s3.s3.eu-west-1.amazonaws.com/2026/08/30/fso8Jmtuq7oRJT9aTAEQMdcIeV66TTuytMaAb3r5.jpg","tags":[{"type":"standard","category":"marine","item":"polystyrene_fragment","quantity":1}],"objects":[{"status":"OK","on_map":true,"group":"Piece","subgroup":"","layer":"Styrofoam Piece","full_name":"Piece \u2013 Styrofoam Piece","olm_key":"marine/polystyrene_fragment","quantity":1,"picked_up":true}],"groups":["litter"],"has_litter":true,"has_pet_waste":false,"has_substances":false,"zone":"cottonwood_zone_E","zone_edge_m":44.2,"nbhd_edge_m":null}},{"type":"Feature","geometry":{"type":"Point","coordinates":[-122.55740356445,49.205806732178]},"properties":{"id":552813,"datetime":"2026-08-30T20:34:37.000000Z","filename":"https://olm-s3.s3.eu-west-1.amazonaws.com/2026/08/30/F1yU8ma8W8spezgMyjJYnl8lJx9hBxvmolGPKeqm.jpg","tags":[{"type":"standard","category":"smoking","item":"butts","quantity":2}],"objects":[{"status":"OK","on_map":true,"group":"Smoking","subgroup":"","layer":"Cigarette Butts","full_name":"Smoking \u2013 Cigarette Butts","olm_key":"smoking/butts","quantity":2,"picked_up":true}],"groups":["substances"],"has_litter":false,"has_pet_waste":false,"has_substances":true,"zone":"cottonwood_zone_E","zone_edge_m":44.2,"nbhd_edge_m":null}},{"type":"Feature","geometry":{"type":"Point","coordinates":[-122.55740356445,49.205806732178]},"properties":{"id":552812,"datetime":"2026-08-30T20:34:44.000000Z","filename":"https://olm-s3.s3.eu-west-1.amazonaws.com/2026/08/30/sgniI8r0287jCKjXx6nfG2Ry5EsBWHZqpO20uGMA.jpg","tags":[{"type":"standard","category":"smoking","item":"butts","quantity":1}],"objects":[{"status":"OK","on_map":true,"group":"Smoking","subgroup":"","layer":"Cigarette Butts","full_name":"Smoking \u2013 Cigarette Butts","olm_key":"smoking/butts","quantity":1,"picked_up":true}],"groups":["substances"],"has_litter":false,"has_pet_waste":false,"has_substances":true,"zone":"cottonwood_zone_E","zone_edge_m":44.2,"nbhd_edge_m":null}},{"type":"Feature","geometry":{"type":"Point","coordinates":[-122.55740356445,49.205806732178]},"properties":{"id":552811,"datetime":"2026-08-30T20:34:56.000000Z","filename":"https://olm-s3.s3.eu-west-1.amazonaws.com/2026/08/30/JxnXWUwk1bJQHtFZ6FT8xNtHbFhGa4PMpaCC15RA.jpg","tags":[{"type":"standard","category":"smoking","item":"vape","quantity":1,"object_type":"disposable"},{"type":"custom_tag","category":"custom_tag","item":"THC","quantity":1,"parent_category":"smoking","parent_item":"vape"}],"objects":[{"status":"OK","on_map":true,"group":"Smoking","subgroup":"","layer":"Cannabis Vape","full_name":"Smoking \u2013 Cannabis Vape","olm_key":"smoking/vape","quantity":1,"picked_up":true}],"groups":["substances"],"has_litter":false,"has_pet_waste":false,"has_substances":true,"zone":"cottonwood_zone_E","zone_edge_m":44.2,"nbhd_edge_m":null}},{"type":"Feature","geometry":{"type":"Point","coordinates":[-122.55740356445,49.205806732178]},"properties":{"id":552810,"datetime":"2026-08-30T20:35:04.000000Z","filename":"https://olm-s3.s3.eu-west-1.amazonaws.com/2026/08/30/iVsNCcbyLY86feJV0F6IooTV9iiZQ5lLU08u38m2.jpg","tags":[{"type":"standard","category":"smoking","item":"butts","quantity":1}],"objects":[{"status":"OK","on_map":true,"group":"Smoking","subgroup":"","layer":"Cigarette Butts","full_name":"Smoking \u2013 Cigarette Butts","olm_key":"smoking/butts","quantity":1,"picked_up":true}],"groups":["substances"],"has_litter":false,"has_pet_waste":false,"has_substances":true,"zone":"cottonwood_zone_E","zone_edge_m":44.2,"nbhd_edge_m":null}},{"type":"Feature","geometry":{"type":"Point","coordinates":[-122.55740356445,49.205806732178]},"properties":{"id":552809,"datetime":"2026-08-30T20:35:18.000000Z","filename":"https://olm-s3.s3.eu-west-1.amazonaws.com/2026/08/30/8CQMuNzcbHtLGMp3JkChOEvDoEKixJ86jyWs57Bv.jpg","tags":[{"type":"standard","category":"other","item":"paper","quantity":1},{"type":"material","category":"material","item":"paper","quantity":1,"parent_category":"other","parent_item":"paper"}],"objects":[{"status":"OK","on_map":true,"group":"Piece","subgroup":"","layer":"Paper Piece","full_name":"Piece \u2013 Paper Piece","olm_key":"other/paper","quantity":1,"picked_up":true}],"groups":["litter"],"has_litter":true,"has_pet_waste":false,"has_substances":false,"zone":"cottonwood_zone_E","zone_edge_m":44.2,"nbhd_edge_m":null}},{"type":"Feature","geometry":{"type":"Point","coordinates":[-122.55740356445,49.205806732178]},"properties":{"id":552808,"datetime":"2026-08-30T20:35:25.000000Z","filename":"https://olm-s3.s3.eu-west-1.amazonaws.com/2026/08/30/bJyTbp5IwUffeTTGclr2aYUmuVYue5WXzut7FHNc.jpg","tags":[{"type":"standard","category":"pets","item":"dogshit","quantity":1}],"objects":[{"status":"OK","on_map":true,"group":"Fecal","subgroup":"","layer":"Pet Waste Unbagged","full_name":"Fecal \u2013 Pet Waste Unbagged","olm_key":"pets/dogshit","quantity":1,"picked_up":false}],"groups":["pet_waste"],"has_litter":false,"has_pet_waste":true,"has_substances":false,"zone":"cottonwood_zone_E","zone_edge_m":44.2,"nbhd_edge_m":null}},{"type":"Feature","geometry":{"type":"Point","coordinates":[-122.55821990967,49.205924987793]},"properties":{"id":552807,"datetime":"2026-08-30T20:35:44.000000Z","filename":"https://olm-s3.s3.eu-west-1.amazonaws.com/2026/08/30/pbHYviDFPlr63d9rLIyji0PF5eEqh2MHgarNZW7P.jpg","tags":[{"type":"standard","category":"dumping","item":"dumping","quantity":1,"object_type":"small"},{"type":"material","category":"material","item":"cardboard","quantity":1,"parent_category":"dumping","parent_item":"dumping"}],"objects":[{"status":"OK","on_map":true,"group":"Dumping","subgroup":"","layer":"Sml","full_name":"Dumping \u2013 Sml","olm_key":"dumping/dumping","quantity":1,"picked_up":false}],"groups":["litter"],"has_litter":true,"has_pet_waste":false,"has_substances":false,"zone":"cottonwood_zone_E","zone_edge_m":57.3,"nbhd_edge_m":null}},{"type":"Feature","geometry":{"type":"Point","coordinates":[-122.55821990967,49.205924987793]},"properties":{"id":552806,"datetime":"2026-08-30T20:36:00.000000Z","filename":"https://olm-s3.s3.eu-west-1.amazonaws.com/2026/08/30/j7vij8k7H1B2MMFVXnlwQcWdQXTB8pSWOk0rd5Yq.jpg","tags":[{"type":"standard","category":"sanitary","item":"wipes","quantity":1}],"objects":[{"status":"OK","on_map":true,"group":"Household","subgroup":"","layer":"Wet Wipes","full_name":"Household \u2013 Wet Wipes","olm_key":"sanitary/wipes","quantity":1,"picked_up":true}],"groups":["litter"],"has_litter":true,"has_pet_waste":false,"has_substances":false,"zone":"cottonwood_zone_E","zone_edge_m":57.3,"nbhd_edge_m":null}},{"type":"Feature","geometry":{"type":"Point","coordinates":[-122.55821990967,49.205924987793]},"properties":{"id":552805,"datetime":"2026-08-30T20:36:14.000000Z","filename":"https://olm-s3.s3.eu-west-1.amazonaws.com/2026/08/30/WFRIXpYlg2ItoMRf6Wc2XRk0rvRlr7tCHAkNY6SY.jpg","tags":[{"type":"standard","category":"other","item":"plastic","quantity":1}],"objects":[{"status":"OK","on_map":true,"group":"Piece","subgroup":"","layer":"Plastic Piece","full_name":"Piece \u2013 Plastic Piece","olm_key":"other/plastic","quantity":1,"picked_up":true}],"groups":["litter"],"has_litter":true,"has_pet_waste":false,"has_substances":false,"zone":"cottonwood_zone_E","zone_edge_m":57.3,"nbhd_edge_m":null}},{"type":"Feature","geometry":{"type":"Point","coordinates":[-122.55821990967,49.205924987793]},"properties":{"id":552804,"datetime":"2026-08-30T20:36:39.000000Z","filename":"https://olm-s3.s3.eu-west-1.amazonaws.com/2026/08/30/XPVhwOVwZOhwpgMmGUCPVKPypjL01Bm81V3CBFcb.jpg","tags":[{"type":"standard","category":"marine","item":"polystyrene_fragment","quantity":1}],"objects":[{"status":"OK","on_map":true,"group":"Piece","subgroup":"","layer":"Styrofoam Piece","full_name":"Piece \u2013 Styrofoam Piece","olm_key":"marine/polystyrene_fragment","quantity":1,"picked_up":true}],"groups":["litter"],"has_litter":true,"has_pet_waste":false,"has_substances":false,"zone":"cottonwood_zone_E","zone_edge_m":57.3,"nbhd_edge_m":null}},{"type":"Feature","geometry":{"type":"Point","coordinates":[-122.55907440186,49.205764770508]},"properties":{"id":552803,"datetime":"2026-08-30T20:36:46.000000Z","filename":"https://olm-s3.s3.eu-west-1.amazonaws.com/2026/08/30/VjaVctpOHraay9XQMTBqBYJP40MO2fdUIIDO4Q42.jpg","tags":[{"type":"standard","category":"other","item":"paper","quantity":1},{"type":"material","category":"material","item":"paper","quantity":1,"parent_category":"other","parent_item":"paper"}],"objects":[{"status":"OK","on_map":true,"group":"Piece","subgroup":"","layer":"Paper Piece","full_name":"Piece \u2013 Paper Piece","olm_key":"other/paper","quantity":1,"picked_up":true}],"groups":["litter"],"has_litter":true,"has_pet_waste":false,"has_substances":false,"zone":"cottonwood_zone_E","zone_edge_m":39.5,"nbhd_edge_m":null}},{"type":"Feature","geometry":{"type":"Point","coordinates":[-122.55907440186,49.205764770508]},"properties":{"id":552802,"datetime":"2026-08-30T20:36:54.000000Z","filename":"https://olm-s3.s3.eu-west-1.amazonaws.com/2026/08/30/6oKMBfRzOlNltFiRDA8IFfzKzs6X98sBhBijnwye.jpg","tags":[{"type":"standard","category":"other","item":"paper","quantity":1},{"type":"material","category":"material","item":"paper","quantity":1,"parent_category":"other","parent_item":"paper"}],"objects":[{"status":"OK","on_map":true,"group":"Piece","subgroup":"","layer":"Paper Piece","full_name":"Piece \u2013 Paper Piece","olm_key":"other/paper","quantity":1,"picked_up":true}],"groups":["litter"],"has_litter":true,"has_pet_waste":false,"has_substances":false,"zone":"cottonwood_zone_E","zone_edge_m":39.5,"nbhd_edge_m":null}},{"type":"Feature","geometry":{"type":"Point","coordinates":[-122.55907440186,49.205764770508]},"properties":{"id":552801,"datetime":"2026-08-30T20:37:03.000000Z","filename":"https://olm-s3.s3.eu-west-1.amazonaws.com/2026/08/30/JmmLgv7sk7Rm2PsNorZZitw7P7cYpNbLwErUYfrN.jpg","tags":[{"type":"standard","category":"other","item":"plastic","quantity":1}],"objects":[{"status":"OK","on_map":true,"group":"Piece","subgroup":"","layer":"Plastic Piece","full_name":"Piece \u2013 Plastic Piece","olm_key":"other/plastic","quantity":1,"picked_up":true}],"groups":["litter"],"has_litter":true,"has_pet_waste":false,"has_substances":false,"zone":"cottonwood_zone_E","zone_edge_m":39.5,"nbhd_edge_m":null}},{"type":"Feature","geometry":{"type":"Point","coordinates":[-122.55907440186,49.205764770508]},"properties":{"id":552800,"datetime":"2026-08-30T20:37:12.000000Z","filename":"https://olm-s3.s3.eu-west-1.amazonaws.com/2026/08/30/jZozYTsibXrNlQJSmVvaCNjR7y4GATp8IcyA4XoI.jpg","tags":[{"type":"standard","category":"other","item":"plastic","quantity":1}],"objects":[{"status":"OK","on_map":true,"group":"Piece","subgroup":"","layer":"Plastic Piece","full_name":"Piece \u2013 Plastic Piece","olm_key":"other/plastic","quantity":1,"picked_up":true}],"groups":["litter"],"has_litter":true,"has_pet_waste":false,"has_substances":false,"zone":"cottonwood_zone_E","zone_edge_m":39.5,"nbhd_edge_m":null}},{"type":"Feature","geometry":{"type":"Point","coordinates":[-122.55907440186,49.205764770508]},"properties":{"id":552799,"datetime":"2026-08-30T20:37:26.000000Z","filename":"https://olm-s3.s3.eu-west-1.amazonaws.com/2026/08/30/fJrZsGJU1DxIgSe1nRjanbBEqmjR3QQjUdFiopvQ.jpg","tags":[{"type":"standard","category":"food","item":"packaging","quantity":1}],"objects":[{"status":"OK","on_map":true,"group":"Convenient Food Drink","subgroup":"Take-out","layer":"Food Packaging","full_name":"Convenient Food Drink \u2013 Take-out \u2013 Food Packaging","olm_key":"food/packaging","quantity":1,"picked_up":true}],"groups":["litter"],"has_litter":true,"has_pet_waste":false,"has_substances":false,"zone":"cottonwood_zone_E","zone_edge_m":39.5,"nbhd_edge_m":null}},{"type":"Feature","geometry":{"type":"Point","coordinates":[-122.5592880249,49.205940246582]},"properties":{"id":552798,"datetime":"2026-08-30T20:38:51.000000Z","filename":"https://olm-s3.s3.eu-west-1.amazonaws.com/2026/08/30/sCLp6WDHnpA7Cq5eCQsFadr81QAWF72e2RUw1Sw1.jpg","tags":[{"type":"standard","category":"food","item":"wrapper","quantity":1},{"type":"material","category":"material","item":"foil","quantity":1,"parent_category":"food","parent_item":"wrapper"},{"type":"material","category":"material","item":"plastic","quantity":1,"parent_category":"food","parent_item":"wrapper"},{"type":"standard","category":"food","item":"packaging","quantity":1},{"type":"material","category":"material","item":"plastic","quantity":1,"parent_category":"food","parent_item":"packaging"},{"type":"standard","category":"other","item":"plastic","quantity":3},{"type":"standard","category":"smoking","item":"packaging","quantity":2},{"type":"custom_tag","category":"custom_tag","item":"THC","quantity":1,"parent_category":"smoking","parent_item":"packaging"}],"objects":[{"status":"OK","on_map":true,"group":"Convenient Food Drink","subgroup":"Snack","layer":"Foil / Plastic Film Snack Wrapper","full_name":"Convenient Food Drink \u2013 Snack \u2013 Foil / Plastic Film Snack Wrapper","olm_key":"food/wrapper","quantity":1,"picked_up":true},{"status":"OK","on_map":true,"group":"Convenient Food Drink","subgroup":"Take-out","layer":"Food Packaging","full_name":"Convenient Food Drink \u2013 Take-out \u2013 Food Packaging","olm_key":"food/packaging","quantity":1,"picked_up":true},{"status":"OK","on_map":true,"group":"Piece","subgroup":"","layer":"Plastic Piece","full_name":"Piece \u2013 Plastic Piece","olm_key":"other/plastic","quantity":3,"picked_up":true},{"status":"OK","on_map":true,"group":"Smoking","subgroup":"","layer":"Cannabis Packaging","full_name":"Smoking \u2013 Cannabis Packaging","olm_key":"smoking/packaging","quantity":2,"picked_up":true}],"groups":["litter","substances"],"has_litter":true,"has_pet_waste":false,"has_substances":true,"zone":"cottonwood_zone_E","zone_edge_m":59.0,"nbhd_edge_m":null}},{"type":"Feature","geometry":{"type":"Point","coordinates":[-122.55928039551,49.205936431885]},"properties":{"id":552797,"datetime":"2026-08-30T20:39:40.000000Z","filename":"https://olm-s3.s3.eu-west-1.amazonaws.com/2026/08/30/6ziN8YheaPiFFDLYx0EvWve1yewmu0FbDUlEOGyt.jpg","tags":[{"type":"standard","category":"food","item":"cutlery","quantity":2},{"type":"standard","category":"other","item":"plastic","quantity":1},{"type":"standard","category":"pets","item":"dogshit_in_bag","quantity":3},{"type":"standard","category":"softdrinks","item":"can","quantity":1,"object_type":"soda"},{"type":"material","category":"material","item":"aluminium","quantity":1,"parent_category":"softdrinks","parent_item":"can"},{"type":"brand","category":"brand","item":"coke","quantity":1,"parent_category":"softdrinks","parent_item":"can"}],"objects":[{"status":"OK","on_map":true,"group":"Convenient Food Drink","subgroup":"Take-out","layer":"Cutlery","full_name":"Convenient Food Drink \u2013 Take-out \u2013 Cutlery","olm_key":"food/cutlery","quantity":2,"picked_up":true},{"status":"OK","on_map":true,"group":"Piece","subgroup":"","layer":"Plastic Piece","full_name":"Piece \u2013 Plastic Piece","olm_key":"other/plastic","quantity":1,"picked_up":true},{"status":"OK","on_map":true,"group":"Fecal","subgroup":"","layer":"Pet Waste Bagged","full_name":"Fecal \u2013 Pet Waste Bagged","olm_key":"pets/dogshit_in_bag","quantity":3,"picked_up":true},{"status":"OK","on_map":true,"group":"Convenient Food Drink","subgroup":"Drink","layer":"Aluminum Drink Cans","full_name":"Convenient Food Drink \u2013 Drink \u2013 Aluminum Drink Cans","olm_key":"softdrinks/can","quantity":1,"picked_up":true}],"groups":["litter","pet_waste"],"has_litter":true,"has_pet_waste":true,"has_substances":false,"zone":"cottonwood_zone_E","zone_edge_m":58.6,"nbhd_edge_m":null}},{"type":"Feature","geometry":{"type":"Point","coordinates":[-122.55928039551,49.205936431885]},"properties":{"id":552796,"datetime":"2026-08-30T20:39:54.000000Z","filename":"https://olm-s3.s3.eu-west-1.amazonaws.com/2026/08/30/oPlJTlxtgEr3cN1NNB1ClVUIy1unmBgpxqaVhudX.jpg","tags":[{"type":"standard","category":"other","item":"paper","quantity":1},{"type":"material","category":"material","item":"paper","quantity":1,"parent_category":"other","parent_item":"paper"}],"objects":[{"status":"OK","on_map":true,"group":"Piece","subgroup":"","layer":"Paper Piece","full_name":"Piece \u2013 Paper Piece","olm_key":"other/paper","quantity":1,"picked_up":true}],"groups":["litter"],"has_litter":true,"has_pet_waste":false,"has_substances":false,"zone":"cottonwood_zone_E","zone_edge_m":58.6,"nbhd_edge_m":null}},{"type":"Feature","geometry":{"type":"Point","coordinates":[-122.55928039551,49.205936431885]},"properties":{"id":552795,"datetime":"2026-08-30T20:40:49.000000Z","filename":"https://olm-s3.s3.eu-west-1.amazonaws.com/2026/08/30/aXDn0Dn64pdpRO82GiamdhLDwcZJNrdPSQj7YVnT.jpg","tags":[{"type":"standard","category":"other","item":"other","quantity":1},{"type":"standard","category":"other","item":"plastic","quantity":1},{"type":"standard","category":"other","item":"paper","quantity":1},{"type":"material","category":"material","item":"paper","quantity":1,"parent_category":"other","parent_item":"paper"}],"objects":[{"status":"OK","on_map":true,"group":"Household","subgroup":"","layer":"Household misc","full_name":"Household \u2013 Household misc","olm_key":"other/other","quantity":1,"picked_up":true},{"status":"OK","on_map":true,"group":"Piece","subgroup":"","layer":"Plastic Piece","full_name":"Piece \u2013 Plastic Piece","olm_key":"other/plastic","quantity":1,"picked_up":true},{"status":"OK","on_map":true,"group":"Piece","subgroup":"","layer":"Paper Piece","full_name":"Piece \u2013 Paper Piece","olm_key":"other/paper","quantity":1,"picked_up":true}],"groups":["litter"],"has_litter":true,"has_pet_waste":false,"has_substances":false,"zone":"cottonwood_zone_E","zone_edge_m":58.6,"nbhd_edge_m":null}},{"type":"Feature","geometry":{"type":"Point","coordinates":[-122.55928039551,49.205936431885]},"properties":{"id":552794,"datetime":"2026-08-30T20:41:03.000000Z","filename":"https://olm-s3.s3.eu-west-1.amazonaws.com/2026/08/30/xr2bMUYKqo361G4NnLDbFDbD4YkxAsdeKyLjbYp0.jpg","tags":[{"type":"standard","category":"softdrinks","item":"bottle","quantity":1,"object_type":"water"}],"objects":[{"status":"OK","on_map":true,"group":"Convenient Food Drink","subgroup":"Drink","layer":"Plastic or Glass Drink Bottle","full_name":"Convenient Food Drink \u2013 Drink \u2013 Plastic or Glass Drink Bottle","olm_key":"softdrinks/bottle","quantity":1,"picked_up":true}],"groups":["litter"],"has_litter":true,"has_pet_waste":false,"has_substances":false,"zone":"cottonwood_zone_E","zone_edge_m":58.6,"nbhd_edge_m":null}},{"type":"Feature","geometry":{"type":"Point","coordinates":[-122.55928039551,49.205936431885]},"properties":{"id":552793,"datetime":"2026-08-30T20:41:13.000000Z","filename":"https://olm-s3.s3.eu-west-1.amazonaws.com/2026/08/30/pLaBfRXczHYwUtioMT97S20wBiVrTRexCTFVrnQO.jpg","tags":[{"type":"standard","category":"coffee","item":"cup","quantity":1},{"type":"standard","category":"coffee","item":"lid","quantity":1}],"objects":[{"status":"OK","on_map":true,"group":"Convenient Food Drink","subgroup":"Drink","layer":"Poly-lined Hot Beverage Cup","full_name":"Convenient Food Drink \u2013 Drink \u2013 Poly-lined Hot Beverage Cup","olm_key":"coffee/cup","quantity":1,"picked_up":true},{"status":"OK","on_map":true,"group":"Convenient Food Drink","subgroup":"Drink","layer":"Hot Beverage Cup Lid","full_name":"Convenient Food Drink \u2013 Drink \u2013 Hot Beverage Cup Lid","olm_key":"coffee/lid","quantity":1,"picked_up":true}],"groups":["litter"],"has_litter":true,"has_pet_waste":false,"has_substances":false,"zone":"cottonwood_zone_E","zone_edge_m":58.6,"nbhd_edge_m":null}},{"type":"Feature","geometry":{"type":"Point","coordinates":[-122.55928039551,49.205936431885]},"properties":{"id":552792,"datetime":"2026-08-30T20:41:27.000000Z","filename":"https://olm-s3.s3.eu-west-1.amazonaws.com/2026/08/30/FeBLswGjGROSTFpvJDgaWLCv9yWOz0ZMuK4uT0kX.jpg","tags":[{"type":"standard","category":"coffee","item":"cup","quantity":1},{"type":"standard","category":"coffee","item":"lid","quantity":1},{"type":"standard","category":"pets","item":"dogshit_in_bag","quantity":2},{"type":"standard","category":"softdrinks","item":"lid","quantity":2}],"objects":[{"status":"OK","on_map":true,"group":"Convenient Food Drink","subgroup":"Drink","layer":"Poly-lined Hot Beverage Cup","full_name":"Convenient Food Drink \u2013 Drink \u2013 Poly-lined Hot Beverage Cup","olm_key":"coffee/cup","quantity":1,"picked_up":true},{"status":"OK","on_map":true,"group":"Convenient Food Drink","subgroup":"Drink","layer":"Hot Beverage Cup Lid","full_name":"Convenient Food Drink \u2013 Drink \u2013 Hot Beverage Cup Lid","olm_key":"coffee/lid","quantity":1,"picked_up":true},{"status":"OK","on_map":true,"group":"Fecal","subgroup":"","layer":"Pet Waste Bagged","full_name":"Fecal \u2013 Pet Waste Bagged","olm_key":"pets/dogshit_in_bag","quantity":2,"picked_up":false},{"status":"OK","on_map":true,"group":"Convenient Food Drink","subgroup":"Drink","layer":"Cold Beverage Lid","full_name":"Convenient Food Drink \u2013 Drink \u2013 Cold Beverage Lid","olm_key":"softdrinks/lid","quantity":2,"picked_up":true}],"groups":["litter","pet_waste"],"has_litter":true,"has_pet_waste":true,"has_substances":false,"zone":"cottonwood_zone_E","zone_edge_m":58.6,"nbhd_edge_m":null}},{"type":"Feature","geometry":{"type":"Point","coordinates":[-122.55928039551,49.205936431885]},"properties":{"id":552791,"datetime":"2026-08-30T20:42:27.000000Z","filename":"https://olm-s3.s3.eu-west-1.amazonaws.com/2026/08/30/LRQpMaNak5fAHVpHxh4TseF3P0ByY4y8tJ5Il38u.jpg","tags":[{"type":"standard","category":"other","item":"plastic","quantity":1}],"objects":[{"status":"OK","on_map":true,"group":"Piece","subgroup":"","layer":"Plastic Piece","full_name":"Piece \u2013 Plastic Piece","olm_key":"other/plastic","quantity":1,"picked_up":true}],"groups":["litter"],"has_litter":true,"has_pet_waste":false,"has_substances":false,"zone":"cottonwood_zone_E","zone_edge_m":58.6,"nbhd_edge_m":null}},{"type":"Feature","geometry":{"type":"Point","coordinates":[-122.55928039551,49.205936431885]},"properties":{"id":552790,"datetime":"2026-08-30T20:42:42.000000Z","filename":"https://olm-s3.s3.eu-west-1.amazonaws.com/2026/08/30/OHQyk2At5QOBmHc70CCvuIqPZMYgaXmPY4iwVYB1.jpg","tags":[{"type":"standard","category":"other","item":"paper","quantity":1},{"type":"material","category":"material","item":"paper","quantity":1,"parent_category":"other","parent_item":"paper"}],"objects":[{"status":"OK","on_map":true,"group":"Piece","subgroup":"","layer":"Paper Piece","full_name":"Piece \u2013 Paper Piece","olm_key":"other/paper","quantity":1,"picked_up":true}],"groups":["litter"],"has_litter":true,"has_pet_waste":false,"has_substances":false,"zone":"cottonwood_zone_E","zone_edge_m":58.6,"nbhd_edge_m":null}},{"type":"Feature","geometry":{"type":"Point","coordinates":[-122.55928039551,49.205936431885]},"properties":{"id":552789,"datetime":"2026-08-30T20:42:51.000000Z","filename":"https://olm-s3.s3.eu-west-1.amazonaws.com/2026/08/30/kjSDfW9k802xdZSvMDcyC2F5ejR9NwjRwuafu8pC.jpg","tags":[{"type":"standard","category":"other","item":"plastic","quantity":1}],"objects":[{"status":"OK","on_map":true,"group":"Piece","subgroup":"","layer":"Plastic Piece","full_name":"Piece \u2013 Plastic Piece","olm_key":"other/plastic","quantity":1,"picked_up":true}],"groups":["litter"],"has_litter":true,"has_pet_waste":false,"has_substances":false,"zone":"cottonwood_zone_E","zone_edge_m":58.6,"nbhd_edge_m":null}},{"type":"Feature","geometry":{"type":"Point","coordinates":[-122.55928039551,49.205936431885]},"properties":{"id":552788,"datetime":"2026-08-30T20:43:02.000000Z","filename":"https://olm-s3.s3.eu-west-1.amazonaws.com/2026/08/30/9Ttanz1wxvWuTiRlaGVo8zQdCetYH6DRYgBUDt27.jpg","tags":[{"type":"standard","category":"other","item":"clothing","quantity":1}],"objects":[{"status":"OK","on_map":true,"group":"Household","subgroup":"","layer":"Abandoned Textile Apparel","full_name":"Household \u2013 Abandoned Textile Apparel","olm_key":"other/clothing","quantity":1,"picked_up":true}],"groups":["litter"],"has_litter":true,"has_pet_waste":false,"has_substances":false,"zone":"cottonwood_zone_E","zone_edge_m":58.6,"nbhd_edge_m":null}},{"type":"Feature","geometry":{"type":"Point","coordinates":[-122.55928039551,49.205936431885]},"properties":{"id":552787,"datetime":"2026-08-30T20:43:19.000000Z","filename":"https://olm-s3.s3.eu-west-1.amazonaws.com/2026/08/30/5gAhplj92XksZWpx9vMjAfq1208YTQiVzqVJz1z6.jpg","tags":[{"type":"standard","category":"sanitary","item":"wipes","quantity":1},{"type":"standard","category":"smoking","item":"packaging","quantity":1},{"type":"custom_tag","category":"custom_tag","item":"THC","quantity":1,"parent_category":"smoking","parent_item":"packaging"},{"type":"standard","category":"smoking","item":"butts","quantity":2}],"objects":[{"status":"OK","on_map":true,"group":"Household","subgroup":"","layer":"Wet Wipes","full_name":"Household \u2013 Wet Wipes","olm_key":"sanitary/wipes","quantity":1,"picked_up":true},{"status":"OK","on_map":true,"group":"Smoking","subgroup":"","layer":"Cannabis Packaging","full_name":"Smoking \u2013 Cannabis Packaging","olm_key":"smoking/packaging","quantity":1,"picked_up":true},{"status":"OK","on_map":true,"group":"Smoking","subgroup":"","layer":"Cigarette Butts","full_name":"Smoking \u2013 Cigarette Butts","olm_key":"smoking/butts","quantity":2,"picked_up":true}],"groups":["litter","substances"],"has_litter":true,"has_pet_waste":false,"has_substances":true,"zone":"cottonwood_zone_E","zone_edge_m":58.6,"nbhd_edge_m":null}},{"type":"Feature","geometry":{"type":"Point","coordinates":[-122.55928039551,49.205936431885]},"properties":{"id":552786,"datetime":"2026-08-30T20:43:34.000000Z","filename":"https://olm-s3.s3.eu-west-1.amazonaws.com/2026/08/30/EtwMiYnt4KbYLuTfSfLcWSKtJZfe15lLSfwwClc4.jpg","tags":[{"type":"standard","category":"sanitary","item":"wipes","quantity":4}],"objects":[{"status":"OK","on_map":true,"group":"Household","subgroup":"","layer":"Wet Wipes","full_name":"Household \u2013 Wet Wipes","olm_key":"sanitary/wipes","quantity":4,"picked_up":true}],"groups":["litter"],"has_litter":true,"has_pet_waste":false,"has_substances":false,"zone":"cottonwood_zone_E","zone_edge_m":58.6,"nbhd_edge_m":null}},{"type":"Feature","geometry":{"type":"Point","coordinates":[-122.55981445312,49.205871582031]},"properties":{"id":552785,"datetime":"2026-08-30T20:43:53.000000Z","filename":"https://olm-s3.s3.eu-west-1.amazonaws.com/2026/08/30/MvzxKoqXaCxn6JaXJ0Olr0hf70huCKDVKVAAwpQh.jpg","tags":[{"type":"standard","category":"other","item":"plastic","quantity":2},{"type":"standard","category":"other","item":"paper","quantity":1},{"type":"material","category":"material","item":"paper","quantity":1,"parent_category":"other","parent_item":"paper"},{"type":"standard","category":"smoking","item":"butts","quantity":4}],"objects":[{"status":"OK","on_map":true,"group":"Piece","subgroup":"","layer":"Plastic Piece","full_name":"Piece \u2013 Plastic Piece","olm_key":"other/plastic","quantity":2,"picked_up":true},{"status":"OK","on_map":true,"group":"Piece","subgroup":"","layer":"Paper Piece","full_name":"Piece \u2013 Paper Piece","olm_key":"other/paper","quantity":1,"picked_up":true},{"status":"OK","on_map":true,"group":"Smoking","subgroup":"","layer":"Cigarette Butts","full_name":"Smoking \u2013 Cigarette Butts","olm_key":"smoking/butts","quantity":4,"picked_up":true}],"groups":["litter","substances"],"has_litter":true,"has_pet_waste":false,"has_substances":true,"zone":"cottonwood_zone_E","zone_edge_m":51.4,"nbhd_edge_m":null}},{"type":"Feature","geometry":{"type":"Point","coordinates":[-122.55981445312,49.205871582031]},"properties":{"id":552784,"datetime":"2026-08-30T20:44:03.000000Z","filename":"https://olm-s3.s3.eu-west-1.amazonaws.com/2026/08/30/WVgeWwGnLKLS4SkKFnqUvctum7bZ2PWmhfgLZJzC.jpg","tags":[{"type":"standard","category":"sanitary","item":"dental_floss","quantity":1}],"objects":[{"status":"OK","on_map":true,"group":"Household","subgroup":"","layer":"Dental Waste","full_name":"Household \u2013 Dental Waste","olm_key":"sanitary/dental_floss","quantity":1,"picked_up":true}],"groups":["litter"],"has_litter":true,"has_pet_waste":false,"has_substances":false,"zone":"cottonwood_zone_E","zone_edge_m":51.4,"nbhd_edge_m":null}},{"type":"Feature","geometry":{"type":"Point","coordinates":[-122.55981445312,49.205871582031]},"properties":{"id":552783,"datetime":"2026-08-30T20:44:07.000000Z","filename":"https://olm-s3.s3.eu-west-1.amazonaws.com/2026/08/30/I2Ess8JfAVA1J2PmXyTnQBNFpZl4l78gW2v4KXXi.jpg","tags":[{"type":"standard","category":"other","item":"paper","quantity":1},{"type":"material","category":"material","item":"paper","quantity":1,"parent_category":"other","parent_item":"paper"}],"objects":[{"status":"OK","on_map":true,"group":"Piece","subgroup":"","layer":"Paper Piece","full_name":"Piece \u2013 Paper Piece","olm_key":"other/paper","quantity":1,"picked_up":true}],"groups":["litter"],"has_litter":true,"has_pet_waste":false,"has_substances":false,"zone":"cottonwood_zone_E","zone_edge_m":51.4,"nbhd_edge_m":null}},{"type":"Feature","geometry":{"type":"Point","coordinates":[-122.55981445312,49.205871582031]},"properties":{"id":552782,"datetime":"2026-08-30T20:44:14.000000Z","filename":"https://olm-s3.s3.eu-west-1.amazonaws.com/2026/08/30/FtEGfq77fmKoxV4z8hy4y5fSgDgdKPBsCdaGQv1d.jpg","tags":[{"type":"standard","category":"food","item":"packaging","quantity":1}],"objects":[{"status":"OK","on_map":true,"group":"Convenient Food Drink","subgroup":"Take-out","layer":"Food Packaging","full_name":"Convenient Food Drink \u2013 Take-out \u2013 Food Packaging","olm_key":"food/packaging","quantity":1,"picked_up":true}],"groups":["litter"],"has_litter":true,"has_pet_waste":false,"has_substances":false,"zone":"cottonwood_zone_E","zone_edge_m":51.4,"nbhd_edge_m":null}},{"type":"Feature","geometry":{"type":"Point","coordinates":[-122.55981445312,49.205871582031]},"properties":{"id":552781,"datetime":"2026-08-30T20:44:27.000000Z","filename":"https://olm-s3.s3.eu-west-1.amazonaws.com/2026/08/30/7sMBrcwCp47Kkskh8bpuQnRLl5zOIFgY47ZtaB78.jpg","tags":[{"type":"standard","category":"softdrinks","item":"straw","quantity":1}],"objects":[{"status":"OK","on_map":true,"group":"Convenient Food Drink","subgroup":"Drink","layer":"Paper Drink Straws","full_name":"Convenient Food Drink \u2013 Drink \u2013 Paper Drink Straws","olm_key":"softdrinks/straw","quantity":1,"picked_up":true}],"groups":["litter"],"has_litter":true,"has_pet_waste":false,"has_substances":false,"zone":"cottonwood_zone_E","zone_edge_m":51.4,"nbhd_edge_m":null}},{"type":"Feature","geometry":{"type":"Point","coordinates":[-122.55981445312,49.205871582031]},"properties":{"id":552780,"datetime":"2026-08-30T20:44:43.000000Z","filename":"https://olm-s3.s3.eu-west-1.amazonaws.com/2026/08/30/14DSR88gVVvcLzwASUD8rHJwRlEWrz0652qvIuI5.jpg","tags":[{"type":"standard","category":"other","item":"paper","quantity":1},{"type":"material","category":"material","item":"paper","quantity":1,"parent_category":"other","parent_item":"paper"}],"objects":[{"status":"OK","on_map":true,"group":"Piece","subgroup":"","layer":"Paper Piece","full_name":"Piece \u2013 Paper Piece","olm_key":"other/paper","quantity":1,"picked_up":true}],"groups":["litter"],"has_litter":true,"has_pet_waste":false,"has_substances":false,"zone":"cottonwood_zone_E","zone_edge_m":51.4,"nbhd_edge_m":null}},{"type":"Feature","geometry":{"type":"Point","coordinates":[-122.55981445312,49.205871582031]},"properties":{"id":552779,"datetime":"2026-08-30T20:45:04.000000Z","filename":"https://olm-s3.s3.eu-west-1.amazonaws.com/2026/08/30/sHGJv97pCD4d8oO1wbrBMOkX0UXurlyr4jNA6TGx.jpg","tags":[{"type":"standard","category":"other","item":"paper","quantity":1},{"type":"material","category":"material","item":"paper","quantity":1,"parent_category":"other","parent_item":"paper"}],"objects":[{"status":"OK","on_map":true,"group":"Piece","subgroup":"","layer":"Paper Piece","full_name":"Piece \u2013 Paper Piece","olm_key":"other/paper","quantity":1,"picked_up":true}],"groups":["litter"],"has_litter":true,"has_pet_waste":false,"has_substances":false,"zone":"cottonwood_zone_E","zone_edge_m":51.4,"nbhd_edge_m":null}},{"type":"Feature","geometry":{"type":"Point","coordinates":[-122.55981445312,49.205871582031]},"properties":{"id":552778,"datetime":"2026-08-30T20:45:11.000000Z","filename":"https://olm-s3.s3.eu-west-1.amazonaws.com/2026/08/30/CbnpYRiGM3dyNWB8YhzvWN6r4JS1A24xtDfmbjtP.jpg","tags":[{"type":"standard","category":"other","item":"paper","quantity":1},{"type":"material","category":"material","item":"paper","quantity":1,"parent_category":"other","parent_item":"paper"}],"objects":[{"status":"OK","on_map":true,"group":"Piece","subgroup":"","layer":"Paper Piece","full_name":"Piece \u2013 Paper Piece","olm_key":"other/paper","quantity":1,"picked_up":true}],"groups":["litter"],"has_litter":true,"has_pet_waste":false,"has_substances":false,"zone":"cottonwood_zone_E","zone_edge_m":51.4,"nbhd_edge_m":null}},{"type":"Feature","geometry":{"type":"Point","coordinates":[-122.55981445312,49.205871582031]},"properties":{"id":552777,"datetime":"2026-08-30T20:45:19.000000Z","filename":"https://olm-s3.s3.eu-west-1.amazonaws.com/2026/08/30/YTYDmvVeTXRtLS4GkLhXMNNIEQJUctdQxcClCuXW.jpg","tags":[{"type":"standard","category":"other","item":"plastic","quantity":1},{"type":"standard","category":"other","item":"paper","quantity":1},{"type":"material","category":"material","item":"paper","quantity":1,"parent_category":"other","parent_item":"paper"}],"objects":[{"status":"OK","on_map":true,"group":"Piece","subgroup":"","layer":"Plastic Piece","full_name":"Piece \u2013 Plastic Piece","olm_key":"other/plastic","quantity":1,"picked_up":true},{"status":"OK","on_map":true,"group":"Piece","subgroup":"","layer":"Paper Piece","full_name":"Piece \u2013 Paper Piece","olm_key":"other/paper","quantity":1,"picked_up":true}],"groups":["litter"],"has_litter":true,"has_pet_waste":false,"has_substances":false,"zone":"cottonwood_zone_E","zone_edge_m":51.4,"nbhd_edge_m":null}},{"type":"Feature","geometry":{"type":"Point","coordinates":[-122.55981445312,49.205871582031]},"properties":{"id":552776,"datetime":"2026-08-30T20:45:31.000000Z","filename":"https://olm-s3.s3.eu-west-1.amazonaws.com/2026/08/30/rNkjqWt1cwQIcQPNCIhGUNKmzr4Y5wWW7D96X4fp.jpg","tags":[{"type":"standard","category":"sanitary","item":"wipes","quantity":2}],"objects":[{"status":"OK","on_map":true,"group":"Household","subgroup":"","layer":"Wet Wipes","full_name":"Household \u2013 Wet Wipes","olm_key":"sanitary/wipes","quantity":2,"picked_up":true}],"groups":["litter"],"has_litter":true,"has_pet_waste":false,"has_substances":false,"zone":"cottonwood_zone_E","zone_edge_m":51.4,"nbhd_edge_m":null}},{"type":"Feature","geometry":{"type":"Point","coordinates":[-122.55981445312,49.205871582031]},"properties":{"id":552775,"datetime":"2026-08-30T20:45:38.000000Z","filename":"https://olm-s3.s3.eu-west-1.amazonaws.com/2026/08/30/1Z1xR9LpFiUFfzm9FXzjNRO4d7htWd3epWOoPez4.jpg","tags":[{"type":"standard","category":"other","item":"paper","quantity":2},{"type":"material","category":"material","item":"paper","quantity":1,"parent_category":"other","parent_item":"paper"}],"objects":[{"status":"OK","on_map":true,"group":"Piece","subgroup":"","layer":"Paper Piece","full_name":"Piece \u2013 Paper Piece","olm_key":"other/paper","quantity":2,"picked_up":true}],"groups":["litter"],"has_litter":true,"has_pet_waste":false,"has_substances":false,"zone":"cottonwood_zone_E","zone_edge_m":51.4,"nbhd_edge_m":null}},{"type":"Feature","geometry":{"type":"Point","coordinates":[-122.55981445312,49.205871582031]},"properties":{"id":552774,"datetime":"2026-08-30T20:45:56.000000Z","filename":"https://olm-s3.s3.eu-west-1.amazonaws.com/2026/08/30/lzeZad77pbhUhOEDy5mj0x07nyuAUJPgkhyY28NI.jpg","tags":[{"type":"standard","category":"other","item":"paper","quantity":1},{"type":"material","category":"material","item":"paper","quantity":1,"parent_category":"other","parent_item":"paper"}],"objects":[{"status":"OK","on_map":true,"group":"Piece","subgroup":"","layer":"Paper Piece","full_name":"Piece \u2013 Paper Piece","olm_key":"other/paper","quantity":1,"picked_up":true}],"groups":["litter"],"has_litter":true,"has_pet_waste":false,"has_substances":false,"zone":"cottonwood_zone_E","zone_edge_m":51.4,"nbhd_edge_m":null}},{"type":"Feature","geometry":{"type":"Point","coordinates":[-122.55981445312,49.205871582031]},"properties":{"id":552773,"datetime":"2026-08-30T20:46:11.000000Z","filename":"https://olm-s3.s3.eu-west-1.amazonaws.com/2026/08/30/HbxzOkF78MUXNyAwXydEuZOaZwbG2HjnMtL4GQOk.jpg","tags":[{"type":"standard","category":"other","item":"paper","quantity":1},{"type":"material","category":"material","item":"paper","quantity":1,"parent_category":"other","parent_item":"paper"}],"objects":[{"status":"OK","on_map":true,"group":"Piece","subgroup":"","layer":"Paper Piece","full_name":"Piece \u2013 Paper Piece","olm_key":"other/paper","quantity":1,"picked_up":true}],"groups":["litter"],"has_litter":true,"has_pet_waste":false,"has_substances":false,"zone":"cottonwood_zone_E","zone_edge_m":51.4,"nbhd_edge_m":null}},{"type":"Feature","geometry":{"type":"Point","coordinates":[-122.55981445312,49.205871582031]},"properties":{"id":552772,"datetime":"2026-08-30T20:46:27.000000Z","filename":"https://olm-s3.s3.eu-west-1.amazonaws.com/2026/08/30/hfqUW9h5jps0zoItTIE6iu0AR9O2ntpbcGk2uHmq.jpg","tags":[{"type":"standard","category":"food","item":"wrapper","quantity":1},{"type":"material","category":"material","item":"foil","quantity":1,"parent_category":"food","parent_item":"wrapper"},{"type":"material","category":"material","item":"plastic","quantity":1,"parent_category":"food","parent_item":"wrapper"}],"objects":[{"status":"OK","on_map":true,"group":"Convenient Food Drink","subgroup":"Snack","layer":"Foil / Plastic Film Snack Wrapper","full_name":"Convenient Food Drink \u2013 Snack \u2013 Foil / Plastic Film Snack Wrapper","olm_key":"food/wrapper","quantity":1,"picked_up":true}],"groups":["litter"],"has_litter":true,"has_pet_waste":false,"has_substances":false,"zone":"cottonwood_zone_E","zone_edge_m":51.4,"nbhd_edge_m":null}},{"type":"Feature","geometry":{"type":"Point","coordinates":[-122.55981445312,49.205871582031]},"properties":{"id":552771,"datetime":"2026-08-30T20:46:38.000000Z","filename":"https://olm-s3.s3.eu-west-1.amazonaws.com/2026/08/30/aLtcGqncRq4NfvDmF5jlEGKSoCGBshRAqj8Rg9De.jpg","tags":[{"type":"standard","category":"other","item":"plastic","quantity":1}],"objects":[{"status":"OK","on_map":true,"group":"Piece","subgroup":"","layer":"Plastic Piece","full_name":"Piece \u2013 Plastic Piece","olm_key":"other/plastic","quantity":1,"picked_up":true}],"groups":["litter"],"has_litter":true,"has_pet_waste":false,"has_substances":false,"zone":"cottonwood_zone_E","zone_edge_m":51.4,"nbhd_edge_m":null}},{"type":"Feature","geometry":{"type":"Point","coordinates":[-122.55981445312,49.205871582031]},"properties":{"id":552770,"datetime":"2026-08-30T20:46:49.000000Z","filename":"https://olm-s3.s3.eu-west-1.amazonaws.com/2026/08/30/iD0D7dpCII4nHr0rybz6X8sZnOJezGDhsZUoqZIe.jpg","tags":[{"type":"standard","category":"electronics","item":"battery","quantity":1,"object_type":"alkaline"}],"objects":[{"status":"OK","on_map":true,"group":"Household","subgroup":"","layer":"Batteries","full_name":"Household \u2013 Batteries","olm_key":"electronics/battery","quantity":1,"picked_up":true}],"groups":["litter"],"has_litter":true,"has_pet_waste":false,"has_substances":false,"zone":"cottonwood_zone_E","zone_edge_m":51.4,"nbhd_edge_m":null}},{"type":"Feature","geometry":{"type":"Point","coordinates":[-122.55981445312,49.205871582031]},"properties":{"id":552769,"datetime":"2026-08-30T20:47:23.000000Z","filename":"https://olm-s3.s3.eu-west-1.amazonaws.com/2026/08/30/dJr9ymyg1gVVRJwIPaey8Lnq9C4wrBD3G7mYbCCU.jpg","tags":[{"type":"standard","category":"other","item":"paper","quantity":1},{"type":"material","category":"material","item":"paper","quantity":1,"parent_category":"other","parent_item":"paper"}],"objects":[{"status":"OK","on_map":true,"group":"Piece","subgroup":"","layer":"Paper Piece","full_name":"Piece \u2013 Paper Piece","olm_key":"other/paper","quantity":1,"picked_up":true}],"groups":["litter"],"has_litter":true,"has_pet_waste":false,"has_substances":false,"zone":"cottonwood_zone_E","zone_edge_m":51.4,"nbhd_edge_m":null}},{"type":"Feature","geometry":{"type":"Point","coordinates":[-122.55981445312,49.205871582031]},"properties":{"id":552768,"datetime":"2026-08-30T20:47:36.000000Z","filename":"https://olm-s3.s3.eu-west-1.amazonaws.com/2026/08/30/TgxWWUDDxE2Lu4ktmLfQ9QyO1tndcoGkYdeejMqR.jpg","tags":[{"type":"standard","category":"food","item":"wrapper","quantity":1},{"type":"material","category":"material","item":"foil","quantity":1,"parent_category":"food","parent_item":"wrapper"},{"type":"material","category":"material","item":"plastic","quantity":1,"parent_category":"food","parent_item":"wrapper"},{"type":"standard","category":"other","item":"other","quantity":1}],"objects":[{"status":"OK","on_map":true,"group":"Convenient Food Drink","subgroup":"Snack","layer":"Foil / Plastic Film Snack Wrapper","full_name":"Convenient Food Drink \u2013 Snack \u2013 Foil / Plastic Film Snack Wrapper","olm_key":"food/wrapper","quantity":1,"picked_up":true},{"status":"OK","on_map":true,"group":"Household","subgroup":"","layer":"Household misc","full_name":"Household \u2013 Household misc","olm_key":"other/other","quantity":1,"picked_up":true}],"groups":["litter"],"has_litter":true,"has_pet_waste":false,"has_substances":false,"zone":"cottonwood_zone_E","zone_edge_m":51.4,"nbhd_edge_m":null}},{"type":"Feature","geometry":{"type":"Point","coordinates":[-122.55981445312,49.205871582031]},"properties":{"id":552767,"datetime":"2026-08-30T20:47:42.000000Z","filename":"https://olm-s3.s3.eu-west-1.amazonaws.com/2026/08/30/bQBP1xJXo11FzM007FaWz5fNVcbOyYoje1X69zyF.jpg","tags":[{"type":"standard","category":"food","item":"wrapper","quantity":1},{"type":"material","category":"material","item":"foil","quantity":1,"parent_category":"food","parent_item":"wrapper"},{"type":"material","category":"material","item":"plastic","quantity":1,"parent_category":"food","parent_item":"wrapper"}],"objects":[{"status":"OK","on_map":true,"group":"Convenient Food Drink","subgroup":"Snack","layer":"Foil / Plastic Film Snack Wrapper","full_name":"Convenient Food Drink \u2013 Snack \u2013 Foil / Plastic Film Snack Wrapper","olm_key":"food/wrapper","quantity":1,"picked_up":true}],"groups":["litter"],"has_litter":true,"has_pet_waste":false,"has_substances":false,"zone":"cottonwood_zone_E","zone_edge_m":51.4,"nbhd_edge_m":null}},{"type":"Feature","geometry":{"type":"Point","coordinates":[-122.55981445312,49.205871582031]},"properties":{"id":552766,"datetime":"2026-08-30T20:47:47.000000Z","filename":"https://olm-s3.s3.eu-west-1.amazonaws.com/2026/08/30/1ckSWSX9JCbQKnEiSJHgM2GJPWMSJwAb3gLWPM9f.jpg","tags":[{"type":"standard","category":"food","item":"wrapper","quantity":1},{"type":"material","category":"material","item":"foil","quantity":1,"parent_category":"food","parent_item":"wrapper"},{"type":"material","category":"material","item":"plastic","quantity":1,"parent_category":"food","parent_item":"wrapper"}],"objects":[{"status":"OK","on_map":true,"group":"Convenient Food Drink","subgroup":"Snack","layer":"Foil / Plastic Film Snack Wrapper","full_name":"Convenient Food Drink \u2013 Snack \u2013 Foil / Plastic Film Snack Wrapper","olm_key":"food/wrapper","quantity":1,"picked_up":true}],"groups":["litter"],"has_litter":true,"has_pet_waste":false,"has_substances":false,"zone":"cottonwood_zone_E","zone_edge_m":51.4,"nbhd_edge_m":null}},{"type":"Feature","geometry":{"type":"Point","coordinates":[-122.55981445312,49.205871582031]},"properties":{"id":552765,"datetime":"2026-08-30T20:48:15.000000Z","filename":"https://olm-s3.s3.eu-west-1.amazonaws.com/2026/08/30/vq7at9YbovKI27jdVyIqRRrurTSUe3bc63H6pohA.jpg","tags":[{"type":"standard","category":"food","item":"wrapper","quantity":1},{"type":"material","category":"material","item":"foil","quantity":1,"parent_category":"food","parent_item":"wrapper"},{"type":"material","category":"material","item":"plastic","quantity":1,"parent_category":"food","parent_item":"wrapper"}],"objects":[{"status":"OK","on_map":true,"group":"Convenient Food Drink","subgroup":"Snack","layer":"Foil / Plastic Film Snack Wrapper","full_name":"Convenient Food Drink \u2013 Snack \u2013 Foil / Plastic Film Snack Wrapper","olm_key":"food/wrapper","quantity":1,"picked_up":true}],"groups":["litter"],"has_litter":true,"has_pet_waste":false,"has_substances":false,"zone":"cottonwood_zone_E","zone_edge_m":51.4,"nbhd_edge_m":null}},{"type":"Feature","geometry":{"type":"Point","coordinates":[-122.55981445312,49.205871582031]},"properties":{"id":552764,"datetime":"2026-08-30T20:48:26.000000Z","filename":"https://olm-s3.s3.eu-west-1.amazonaws.com/2026/08/30/rwkt7S8rNTCd2T8LTDqBHOaDCuTT1SP0zJypraAl.jpg","tags":[{"type":"standard","category":"other","item":"paper","quantity":1},{"type":"material","category":"material","item":"paper","quantity":1,"parent_category":"other","parent_item":"paper"}],"objects":[{"status":"OK","on_map":true,"group":"Piece","subgroup":"","layer":"Paper Piece","full_name":"Piece \u2013 Paper Piece","olm_key":"other/paper","quantity":1,"picked_up":true}],"groups":["litter"],"has_litter":true,"has_pet_waste":false,"has_substances":false,"zone":"cottonwood_zone_E","zone_edge_m":51.4,"nbhd_edge_m":null}},{"type":"Feature","geometry":{"type":"Point","coordinates":[-122.55981445312,49.205871582031]},"properties":{"id":552763,"datetime":"2026-08-30T20:48:45.000000Z","filename":"https://olm-s3.s3.eu-west-1.amazonaws.com/2026/08/30/fa5axRHfm6mCQwApiEI6dVo6b9YZrJhwLvJLOLHF.jpg","tags":[{"type":"standard","category":"other","item":"plastic","quantity":1}],"objects":[{"status":"OK","on_map":true,"group":"Piece","subgroup":"","layer":"Plastic Piece","full_name":"Piece \u2013 Plastic Piece","olm_key":"other/plastic","quantity":1,"picked_up":true}],"groups":["litter"],"has_litter":true,"has_pet_waste":false,"has_substances":false,"zone":"cottonwood_zone_E","zone_edge_m":51.4,"nbhd_edge_m":null}},{"type":"Feature","geometry":{"type":"Point","coordinates":[-122.55981445312,49.205871582031]},"properties":{"id":552762,"datetime":"2026-08-30T20:49:03.000000Z","filename":"https://olm-s3.s3.eu-west-1.amazonaws.com/2026/08/30/6TdZVGwqa3t56M78K6vdd1Cwz9gDAhGNCsSelk27.jpg","tags":[{"type":"standard","category":"smoking","item":"butts","quantity":1}],"objects":[{"status":"OK","on_map":true,"group":"Smoking","subgroup":"","layer":"Cigarette Butts","full_name":"Smoking \u2013 Cigarette Butts","olm_key":"smoking/butts","quantity":1,"picked_up":true}],"groups":["substances"],"has_litter":false,"has_pet_waste":false,"has_substances":true,"zone":"cottonwood_zone_E","zone_edge_m":51.4,"nbhd_edge_m":null}},{"type":"Feature","geometry":{"type":"Point","coordinates":[-122.55981445312,49.205871582031]},"properties":{"id":552761,"datetime":"2026-08-30T20:49:11.000000Z","filename":"https://olm-s3.s3.eu-west-1.amazonaws.com/2026/08/30/8MLmivu3Wkjb0cmQCxwACk0LcBiEw4Lek7h37lpN.jpg","tags":[{"type":"standard","category":"other","item":"plastic","quantity":1}],"objects":[{"status":"OK","on_map":true,"group":"Piece","subgroup":"","layer":"Plastic Piece","full_name":"Piece \u2013 Plastic Piece","olm_key":"other/plastic","quantity":1,"picked_up":true}],"groups":["litter"],"has_litter":true,"has_pet_waste":false,"has_substances":false,"zone":"cottonwood_zone_E","zone_edge_m":51.4,"nbhd_edge_m":null}},{"type":"Feature","geometry":{"type":"Point","coordinates":[-122.55981445312,49.205871582031]},"properties":{"id":552760,"datetime":"2026-08-30T20:49:32.000000Z","filename":"https://olm-s3.s3.eu-west-1.amazonaws.com/2026/08/30/U2piQABTmlQmM2sf5B0NYUFpr8MuLbm7OMscz69g.jpg","tags":[{"type":"standard","category":"softdrinks","item":"straw_wrapper","quantity":1}],"objects":[{"status":"OK","on_map":true,"group":"Convenient Food Drink","subgroup":"Drink","layer":"Drink Straw Wrapper","full_name":"Convenient Food Drink \u2013 Drink \u2013 Drink Straw Wrapper","olm_key":"softdrinks/straw_wrapper","quantity":1,"picked_up":true}],"groups":["litter"],"has_litter":true,"has_pet_waste":false,"has_substances":false,"zone":"cottonwood_zone_E","zone_edge_m":51.4,"nbhd_edge_m":null}},{"type":"Feature","geometry":{"type":"Point","coordinates":[-122.56253051758,49.206027984619]},"properties":{"id":552759,"datetime":"2026-08-30T20:50:16.000000Z","filename":"https://olm-s3.s3.eu-west-1.amazonaws.com/2026/08/30/Q6wHHiRniG3kwSTcA6xYzt8yg815RLbdsXTWlfOK.jpg","tags":[{"type":"standard","category":"other","item":"paper","quantity":1},{"type":"material","category":"material","item":"paper","quantity":1,"parent_category":"other","parent_item":"paper"},{"type":"standard","category":"other","item":"plastic","quantity":1}],"objects":[{"status":"OK","on_map":true,"group":"Piece","subgroup":"","layer":"Paper Piece","full_name":"Piece \u2013 Paper Piece","olm_key":"other/paper","quantity":1,"picked_up":true},{"status":"OK","on_map":true,"group":"Piece","subgroup":"","layer":"Plastic Piece","full_name":"Piece \u2013 Plastic Piece","olm_key":"other/plastic","quantity":1,"picked_up":true}],"groups":["litter"],"has_litter":true,"has_pet_waste":false,"has_substances":false,"zone":"cottonwood_zone_E","zone_edge_m":68.8,"nbhd_edge_m":null}},{"type":"Feature","geometry":{"type":"Point","coordinates":[-122.56253051758,49.206027984619]},"properties":{"id":552758,"datetime":"2026-08-30T20:50:29.000000Z","filename":"https://olm-s3.s3.eu-west-1.amazonaws.com/2026/08/30/BOgOdUCNWFQhZI2rPjaLa3yNufcL3xCgRNVlsaPJ.jpg","tags":[{"type":"standard","category":"pets","item":"dogshit","quantity":1}],"objects":[{"status":"OK","on_map":true,"group":"Fecal","subgroup":"","layer":"Pet Waste Unbagged","full_name":"Fecal \u2013 Pet Waste Unbagged","olm_key":"pets/dogshit","quantity":1,"picked_up":false}],"groups":["pet_waste"],"has_litter":false,"has_pet_waste":true,"has_substances":false,"zone":"cottonwood_zone_E","zone_edge_m":68.8,"nbhd_edge_m":null}},{"type":"Feature","geometry":{"type":"Point","coordinates":[-122.56253051758,49.206027984619]},"properties":{"id":552757,"datetime":"2026-08-30T20:50:41.000000Z","filename":"https://olm-s3.s3.eu-west-1.amazonaws.com/2026/08/30/eI8ibb0hRVsO1ugaNcCdCKxpBy7MYgsbjC0MIVE7.jpg","tags":[{"type":"standard","category":"other","item":"plastic","quantity":1}],"objects":[{"status":"OK","on_map":true,"group":"Piece","subgroup":"","layer":"Plastic Piece","full_name":"Piece \u2013 Plastic Piece","olm_key":"other/plastic","quantity":1,"picked_up":true}],"groups":["litter"],"has_litter":true,"has_pet_waste":false,"has_substances":false,"zone":"cottonwood_zone_E","zone_edge_m":68.8,"nbhd_edge_m":null}},{"type":"Feature","geometry":{"type":"Point","coordinates":[-122.56253051758,49.206027984619]},"properties":{"id":552756,"datetime":"2026-08-30T20:50:55.000000Z","filename":"https://olm-s3.s3.eu-west-1.amazonaws.com/2026/08/30/CYraDLxyDanKUgQT7xySPSXuj46P7BzNJZ14SlLg.jpg","tags":[{"type":"standard","category":"other","item":"plastic","quantity":1}],"objects":[{"status":"OK","on_map":true,"group":"Piece","subgroup":"","layer":"Plastic Piece","full_name":"Piece \u2013 Plastic Piece","olm_key":"other/plastic","quantity":1,"picked_up":true}],"groups":["litter"],"has_litter":true,"has_pet_waste":false,"has_substances":false,"zone":"cottonwood_zone_E","zone_edge_m":68.8,"nbhd_edge_m":null}},{"type":"Feature","geometry":{"type":"Point","coordinates":[-122.56253051758,49.206027984619]},"properties":{"id":552755,"datetime":"2026-08-30T20:51:24.000000Z","filename":"https://olm-s3.s3.eu-west-1.amazonaws.com/2026/08/30/ZRRfCAOuYFtZlIOhiA8AwODXpd1LUYgZyCn5BgxV.jpg","tags":[{"type":"standard","category":"other","item":"plastic","quantity":1}],"objects":[{"status":"OK","on_map":true,"group":"Piece","subgroup":"","layer":"Plastic Piece","full_name":"Piece \u2013 Plastic Piece","olm_key":"other/plastic","quantity":1,"picked_up":true}],"groups":["litter"],"has_litter":true,"has_pet_waste":false,"has_substances":false,"zone":"cottonwood_zone_E","zone_edge_m":68.8,"nbhd_edge_m":null}},{"type":"Feature","geometry":{"type":"Point","coordinates":[-122.56234741211,49.207164764404]},"properties":{"id":552754,"datetime":"2026-08-30T20:51:48.000000Z","filename":"https://olm-s3.s3.eu-west-1.amazonaws.com/2026/08/30/F83e6mED3xSjzF1SmzWM1zejPdy4SozJPNh0LzPw.jpg","tags":[{"type":"standard","category":"other","item":"plastic","quantity":1},{"type":"standard","category":"other","item":"paper","quantity":2},{"type":"material","category":"material","item":"paper","quantity":1,"parent_category":"other","parent_item":"paper"}],"objects":[{"status":"OK","on_map":true,"group":"Piece","subgroup":"","layer":"Plastic Piece","full_name":"Piece \u2013 Plastic Piece","olm_key":"other/plastic","quantity":1,"picked_up":true},{"status":"OK","on_map":true,"group":"Piece","subgroup":"","layer":"Paper Piece","full_name":"Piece \u2013 Paper Piece","olm_key":"other/paper","quantity":2,"picked_up":true}],"groups":["litter"],"has_litter":true,"has_pet_waste":false,"has_substances":false,"zone":"cottonwood_zone_E","zone_edge_m":123.0,"nbhd_edge_m":null}},{"type":"Feature","geometry":{"type":"Point","coordinates":[-122.56234741211,49.207164764404]},"properties":{"id":552753,"datetime":"2026-08-30T20:51:56.000000Z","filename":"https://olm-s3.s3.eu-west-1.amazonaws.com/2026/08/30/5VbgoeUIx2ubP9ajGZ4iyi8AdjFALMxqpJXpCVjI.jpg","tags":[{"type":"standard","category":"other","item":"plastic","quantity":1}],"objects":[{"status":"OK","on_map":true,"group":"Piece","subgroup":"","layer":"Plastic Piece","full_name":"Piece \u2013 Plastic Piece","olm_key":"other/plastic","quantity":1,"picked_up":true}],"groups":["litter"],"has_litter":true,"has_pet_waste":false,"has_substances":false,"zone":"cottonwood_zone_E","zone_edge_m":123.0,"nbhd_edge_m":null}},{"type":"Feature","geometry":{"type":"Point","coordinates":[-122.56234741211,49.207164764404]},"properties":{"id":552752,"datetime":"2026-08-30T20:52:12.000000Z","filename":"https://olm-s3.s3.eu-west-1.amazonaws.com/2026/08/30/0DuxDypwRZOxYWO96KuSFSUjZoC1ZC5IX7AnfN0D.jpg","tags":[{"type":"standard","category":"smoking","item":"butts","quantity":1}],"objects":[{"status":"OK","on_map":true,"group":"Smoking","subgroup":"","layer":"Cigarette Butts","full_name":"Smoking \u2013 Cigarette Butts","olm_key":"smoking/butts","quantity":1,"picked_up":true}],"groups":["substances"],"has_litter":false,"has_pet_waste":false,"has_substances":true,"zone":"cottonwood_zone_E","zone_edge_m":123.0,"nbhd_edge_m":null}},{"type":"Feature","geometry":{"type":"Point","coordinates":[-122.56234741211,49.207164764404]},"properties":{"id":552751,"datetime":"2026-08-30T20:52:46.000000Z","filename":"https://olm-s3.s3.eu-west-1.amazonaws.com/2026/08/30/3W9YIMbMKZKiQKNRJaWMUlTJqy154MyTM6Ayv7ns.jpg","tags":[{"type":"standard","category":"softdrinks","item":"straw_wrapper","quantity":2}],"objects":[{"status":"OK","on_map":true,"group":"Convenient Food Drink","subgroup":"Drink","layer":"Drink Straw Wrapper","full_name":"Convenient Food Drink \u2013 Drink \u2013 Drink Straw Wrapper","olm_key":"softdrinks/straw_wrapper","quantity":2,"picked_up":true}],"groups":["litter"],"has_litter":true,"has_pet_waste":false,"has_substances":false,"zone":"cottonwood_zone_E","zone_edge_m":123.0,"nbhd_edge_m":null}},{"type":"Feature","geometry":{"type":"Point","coordinates":[-122.56234741211,49.207164764404]},"properties":{"id":552750,"datetime":"2026-08-30T20:52:51.000000Z","filename":"https://olm-s3.s3.eu-west-1.amazonaws.com/2026/08/30/iqteIcDxb70c0irlVHMj0D0fAM9IlOJlejriyUbt.jpg","tags":[{"type":"standard","category":"other","item":"paper","quantity":1},{"type":"material","category":"material","item":"paper","quantity":1,"parent_category":"other","parent_item":"paper"}],"objects":[{"status":"OK","on_map":true,"group":"Piece","subgroup":"","layer":"Paper Piece","full_name":"Piece \u2013 Paper Piece","olm_key":"other/paper","quantity":1,"picked_up":true}],"groups":["litter"],"has_litter":true,"has_pet_waste":false,"has_substances":false,"zone":"cottonwood_zone_E","zone_edge_m":123.0,"nbhd_edge_m":null}},{"type":"Feature","geometry":{"type":"Point","coordinates":[-122.56234741211,49.207164764404]},"properties":{"id":552749,"datetime":"2026-08-30T20:53:01.000000Z","filename":"https://olm-s3.s3.eu-west-1.amazonaws.com/2026/08/30/tjLnVPJp6TkxbhIiToNFRTgMbkWy8sNF8gpOSWxg.jpg","tags":[{"type":"standard","category":"smoking","item":"packaging","quantity":2},{"type":"custom_tag","category":"custom_tag","item":"THC","quantity":1,"parent_category":"smoking","parent_item":"packaging"}],"objects":[{"status":"OK","on_map":true,"group":"Smoking","subgroup":"","layer":"Cannabis Packaging","full_name":"Smoking \u2013 Cannabis Packaging","olm_key":"smoking/packaging","quantity":2,"picked_up":true}],"groups":["substances"],"has_litter":false,"has_pet_waste":false,"has_substances":true,"zone":"cottonwood_zone_E","zone_edge_m":123.0,"nbhd_edge_m":null}},{"type":"Feature","geometry":{"type":"Point","coordinates":[-122.56234741211,49.207164764404]},"properties":{"id":552748,"datetime":"2026-08-30T20:53:11.000000Z","filename":"https://olm-s3.s3.eu-west-1.amazonaws.com/2026/08/30/qAUH1QVbamyD6GIy5CCtNW4U6NQHMQEAKQCqntWC.jpg","tags":[{"type":"standard","category":"other","item":"plastic","quantity":1}],"objects":[{"status":"OK","on_map":true,"group":"Piece","subgroup":"","layer":"Plastic Piece","full_name":"Piece \u2013 Plastic Piece","olm_key":"other/plastic","quantity":1,"picked_up":true}],"groups":["litter"],"has_litter":true,"has_pet_waste":false,"has_substances":false,"zone":"cottonwood_zone_E","zone_edge_m":123.0,"nbhd_edge_m":null}},{"type":"Feature","geometry":{"type":"Point","coordinates":[-122.56233978271,49.207611083984]},"properties":{"id":552746,"datetime":"2026-08-30T20:54:41.000000Z","filename":"https://olm-s3.s3.eu-west-1.amazonaws.com/2026/08/30/an17x6MdJpgGiQuaJnMGlU7yLOWckETqZ9JhlMKC.jpg","tags":[{"type":"standard","category":"other","item":"plastic","quantity":1}],"objects":[{"status":"OK","on_map":true,"group":"Piece","subgroup":"","layer":"Plastic Piece","full_name":"Piece \u2013 Plastic Piece","olm_key":"other/plastic","quantity":1,"picked_up":true}],"groups":["litter"],"has_litter":true,"has_pet_waste":false,"has_substances":false,"zone":"cottonwood_zone_E","zone_edge_m":73.4,"nbhd_edge_m":null}},{"type":"Feature","geometry":{"type":"Point","coordinates":[-122.56233978271,49.207611083984]},"properties":{"id":552745,"datetime":"2026-08-30T20:55:12.000000Z","filename":"https://olm-s3.s3.eu-west-1.amazonaws.com/2026/08/30/J3hH8XRqlPftM6FDRND8FKcAJFlxpdqK1SlpzwIW.jpg","tags":[{"type":"standard","category":"other","item":"other","quantity":1},{"type":"custom_tag","category":"custom_tag","item":"ribbon","quantity":1,"parent_category":"other","parent_item":"other"}],"objects":[{"status":"OK","on_map":true,"group":"Household","subgroup":"","layer":"Household misc","full_name":"Household \u2013 Household misc","olm_key":"other/other","quantity":1,"picked_up":true}],"groups":["litter"],"has_litter":true,"has_pet_waste":false,"has_substances":false,"zone":"cottonwood_zone_E","zone_edge_m":73.4,"nbhd_edge_m":null}},{"type":"Feature","geometry":{"type":"Point","coordinates":[-122.56233978271,49.207611083984]},"properties":{"id":552744,"datetime":"2026-08-30T20:55:19.000000Z","filename":"https://olm-s3.s3.eu-west-1.amazonaws.com/2026/08/30/bLnqdAwT71IGLox6xR4JvkJmrk7YUV8BRz7gsQYs.jpg","tags":[{"type":"standard","category":"other","item":"paper","quantity":1},{"type":"material","category":"material","item":"paper","quantity":1,"parent_category":"other","parent_item":"paper"}],"objects":[{"status":"OK","on_map":true,"group":"Piece","subgroup":"","layer":"Paper Piece","full_name":"Piece \u2013 Paper Piece","olm_key":"other/paper","quantity":1,"picked_up":true}],"groups":["litter"],"has_litter":true,"has_pet_waste":false,"has_substances":false,"zone":"cottonwood_zone_E","zone_edge_m":73.4,"nbhd_edge_m":null}},{"type":"Feature","geometry":{"type":"Point","coordinates":[-122.56233978271,49.207611083984]},"properties":{"id":552743,"datetime":"2026-08-30T20:56:10.000000Z","filename":"https://olm-s3.s3.eu-west-1.amazonaws.com/2026/08/30/zS85qZa7BF9sKNrnJfdQjs1ArGfkcsSsxZ3VpFx4.jpg","tags":[{"type":"standard","category":"food","item":"napkins","quantity":1},{"type":"material","category":"material","item":"paper","quantity":1,"parent_category":"food","parent_item":"napkins"}],"objects":[{"status":"OK","on_map":true,"group":"Convenient Food Drink","subgroup":"Take-out","layer":"Napkins","full_name":"Convenient Food Drink \u2013 Take-out \u2013 Napkins","olm_key":"food/napkins","quantity":1,"picked_up":true}],"groups":["litter"],"has_litter":true,"has_pet_waste":false,"has_substances":false,"zone":"cottonwood_zone_E","zone_edge_m":73.4,"nbhd_edge_m":null}},{"type":"Feature","geometry":{"type":"Point","coordinates":[-122.56233978271,49.207611083984]},"properties":{"id":552742,"datetime":"2026-08-30T20:56:23.000000Z","filename":"https://olm-s3.s3.eu-west-1.amazonaws.com/2026/08/30/FbfguqyugREp7tNdK6FgQQZvywIMst8dkCJOaPkQ.jpg","tags":[{"type":"standard","category":"other","item":"plastic","quantity":1},{"type":"standard","category":"other","item":"paper","quantity":1},{"type":"material","category":"material","item":"paper","quantity":1,"parent_category":"other","parent_item":"paper"}],"objects":[{"status":"OK","on_map":true,"group":"Piece","subgroup":"","layer":"Plastic Piece","full_name":"Piece \u2013 Plastic Piece","olm_key":"other/plastic","quantity":1,"picked_up":true},{"status":"OK","on_map":true,"group":"Piece","subgroup":"","layer":"Paper Piece","full_name":"Piece \u2013 Paper Piece","olm_key":"other/paper","quantity":1,"picked_up":true}],"groups":["litter"],"has_litter":true,"has_pet_waste":false,"has_substances":false,"zone":"cottonwood_zone_E","zone_edge_m":73.4,"nbhd_edge_m":null}},{"type":"Feature","geometry":{"type":"Point","coordinates":[-122.56233978271,49.207611083984]},"properties":{"id":552741,"datetime":"2026-08-30T20:56:33.000000Z","filename":"https://olm-s3.s3.eu-west-1.amazonaws.com/2026/08/30/ZeTQiISwrEioBJCdXbGmJOvYjOcGiltsWOOxlZIv.jpg","tags":[{"type":"standard","category":"other","item":"plastic","quantity":1}],"objects":[{"status":"OK","on_map":true,"group":"Piece","subgroup":"","layer":"Plastic Piece","full_name":"Piece \u2013 Plastic Piece","olm_key":"other/plastic","quantity":1,"picked_up":true}],"groups":["litter"],"has_litter":true,"has_pet_waste":false,"has_substances":false,"zone":"cottonwood_zone_E","zone_edge_m":73.4,"nbhd_edge_m":null}},{"type":"Feature","geometry":{"type":"Point","coordinates":[-122.56233978271,49.207611083984]},"properties":{"id":552740,"datetime":"2026-08-30T20:56:53.000000Z","filename":"https://olm-s3.s3.eu-west-1.amazonaws.com/2026/08/30/zzwq1gp0S5YfknHZqaqO68tnCy4YrHiVbrQb2Ynt.jpg","tags":[{"type":"standard","category":"other","item":"plastic","quantity":1},{"type":"material","category":"material","item":"plastic","quantity":1,"parent_category":"other","parent_item":"plastic"}],"objects":[{"status":"OK","on_map":true,"group":"Piece","subgroup":"","layer":"Plastic Piece","full_name":"Piece \u2013 Plastic Piece","olm_key":"other/plastic","quantity":1,"picked_up":true}],"groups":["litter"],"has_litter":true,"has_pet_waste":false,"has_substances":false,"zone":"cottonwood_zone_E","zone_edge_m":73.4,"nbhd_edge_m":null}},{"type":"Feature","geometry":{"type":"Point","coordinates":[-122.56142425537,49.208934783936]},"properties":{"id":552739,"datetime":"2026-08-30T20:57:05.000000Z","filename":"https://olm-s3.s3.eu-west-1.amazonaws.com/2026/08/30/goH6Y1x5jXLGklg33MdvRjgjFEziHdk57cEIP12n.jpg","tags":[{"type":"standard","category":"other","item":"paper","quantity":1},{"type":"material","category":"material","item":"paper","quantity":1,"parent_category":"other","parent_item":"paper"}],"objects":[{"status":"OK","on_map":true,"group":"Piece","subgroup":"","layer":"Paper Piece","full_name":"Piece \u2013 Paper Piece","olm_key":"other/paper","quantity":1,"picked_up":true}],"groups":["litter"],"has_litter":true,"has_pet_waste":false,"has_substances":false,"zone":"cottonwood_zone_D","zone_edge_m":74.0,"nbhd_edge_m":null}},{"type":"Feature","geometry":{"type":"Point","coordinates":[-122.56142425537,49.208934783936]},"properties":{"id":552738,"datetime":"2026-08-30T20:57:11.000000Z","filename":"https://olm-s3.s3.eu-west-1.amazonaws.com/2026/08/30/pHrf5RbwFr6nqL4zRzDTUgWLeE3G9ToHkPdNSvZK.jpg","tags":[{"type":"standard","category":"other","item":"clothing","quantity":1}],"objects":[{"status":"OK","on_map":true,"group":"Household","subgroup":"","layer":"Abandoned Textile Apparel","full_name":"Household \u2013 Abandoned Textile Apparel","olm_key":"other/clothing","quantity":1,"picked_up":true}],"groups":["litter"],"has_litter":true,"has_pet_waste":false,"has_substances":false,"zone":"cottonwood_zone_D","zone_edge_m":74.0,"nbhd_edge_m":null}},{"type":"Feature","geometry":{"type":"Point","coordinates":[-122.56142425537,49.208934783936]},"properties":{"id":552737,"datetime":"2026-08-30T20:57:16.000000Z","filename":"https://olm-s3.s3.eu-west-1.amazonaws.com/2026/08/30/6LLEZeP1p50cf4Vrrzg6p0l964bkVcJryJiOwCak.jpg","tags":[{"type":"standard","category":"food","item":"bag","quantity":1}],"objects":[{"status":"OK","on_map":true,"group":"Household","subgroup":"","layer":"Plastic (#4) or Paper Food Bag","full_name":"Household \u2013 Plastic (#4) or Paper Food Bag","olm_key":"food/bag","quantity":1,"picked_up":true}],"groups":["litter"],"has_litter":true,"has_pet_waste":false,"has_substances":false,"zone":"cottonwood_zone_D","zone_edge_m":74.0,"nbhd_edge_m":null}},{"type":"Feature","geometry":{"type":"Point","coordinates":[-122.56142425537,49.208934783936]},"properties":{"id":552736,"datetime":"2026-08-30T20:57:22.000000Z","filename":"https://olm-s3.s3.eu-west-1.amazonaws.com/2026/08/30/5nHZdqGWPNt1zPXrOpvJmYtoLCnsM8fYA5F2GfAw.jpg","tags":[{"type":"standard","category":"other","item":"other","quantity":1},{"type":"custom_tag","category":"custom_tag","item":"dryer sheet","quantity":1,"parent_category":"other","parent_item":"other"}],"objects":[{"status":"OK","on_map":true,"group":"Household","subgroup":"","layer":"Household misc","full_name":"Household \u2013 Household misc","olm_key":"other/other","quantity":1,"picked_up":true}],"groups":["litter"],"has_litter":true,"has_pet_waste":false,"has_substances":false,"zone":"cottonwood_zone_D","zone_edge_m":74.0,"nbhd_edge_m":null}},{"type":"Feature","geometry":{"type":"Point","coordinates":[-122.56142425537,49.208934783936]},"properties":{"id":552735,"datetime":"2026-08-30T20:57:39.000000Z","filename":"https://olm-s3.s3.eu-west-1.amazonaws.com/2026/08/30/P4uPuiA5uJc6yiq8e4w4Z3J7oeZpZG7I16EZFrwq.jpg","tags":[{"type":"standard","category":"other","item":"paper","quantity":1},{"type":"material","category":"material","item":"paper","quantity":1,"parent_category":"other","parent_item":"paper"}],"objects":[{"status":"OK","on_map":true,"group":"Piece","subgroup":"","layer":"Paper Piece","full_name":"Piece \u2013 Paper Piece","olm_key":"other/paper","quantity":1,"picked_up":true}],"groups":["litter"],"has_litter":true,"has_pet_waste":false,"has_substances":false,"zone":"cottonwood_zone_D","zone_edge_m":74.0,"nbhd_edge_m":null}},{"type":"Feature","geometry":{"type":"Point","coordinates":[-122.56136322021,49.209148406982]},"properties":{"id":552734,"datetime":"2026-08-30T20:57:51.000000Z","filename":"https://olm-s3.s3.eu-west-1.amazonaws.com/2026/08/30/ZKku0NbcFbH3yUDzTDCumTPhk6pV3VpyJIbZYbYH.jpg","tags":[{"type":"standard","category":"other","item":"paper","quantity":1},{"type":"material","category":"material","item":"paper","quantity":1,"parent_category":"other","parent_item":"paper"}],"objects":[{"status":"OK","on_map":true,"group":"Piece","subgroup":"","layer":"Paper Piece","full_name":"Piece \u2013 Paper Piece","olm_key":"other/paper","quantity":1,"picked_up":true}],"groups":["litter"],"has_litter":true,"has_pet_waste":false,"has_substances":false,"zone":"cottonwood_zone_D","zone_edge_m":70.3,"nbhd_edge_m":null}},{"type":"Feature","geometry":{"type":"Point","coordinates":[-122.56134033203,49.209175109863]},"properties":{"id":552733,"datetime":"2026-08-30T21:02:59.000000Z","filename":"https://olm-s3.s3.eu-west-1.amazonaws.com/2026/08/30/s7QMNqWY3WhFtDLTHZ29s5sDaZ6ceqhUFGjwekUn.jpg","tags":[{"type":"standard","category":"marine","item":"polystyrene_fragment","quantity":1}],"objects":[{"status":"OK","on_map":true,"group":"Piece","subgroup":"","layer":"Styrofoam Piece","full_name":"Piece \u2013 Styrofoam Piece","olm_key":"marine/polystyrene_fragment","quantity":1,"picked_up":true}],"groups":["litter"],"has_litter":true,"has_pet_waste":false,"has_substances":false,"zone":"cottonwood_zone_D","zone_edge_m":67.3,"nbhd_edge_m":null}},{"type":"Feature","geometry":{"type":"Point","coordinates":[-122.56134033203,49.209175109863]},"properties":{"id":552732,"datetime":"2026-08-30T21:03:25.000000Z","filename":"https://olm-s3.s3.eu-west-1.amazonaws.com/2026/08/30/qVb6RvAr0tkFaPRHj6aN2UV1XnVn5nT3rr9b1A3u.jpg","tags":[{"type":"standard","category":"other","item":"balloon","quantity":2}],"objects":[{"status":"OK","on_map":true,"group":"Household","subgroup":"","layer":"Party Litter","full_name":"Household \u2013 Party Litter","olm_key":"other/balloon","quantity":2,"picked_up":true}],"groups":["litter"],"has_litter":true,"has_pet_waste":false,"has_substances":false,"zone":"cottonwood_zone_D","zone_edge_m":67.3,"nbhd_edge_m":null}},{"type":"Feature","geometry":{"type":"Point","coordinates":[-122.56134033203,49.209175109863]},"properties":{"id":552731,"datetime":"2026-08-30T21:03:32.000000Z","filename":"https://olm-s3.s3.eu-west-1.amazonaws.com/2026/08/30/lMuR1TSXKSb0U7NkKvc8OoLJcSl7sF84r21EZKXC.jpg","tags":[{"type":"standard","category":"marine","item":"polystyrene_fragment","quantity":1},{"type":"standard","category":"other","item":"balloon","quantity":4}],"objects":[{"status":"OK","on_map":true,"group":"Piece","subgroup":"","layer":"Styrofoam Piece","full_name":"Piece \u2013 Styrofoam Piece","olm_key":"marine/polystyrene_fragment","quantity":1,"picked_up":true},{"status":"OK","on_map":true,"group":"Household","subgroup":"","layer":"Party Litter","full_name":"Household \u2013 Party Litter","olm_key":"other/balloon","quantity":4,"picked_up":true}],"groups":["litter"],"has_litter":true,"has_pet_waste":false,"has_substances":false,"zone":"cottonwood_zone_D","zone_edge_m":67.3,"nbhd_edge_m":null}},{"type":"Feature","geometry":{"type":"Point","coordinates":[-122.56155395508,49.209671020508]},"properties":{"id":552730,"datetime":"2026-08-30T21:03:57.000000Z","filename":"https://olm-s3.s3.eu-west-1.amazonaws.com/2026/08/30/qNyl6ZgHRIrYegJk8ZK4iHl1O4KahVGCBP8gFa7A.jpg","tags":[{"type":"standard","category":"marine","item":"polystyrene_fragment","quantity":1}],"objects":[{"status":"OK","on_map":true,"group":"Piece","subgroup":"","layer":"Styrofoam Piece","full_name":"Piece \u2013 Styrofoam Piece","olm_key":"marine/polystyrene_fragment","quantity":1,"picked_up":true}],"groups":["litter"],"has_litter":true,"has_pet_waste":false,"has_substances":false,"zone":"cottonwood_zone_D","zone_edge_m":12.1,"nbhd_edge_m":null}},{"type":"Feature","geometry":{"type":"Point","coordinates":[-122.56155395508,49.209671020508]},"properties":{"id":552729,"datetime":"2026-08-30T21:04:01.000000Z","filename":"https://olm-s3.s3.eu-west-1.amazonaws.com/2026/08/30/RdRzblXiLnyNsRtoIyYX82bBJKf9WhVV7veyH67n.jpg","tags":[{"type":"standard","category":"food","item":"wrapper","quantity":1},{"type":"material","category":"material","item":"foil","quantity":1,"parent_category":"food","parent_item":"wrapper"},{"type":"material","category":"material","item":"plastic","quantity":1,"parent_category":"food","parent_item":"wrapper"}],"objects":[{"status":"OK","on_map":true,"group":"Convenient Food Drink","subgroup":"Snack","layer":"Foil / Plastic Film Snack Wrapper","full_name":"Convenient Food Drink \u2013 Snack \u2013 Foil / Plastic Film Snack Wrapper","olm_key":"food/wrapper","quantity":1,"picked_up":true}],"groups":["litter"],"has_litter":true,"has_pet_waste":false,"has_substances":false,"zone":"cottonwood_zone_D","zone_edge_m":12.1,"nbhd_edge_m":null}},{"type":"Feature","geometry":{"type":"Point","coordinates":[-122.56155395508,49.209671020508]},"properties":{"id":552728,"datetime":"2026-08-30T21:04:14.000000Z","filename":"https://olm-s3.s3.eu-west-1.amazonaws.com/2026/08/30/wBzMfhfbGPDVCeznDzMBId6eHFwshUc7RtYPs9rl.jpg","tags":[{"type":"standard","category":"other","item":"other","quantity":1},{"type":"custom_tag","category":"custom_tag","item":"Velcro","quantity":1,"parent_category":"other","parent_item":"other"}],"objects":[{"status":"OK","on_map":true,"group":"Household","subgroup":"","layer":"Household misc","full_name":"Household \u2013 Household misc","olm_key":"other/other","quantity":1,"picked_up":true}],"groups":["litter"],"has_litter":true,"has_pet_waste":false,"has_substances":false,"zone":"cottonwood_zone_D","zone_edge_m":12.1,"nbhd_edge_m":null}},{"type":"Feature","geometry":{"type":"Point","coordinates":[-122.5618057251,49.208164215088]},"properties":{"id":552534,"datetime":"2026-08-29T16:56:10.000000Z","filename":"https://olm-s3.s3.eu-west-1.amazonaws.com/2026/08/29/aEAxvgqBsZMpIapLZQYpIBgKqLWoi3qna4KY70em.jpg","tags":[{"type":"standard","category":"pets","item":"dogshit","quantity":1}],"objects":[{"status":"OK","on_map":true,"group":"Fecal","subgroup":"","layer":"Pet Waste Unbagged","full_name":"Fecal \u2013 Pet Waste Unbagged","olm_key":"pets/dogshit","quantity":1,"picked_up":false}],"groups":["pet_waste"],"has_litter":false,"has_pet_waste":true,"has_substances":false,"zone":"cottonwood_zone_E","zone_edge_m":11.8,"nbhd_edge_m":null}},{"type":"Feature","geometry":{"type":"Point","coordinates":[-122.5618057251,49.208164215088]},"properties":{"id":552533,"datetime":"2026-08-29T16:56:14.000000Z","filename":"https://olm-s3.s3.eu-west-1.amazonaws.com/2026/08/29/4QqOJQ5mrQoUub8UzaQEpXQukZGnBl2QLwhkFTF8.jpg","tags":[{"type":"standard","category":"pets","item":"dogshit","quantity":1}],"objects":[{"status":"OK","on_map":true,"group":"Fecal","subgroup":"","layer":"Pet Waste Unbagged","full_name":"Fecal \u2013 Pet Waste Unbagged","olm_key":"pets/dogshit","quantity":1,"picked_up":false}],"groups":["pet_waste"],"has_litter":false,"has_pet_waste":true,"has_substances":false,"zone":"cottonwood_zone_E","zone_edge_m":11.8,"nbhd_edge_m":null}},{"type":"Feature","geometry":{"type":"Point","coordinates":[-122.56104278564,49.207324981689]},"properties":{"id":552532,"datetime":"2026-08-29T17:02:59.000000Z","filename":"https://olm-s3.s3.eu-west-1.amazonaws.com/2026/08/29/rQ3a53CD6ZsiT9PAghwLbRP7yilibjYF5RWZibyJ.jpg","tags":[{"type":"standard","category":"pets","item":"dogshit","quantity":1}],"objects":[{"status":"OK","on_map":true,"group":"Fecal","subgroup":"","layer":"Pet Waste Unbagged","full_name":"Fecal \u2013 Pet Waste Unbagged","olm_key":"pets/dogshit","quantity":1,"picked_up":false}],"groups":["pet_waste"],"has_litter":false,"has_pet_waste":true,"has_substances":false,"zone":"cottonwood_zone_E","zone_edge_m":105.2,"nbhd_edge_m":null}},{"type":"Feature","geometry":{"type":"Point","coordinates":[-122.56002044678,49.206104278564]},"properties":{"id":552531,"datetime":"2026-08-29T17:05:04.000000Z","filename":"https://olm-s3.s3.eu-west-1.amazonaws.com/2026/08/29/NwXVWer9VmFUTYV4DhH62VdCCA0TQAvKF4Rycr7e.jpg","tags":[{"type":"standard","category":"pets","item":"dogshit","quantity":1}],"objects":[{"status":"OK","on_map":true,"group":"Fecal","subgroup":"","layer":"Pet Waste Unbagged","full_name":"Fecal \u2013 Pet Waste Unbagged","olm_key":"pets/dogshit","quantity":1,"picked_up":false}],"groups":["pet_waste"],"has_litter":false,"has_pet_waste":true,"has_substances":false,"zone":"cottonwood_zone_E","zone_edge_m":77.3,"nbhd_edge_m":null}},{"type":"Feature","geometry":{"type":"Point","coordinates":[-122.56002044678,49.206104278564]},"properties":{"id":552530,"datetime":"2026-08-29T17:05:17.000000Z","filename":"https://olm-s3.s3.eu-west-1.amazonaws.com/2026/08/29/r1VJDuaR1nEgm1tbhR9y6poZRqhtu9lnbZIdnA8G.jpg","tags":[{"type":"standard","category":"pets","item":"dogshit_in_bag","quantity":1}],"objects":[{"status":"OK","on_map":true,"group":"Fecal","subgroup":"","layer":"Pet Waste Bagged","full_name":"Fecal \u2013 Pet Waste Bagged","olm_key":"pets/dogshit_in_bag","quantity":1,"picked_up":false}],"groups":["pet_waste"],"has_litter":false,"has_pet_waste":true,"has_substances":false,"zone":"cottonwood_zone_E","zone_edge_m":77.3,"nbhd_edge_m":null}},{"type":"Feature","geometry":{"type":"Point","coordinates":[-122.56002044678,49.206104278564]},"properties":{"id":552529,"datetime":"2026-08-29T17:05:37.000000Z","filename":"https://olm-s3.s3.eu-west-1.amazonaws.com/2026/08/29/blIWkHFeUamdtGNMPM6OQ3RsOXGOLv9PScu8D4vi.jpg","tags":[{"type":"standard","category":"pets","item":"dogshit","quantity":1}],"objects":[{"status":"OK","on_map":true,"group":"Fecal","subgroup":"","layer":"Pet Waste Unbagged","full_name":"Fecal \u2013 Pet Waste Unbagged","olm_key":"pets/dogshit","quantity":1,"picked_up":false}],"groups":["pet_waste"],"has_litter":false,"has_pet_waste":true,"has_substances":false,"zone":"cottonwood_zone_E","zone_edge_m":77.3,"nbhd_edge_m":null}},{"type":"Feature","geometry":{"type":"Point","coordinates":[-122.56002044678,49.206104278564]},"properties":{"id":552528,"datetime":"2026-08-29T17:05:45.000000Z","filename":"https://olm-s3.s3.eu-west-1.amazonaws.com/2026/08/29/mryOyuhRkdopnVnUDNE3hL3nI7KdHVqDw4EBni0x.jpg","tags":[{"type":"standard","category":"pets","item":"dogshit","quantity":1}],"objects":[{"status":"OK","on_map":true,"group":"Fecal","subgroup":"","layer":"Pet Waste Unbagged","full_name":"Fecal \u2013 Pet Waste Unbagged","olm_key":"pets/dogshit","quantity":1,"picked_up":false}],"groups":["pet_waste"],"has_litter":false,"has_pet_waste":true,"has_substances":false,"zone":"cottonwood_zone_E","zone_edge_m":77.3,"nbhd_edge_m":null}},{"type":"Feature","geometry":{"type":"Point","coordinates":[-122.55815887451,49.205982208252]},"properties":{"id":552527,"datetime":"2026-08-29T17:07:09.000000Z","filename":"https://olm-s3.s3.eu-west-1.amazonaws.com/2026/08/29/ktOLmLntuhoCCK0k12jSuY4rpDMSe3lX2RuIFBZ6.jpg","tags":[{"type":"standard","category":"pets","item":"dogshit","quantity":1}],"objects":[{"status":"OK","on_map":true,"group":"Fecal","subgroup":"","layer":"Pet Waste Unbagged","full_name":"Fecal \u2013 Pet Waste Unbagged","olm_key":"pets/dogshit","quantity":1,"picked_up":false}],"groups":["pet_waste"],"has_litter":false,"has_pet_waste":true,"has_substances":false,"zone":"cottonwood_zone_E","zone_edge_m":63.7,"nbhd_edge_m":null}},{"type":"Feature","geometry":{"type":"Point","coordinates":[-122.55664825439,49.206943511963]},"properties":{"id":552526,"datetime":"2026-08-29T17:09:47.000000Z","filename":"https://olm-s3.s3.eu-west-1.amazonaws.com/2026/08/29/OGWWbkLxGGTyUn4uIeXe6NyTmmaDkmRgXpmLNguU.jpg","tags":[{"type":"standard","category":"pets","item":"dogshit","quantity":3}],"objects":[{"status":"OK","on_map":true,"group":"Fecal","subgroup":"","layer":"Pet Waste Unbagged","full_name":"Fecal \u2013 Pet Waste Unbagged","olm_key":"pets/dogshit","quantity":3,"picked_up":false}],"groups":["pet_waste"],"has_litter":false,"has_pet_waste":true,"has_substances":false,"zone":"cottonwood_zone_E","zone_edge_m":47.1,"nbhd_edge_m":null}},{"type":"Feature","geometry":{"type":"Point","coordinates":[-122.55681610107,49.207954406738]},"properties":{"id":552525,"datetime":"2026-08-29T17:11:03.000000Z","filename":"https://olm-s3.s3.eu-west-1.amazonaws.com/2026/08/29/7KEVKKQCutC9WsJKZfti3IzlePCFFUGwJ8jrsBn4.jpg","tags":[{"type":"standard","category":"pets","item":"dogshit_in_bag","quantity":1}],"objects":[{"status":"OK","on_map":true,"group":"Fecal","subgroup":"","layer":"Pet Waste Bagged","full_name":"Fecal \u2013 Pet Waste Bagged","olm_key":"pets/dogshit_in_bag","quantity":1,"picked_up":false}],"groups":["pet_waste"],"has_litter":false,"has_pet_waste":true,"has_substances":false,"zone":"cottonwood_zone_E","zone_edge_m":35.1,"nbhd_edge_m":null}},{"type":"Feature","geometry":{"type":"Point","coordinates":[-122.55681610107,49.207954406738]},"properties":{"id":552524,"datetime":"2026-08-29T17:12:02.000000Z","filename":"https://olm-s3.s3.eu-west-1.amazonaws.com/2026/08/29/ZpW8Z1Kwk4DKltLsXgwNzylHXSFqmJrhqpaJwzB0.jpg","tags":[{"type":"standard","category":"pets","item":"dogshit_in_bag","quantity":1}],"objects":[{"status":"OK","on_map":true,"group":"Fecal","subgroup":"","layer":"Pet Waste Bagged","full_name":"Fecal \u2013 Pet Waste Bagged","olm_key":"pets/dogshit_in_bag","quantity":1,"picked_up":false}],"groups":["pet_waste"],"has_litter":false,"has_pet_waste":true,"has_substances":false,"zone":"cottonwood_zone_E","zone_edge_m":35.1,"nbhd_edge_m":null}},{"type":"Feature","geometry":{"type":"Point","coordinates":[-122.55703735352,49.210250854492]},"properties":{"id":552523,"datetime":"2026-08-29T17:14:50.000000Z","filename":"https://olm-s3.s3.eu-west-1.amazonaws.com/2026/08/29/VNqtywFyzKsiTN4VoTo7clE238LV0HG7qsKpA76K.jpg","tags":[{"type":"standard","category":"pets","item":"dogshit","quantity":1}],"objects":[{"status":"OK","on_map":true,"group":"Fecal","subgroup":"","layer":"Pet Waste Unbagged","full_name":"Fecal \u2013 Pet Waste Unbagged","olm_key":"pets/dogshit","quantity":1,"picked_up":false}],"groups":["pet_waste"],"has_litter":false,"has_pet_waste":true,"has_substances":false,"zone":"cottonwood_zone_C","zone_edge_m":52.4,"nbhd_edge_m":null}},{"type":"Feature","geometry":{"type":"Point","coordinates":[-122.56123352051,49.210231781006]},"properties":{"id":552522,"datetime":"2026-08-29T17:46:01.000000Z","filename":"https://olm-s3.s3.eu-west-1.amazonaws.com/2026/08/29/VJ2YWSJ7nYr6flr28u1dQ8Bqt2IsFKGtmDIfbBde.jpg","tags":[{"type":"standard","category":"food","item":"wrapper","quantity":1},{"type":"material","category":"material","item":"foil","quantity":1,"parent_category":"food","parent_item":"wrapper"},{"type":"material","category":"material","item":"plastic","quantity":1,"parent_category":"food","parent_item":"wrapper"}],"objects":[{"status":"OK","on_map":true,"group":"Convenient Food Drink","subgroup":"Snack","layer":"Foil / Plastic Film Snack Wrapper","full_name":"Convenient Food Drink \u2013 Snack \u2013 Foil / Plastic Film Snack Wrapper","olm_key":"food/wrapper","quantity":1,"picked_up":true}],"groups":["litter"],"has_litter":true,"has_pet_waste":false,"has_substances":false,"zone":"cottonwood_zone_C","zone_edge_m":50.3,"nbhd_edge_m":null}},{"type":"Feature","geometry":{"type":"Point","coordinates":[-122.55993652344,49.210079193115]},"properties":{"id":552521,"datetime":"2026-08-29T17:47:35.000000Z","filename":"https://olm-s3.s3.eu-west-1.amazonaws.com/2026/08/29/lPtY2dTWRGZN5daqXpavXcsTegegnRimRB3SMkTr.jpg","tags":[{"type":"standard","category":"softdrinks","item":"cup","quantity":1},{"type":"standard","category":"softdrinks","item":"lid","quantity":1}],"objects":[{"status":"OK","on_map":true,"group":"Convenient Food Drink","subgroup":"Drink","layer":"Cold Beverage Cup","full_name":"Convenient Food Drink \u2013 Drink \u2013 Cold Beverage Cup","olm_key":"softdrinks/cup","quantity":1,"picked_up":true},{"status":"OK","on_map":true,"group":"Convenient Food Drink","subgroup":"Drink","layer":"Cold Beverage Lid","full_name":"Convenient Food Drink \u2013 Drink \u2013 Cold Beverage Lid","olm_key":"softdrinks/lid","quantity":1,"picked_up":true}],"groups":["litter"],"has_litter":true,"has_pet_waste":false,"has_substances":false,"zone":"cottonwood_zone_C","zone_edge_m":33.3,"nbhd_edge_m":null}},{"type":"Feature","geometry":{"type":"Point","coordinates":[-122.55993652344,49.210079193115]},"properties":{"id":552520,"datetime":"2026-08-29T17:47:44.000000Z","filename":"https://olm-s3.s3.eu-west-1.amazonaws.com/2026/08/29/tM37YCDt0sAhzF6pyQtEnYXbIuc16oTsWqgbCMsh.jpg","tags":[{"type":"standard","category":"softdrinks","item":"cup","quantity":1}],"objects":[{"status":"OK","on_map":true,"group":"Convenient Food Drink","subgroup":"Drink","layer":"Cold Beverage Cup","full_name":"Convenient Food Drink \u2013 Drink \u2013 Cold Beverage Cup","olm_key":"softdrinks/cup","quantity":1,"picked_up":true}],"groups":["litter"],"has_litter":true,"has_pet_waste":false,"has_substances":false,"zone":"cottonwood_zone_C","zone_edge_m":33.3,"nbhd_edge_m":null}},{"type":"Feature","geometry":{"type":"Point","coordinates":[-122.55993652344,49.210079193115]},"properties":{"id":552519,"datetime":"2026-08-29T17:47:52.000000Z","filename":"https://olm-s3.s3.eu-west-1.amazonaws.com/2026/08/29/dmcgpOlJU5p8vBa8zBPGAQra6x9yEuGh7K2XcSMB.jpg","tags":[{"type":"standard","category":"other","item":"plastic","quantity":1}],"objects":[{"status":"OK","on_map":true,"group":"Piece","subgroup":"","layer":"Plastic Piece","full_name":"Piece \u2013 Plastic Piece","olm_key":"other/plastic","quantity":1,"picked_up":true}],"groups":["litter"],"has_litter":true,"has_pet_waste":false,"has_substances":false,"zone":"cottonwood_zone_C","zone_edge_m":33.3,"nbhd_edge_m":null}},{"type":"Feature","geometry":{"type":"Point","coordinates":[-122.55993652344,49.210079193115]},"properties":{"id":552518,"datetime":"2026-08-29T17:48:01.000000Z","filename":"https://olm-s3.s3.eu-west-1.amazonaws.com/2026/08/29/AVpJPNeMh0qJbLlN9LMTJSCiWsPKehKBDO4q7WLm.jpg","tags":[{"type":"standard","category":"other","item":"plastic","quantity":1}],"objects":[{"status":"OK","on_map":true,"group":"Piece","subgroup":"","layer":"Plastic Piece","full_name":"Piece \u2013 Plastic Piece","olm_key":"other/plastic","quantity":1,"picked_up":true}],"groups":["litter"],"has_litter":true,"has_pet_waste":false,"has_substances":false,"zone":"cottonwood_zone_C","zone_edge_m":33.3,"nbhd_edge_m":null}},{"type":"Feature","geometry":{"type":"Point","coordinates":[-122.55993652344,49.210079193115]},"properties":{"id":552517,"datetime":"2026-08-29T17:49:53.000000Z","filename":"https://olm-s3.s3.eu-west-1.amazonaws.com/2026/08/29/e2KubPS4DVhyYHLQ9OWKOtXtO1HHO15hzNmvapP4.jpg","tags":[{"type":"standard","category":"smoking","item":"butts","quantity":1},{"type":"standard","category":"smoking","item":"packaging","quantity":1}],"objects":[{"status":"OK","on_map":true,"group":"Smoking","subgroup":"","layer":"Cigarette Butts","full_name":"Smoking \u2013 Cigarette Butts","olm_key":"smoking/butts","quantity":1,"picked_up":true},{"status":"OK","on_map":true,"group":"Smoking","subgroup":"","layer":"Nicotine Packaging","full_name":"Smoking \u2013 Nicotine Packaging","olm_key":"smoking/packaging","quantity":1,"picked_up":true}],"groups":["substances"],"has_litter":false,"has_pet_waste":false,"has_substances":true,"zone":"cottonwood_zone_C","zone_edge_m":33.3,"nbhd_edge_m":null}},{"type":"Feature","geometry":{"type":"Point","coordinates":[-122.55993652344,49.210079193115]},"properties":{"id":552516,"datetime":"2026-08-29T17:50:08.000000Z","filename":"https://olm-s3.s3.eu-west-1.amazonaws.com/2026/08/29/0833jXcqxCiRpjUlvVZW9sCbklukPUI8fYtgizya.jpg","tags":[{"type":"standard","category":"smoking","item":"butts","quantity":1}],"objects":[{"status":"OK","on_map":true,"group":"Smoking","subgroup":"","layer":"Cigarette Butts","full_name":"Smoking \u2013 Cigarette Butts","olm_key":"smoking/butts","quantity":1,"picked_up":true}],"groups":["substances"],"has_litter":false,"has_pet_waste":false,"has_substances":true,"zone":"cottonwood_zone_C","zone_edge_m":33.3,"nbhd_edge_m":null}},{"type":"Feature","geometry":{"type":"Point","coordinates":[-122.55993652344,49.210079193115]},"properties":{"id":552515,"datetime":"2026-08-29T17:50:39.000000Z","filename":"https://olm-s3.s3.eu-west-1.amazonaws.com/2026/08/29/ZHVDfIIes2zvLbyPvsOtwVJYQkbCC7etoUTCnaqY.jpg","tags":[{"type":"standard","category":"food","item":"packaging","quantity":1}],"objects":[{"status":"OK","on_map":true,"group":"Convenient Food Drink","subgroup":"Take-out","layer":"Food Packaging","full_name":"Convenient Food Drink \u2013 Take-out \u2013 Food Packaging","olm_key":"food/packaging","quantity":1,"picked_up":true}],"groups":["litter"],"has_litter":true,"has_pet_waste":false,"has_substances":false,"zone":"cottonwood_zone_C","zone_edge_m":33.3,"nbhd_edge_m":null}},{"type":"Feature","geometry":{"type":"Point","coordinates":[-122.55993652344,49.210079193115]},"properties":{"id":552514,"datetime":"2026-08-29T17:50:55.000000Z","filename":"https://olm-s3.s3.eu-west-1.amazonaws.com/2026/08/29/sIDKOmpPOZUZIqJPbHyxyk8rPkqASAUrFKxOKM0z.jpg","tags":[{"type":"standard","category":"food","item":"packaging","quantity":1}],"objects":[{"status":"OK","on_map":true,"group":"Convenient Food Drink","subgroup":"Take-out","layer":"Food Packaging","full_name":"Convenient Food Drink \u2013 Take-out \u2013 Food Packaging","olm_key":"food/packaging","quantity":1,"picked_up":true}],"groups":["litter"],"has_litter":true,"has_pet_waste":false,"has_substances":false,"zone":"cottonwood_zone_C","zone_edge_m":33.3,"nbhd_edge_m":null}},{"type":"Feature","geometry":{"type":"Point","coordinates":[-122.55993652344,49.210079193115]},"properties":{"id":552513,"datetime":"2026-08-29T17:51:15.000000Z","filename":"https://olm-s3.s3.eu-west-1.amazonaws.com/2026/08/29/KKPayaMAfQZxvmVLfXPt8kxugR5TRpJ5xzLxr2ty.jpg","tags":[{"type":"standard","category":"other","item":"paper","quantity":1},{"type":"material","category":"material","item":"paper","quantity":1,"parent_category":"other","parent_item":"paper"}],"objects":[{"status":"OK","on_map":true,"group":"Piece","subgroup":"","layer":"Paper Piece","full_name":"Piece \u2013 Paper Piece","olm_key":"other/paper","quantity":1,"picked_up":true}],"groups":["litter"],"has_litter":true,"has_pet_waste":false,"has_substances":false,"zone":"cottonwood_zone_C","zone_edge_m":33.3,"nbhd_edge_m":null}},{"type":"Feature","geometry":{"type":"Point","coordinates":[-122.55993652344,49.210079193115]},"properties":{"id":552512,"datetime":"2026-08-29T17:51:23.000000Z","filename":"https://olm-s3.s3.eu-west-1.amazonaws.com/2026/08/29/0CM25XaxBRCpaEdviBjonNfCeAA2dPrMJTqZbJRZ.jpg","tags":[{"type":"standard","category":"other","item":"paper","quantity":1},{"type":"material","category":"material","item":"paper","quantity":1,"parent_category":"other","parent_item":"paper"}],"objects":[{"status":"OK","on_map":true,"group":"Piece","subgroup":"","layer":"Paper Piece","full_name":"Piece \u2013 Paper Piece","olm_key":"other/paper","quantity":1,"picked_up":true}],"groups":["litter"],"has_litter":true,"has_pet_waste":false,"has_substances":false,"zone":"cottonwood_zone_C","zone_edge_m":33.3,"nbhd_edge_m":null}},{"type":"Feature","geometry":{"type":"Point","coordinates":[-122.55686187744,49.209533691406]},"properties":{"id":552511,"datetime":"2026-08-29T17:51:36.000000Z","filename":"https://olm-s3.s3.eu-west-1.amazonaws.com/2026/08/29/vzsYyn1n1sD8xkYYFnHjC7fr1IktMAS7O64gahfn.jpg","tags":[{"type":"standard","category":"other","item":"plastic","quantity":1}],"objects":[{"status":"OK","on_map":true,"group":"Piece","subgroup":"","layer":"Plastic Piece","full_name":"Piece \u2013 Plastic Piece","olm_key":"other/plastic","quantity":1,"picked_up":true}],"groups":["litter"],"has_litter":true,"has_pet_waste":false,"has_substances":false,"zone":"cottonwood_zone_D","zone_edge_m":27.4,"nbhd_edge_m":null}},{"type":"Feature","geometry":{"type":"Point","coordinates":[-122.55684661865,49.209529876709]},"properties":{"id":552510,"datetime":"2026-08-29T17:51:45.000000Z","filename":"https://olm-s3.s3.eu-west-1.amazonaws.com/2026/08/29/BlqHzIgNUTaBVG9fv9jxsfdHMWXqqNNHoFvilwZK.jpg","tags":[{"type":"standard","category":"smoking","item":"butts","quantity":1}],"objects":[{"status":"OK","on_map":true,"group":"Smoking","subgroup":"","layer":"Cigarette Butts","full_name":"Smoking \u2013 Cigarette Butts","olm_key":"smoking/butts","quantity":1,"picked_up":true}],"groups":["substances"],"has_litter":false,"has_pet_waste":false,"has_substances":true,"zone":"cottonwood_zone_D","zone_edge_m":27.8,"nbhd_edge_m":null}},{"type":"Feature","geometry":{"type":"Point","coordinates":[-122.55686950684,49.209499359131]},"properties":{"id":552509,"datetime":"2026-08-29T17:51:53.000000Z","filename":"https://olm-s3.s3.eu-west-1.amazonaws.com/2026/08/29/xX3b31dHF0mqhewmxo8jFq6z0MIdBsS7RA8Zt3Wj.jpg","tags":[{"type":"standard","category":"smoking","item":"butts","quantity":1}],"objects":[{"status":"OK","on_map":true,"group":"Smoking","subgroup":"","layer":"Cigarette Butts","full_name":"Smoking \u2013 Cigarette Butts","olm_key":"smoking/butts","quantity":1,"picked_up":true}],"groups":["substances"],"has_litter":false,"has_pet_waste":false,"has_substances":true,"zone":"cottonwood_zone_D","zone_edge_m":31.2,"nbhd_edge_m":null}},{"type":"Feature","geometry":{"type":"Point","coordinates":[-122.55687713623,49.209529876709]},"properties":{"id":552508,"datetime":"2026-08-29T17:52:03.000000Z","filename":"https://olm-s3.s3.eu-west-1.amazonaws.com/2026/08/29/0T6PdybNyhBJrInyT420K3dYIdGUdaLczVE00WsL.jpg","tags":[{"type":"standard","category":"food","item":"wrapper","quantity":1},{"type":"material","category":"material","item":"foil","quantity":1,"parent_category":"food","parent_item":"wrapper"},{"type":"material","category":"material","item":"plastic","quantity":1,"parent_category":"food","parent_item":"wrapper"},{"type":"standard","category":"smoking","item":"butts","quantity":2}],"objects":[{"status":"OK","on_map":true,"group":"Convenient Food Drink","subgroup":"Snack","layer":"Foil / Plastic Film Snack Wrapper","full_name":"Convenient Food Drink \u2013 Snack \u2013 Foil / Plastic Film Snack Wrapper","olm_key":"food/wrapper","quantity":1,"picked_up":true},{"status":"OK","on_map":true,"group":"Smoking","subgroup":"","layer":"Cigarette Butts","full_name":"Smoking \u2013 Cigarette Butts","olm_key":"smoking/butts","quantity":2,"picked_up":true}],"groups":["litter","substances"],"has_litter":true,"has_pet_waste":false,"has_substances":true,"zone":"cottonwood_zone_D","zone_edge_m":27.8,"nbhd_edge_m":null}},{"type":"Feature","geometry":{"type":"Point","coordinates":[-122.55687713623,49.209529876709]},"properties":{"id":552507,"datetime":"2026-08-29T17:52:20.000000Z","filename":"https://olm-s3.s3.eu-west-1.amazonaws.com/2026/08/29/xRcRGkZEDgBOc9OcQrKAoVyCqbnhZcapX8NhzAyS.jpg","tags":[{"type":"standard","category":"softdrinks","item":"straw","quantity":1}],"objects":[{"status":"OK","on_map":true,"group":"Convenient Food Drink","subgroup":"Drink","layer":"Paper Drink Straws","full_name":"Convenient Food Drink \u2013 Drink \u2013 Paper Drink Straws","olm_key":"softdrinks/straw","quantity":1,"picked_up":true}],"groups":["litter"],"has_litter":true,"has_pet_waste":false,"has_substances":false,"zone":"cottonwood_zone_D","zone_edge_m":27.8,"nbhd_edge_m":null}},{"type":"Feature","geometry":{"type":"Point","coordinates":[-122.55687713623,49.209529876709]},"properties":{"id":552506,"datetime":"2026-08-29T17:52:39.000000Z","filename":"https://olm-s3.s3.eu-west-1.amazonaws.com/2026/08/29/ciOK8Ge1m5C5xtf26Uyw6sCz5XCicNrNEmt5E69i.jpg","tags":[{"type":"standard","category":"food","item":"bag","quantity":1},{"type":"standard","category":"other","item":"plastic","quantity":1}],"objects":[{"status":"OK","on_map":true,"group":"Household","subgroup":"","layer":"Plastic (#4) or Paper Food Bag","full_name":"Household \u2013 Plastic (#4) or Paper Food Bag","olm_key":"food/bag","quantity":1,"picked_up":true},{"status":"OK","on_map":true,"group":"Piece","subgroup":"","layer":"Plastic Piece","full_name":"Piece \u2013 Plastic Piece","olm_key":"other/plastic","quantity":1,"picked_up":true}],"groups":["litter"],"has_litter":true,"has_pet_waste":false,"has_substances":false,"zone":"cottonwood_zone_D","zone_edge_m":27.8,"nbhd_edge_m":null}},{"type":"Feature","geometry":{"type":"Point","coordinates":[-122.55687713623,49.209529876709]},"properties":{"id":552505,"datetime":"2026-08-29T17:52:56.000000Z","filename":"https://olm-s3.s3.eu-west-1.amazonaws.com/2026/08/29/EnNNzdxwXuGcyREiizNzbSCfNonGsMDeS738KCMg.jpg","tags":[{"type":"standard","category":"other","item":"plastic","quantity":1}],"objects":[{"status":"OK","on_map":true,"group":"Piece","subgroup":"","layer":"Plastic Piece","full_name":"Piece \u2013 Plastic Piece","olm_key":"other/plastic","quantity":1,"picked_up":true}],"groups":["litter"],"has_litter":true,"has_pet_waste":false,"has_substances":false,"zone":"cottonwood_zone_D","zone_edge_m":27.8,"nbhd_edge_m":null}},{"type":"Feature","geometry":{"type":"Point","coordinates":[-122.55687713623,49.209529876709]},"properties":{"id":552504,"datetime":"2026-08-29T17:53:07.000000Z","filename":"https://olm-s3.s3.eu-west-1.amazonaws.com/2026/08/29/khuc9s3AbfHc9QqwV68q1YmVLowBa6qV9zVZpztJ.jpg","tags":[{"type":"standard","category":"softdrinks","item":"straw","quantity":1}],"objects":[{"status":"OK","on_map":true,"group":"Convenient Food Drink","subgroup":"Drink","layer":"Paper Drink Straws","full_name":"Convenient Food Drink \u2013 Drink \u2013 Paper Drink Straws","olm_key":"softdrinks/straw","quantity":1,"picked_up":true}],"groups":["litter"],"has_litter":true,"has_pet_waste":false,"has_substances":false,"zone":"cottonwood_zone_D","zone_edge_m":27.8,"nbhd_edge_m":null}},{"type":"Feature","geometry":{"type":"Point","coordinates":[-122.55687713623,49.209529876709]},"properties":{"id":552503,"datetime":"2026-08-29T17:53:17.000000Z","filename":"https://olm-s3.s3.eu-west-1.amazonaws.com/2026/08/29/iK32FWAcTpYcJB64mAVDjTIUkyLdZa5GFZ9wbJoH.jpg","tags":[{"type":"standard","category":"food","item":"wrapper","quantity":1},{"type":"material","category":"material","item":"foil","quantity":1,"parent_category":"food","parent_item":"wrapper"},{"type":"material","category":"material","item":"plastic","quantity":1,"parent_category":"food","parent_item":"wrapper"}],"objects":[{"status":"OK","on_map":true,"group":"Convenient Food Drink","subgroup":"Snack","layer":"Foil / Plastic Film Snack Wrapper","full_name":"Convenient Food Drink \u2013 Snack \u2013 Foil / Plastic Film Snack Wrapper","olm_key":"food/wrapper","quantity":1,"picked_up":true}],"groups":["litter"],"has_litter":true,"has_pet_waste":false,"has_substances":false,"zone":"cottonwood_zone_D","zone_edge_m":27.8,"nbhd_edge_m":null}},{"type":"Feature","geometry":{"type":"Point","coordinates":[-122.55687713623,49.209529876709]},"properties":{"id":552502,"datetime":"2026-08-29T17:53:36.000000Z","filename":"https://olm-s3.s3.eu-west-1.amazonaws.com/2026/08/29/RTaUOZMZNoJQgYGQOXYdruqwH2qxrjkcKQt0Ol1e.jpg","tags":[{"type":"standard","category":"food","item":"bag","quantity":1}],"objects":[{"status":"OK","on_map":true,"group":"Household","subgroup":"","layer":"Plastic (#4) or Paper Food Bag","full_name":"Household \u2013 Plastic (#4) or Paper Food Bag","olm_key":"food/bag","quantity":1,"picked_up":true}],"groups":["litter"],"has_litter":true,"has_pet_waste":false,"has_substances":false,"zone":"cottonwood_zone_D","zone_edge_m":27.8,"nbhd_edge_m":null}},{"type":"Feature","geometry":{"type":"Point","coordinates":[-122.55687713623,49.209529876709]},"properties":{"id":552501,"datetime":"2026-08-29T17:53:48.000000Z","filename":"https://olm-s3.s3.eu-west-1.amazonaws.com/2026/08/29/y2qcxcnZWOvCIXDIfP0oDsg3oLalnaXTJbqal3SM.jpg","tags":[{"type":"standard","category":"food","item":"container","quantity":1},{"type":"custom_tag","category":"custom_tag","item":"milk","quantity":1,"parent_category":"food","parent_item":"container"}],"objects":[{"status":"OK","on_map":true,"group":"Household","subgroup":"","layer":"Food Container - Plastic, Paper, Foam","full_name":"Household \u2013 Food Container - Plastic, Paper, Foam","olm_key":"food/container","quantity":1,"picked_up":true}],"groups":["litter"],"has_litter":true,"has_pet_waste":false,"has_substances":false,"zone":"cottonwood_zone_D","zone_edge_m":27.8,"nbhd_edge_m":null}},{"type":"Feature","geometry":{"type":"Point","coordinates":[-122.55687713623,49.209529876709]},"properties":{"id":552500,"datetime":"2026-08-29T17:54:12.000000Z","filename":"https://olm-s3.s3.eu-west-1.amazonaws.com/2026/08/29/coexOY9mtAYYZQU1ctAjig2hD50pFqzaMksq6ZOp.jpg","tags":[{"type":"standard","category":"other","item":"plastic","quantity":1},{"type":"standard","category":"softdrinks","item":"cup","quantity":1,"object_type":"soda"},{"type":"standard","category":"softdrinks","item":"lid","quantity":1}],"objects":[{"status":"OK","on_map":true,"group":"Piece","subgroup":"","layer":"Plastic Piece","full_name":"Piece \u2013 Plastic Piece","olm_key":"other/plastic","quantity":1,"picked_up":true},{"status":"OK","on_map":true,"group":"Convenient Food Drink","subgroup":"Drink","layer":"Cold Beverage Cup","full_name":"Convenient Food Drink \u2013 Drink \u2013 Cold Beverage Cup","olm_key":"softdrinks/cup","quantity":1,"picked_up":true},{"status":"OK","on_map":true,"group":"Convenient Food Drink","subgroup":"Drink","layer":"Cold Beverage Lid","full_name":"Convenient Food Drink \u2013 Drink \u2013 Cold Beverage Lid","olm_key":"softdrinks/lid","quantity":1,"picked_up":true}],"groups":["litter"],"has_litter":true,"has_pet_waste":false,"has_substances":false,"zone":"cottonwood_zone_D","zone_edge_m":27.8,"nbhd_edge_m":null}},{"type":"Feature","geometry":{"type":"Point","coordinates":[-122.55687713623,49.209529876709]},"properties":{"id":552499,"datetime":"2026-08-29T17:54:32.000000Z","filename":"https://olm-s3.s3.eu-west-1.amazonaws.com/2026/08/29/9jvOcxmZOyIi2aHDFjG3e1afkErIHm1NZQ984SU5.jpg","tags":[{"type":"standard","category":"softdrinks","item":"straw","quantity":1}],"objects":[{"status":"OK","on_map":true,"group":"Convenient Food Drink","subgroup":"Drink","layer":"Paper Drink Straws","full_name":"Convenient Food Drink \u2013 Drink \u2013 Paper Drink Straws","olm_key":"softdrinks/straw","quantity":1,"picked_up":true}],"groups":["litter"],"has_litter":true,"has_pet_waste":false,"has_substances":false,"zone":"cottonwood_zone_D","zone_edge_m":27.8,"nbhd_edge_m":null}},{"type":"Feature","geometry":{"type":"Point","coordinates":[-122.55687713623,49.209529876709]},"properties":{"id":552498,"datetime":"2026-08-29T17:54:43.000000Z","filename":"https://olm-s3.s3.eu-west-1.amazonaws.com/2026/08/29/g7EHPxfh0cefHQ8eA9zGYG5uC5n3N0vpqg10sgxA.jpg","tags":[{"type":"standard","category":"other","item":"paper","quantity":1},{"type":"material","category":"material","item":"paper","quantity":1,"parent_category":"other","parent_item":"paper"}],"objects":[{"status":"OK","on_map":true,"group":"Piece","subgroup":"","layer":"Paper Piece","full_name":"Piece \u2013 Paper Piece","olm_key":"other/paper","quantity":1,"picked_up":true}],"groups":["litter"],"has_litter":true,"has_pet_waste":false,"has_substances":false,"zone":"cottonwood_zone_D","zone_edge_m":27.8,"nbhd_edge_m":null}},{"type":"Feature","geometry":{"type":"Point","coordinates":[-122.55687713623,49.209529876709]},"properties":{"id":552497,"datetime":"2026-08-29T17:54:47.000000Z","filename":"https://olm-s3.s3.eu-west-1.amazonaws.com/2026/08/29/DMCmFMTgKY91mmSDnBScpM4ekSur0eDAsHLY0tGt.jpg","tags":[{"type":"standard","category":"pets","item":"dogshit_in_bag","quantity":1},{"type":"standard","category":"smoking","item":"butts","quantity":3}],"objects":[{"status":"OK","on_map":true,"group":"Fecal","subgroup":"","layer":"Pet Waste Bagged","full_name":"Fecal \u2013 Pet Waste Bagged","olm_key":"pets/dogshit_in_bag","quantity":1,"picked_up":false},{"status":"OK","on_map":true,"group":"Smoking","subgroup":"","layer":"Cigarette Butts","full_name":"Smoking \u2013 Cigarette Butts","olm_key":"smoking/butts","quantity":3,"picked_up":true}],"groups":["pet_waste","substances"],"has_litter":false,"has_pet_waste":true,"has_substances":true,"zone":"cottonwood_zone_D","zone_edge_m":27.8,"nbhd_edge_m":null}},{"type":"Feature","geometry":{"type":"Point","coordinates":[-122.55687713623,49.209529876709]},"properties":{"id":552496,"datetime":"2026-08-29T17:55:03.000000Z","filename":"https://olm-s3.s3.eu-west-1.amazonaws.com/2026/08/29/VEflvIUc9mTknp5CsWswjkiVLlOpX4WEwe7qJXlE.jpg","tags":[{"type":"standard","category":"other","item":"plastic","quantity":1},{"type":"standard","category":"smoking","item":"butts","quantity":5},{"type":"standard","category":"softdrinks","item":"straw_wrapper","quantity":1}],"objects":[{"status":"OK","on_map":true,"group":"Piece","subgroup":"","layer":"Plastic Piece","full_name":"Piece \u2013 Plastic Piece","olm_key":"other/plastic","quantity":1,"picked_up":true},{"status":"OK","on_map":true,"group":"Smoking","subgroup":"","layer":"Cigarette Butts","full_name":"Smoking \u2013 Cigarette Butts","olm_key":"smoking/butts","quantity":5,"picked_up":true},{"status":"OK","on_map":true,"group":"Convenient Food Drink","subgroup":"Drink","layer":"Drink Straw Wrapper","full_name":"Convenient Food Drink \u2013 Drink \u2013 Drink Straw Wrapper","olm_key":"softdrinks/straw_wrapper","quantity":1,"picked_up":true}],"groups":["litter","substances"],"has_litter":true,"has_pet_waste":false,"has_substances":true,"zone":"cottonwood_zone_D","zone_edge_m":27.8,"nbhd_edge_m":null}},{"type":"Feature","geometry":{"type":"Point","coordinates":[-122.55687713623,49.209529876709]},"properties":{"id":552495,"datetime":"2026-08-29T17:55:14.000000Z","filename":"https://olm-s3.s3.eu-west-1.amazonaws.com/2026/08/29/JeuIPAePf19SOfVU8BMWb7M22OQWUxZltbucsE08.jpg","tags":[{"type":"standard","category":"other","item":"paper","quantity":2},{"type":"material","category":"material","item":"paper","quantity":1,"parent_category":"other","parent_item":"paper"}],"objects":[{"status":"OK","on_map":true,"group":"Piece","subgroup":"","layer":"Paper Piece","full_name":"Piece \u2013 Paper Piece","olm_key":"other/paper","quantity":2,"picked_up":true}],"groups":["litter"],"has_litter":true,"has_pet_waste":false,"has_substances":false,"zone":"cottonwood_zone_D","zone_edge_m":27.8,"nbhd_edge_m":null}},{"type":"Feature","geometry":{"type":"Point","coordinates":[-122.55687713623,49.209529876709]},"properties":{"id":552494,"datetime":"2026-08-29T17:55:33.000000Z","filename":"https://olm-s3.s3.eu-west-1.amazonaws.com/2026/08/29/iB1kQvXOhuiwbJDQz2TS4NQga2TB3hHLQaxcKnih.jpg","tags":[{"type":"standard","category":"other","item":"plastic","quantity":4},{"type":"standard","category":"smoking","item":"butts","quantity":10}],"objects":[{"status":"OK","on_map":true,"group":"Piece","subgroup":"","layer":"Plastic Piece","full_name":"Piece \u2013 Plastic Piece","olm_key":"other/plastic","quantity":4,"picked_up":true},{"status":"OK","on_map":true,"group":"Smoking","subgroup":"","layer":"Cigarette Butts","full_name":"Smoking \u2013 Cigarette Butts","olm_key":"smoking/butts","quantity":10,"picked_up":true}],"groups":["litter","substances"],"has_litter":true,"has_pet_waste":false,"has_substances":true,"zone":"cottonwood_zone_D","zone_edge_m":27.8,"nbhd_edge_m":null}},{"type":"Feature","geometry":{"type":"Point","coordinates":[-122.55699920654,49.209144592285]},"properties":{"id":552493,"datetime":"2026-08-29T17:56:35.000000Z","filename":"https://olm-s3.s3.eu-west-1.amazonaws.com/2026/08/29/sn8gs52XLE4XxIWc0bNqp7a7O64pJntR7mF17CoO.jpg","tags":[{"type":"standard","category":"other","item":"paper","quantity":1},{"type":"material","category":"material","item":"paper","quantity":1,"parent_category":"other","parent_item":"paper"}],"objects":[{"status":"OK","on_map":true,"group":"Piece","subgroup":"","layer":"Paper Piece","full_name":"Piece \u2013 Paper Piece","olm_key":"other/paper","quantity":1,"picked_up":true}],"groups":["litter"],"has_litter":true,"has_pet_waste":false,"has_substances":false,"zone":"cottonwood_zone_D","zone_edge_m":70.7,"nbhd_edge_m":null}},{"type":"Feature","geometry":{"type":"Point","coordinates":[-122.55699920654,49.209144592285]},"properties":{"id":552492,"datetime":"2026-08-29T17:56:46.000000Z","filename":"https://olm-s3.s3.eu-west-1.amazonaws.com/2026/08/29/3JgchkxI410AKgj3eS1h2G1pnkDZ3oY0YMDuKYL5.jpg","tags":[{"type":"standard","category":"other","item":"plastic","quantity":1},{"type":"standard","category":"other","item":"paper","quantity":2},{"type":"material","category":"material","item":"paper","quantity":1,"parent_category":"other","parent_item":"paper"}],"objects":[{"status":"OK","on_map":true,"group":"Piece","subgroup":"","layer":"Plastic Piece","full_name":"Piece \u2013 Plastic Piece","olm_key":"other/plastic","quantity":1,"picked_up":true},{"status":"OK","on_map":true,"group":"Piece","subgroup":"","layer":"Paper Piece","full_name":"Piece \u2013 Paper Piece","olm_key":"other/paper","quantity":2,"picked_up":true}],"groups":["litter"],"has_litter":true,"has_pet_waste":false,"has_substances":false,"zone":"cottonwood_zone_D","zone_edge_m":70.7,"nbhd_edge_m":null}},{"type":"Feature","geometry":{"type":"Point","coordinates":[-122.55699920654,49.209144592285]},"properties":{"id":552491,"datetime":"2026-08-29T17:57:05.000000Z","filename":"https://olm-s3.s3.eu-west-1.amazonaws.com/2026/08/29/na8A6XvvqzzkDELahoWOq47IJkiX2P4L0d4Pkwpe.jpg","tags":[{"type":"standard","category":"food","item":"packaging","quantity":1},{"type":"standard","category":"other","item":"paper","quantity":1},{"type":"material","category":"material","item":"paper","quantity":1,"parent_category":"other","parent_item":"paper"}],"objects":[{"status":"OK","on_map":true,"group":"Convenient Food Drink","subgroup":"Take-out","layer":"Food Packaging","full_name":"Convenient Food Drink \u2013 Take-out \u2013 Food Packaging","olm_key":"food/packaging","quantity":1,"picked_up":true},{"status":"OK","on_map":true,"group":"Piece","subgroup":"","layer":"Paper Piece","full_name":"Piece \u2013 Paper Piece","olm_key":"other/paper","quantity":1,"picked_up":true}],"groups":["litter"],"has_litter":true,"has_pet_waste":false,"has_substances":false,"zone":"cottonwood_zone_D","zone_edge_m":70.7,"nbhd_edge_m":null}},{"type":"Feature","geometry":{"type":"Point","coordinates":[-122.55699920654,49.209144592285]},"properties":{"id":552490,"datetime":"2026-08-29T17:57:14.000000Z","filename":"https://olm-s3.s3.eu-west-1.amazonaws.com/2026/08/29/lRpFYSYHFkoftTnrk7JbjhxRhEknea5OpfH9ND6M.jpg","tags":[{"type":"standard","category":"pets","item":"dogshit","quantity":1}],"objects":[{"status":"OK","on_map":true,"group":"Fecal","subgroup":"","layer":"Pet Waste Unbagged","full_name":"Fecal \u2013 Pet Waste Unbagged","olm_key":"pets/dogshit","quantity":1,"picked_up":false}],"groups":["pet_waste"],"has_litter":false,"has_pet_waste":true,"has_substances":false,"zone":"cottonwood_zone_D","zone_edge_m":70.7,"nbhd_edge_m":null}},{"type":"Feature","geometry":{"type":"Point","coordinates":[-122.55699920654,49.209144592285]},"properties":{"id":552489,"datetime":"2026-08-29T17:57:21.000000Z","filename":"https://olm-s3.s3.eu-west-1.amazonaws.com/2026/08/29/pkxA6gzNYzfKpuZIezPQAHbtC8pZDRXrKCqLoHFz.jpg","tags":[{"type":"standard","category":"softdrinks","item":"straw_wrapper","quantity":1}],"objects":[{"status":"OK","on_map":true,"group":"Convenient Food Drink","subgroup":"Drink","layer":"Drink Straw Wrapper","full_name":"Convenient Food Drink \u2013 Drink \u2013 Drink Straw Wrapper","olm_key":"softdrinks/straw_wrapper","quantity":1,"picked_up":true}],"groups":["litter"],"has_litter":true,"has_pet_waste":false,"has_substances":false,"zone":"cottonwood_zone_D","zone_edge_m":70.7,"nbhd_edge_m":null}},{"type":"Feature","geometry":{"type":"Point","coordinates":[-122.55699920654,49.209144592285]},"properties":{"id":552488,"datetime":"2026-08-29T17:57:34.000000Z","filename":"https://olm-s3.s3.eu-west-1.amazonaws.com/2026/08/29/MdXdQSXEXurcbLDjBVWVeYycqzHplTj5mAEIZ8zq.jpg","tags":[{"type":"standard","category":"other","item":"plastic","quantity":1}],"objects":[{"status":"OK","on_map":true,"group":"Piece","subgroup":"","layer":"Plastic Piece","full_name":"Piece \u2013 Plastic Piece","olm_key":"other/plastic","quantity":1,"picked_up":true}],"groups":["litter"],"has_litter":true,"has_pet_waste":false,"has_substances":false,"zone":"cottonwood_zone_D","zone_edge_m":70.7,"nbhd_edge_m":null}},{"type":"Feature","geometry":{"type":"Point","coordinates":[-122.55699920654,49.209144592285]},"properties":{"id":552487,"datetime":"2026-08-29T17:57:39.000000Z","filename":"https://olm-s3.s3.eu-west-1.amazonaws.com/2026/08/29/P4zBtfawLVodvIlq7mpYrf9OhSONrFU6QfhpWHIS.jpg","tags":[{"type":"standard","category":"other","item":"paper","quantity":2},{"type":"material","category":"material","item":"paper","quantity":1,"parent_category":"other","parent_item":"paper"}],"objects":[{"status":"OK","on_map":true,"group":"Piece","subgroup":"","layer":"Paper Piece","full_name":"Piece \u2013 Paper Piece","olm_key":"other/paper","quantity":2,"picked_up":true}],"groups":["litter"],"has_litter":true,"has_pet_waste":false,"has_substances":false,"zone":"cottonwood_zone_D","zone_edge_m":70.7,"nbhd_edge_m":null}},{"type":"Feature","geometry":{"type":"Point","coordinates":[-122.55699920654,49.209144592285]},"properties":{"id":552486,"datetime":"2026-08-29T17:57:47.000000Z","filename":"https://olm-s3.s3.eu-west-1.amazonaws.com/2026/08/29/m39sCgFQGoy2kPwS1LpBee0Ilfhml3lHF6UyNtNT.jpg","tags":[{"type":"standard","category":"food","item":"wrapper","quantity":2},{"type":"material","category":"material","item":"plastic","quantity":1,"parent_category":"food","parent_item":"wrapper"},{"type":"standard","category":"softdrinks","item":"cup","quantity":1,"object_type":"soda"}],"objects":[{"status":"OK","on_map":true,"group":"Convenient Food Drink","subgroup":"Snack","layer":"Foil / Plastic Film Snack Wrapper","full_name":"Convenient Food Drink \u2013 Snack \u2013 Foil / Plastic Film Snack Wrapper","olm_key":"food/wrapper","quantity":2,"picked_up":true},{"status":"OK","on_map":true,"group":"Convenient Food Drink","subgroup":"Drink","layer":"Cold Beverage Cup","full_name":"Convenient Food Drink \u2013 Drink \u2013 Cold Beverage Cup","olm_key":"softdrinks/cup","quantity":1,"picked_up":true}],"groups":["litter"],"has_litter":true,"has_pet_waste":false,"has_substances":false,"zone":"cottonwood_zone_D","zone_edge_m":70.7,"nbhd_edge_m":null}},{"type":"Feature","geometry":{"type":"Point","coordinates":[-122.55699920654,49.209144592285]},"properties":{"id":552485,"datetime":"2026-08-29T17:58:04.000000Z","filename":"https://olm-s3.s3.eu-west-1.amazonaws.com/2026/08/29/4YAGX02W82LaCV18YdssO4DrtuuCfbInNQGXLx5o.jpg","tags":[{"type":"standard","category":"softdrinks","item":"lid","quantity":1}],"objects":[{"status":"OK","on_map":true,"group":"Convenient Food Drink","subgroup":"Drink","layer":"Cold Beverage Lid","full_name":"Convenient Food Drink \u2013 Drink \u2013 Cold Beverage Lid","olm_key":"softdrinks/lid","quantity":1,"picked_up":true}],"groups":["litter"],"has_litter":true,"has_pet_waste":false,"has_substances":false,"zone":"cottonwood_zone_D","zone_edge_m":70.7,"nbhd_edge_m":null}},{"type":"Feature","geometry":{"type":"Point","coordinates":[-122.55699920654,49.209144592285]},"properties":{"id":552484,"datetime":"2026-08-29T17:58:16.000000Z","filename":"https://olm-s3.s3.eu-west-1.amazonaws.com/2026/08/29/ViY1aP9Prm5F38agqmHRI0xt1jOUzbnN56aubIlE.jpg","tags":[{"type":"standard","category":"marine","item":"polystyrene_fragment","quantity":1}],"objects":[{"status":"OK","on_map":true,"group":"Piece","subgroup":"","layer":"Styrofoam Piece","full_name":"Piece \u2013 Styrofoam Piece","olm_key":"marine/polystyrene_fragment","quantity":1,"picked_up":true}],"groups":["litter"],"has_litter":true,"has_pet_waste":false,"has_substances":false,"zone":"cottonwood_zone_D","zone_edge_m":70.7,"nbhd_edge_m":null}},{"type":"Feature","geometry":{"type":"Point","coordinates":[-122.55699920654,49.209144592285]},"properties":{"id":552483,"datetime":"2026-08-29T17:58:23.000000Z","filename":"https://olm-s3.s3.eu-west-1.amazonaws.com/2026/08/29/4J9Sep7R0GUuVb0wX3Vqbwj2NQ4Puc3gbJkqQBnE.jpg","tags":[{"type":"standard","category":"other","item":"paper","quantity":1},{"type":"material","category":"material","item":"paper","quantity":1,"parent_category":"other","parent_item":"paper"}],"objects":[{"status":"OK","on_map":true,"group":"Piece","subgroup":"","layer":"Paper Piece","full_name":"Piece \u2013 Paper Piece","olm_key":"other/paper","quantity":1,"picked_up":true}],"groups":["litter"],"has_litter":true,"has_pet_waste":false,"has_substances":false,"zone":"cottonwood_zone_D","zone_edge_m":70.7,"nbhd_edge_m":null}},{"type":"Feature","geometry":{"type":"Point","coordinates":[-122.55699920654,49.209144592285]},"properties":{"id":552482,"datetime":"2026-08-29T17:58:54.000000Z","filename":"https://olm-s3.s3.eu-west-1.amazonaws.com/2026/08/29/ejh7jozP4IjlJGW4virUGJzcgu7a6HclOubVAANY.jpg","tags":[{"type":"standard","category":"other","item":"paper","quantity":10},{"type":"material","category":"material","item":"paper","quantity":1,"parent_category":"other","parent_item":"paper"}],"objects":[{"status":"OK","on_map":true,"group":"Piece","subgroup":"","layer":"Paper Piece","full_name":"Piece \u2013 Paper Piece","olm_key":"other/paper","quantity":10,"picked_up":true}],"groups":["litter"],"has_litter":true,"has_pet_waste":false,"has_substances":false,"zone":"cottonwood_zone_D","zone_edge_m":70.7,"nbhd_edge_m":null}},{"type":"Feature","geometry":{"type":"Point","coordinates":[-122.55699920654,49.209144592285]},"properties":{"id":552481,"datetime":"2026-08-29T17:59:30.000000Z","filename":"https://olm-s3.s3.eu-west-1.amazonaws.com/2026/08/29/jH0qBXj3AnjS0d4fTtIYqzqgdINXicKojEm6b9av.jpg","tags":[{"type":"standard","category":"food","item":"crisp_packet","quantity":1},{"type":"material","category":"material","item":"foil","quantity":1,"parent_category":"food","parent_item":"crisp_packet"},{"type":"standard","category":"other","item":"paper","quantity":1},{"type":"material","category":"material","item":"paper","quantity":1,"parent_category":"other","parent_item":"paper"}],"objects":[{"status":"OK","on_map":true,"group":"Convenient Food Drink","subgroup":"Snack","layer":"Metalized Chip Bags","full_name":"Convenient Food Drink \u2013 Snack \u2013 Metalized Chip Bags","olm_key":"food/crisp_packet","quantity":1,"picked_up":true},{"status":"OK","on_map":true,"group":"Piece","subgroup":"","layer":"Paper Piece","full_name":"Piece \u2013 Paper Piece","olm_key":"other/paper","quantity":1,"picked_up":true}],"groups":["litter"],"has_litter":true,"has_pet_waste":false,"has_substances":false,"zone":"cottonwood_zone_D","zone_edge_m":70.7,"nbhd_edge_m":null}},{"type":"Feature","geometry":{"type":"Point","coordinates":[-122.55699920654,49.209144592285]},"properties":{"id":552480,"datetime":"2026-08-29T17:59:43.000000Z","filename":"https://olm-s3.s3.eu-west-1.amazonaws.com/2026/08/29/pD4rIRCQZMkTKJG35Y7IFfpNAKgygJsxboqS6Ocz.jpg","tags":[{"type":"standard","category":"food","item":"wrapper","quantity":1},{"type":"material","category":"material","item":"foil","quantity":1,"parent_category":"food","parent_item":"wrapper"},{"type":"material","category":"material","item":"plastic","quantity":1,"parent_category":"food","parent_item":"wrapper"}],"objects":[{"status":"OK","on_map":true,"group":"Convenient Food Drink","subgroup":"Snack","layer":"Foil / Plastic Film Snack Wrapper","full_name":"Convenient Food Drink \u2013 Snack \u2013 Foil / Plastic Film Snack Wrapper","olm_key":"food/wrapper","quantity":1,"picked_up":true}],"groups":["litter"],"has_litter":true,"has_pet_waste":false,"has_substances":false,"zone":"cottonwood_zone_D","zone_edge_m":70.7,"nbhd_edge_m":null}},{"type":"Feature","geometry":{"type":"Point","coordinates":[-122.55699920654,49.209144592285]},"properties":{"id":552479,"datetime":"2026-08-29T17:59:51.000000Z","filename":"https://olm-s3.s3.eu-west-1.amazonaws.com/2026/08/29/HVTM3uKX3EpsQqEhOBd9QZDTzGLb1msxynzmQ5Pq.jpg","tags":[{"type":"standard","category":"other","item":"plastic","quantity":1}],"objects":[{"status":"OK","on_map":true,"group":"Piece","subgroup":"","layer":"Plastic Piece","full_name":"Piece \u2013 Plastic Piece","olm_key":"other/plastic","quantity":1,"picked_up":true}],"groups":["litter"],"has_litter":true,"has_pet_waste":false,"has_substances":false,"zone":"cottonwood_zone_D","zone_edge_m":70.7,"nbhd_edge_m":null}},{"type":"Feature","geometry":{"type":"Point","coordinates":[-122.55699920654,49.209144592285]},"properties":{"id":552478,"datetime":"2026-08-29T18:00:15.000000Z","filename":"https://olm-s3.s3.eu-west-1.amazonaws.com/2026/08/29/PlVDTD1VahOSSyu4b18kDPkVQS404WzKZ79McIWw.jpg","tags":[{"type":"standard","category":"coffee","item":"cup","quantity":1},{"type":"standard","category":"food","item":"wrapper","quantity":1},{"type":"material","category":"material","item":"foil","quantity":1,"parent_category":"food","parent_item":"wrapper"},{"type":"material","category":"material","item":"plastic","quantity":1,"parent_category":"food","parent_item":"wrapper"},{"type":"standard","category":"other","item":"plastic","quantity":1}],"objects":[{"status":"OK","on_map":true,"group":"Convenient Food Drink","subgroup":"Drink","layer":"Poly-lined Hot Beverage Cup","full_name":"Convenient Food Drink \u2013 Drink \u2013 Poly-lined Hot Beverage Cup","olm_key":"coffee/cup","quantity":1,"picked_up":true},{"status":"OK","on_map":true,"group":"Convenient Food Drink","subgroup":"Snack","layer":"Foil / Plastic Film Snack Wrapper","full_name":"Convenient Food Drink \u2013 Snack \u2013 Foil / Plastic Film Snack Wrapper","olm_key":"food/wrapper","quantity":1,"picked_up":true},{"status":"OK","on_map":true,"group":"Piece","subgroup":"","layer":"Plastic Piece","full_name":"Piece \u2013 Plastic Piece","olm_key":"other/plastic","quantity":1,"picked_up":true}],"groups":["litter"],"has_litter":true,"has_pet_waste":false,"has_substances":false,"zone":"cottonwood_zone_D","zone_edge_m":70.7,"nbhd_edge_m":null}},{"type":"Feature","geometry":{"type":"Point","coordinates":[-122.55699920654,49.209144592285]},"properties":{"id":552477,"datetime":"2026-08-29T18:00:38.000000Z","filename":"https://olm-s3.s3.eu-west-1.amazonaws.com/2026/08/29/Xv1rF5YL0eW6QIY1fADBgA9AWrto10vMv5mbLxFb.jpg","tags":[{"type":"standard","category":"other","item":"paper","quantity":2},{"type":"material","category":"material","item":"paper","quantity":1,"parent_category":"other","parent_item":"paper"}],"objects":[{"status":"OK","on_map":true,"group":"Piece","subgroup":"","layer":"Paper Piece","full_name":"Piece \u2013 Paper Piece","olm_key":"other/paper","quantity":2,"picked_up":true}],"groups":["litter"],"has_litter":true,"has_pet_waste":false,"has_substances":false,"zone":"cottonwood_zone_D","zone_edge_m":70.7,"nbhd_edge_m":null}},{"type":"Feature","geometry":{"type":"Point","coordinates":[-122.55699920654,49.209144592285]},"properties":{"id":552476,"datetime":"2026-08-29T18:01:01.000000Z","filename":"https://olm-s3.s3.eu-west-1.amazonaws.com/2026/08/29/JFOTGbPH4T3HrPNH8s5SjPglBWrRH5sfajDEpIN5.jpg","tags":[{"type":"standard","category":"food","item":"tinfoil","quantity":1}],"objects":[{"status":"OK","on_map":true,"group":"Piece","subgroup":"","layer":"Foil Piece","full_name":"Piece \u2013 Foil Piece","olm_key":"food/tinfoil","quantity":1,"picked_up":true}],"groups":["litter"],"has_litter":true,"has_pet_waste":false,"has_substances":false,"zone":"cottonwood_zone_D","zone_edge_m":70.7,"nbhd_edge_m":null}},{"type":"Feature","geometry":{"type":"Point","coordinates":[-122.55699920654,49.209144592285]},"properties":{"id":552475,"datetime":"2026-08-29T18:01:14.000000Z","filename":"https://olm-s3.s3.eu-west-1.amazonaws.com/2026/08/29/lwSienNRSNHK22M9zMGHDmhqQyeT84WYMYTrHHfP.jpg","tags":[{"type":"standard","category":"other","item":"paper","quantity":2},{"type":"material","category":"material","item":"paper","quantity":1,"parent_category":"other","parent_item":"paper"},{"type":"standard","category":"sanitary","item":"wipes","quantity":1}],"objects":[{"status":"OK","on_map":true,"group":"Piece","subgroup":"","layer":"Paper Piece","full_name":"Piece \u2013 Paper Piece","olm_key":"other/paper","quantity":2,"picked_up":true},{"status":"OK","on_map":true,"group":"Household","subgroup":"","layer":"Wet Wipes","full_name":"Household \u2013 Wet Wipes","olm_key":"sanitary/wipes","quantity":1,"picked_up":true}],"groups":["litter"],"has_litter":true,"has_pet_waste":false,"has_substances":false,"zone":"cottonwood_zone_D","zone_edge_m":70.7,"nbhd_edge_m":null}},{"type":"Feature","geometry":{"type":"Point","coordinates":[-122.55699920654,49.209144592285]},"properties":{"id":552474,"datetime":"2026-08-29T18:01:33.000000Z","filename":"https://olm-s3.s3.eu-west-1.amazonaws.com/2026/08/29/tcVrAghgqK7A33fp7Vfa13Jjv7YZjWJbkUxhzpV2.jpg","tags":[{"type":"standard","category":"coffee","item":"cup","quantity":2},{"type":"standard","category":"coffee","item":"lid","quantity":2},{"type":"standard","category":"sanitary","item":"wipes","quantity":1}],"objects":[{"status":"OK","on_map":true,"group":"Convenient Food Drink","subgroup":"Drink","layer":"Poly-lined Hot Beverage Cup","full_name":"Convenient Food Drink \u2013 Drink \u2013 Poly-lined Hot Beverage Cup","olm_key":"coffee/cup","quantity":2,"picked_up":true},{"status":"OK","on_map":true,"group":"Convenient Food Drink","subgroup":"Drink","layer":"Hot Beverage Cup Lid","full_name":"Convenient Food Drink \u2013 Drink \u2013 Hot Beverage Cup Lid","olm_key":"coffee/lid","quantity":2,"picked_up":true},{"status":"OK","on_map":true,"group":"Household","subgroup":"","layer":"Wet Wipes","full_name":"Household \u2013 Wet Wipes","olm_key":"sanitary/wipes","quantity":1,"picked_up":true}],"groups":["litter"],"has_litter":true,"has_pet_waste":false,"has_substances":false,"zone":"cottonwood_zone_D","zone_edge_m":70.7,"nbhd_edge_m":null}},{"type":"Feature","geometry":{"type":"Point","coordinates":[-122.55699920654,49.209144592285]},"properties":{"id":552473,"datetime":"2026-08-29T18:01:49.000000Z","filename":"https://olm-s3.s3.eu-west-1.amazonaws.com/2026/08/29/w3BrWZMxu2tu8jLgeLstK98R6Oi8NZK7XiM2AL4E.jpg","tags":[{"type":"standard","category":"food","item":"container","quantity":1}],"objects":[{"status":"OK","on_map":true,"group":"Household","subgroup":"","layer":"Food Container - Plastic, Paper, Foam","full_name":"Household \u2013 Food Container - Plastic, Paper, Foam","olm_key":"food/container","quantity":1,"picked_up":true}],"groups":["litter"],"has_litter":true,"has_pet_waste":false,"has_substances":false,"zone":"cottonwood_zone_D","zone_edge_m":70.7,"nbhd_edge_m":null}},{"type":"Feature","geometry":{"type":"Point","coordinates":[-122.55699920654,49.209144592285]},"properties":{"id":552472,"datetime":"2026-08-29T18:02:28.000000Z","filename":"https://olm-s3.s3.eu-west-1.amazonaws.com/2026/08/29/fq7IfEj2skU4m82bFh4rqq5zfOZG96MQekiD2QBU.jpg","tags":[{"type":"standard","category":"food","item":"wrapper","quantity":3},{"type":"material","category":"material","item":"foil","quantity":1,"parent_category":"food","parent_item":"wrapper"},{"type":"material","category":"material","item":"plastic","quantity":1,"parent_category":"food","parent_item":"wrapper"}],"objects":[{"status":"OK","on_map":true,"group":"Convenient Food Drink","subgroup":"Snack","layer":"Foil / Plastic Film Snack Wrapper","full_name":"Convenient Food Drink \u2013 Snack \u2013 Foil / Plastic Film Snack Wrapper","olm_key":"food/wrapper","quantity":3,"picked_up":true}],"groups":["litter"],"has_litter":true,"has_pet_waste":false,"has_substances":false,"zone":"cottonwood_zone_D","zone_edge_m":70.7,"nbhd_edge_m":null}},{"type":"Feature","geometry":{"type":"Point","coordinates":[-122.55699920654,49.209144592285]},"properties":{"id":552471,"datetime":"2026-08-29T18:02:36.000000Z","filename":"https://olm-s3.s3.eu-west-1.amazonaws.com/2026/08/29/a5vbX3Iraqqpa6G3AF4z6nU0MtmaQMt7WoIBMsXV.jpg","tags":[{"type":"standard","category":"food","item":"wrapper","quantity":4},{"type":"material","category":"material","item":"foil","quantity":1,"parent_category":"food","parent_item":"wrapper"},{"type":"material","category":"material","item":"plastic","quantity":1,"parent_category":"food","parent_item":"wrapper"},{"type":"standard","category":"other","item":"plastic","quantity":3}],"objects":[{"status":"OK","on_map":true,"group":"Convenient Food Drink","subgroup":"Snack","layer":"Foil / Plastic Film Snack Wrapper","full_name":"Convenient Food Drink \u2013 Snack \u2013 Foil / Plastic Film Snack Wrapper","olm_key":"food/wrapper","quantity":4,"picked_up":true},{"status":"OK","on_map":true,"group":"Piece","subgroup":"","layer":"Plastic Piece","full_name":"Piece \u2013 Plastic Piece","olm_key":"other/plastic","quantity":3,"picked_up":true}],"groups":["litter"],"has_litter":true,"has_pet_waste":false,"has_substances":false,"zone":"cottonwood_zone_D","zone_edge_m":70.7,"nbhd_edge_m":null}},{"type":"Feature","geometry":{"type":"Point","coordinates":[-122.55655670166,49.208728790283]},"properties":{"id":552470,"datetime":"2026-08-29T18:03:03.000000Z","filename":"https://olm-s3.s3.eu-west-1.amazonaws.com/2026/08/29/hEQzdqma0PrU0mYdPdu6BY4DPuiXeA90xnmjcCQu.jpg","tags":[{"type":"standard","category":"other","item":"paper","quantity":1},{"type":"material","category":"material","item":"paper","quantity":1,"parent_category":"other","parent_item":"paper"}],"objects":[{"status":"OK","on_map":true,"group":"Piece","subgroup":"","layer":"Paper Piece","full_name":"Piece \u2013 Paper Piece","olm_key":"other/paper","quantity":1,"picked_up":true}],"groups":["litter"],"has_litter":true,"has_pet_waste":false,"has_substances":false,"zone":"cottonwood_zone_D","zone_edge_m":40.5,"nbhd_edge_m":null}},{"type":"Feature","geometry":{"type":"Point","coordinates":[-122.55655670166,49.208728790283]},"properties":{"id":552469,"datetime":"2026-08-29T18:03:09.000000Z","filename":"https://olm-s3.s3.eu-west-1.amazonaws.com/2026/08/29/NUZtwcnwwrIjQx500eEKMHJIWZekGZL73FUEztLk.jpg","tags":[{"type":"standard","category":"softdrinks","item":"cup","quantity":1}],"objects":[{"status":"OK","on_map":true,"group":"Convenient Food Drink","subgroup":"Drink","layer":"Cold Beverage Cup","full_name":"Convenient Food Drink \u2013 Drink \u2013 Cold Beverage Cup","olm_key":"softdrinks/cup","quantity":1,"picked_up":true}],"groups":["litter"],"has_litter":true,"has_pet_waste":false,"has_substances":false,"zone":"cottonwood_zone_D","zone_edge_m":40.5,"nbhd_edge_m":null}},{"type":"Feature","geometry":{"type":"Point","coordinates":[-122.55655670166,49.208728790283]},"properties":{"id":552468,"datetime":"2026-08-29T18:03:21.000000Z","filename":"https://olm-s3.s3.eu-west-1.amazonaws.com/2026/08/29/dIQBXssD8WfUL7IeQZ0joFD7fZrhL9oqwyMwDCBc.jpg","tags":[{"type":"standard","category":"other","item":"paper","quantity":1},{"type":"material","category":"material","item":"paper","quantity":1,"parent_category":"other","parent_item":"paper"}],"objects":[{"status":"OK","on_map":true,"group":"Piece","subgroup":"","layer":"Paper Piece","full_name":"Piece \u2013 Paper Piece","olm_key":"other/paper","quantity":1,"picked_up":true}],"groups":["litter"],"has_litter":true,"has_pet_waste":false,"has_substances":false,"zone":"cottonwood_zone_D","zone_edge_m":40.5,"nbhd_edge_m":null}},{"type":"Feature","geometry":{"type":"Point","coordinates":[-122.55655670166,49.208728790283]},"properties":{"id":552467,"datetime":"2026-08-29T18:03:25.000000Z","filename":"https://olm-s3.s3.eu-west-1.amazonaws.com/2026/08/29/HA6MHPAO7goCmGHwFbQYyjW9OLaFdUfkEGy9lB3F.jpg","tags":[{"type":"standard","category":"other","item":"paper","quantity":1},{"type":"material","category":"material","item":"paper","quantity":1,"parent_category":"other","parent_item":"paper"},{"type":"custom_tag","category":"custom_tag","item":"receipt","quantity":1,"parent_category":"other","parent_item":"paper"}],"objects":[{"status":"OK","on_map":true,"group":"Piece","subgroup":"","layer":"Paper Piece","full_name":"Piece \u2013 Paper Piece","olm_key":"other/paper","quantity":1,"picked_up":true}],"groups":["litter"],"has_litter":true,"has_pet_waste":false,"has_substances":false,"zone":"cottonwood_zone_D","zone_edge_m":40.5,"nbhd_edge_m":null}},{"type":"Feature","geometry":{"type":"Point","coordinates":[-122.55655670166,49.208728790283]},"properties":{"id":552466,"datetime":"2026-08-29T18:03:44.000000Z","filename":"https://olm-s3.s3.eu-west-1.amazonaws.com/2026/08/29/gk4jkDolEioVLH8leHibco0FCammaxOhiNEIxCaa.jpg","tags":[{"type":"standard","category":"other","item":"plastic","quantity":1}],"objects":[{"status":"OK","on_map":true,"group":"Piece","subgroup":"","layer":"Plastic Piece","full_name":"Piece \u2013 Plastic Piece","olm_key":"other/plastic","quantity":1,"picked_up":true}],"groups":["litter"],"has_litter":true,"has_pet_waste":false,"has_substances":false,"zone":"cottonwood_zone_D","zone_edge_m":40.5,"nbhd_edge_m":null}},{"type":"Feature","geometry":{"type":"Point","coordinates":[-122.55655670166,49.208728790283]},"properties":{"id":552465,"datetime":"2026-08-29T18:03:57.000000Z","filename":"https://olm-s3.s3.eu-west-1.amazonaws.com/2026/08/29/YO7BluXx9AKuC2X7NQqIFlJzyvPMpcYNa5qnQR5d.jpg","tags":[{"type":"standard","category":"smoking","item":"butts","quantity":1},{"type":"standard","category":"softdrinks","item":"straw_wrapper","quantity":1}],"objects":[{"status":"OK","on_map":true,"group":"Smoking","subgroup":"","layer":"Cigarette Butts","full_name":"Smoking \u2013 Cigarette Butts","olm_key":"smoking/butts","quantity":1,"picked_up":true},{"status":"OK","on_map":true,"group":"Convenient Food Drink","subgroup":"Drink","layer":"Drink Straw Wrapper","full_name":"Convenient Food Drink \u2013 Drink \u2013 Drink Straw Wrapper","olm_key":"softdrinks/straw_wrapper","quantity":1,"picked_up":true}],"groups":["litter","substances"],"has_litter":true,"has_pet_waste":false,"has_substances":true,"zone":"cottonwood_zone_D","zone_edge_m":40.5,"nbhd_edge_m":null}},{"type":"Feature","geometry":{"type":"Point","coordinates":[-122.55663299561,49.20788192749]},"properties":{"id":552464,"datetime":"2026-08-29T18:04:06.000000Z","filename":"https://olm-s3.s3.eu-west-1.amazonaws.com/2026/08/29/8ijXpAzi42lSWKKZyiI8En2i7Kbk2oXsl6eGFNmJ.jpg","tags":[{"type":"standard","category":"other","item":"plastic","quantity":2}],"objects":[{"status":"OK","on_map":true,"group":"Piece","subgroup":"","layer":"Plastic Piece","full_name":"Piece \u2013 Plastic Piece","olm_key":"other/plastic","quantity":2,"picked_up":true}],"groups":["litter"],"has_litter":true,"has_pet_waste":false,"has_substances":false,"zone":"cottonwood_zone_E","zone_edge_m":43.2,"nbhd_edge_m":null}},{"type":"Feature","geometry":{"type":"Point","coordinates":[-122.55663299561,49.20788192749]},"properties":{"id":552463,"datetime":"2026-08-29T18:04:17.000000Z","filename":"https://olm-s3.s3.eu-west-1.amazonaws.com/2026/08/29/amqhjDybEu0dOlpOMCU4W7aHRHvRjD7waiCS2ZnH.jpg","tags":[{"type":"standard","category":"sanitary","item":"wipes","quantity":1},{"type":"standard","category":"smoking","item":"butts","quantity":1}],"objects":[{"status":"OK","on_map":true,"group":"Household","subgroup":"","layer":"Wet Wipes","full_name":"Household \u2013 Wet Wipes","olm_key":"sanitary/wipes","quantity":1,"picked_up":true},{"status":"OK","on_map":true,"group":"Smoking","subgroup":"","layer":"Cigarette Butts","full_name":"Smoking \u2013 Cigarette Butts","olm_key":"smoking/butts","quantity":1,"picked_up":true}],"groups":["litter","substances"],"has_litter":true,"has_pet_waste":false,"has_substances":true,"zone":"cottonwood_zone_E","zone_edge_m":43.2,"nbhd_edge_m":null}},{"type":"Feature","geometry":{"type":"Point","coordinates":[-122.55663299561,49.20788192749]},"properties":{"id":552462,"datetime":"2026-08-29T18:04:24.000000Z","filename":"https://olm-s3.s3.eu-west-1.amazonaws.com/2026/08/29/ZN8buZgS2mOK7O9yElPgmSTI13FuXk2EKkviviWP.jpg","tags":[{"type":"standard","category":"coffee","item":"lid","quantity":1}],"objects":[{"status":"OK","on_map":true,"group":"Convenient Food Drink","subgroup":"Drink","layer":"Hot Beverage Cup Lid","full_name":"Convenient Food Drink \u2013 Drink \u2013 Hot Beverage Cup Lid","olm_key":"coffee/lid","quantity":1,"picked_up":true}],"groups":["litter"],"has_litter":true,"has_pet_waste":false,"has_substances":false,"zone":"cottonwood_zone_E","zone_edge_m":43.2,"nbhd_edge_m":null}},{"type":"Feature","geometry":{"type":"Point","coordinates":[-122.55663299561,49.20788192749]},"properties":{"id":552461,"datetime":"2026-08-29T18:04:58.000000Z","filename":"https://olm-s3.s3.eu-west-1.amazonaws.com/2026/08/29/UawSlW9iz87Dsg5W2wDg0GP454ptfT73BHEW9H86.jpg","tags":[{"type":"standard","category":"other","item":"plastic","quantity":1}],"objects":[{"status":"OK","on_map":true,"group":"Piece","subgroup":"","layer":"Plastic Piece","full_name":"Piece \u2013 Plastic Piece","olm_key":"other/plastic","quantity":1,"picked_up":true}],"groups":["litter"],"has_litter":true,"has_pet_waste":false,"has_substances":false,"zone":"cottonwood_zone_E","zone_edge_m":43.2,"nbhd_edge_m":null}},{"type":"Feature","geometry":{"type":"Point","coordinates":[-122.55663299561,49.20788192749]},"properties":{"id":552460,"datetime":"2026-08-29T18:05:11.000000Z","filename":"https://olm-s3.s3.eu-west-1.amazonaws.com/2026/08/29/IGUpoCKPFkfbk0WixM1LCtMYPYExHn8dOPevYSb0.jpg","tags":[{"type":"standard","category":"pets","item":"dogshit_in_bag","quantity":1}],"objects":[{"status":"OK","on_map":true,"group":"Fecal","subgroup":"","layer":"Pet Waste Bagged","full_name":"Fecal \u2013 Pet Waste Bagged","olm_key":"pets/dogshit_in_bag","quantity":1,"picked_up":false}],"groups":["pet_waste"],"has_litter":false,"has_pet_waste":true,"has_substances":false,"zone":"cottonwood_zone_E","zone_edge_m":43.2,"nbhd_edge_m":null}},{"type":"Feature","geometry":{"type":"Point","coordinates":[-122.55663299561,49.20788192749]},"properties":{"id":552459,"datetime":"2026-08-29T18:05:17.000000Z","filename":"https://olm-s3.s3.eu-west-1.amazonaws.com/2026/08/29/MmSEhXweml6UU1bozsplRvb6KYJJMwx2hbYcCNk2.jpg","tags":[{"type":"standard","category":"other","item":"paper","quantity":1},{"type":"material","category":"material","item":"paper","quantity":1,"parent_category":"other","parent_item":"paper"}],"objects":[{"status":"OK","on_map":true,"group":"Piece","subgroup":"","layer":"Paper Piece","full_name":"Piece \u2013 Paper Piece","olm_key":"other/paper","quantity":1,"picked_up":true}],"groups":["litter"],"has_litter":true,"has_pet_waste":false,"has_substances":false,"zone":"cottonwood_zone_E","zone_edge_m":43.2,"nbhd_edge_m":null}},{"type":"Feature","geometry":{"type":"Point","coordinates":[-122.55663299561,49.20788192749]},"properties":{"id":552458,"datetime":"2026-08-29T18:05:27.000000Z","filename":"https://olm-s3.s3.eu-west-1.amazonaws.com/2026/08/29/dtm7UjbXdEc7cXOzP1J8o57vjVhQgEP29aJDx5Ne.jpg","tags":[{"type":"standard","category":"other","item":"plastic","quantity":1},{"type":"standard","category":"smoking","item":"butts","quantity":1}],"objects":[{"status":"OK","on_map":true,"group":"Piece","subgroup":"","layer":"Plastic Piece","full_name":"Piece \u2013 Plastic Piece","olm_key":"other/plastic","quantity":1,"picked_up":true},{"status":"OK","on_map":true,"group":"Smoking","subgroup":"","layer":"Cigarette Butts","full_name":"Smoking \u2013 Cigarette Butts","olm_key":"smoking/butts","quantity":1,"picked_up":true}],"groups":["litter","substances"],"has_litter":true,"has_pet_waste":false,"has_substances":true,"zone":"cottonwood_zone_E","zone_edge_m":43.2,"nbhd_edge_m":null}},{"type":"Feature","geometry":{"type":"Point","coordinates":[-122.55663299561,49.20788192749]},"properties":{"id":552457,"datetime":"2026-08-29T18:05:36.000000Z","filename":"https://olm-s3.s3.eu-west-1.amazonaws.com/2026/08/29/LXHYBYXk4xvMixBNRB9fRtJu3Toh65WvVvbJ2lgZ.jpg","tags":[{"type":"standard","category":"other","item":"paper","quantity":1},{"type":"material","category":"material","item":"paper","quantity":1,"parent_category":"other","parent_item":"paper"}],"objects":[{"status":"OK","on_map":true,"group":"Piece","subgroup":"","layer":"Paper Piece","full_name":"Piece \u2013 Paper Piece","olm_key":"other/paper","quantity":1,"picked_up":true}],"groups":["litter"],"has_litter":true,"has_pet_waste":false,"has_substances":false,"zone":"cottonwood_zone_E","zone_edge_m":43.2,"nbhd_edge_m":null}},{"type":"Feature","geometry":{"type":"Point","coordinates":[-122.55663299561,49.20788192749]},"properties":{"id":552456,"datetime":"2026-08-29T18:05:42.000000Z","filename":"https://olm-s3.s3.eu-west-1.amazonaws.com/2026/08/29/vISkklQFeEuxcmmd2k3Ef3xPFp7woQKfy9owJUco.jpg","tags":[{"type":"standard","category":"other","item":"paper","quantity":1},{"type":"material","category":"material","item":"paper","quantity":1,"parent_category":"other","parent_item":"paper"}],"objects":[{"status":"OK","on_map":true,"group":"Piece","subgroup":"","layer":"Paper Piece","full_name":"Piece \u2013 Paper Piece","olm_key":"other/paper","quantity":1,"picked_up":true}],"groups":["litter"],"has_litter":true,"has_pet_waste":false,"has_substances":false,"zone":"cottonwood_zone_E","zone_edge_m":43.2,"nbhd_edge_m":null}},{"type":"Feature","geometry":{"type":"Point","coordinates":[-122.55663299561,49.20788192749]},"properties":{"id":552455,"datetime":"2026-08-29T18:05:53.000000Z","filename":"https://olm-s3.s3.eu-west-1.amazonaws.com/2026/08/29/D26wyZbKp22SogO3N0xoSQxlriS3xntAdF2JNlgm.jpg","tags":[{"type":"standard","category":"smoking","item":"butts","quantity":1}],"objects":[{"status":"OK","on_map":true,"group":"Smoking","subgroup":"","layer":"Cigarette Butts","full_name":"Smoking \u2013 Cigarette Butts","olm_key":"smoking/butts","quantity":1,"picked_up":true}],"groups":["substances"],"has_litter":false,"has_pet_waste":false,"has_substances":true,"zone":"cottonwood_zone_E","zone_edge_m":43.2,"nbhd_edge_m":null}},{"type":"Feature","geometry":{"type":"Point","coordinates":[-122.55683898926,49.207748413086]},"properties":{"id":552454,"datetime":"2026-08-29T18:06:05.000000Z","filename":"https://olm-s3.s3.eu-west-1.amazonaws.com/2026/08/29/Rv9JXSeH1UfkWeEqnf1FnL6r8OzCxTOOQ8GuG4uT.jpg","tags":[{"type":"standard","category":"softdrinks","item":"straw","quantity":1}],"objects":[{"status":"OK","on_map":true,"group":"Convenient Food Drink","subgroup":"Drink","layer":"Paper Drink Straws","full_name":"Convenient Food Drink \u2013 Drink \u2013 Paper Drink Straws","olm_key":"softdrinks/straw","quantity":1,"picked_up":true}],"groups":["litter"],"has_litter":true,"has_pet_waste":false,"has_substances":false,"zone":"cottonwood_zone_E","zone_edge_m":58.1,"nbhd_edge_m":null}},{"type":"Feature","geometry":{"type":"Point","coordinates":[-122.55683898926,49.207725524902]},"properties":{"id":552453,"datetime":"2026-08-29T18:06:11.000000Z","filename":"https://olm-s3.s3.eu-west-1.amazonaws.com/2026/08/29/pGwAhfCzP2toepNMCpqUlV74d8FmtpoLcEJq9h83.jpg","tags":[{"type":"standard","category":"other","item":"other","quantity":1},{"type":"custom_tag","category":"custom_tag","item":"Toothbrush","quantity":1,"parent_category":"other","parent_item":"other"}],"objects":[{"status":"OK","on_map":true,"group":"Household","subgroup":"","layer":"Household misc","full_name":"Household \u2013 Household misc","olm_key":"other/other","quantity":1,"picked_up":true}],"groups":["litter"],"has_litter":true,"has_pet_waste":false,"has_substances":false,"zone":"cottonwood_zone_E","zone_edge_m":60.6,"nbhd_edge_m":null}},{"type":"Feature","geometry":{"type":"Point","coordinates":[-122.55682373047,49.207717895508]},"properties":{"id":552452,"datetime":"2026-08-29T18:06:23.000000Z","filename":"https://olm-s3.s3.eu-west-1.amazonaws.com/2026/08/29/b9UkK3e6Et8fDEcbBMsSgTWCKXwFciJTWvwMnYiX.jpg","tags":[{"type":"standard","category":"other","item":"plastic","quantity":2}],"objects":[{"status":"OK","on_map":true,"group":"Piece","subgroup":"","layer":"Plastic Piece","full_name":"Piece \u2013 Plastic Piece","olm_key":"other/plastic","quantity":2,"picked_up":true}],"groups":["litter"],"has_litter":true,"has_pet_waste":false,"has_substances":false,"zone":"cottonwood_zone_E","zone_edge_m":59.9,"nbhd_edge_m":null}},{"type":"Feature","geometry":{"type":"Point","coordinates":[-122.55682373047,49.207717895508]},"properties":{"id":552451,"datetime":"2026-08-29T18:06:32.000000Z","filename":"https://olm-s3.s3.eu-west-1.amazonaws.com/2026/08/29/0wbyPWCCbpIYmdicON66hJuLvxLvSI7eBShxmFhA.jpg","tags":[{"type":"standard","category":"alcohol","item":"can","quantity":1,"object_type":"spirits"}],"objects":[{"status":"OK","on_map":true,"group":"Household","subgroup":"Liquor","layer":"Liquor Can","full_name":"Household \u2013 Liquor \u2013 Liquor Can","olm_key":"alcohol/can","quantity":1,"picked_up":true}],"groups":["substances"],"has_litter":false,"has_pet_waste":false,"has_substances":true,"zone":"cottonwood_zone_E","zone_edge_m":59.9,"nbhd_edge_m":null}},{"type":"Feature","geometry":{"type":"Point","coordinates":[-122.55682373047,49.207717895508]},"properties":{"id":552450,"datetime":"2026-08-29T18:06:43.000000Z","filename":"https://olm-s3.s3.eu-west-1.amazonaws.com/2026/08/29/Ly7P0ili1v2Hun2QMqqHnm7qhWgHdIDxIjaKB0HD.jpg","tags":[{"type":"standard","category":"other","item":"paper","quantity":1},{"type":"material","category":"material","item":"paper","quantity":1,"parent_category":"other","parent_item":"paper"}],"objects":[{"status":"OK","on_map":true,"group":"Piece","subgroup":"","layer":"Paper Piece","full_name":"Piece \u2013 Paper Piece","olm_key":"other/paper","quantity":1,"picked_up":true}],"groups":["litter"],"has_litter":true,"has_pet_waste":false,"has_substances":false,"zone":"cottonwood_zone_E","zone_edge_m":59.9,"nbhd_edge_m":null}},{"type":"Feature","geometry":{"type":"Point","coordinates":[-122.55682373047,49.207717895508]},"properties":{"id":552449,"datetime":"2026-08-29T18:06:50.000000Z","filename":"https://olm-s3.s3.eu-west-1.amazonaws.com/2026/08/29/ghM0SPXccNSDnVr6cXh9EZ4lERMJMwmKMFCRiElx.jpg","tags":[{"type":"standard","category":"marine","item":"polystyrene_fragment","quantity":1}],"objects":[{"status":"OK","on_map":true,"group":"Piece","subgroup":"","layer":"Styrofoam Piece","full_name":"Piece \u2013 Styrofoam Piece","olm_key":"marine/polystyrene_fragment","quantity":1,"picked_up":true}],"groups":["litter"],"has_litter":true,"has_pet_waste":false,"has_substances":false,"zone":"cottonwood_zone_E","zone_edge_m":59.9,"nbhd_edge_m":null}},{"type":"Feature","geometry":{"type":"Point","coordinates":[-122.55682373047,49.207717895508]},"properties":{"id":552448,"datetime":"2026-08-29T18:06:58.000000Z","filename":"https://olm-s3.s3.eu-west-1.amazonaws.com/2026/08/29/VE0DH51Kfsq24hOHgiLJtY08tYjCU19dezYNyvMQ.jpg","tags":[{"type":"standard","category":"softdrinks","item":"bottle","quantity":1,"object_type":"water"}],"objects":[{"status":"OK","on_map":true,"group":"Convenient Food Drink","subgroup":"Drink","layer":"Plastic or Glass Drink Bottle","full_name":"Convenient Food Drink \u2013 Drink \u2013 Plastic or Glass Drink Bottle","olm_key":"softdrinks/bottle","quantity":1,"picked_up":true}],"groups":["litter"],"has_litter":true,"has_pet_waste":false,"has_substances":false,"zone":"cottonwood_zone_E","zone_edge_m":59.9,"nbhd_edge_m":null}},{"type":"Feature","geometry":{"type":"Point","coordinates":[-122.55682373047,49.207717895508]},"properties":{"id":552447,"datetime":"2026-08-29T18:07:11.000000Z","filename":"https://olm-s3.s3.eu-west-1.amazonaws.com/2026/08/29/e03v2bLfMglcEjwoVSpSUlSze6OxhI5nkMS9VHhn.jpg","tags":[{"type":"standard","category":"medical","item":"gloves","quantity":1},{"type":"standard","category":"smoking","item":"butts","quantity":7}],"objects":[{"status":"OK","on_map":true,"group":"Household","subgroup":"","layer":"Latex / Nitrile Glove","full_name":"Household \u2013 Latex / Nitrile Glove","olm_key":"medical/gloves","quantity":1,"picked_up":true},{"status":"OK","on_map":true,"group":"Smoking","subgroup":"","layer":"Cigarette Butts","full_name":"Smoking \u2013 Cigarette Butts","olm_key":"smoking/butts","quantity":7,"picked_up":true}],"groups":["litter","substances"],"has_litter":true,"has_pet_waste":false,"has_substances":true,"zone":"cottonwood_zone_E","zone_edge_m":59.9,"nbhd_edge_m":null}},{"type":"Feature","geometry":{"type":"Point","coordinates":[-122.55682373047,49.207717895508]},"properties":{"id":552446,"datetime":"2026-08-29T18:07:44.000000Z","filename":"https://olm-s3.s3.eu-west-1.amazonaws.com/2026/08/29/nAO4Y9fAEdGAwzJY6jw0rIFkMWK5lVG0LFw2jO5K.jpg","tags":[{"type":"standard","category":"vehicles","item":"car_part","quantity":1},{"type":"custom_tag","category":"custom_tag","item":"Wiper","quantity":1,"parent_category":"vehicles","parent_item":"car_part"}],"objects":[{"status":"OK","on_map":true,"group":"Piece","subgroup":"","layer":"Motor Vehicle Part Piece","full_name":"Piece \u2013 Motor Vehicle Part Piece","olm_key":"vehicles/car_part","quantity":1,"picked_up":true}],"groups":["litter"],"has_litter":true,"has_pet_waste":false,"has_substances":false,"zone":"cottonwood_zone_E","zone_edge_m":59.9,"nbhd_edge_m":null}},{"type":"Feature","geometry":{"type":"Point","coordinates":[-122.55682373047,49.207717895508]},"properties":{"id":552445,"datetime":"2026-08-29T18:08:06.000000Z","filename":"https://olm-s3.s3.eu-west-1.amazonaws.com/2026/08/29/TIhxzHYw4AO2DtZyG66pUQ8FYwxbxrFo47JzQrkd.jpg","tags":[{"type":"standard","category":"other","item":"paper","quantity":1},{"type":"material","category":"material","item":"paper","quantity":1,"parent_category":"other","parent_item":"paper"},{"type":"standard","category":"smoking","item":"butts","quantity":1}],"objects":[{"status":"OK","on_map":true,"group":"Piece","subgroup":"","layer":"Paper Piece","full_name":"Piece \u2013 Paper Piece","olm_key":"other/paper","quantity":1,"picked_up":true},{"status":"OK","on_map":true,"group":"Smoking","subgroup":"","layer":"Cigarette Butts","full_name":"Smoking \u2013 Cigarette Butts","olm_key":"smoking/butts","quantity":1,"picked_up":true}],"groups":["litter","substances"],"has_litter":true,"has_pet_waste":false,"has_substances":true,"zone":"cottonwood_zone_E","zone_edge_m":59.9,"nbhd_edge_m":null}},{"type":"Feature","geometry":{"type":"Point","coordinates":[-122.55682373047,49.207717895508]},"properties":{"id":552444,"datetime":"2026-08-29T18:08:14.000000Z","filename":"https://olm-s3.s3.eu-west-1.amazonaws.com/2026/08/29/0yUeSsowWssOlPs59xm3ftwrCSEDkGnlmHefTv2m.jpg","tags":[{"type":"standard","category":"other","item":"plastic","quantity":1}],"objects":[{"status":"OK","on_map":true,"group":"Piece","subgroup":"","layer":"Plastic Piece","full_name":"Piece \u2013 Plastic Piece","olm_key":"other/plastic","quantity":1,"picked_up":true}],"groups":["litter"],"has_litter":true,"has_pet_waste":false,"has_substances":false,"zone":"cottonwood_zone_E","zone_edge_m":59.9,"nbhd_edge_m":null}},{"type":"Feature","geometry":{"type":"Point","coordinates":[-122.55682373047,49.207717895508]},"properties":{"id":552443,"datetime":"2026-08-29T18:08:21.000000Z","filename":"https://olm-s3.s3.eu-west-1.amazonaws.com/2026/08/29/KWfDzXnxBuOHqqnZcfr75UdWHuOTE1y5tkuBQZyn.jpg","tags":[{"type":"standard","category":"smoking","item":"packaging","quantity":1},{"type":"standard","category":"smoking","item":"butts","quantity":1}],"objects":[{"status":"OK","on_map":true,"group":"Smoking","subgroup":"","layer":"Nicotine Packaging","full_name":"Smoking \u2013 Nicotine Packaging","olm_key":"smoking/packaging","quantity":1,"picked_up":true},{"status":"OK","on_map":true,"group":"Smoking","subgroup":"","layer":"Cigarette Butts","full_name":"Smoking \u2013 Cigarette Butts","olm_key":"smoking/butts","quantity":1,"picked_up":true}],"groups":["substances"],"has_litter":false,"has_pet_waste":false,"has_substances":true,"zone":"cottonwood_zone_E","zone_edge_m":59.9,"nbhd_edge_m":null}},{"type":"Feature","geometry":{"type":"Point","coordinates":[-122.55682373047,49.207717895508]},"properties":{"id":552442,"datetime":"2026-08-29T18:08:31.000000Z","filename":"https://olm-s3.s3.eu-west-1.amazonaws.com/2026/08/29/pDkP6mox5pvzFcaFC0dr0Ppcl3PDrKXvFse0uJuu.jpg","tags":[{"type":"standard","category":"medical","item":"gloves","quantity":1}],"objects":[{"status":"OK","on_map":true,"group":"Household","subgroup":"","layer":"Latex / Nitrile Glove","full_name":"Household \u2013 Latex / Nitrile Glove","olm_key":"medical/gloves","quantity":1,"picked_up":true}],"groups":["litter"],"has_litter":true,"has_pet_waste":false,"has_substances":false,"zone":"cottonwood_zone_E","zone_edge_m":59.9,"nbhd_edge_m":null}},{"type":"Feature","geometry":{"type":"Point","coordinates":[-122.55682373047,49.207717895508]},"properties":{"id":552441,"datetime":"2026-08-29T18:08:46.000000Z","filename":"https://olm-s3.s3.eu-west-1.amazonaws.com/2026/08/29/arNpqayxm6IHucppgBLi0h5UDJreEOFfpbAMqV5I.jpg","tags":[{"type":"standard","category":"food","item":"wrapper","quantity":1},{"type":"material","category":"material","item":"foil","quantity":1,"parent_category":"food","parent_item":"wrapper"},{"type":"material","category":"material","item":"plastic","quantity":1,"parent_category":"food","parent_item":"wrapper"}],"objects":[{"status":"OK","on_map":true,"group":"Convenient Food Drink","subgroup":"Snack","layer":"Foil / Plastic Film Snack Wrapper","full_name":"Convenient Food Drink \u2013 Snack \u2013 Foil / Plastic Film Snack Wrapper","olm_key":"food/wrapper","quantity":1,"picked_up":true}],"groups":["litter"],"has_litter":true,"has_pet_waste":false,"has_substances":false,"zone":"cottonwood_zone_E","zone_edge_m":59.9,"nbhd_edge_m":null}},{"type":"Feature","geometry":{"type":"Point","coordinates":[-122.55682373047,49.207717895508]},"properties":{"id":552440,"datetime":"2026-08-29T18:09:09.000000Z","filename":"https://olm-s3.s3.eu-west-1.amazonaws.com/2026/08/29/nob5Kx9L4ZLXupviWOMRRxlVJ6myWXa7MnP1yjRK.jpg","tags":[{"type":"standard","category":"smoking","item":"butts","quantity":10}],"objects":[{"status":"OK","on_map":true,"group":"Smoking","subgroup":"","layer":"Cigarette Butts","full_name":"Smoking \u2013 Cigarette Butts","olm_key":"smoking/butts","quantity":10,"picked_up":true}],"groups":["substances"],"has_litter":false,"has_pet_waste":false,"has_substances":true,"zone":"cottonwood_zone_E","zone_edge_m":59.9,"nbhd_edge_m":null}},{"type":"Feature","geometry":{"type":"Point","coordinates":[-122.55682373047,49.207717895508]},"properties":{"id":552439,"datetime":"2026-08-29T18:09:38.000000Z","filename":"https://olm-s3.s3.eu-west-1.amazonaws.com/2026/08/29/RU1iNUrTm6LU1qpRsnC9BAxAXAdrUfZFRQ9zupOZ.jpg","tags":[{"type":"standard","category":"smoking","item":"butts","quantity":10}],"objects":[{"status":"OK","on_map":true,"group":"Smoking","subgroup":"","layer":"Cigarette Butts","full_name":"Smoking \u2013 Cigarette Butts","olm_key":"smoking/butts","quantity":10,"picked_up":true}],"groups":["substances"],"has_litter":false,"has_pet_waste":false,"has_substances":true,"zone":"cottonwood_zone_E","zone_edge_m":59.9,"nbhd_edge_m":null}},{"type":"Feature","geometry":{"type":"Point","coordinates":[-122.55682373047,49.207717895508]},"properties":{"id":552438,"datetime":"2026-08-29T18:10:19.000000Z","filename":"https://olm-s3.s3.eu-west-1.amazonaws.com/2026/08/29/O2YwrVSUl6ru1Rr6BN9igQG3QrmibsvwysyVOoSq.jpg","tags":[{"type":"standard","category":"food","item":"wrapper","quantity":1},{"type":"material","category":"material","item":"foil","quantity":1,"parent_category":"food","parent_item":"wrapper"},{"type":"material","category":"material","item":"plastic","quantity":1,"parent_category":"food","parent_item":"wrapper"}],"objects":[{"status":"OK","on_map":true,"group":"Convenient Food Drink","subgroup":"Snack","layer":"Foil / Plastic Film Snack Wrapper","full_name":"Convenient Food Drink \u2013 Snack \u2013 Foil / Plastic Film Snack Wrapper","olm_key":"food/wrapper","quantity":1,"picked_up":true}],"groups":["litter"],"has_litter":true,"has_pet_waste":false,"has_substances":false,"zone":"cottonwood_zone_E","zone_edge_m":59.9,"nbhd_edge_m":null}},{"type":"Feature","geometry":{"type":"Point","coordinates":[-122.55682373047,49.207717895508]},"properties":{"id":552437,"datetime":"2026-08-29T18:10:26.000000Z","filename":"https://olm-s3.s3.eu-west-1.amazonaws.com/2026/08/29/GBqNZJFDHekzrTRBfF0RCiMjAR7gTkeeQCrs7fhn.jpg","tags":[{"type":"standard","category":"medical","item":"gloves","quantity":1}],"objects":[{"status":"OK","on_map":true,"group":"Household","subgroup":"","layer":"Latex / Nitrile Glove","full_name":"Household \u2013 Latex / Nitrile Glove","olm_key":"medical/gloves","quantity":1,"picked_up":true}],"groups":["litter"],"has_litter":true,"has_pet_waste":false,"has_substances":false,"zone":"cottonwood_zone_E","zone_edge_m":59.9,"nbhd_edge_m":null}},{"type":"Feature","geometry":{"type":"Point","coordinates":[-122.55682373047,49.207717895508]},"properties":{"id":552436,"datetime":"2026-08-29T18:10:42.000000Z","filename":"https://olm-s3.s3.eu-west-1.amazonaws.com/2026/08/29/C0qkGTDdAVgIdJPYR2MOqm8ZIB8Ee1yCPOjA1acN.jpg","tags":[{"type":"standard","category":"smoking","item":"butts","quantity":3}],"objects":[{"status":"OK","on_map":true,"group":"Smoking","subgroup":"","layer":"Cigarette Butts","full_name":"Smoking \u2013 Cigarette Butts","olm_key":"smoking/butts","quantity":3,"picked_up":true}],"groups":["substances"],"has_litter":false,"has_pet_waste":false,"has_substances":true,"zone":"cottonwood_zone_E","zone_edge_m":59.9,"nbhd_edge_m":null}},{"type":"Feature","geometry":{"type":"Point","coordinates":[-122.55682373047,49.207717895508]},"properties":{"id":552435,"datetime":"2026-08-29T18:11:17.000000Z","filename":"https://olm-s3.s3.eu-west-1.amazonaws.com/2026/08/29/By4t5rVxWJUYj0uoIhh7QspPIYTZ8EdA5h1MDYTj.jpg","tags":[{"type":"standard","category":"other","item":"plastic","quantity":1},{"type":"standard","category":"smoking","item":"butts","quantity":1}],"objects":[{"status":"OK","on_map":true,"group":"Piece","subgroup":"","layer":"Plastic Piece","full_name":"Piece \u2013 Plastic Piece","olm_key":"other/plastic","quantity":1,"picked_up":true},{"status":"OK","on_map":true,"group":"Smoking","subgroup":"","layer":"Cigarette Butts","full_name":"Smoking \u2013 Cigarette Butts","olm_key":"smoking/butts","quantity":1,"picked_up":true}],"groups":["litter","substances"],"has_litter":true,"has_pet_waste":false,"has_substances":true,"zone":"cottonwood_zone_E","zone_edge_m":59.9,"nbhd_edge_m":null}},{"type":"Feature","geometry":{"type":"Point","coordinates":[-122.55674743652,49.207134246826]},"properties":{"id":552434,"datetime":"2026-08-29T18:11:36.000000Z","filename":"https://olm-s3.s3.eu-west-1.amazonaws.com/2026/08/29/6jM2jRLM60rxjR1v3bwObB8DkJy99NNEdzjCQqTq.jpg","tags":[{"type":"standard","category":"other","item":"plastic","quantity":1}],"objects":[{"status":"OK","on_map":true,"group":"Piece","subgroup":"","layer":"Plastic Piece","full_name":"Piece \u2013 Plastic Piece","olm_key":"other/plastic","quantity":1,"picked_up":true}],"groups":["litter"],"has_litter":true,"has_pet_waste":false,"has_substances":false,"zone":"cottonwood_zone_E","zone_edge_m":54.4,"nbhd_edge_m":null}},{"type":"Feature","geometry":{"type":"Point","coordinates":[-122.55674743652,49.207134246826]},"properties":{"id":552433,"datetime":"2026-08-29T18:11:57.000000Z","filename":"https://olm-s3.s3.eu-west-1.amazonaws.com/2026/08/29/YNHXAMfex8ELKCLMuQ823ZnZvPjEzcqOWLcgUnvM.jpg","tags":[{"type":"standard","category":"marine","item":"polystyrene_fragment","quantity":1}],"objects":[{"status":"OK","on_map":true,"group":"Piece","subgroup":"","layer":"Styrofoam Piece","full_name":"Piece \u2013 Styrofoam Piece","olm_key":"marine/polystyrene_fragment","quantity":1,"picked_up":true}],"groups":["litter"],"has_litter":true,"has_pet_waste":false,"has_substances":false,"zone":"cottonwood_zone_E","zone_edge_m":54.4,"nbhd_edge_m":null}},{"type":"Feature","geometry":{"type":"Point","coordinates":[-122.55674743652,49.207134246826]},"properties":{"id":552432,"datetime":"2026-08-29T18:12:07.000000Z","filename":"https://olm-s3.s3.eu-west-1.amazonaws.com/2026/08/29/wLf6dV9FriQRkBxeYcNtZrplozvwdKokcPZiz70D.jpg","tags":[{"type":"standard","category":"food","item":"packaging","quantity":1},{"type":"material","category":"material","item":"paper","quantity":1,"parent_category":"food","parent_item":"packaging"},{"type":"standard","category":"smoking","item":"butts","quantity":3}],"objects":[{"status":"OK","on_map":true,"group":"Convenient Food Drink","subgroup":"Take-out","layer":"Food Packaging","full_name":"Convenient Food Drink \u2013 Take-out \u2013 Food Packaging","olm_key":"food/packaging","quantity":1,"picked_up":true},{"status":"OK","on_map":true,"group":"Smoking","subgroup":"","layer":"Cigarette Butts","full_name":"Smoking \u2013 Cigarette Butts","olm_key":"smoking/butts","quantity":3,"picked_up":true}],"groups":["litter","substances"],"has_litter":true,"has_pet_waste":false,"has_substances":true,"zone":"cottonwood_zone_E","zone_edge_m":54.4,"nbhd_edge_m":null}},{"type":"Feature","geometry":{"type":"Point","coordinates":[-122.55673980713,49.206787109375]},"properties":{"id":552431,"datetime":"2026-08-29T18:12:27.000000Z","filename":"https://olm-s3.s3.eu-west-1.amazonaws.com/2026/08/29/uSny4Z4YxGgnaTdzSCy1OqMLBWZ8fklkkIecmqt8.jpg","tags":[{"type":"standard","category":"coffee","item":"cup","quantity":1},{"type":"material","category":"material","item":"plastic","quantity":1,"parent_category":"coffee","parent_item":"cup"}],"objects":[{"status":"OK","on_map":true,"group":"Convenient Food Drink","subgroup":"Drink","layer":"Poly-lined Hot Beverage Cup","full_name":"Convenient Food Drink \u2013 Drink \u2013 Poly-lined Hot Beverage Cup","olm_key":"coffee/cup","quantity":1,"picked_up":true}],"groups":["litter"],"has_litter":true,"has_pet_waste":false,"has_substances":false,"zone":"cottonwood_zone_E","zone_edge_m":53.8,"nbhd_edge_m":null}},{"type":"Feature","geometry":{"type":"Point","coordinates":[-122.55673980713,49.206787109375]},"properties":{"id":552430,"datetime":"2026-08-29T18:12:39.000000Z","filename":"https://olm-s3.s3.eu-west-1.amazonaws.com/2026/08/29/vwTUL41fuHRHMMNK0UbprWdnSVs0yF3J7WfYxMCK.jpg","tags":[{"type":"standard","category":"other","item":"paper","quantity":1},{"type":"material","category":"material","item":"paper","quantity":1,"parent_category":"other","parent_item":"paper"},{"type":"standard","category":"smoking","item":"butts","quantity":1}],"objects":[{"status":"OK","on_map":true,"group":"Piece","subgroup":"","layer":"Paper Piece","full_name":"Piece \u2013 Paper Piece","olm_key":"other/paper","quantity":1,"picked_up":true},{"status":"OK","on_map":true,"group":"Smoking","subgroup":"","layer":"Cigarette Butts","full_name":"Smoking \u2013 Cigarette Butts","olm_key":"smoking/butts","quantity":1,"picked_up":true}],"groups":["litter","substances"],"has_litter":true,"has_pet_waste":false,"has_substances":true,"zone":"cottonwood_zone_E","zone_edge_m":53.8,"nbhd_edge_m":null}},{"type":"Feature","geometry":{"type":"Point","coordinates":[-122.55673980713,49.206787109375]},"properties":{"id":552429,"datetime":"2026-08-29T18:12:50.000000Z","filename":"https://olm-s3.s3.eu-west-1.amazonaws.com/2026/08/29/tdqXwPCmycNvT35rQWcH0jJ2QwGrExiIu7AHXg4d.jpg","tags":[{"type":"standard","category":"softdrinks","item":"straw","quantity":1}],"objects":[{"status":"OK","on_map":true,"group":"Convenient Food Drink","subgroup":"Drink","layer":"Paper Drink Straws","full_name":"Convenient Food Drink \u2013 Drink \u2013 Paper Drink Straws","olm_key":"softdrinks/straw","quantity":1,"picked_up":true}],"groups":["litter"],"has_litter":true,"has_pet_waste":false,"has_substances":false,"zone":"cottonwood_zone_E","zone_edge_m":53.8,"nbhd_edge_m":null}},{"type":"Feature","geometry":{"type":"Point","coordinates":[-122.55690765381,49.206214904785]},"properties":{"id":552428,"datetime":"2026-08-29T18:14:18.000000Z","filename":"https://olm-s3.s3.eu-west-1.amazonaws.com/2026/08/29/E9eHXKm7WWNsUGdoypqdq4Aa9nIbQ3XMU2ida0cX.jpg","tags":[{"type":"standard","category":"softdrinks","item":"straw","quantity":1}],"objects":[{"status":"OK","on_map":true,"group":"Convenient Food Drink","subgroup":"Drink","layer":"Paper Drink Straws","full_name":"Convenient Food Drink \u2013 Drink \u2013 Paper Drink Straws","olm_key":"softdrinks/straw","quantity":1,"picked_up":true}],"groups":["litter"],"has_litter":true,"has_pet_waste":false,"has_substances":false,"zone":"cottonwood_zone_E","zone_edge_m":66.0,"nbhd_edge_m":null}},{"type":"Feature","geometry":{"type":"Point","coordinates":[-122.55690765381,49.206214904785]},"properties":{"id":552427,"datetime":"2026-08-29T18:14:28.000000Z","filename":"https://olm-s3.s3.eu-west-1.amazonaws.com/2026/08/29/3tQ4CClQox5y84h76NdCu8KL3LMHSa3qGuVKqlSP.jpg","tags":[{"type":"standard","category":"food","item":"cutlery","quantity":1},{"type":"standard","category":"other","item":"plastic","quantity":1}],"objects":[{"status":"OK","on_map":true,"group":"Convenient Food Drink","subgroup":"Take-out","layer":"Cutlery","full_name":"Convenient Food Drink \u2013 Take-out \u2013 Cutlery","olm_key":"food/cutlery","quantity":1,"picked_up":true},{"status":"OK","on_map":true,"group":"Piece","subgroup":"","layer":"Plastic Piece","full_name":"Piece \u2013 Plastic Piece","olm_key":"other/plastic","quantity":1,"picked_up":true}],"groups":["litter"],"has_litter":true,"has_pet_waste":false,"has_substances":false,"zone":"cottonwood_zone_E","zone_edge_m":66.0,"nbhd_edge_m":null}},{"type":"Feature","geometry":{"type":"Point","coordinates":[-122.55690765381,49.206214904785]},"properties":{"id":552426,"datetime":"2026-08-29T18:14:41.000000Z","filename":"https://olm-s3.s3.eu-west-1.amazonaws.com/2026/08/29/N3xecJ7zspvfFzBqiQeQV9e6uwHfmt9PJHYX2qEG.jpg","tags":[{"type":"standard","category":"food","item":"bag","quantity":1}],"objects":[{"status":"OK","on_map":true,"group":"Household","subgroup":"","layer":"Plastic (#4) or Paper Food Bag","full_name":"Household \u2013 Plastic (#4) or Paper Food Bag","olm_key":"food/bag","quantity":1,"picked_up":true}],"groups":["litter"],"has_litter":true,"has_pet_waste":false,"has_substances":false,"zone":"cottonwood_zone_E","zone_edge_m":66.0,"nbhd_edge_m":null}},{"type":"Feature","geometry":{"type":"Point","coordinates":[-122.55690765381,49.206214904785]},"properties":{"id":552425,"datetime":"2026-08-29T18:14:47.000000Z","filename":"https://olm-s3.s3.eu-west-1.amazonaws.com/2026/08/29/XyYUjztqjt3EtJsIVsWdRPOUfRErGpG4j25itgSY.jpg","tags":[{"type":"standard","category":"softdrinks","item":"lid","quantity":1},{"type":"standard","category":"softdrinks","item":"straw","quantity":1}],"objects":[{"status":"OK","on_map":true,"group":"Convenient Food Drink","subgroup":"Drink","layer":"Cold Beverage Lid","full_name":"Convenient Food Drink \u2013 Drink \u2013 Cold Beverage Lid","olm_key":"softdrinks/lid","quantity":1,"picked_up":true},{"status":"OK","on_map":true,"group":"Convenient Food Drink","subgroup":"Drink","layer":"Paper Drink Straws","full_name":"Convenient Food Drink \u2013 Drink \u2013 Paper Drink Straws","olm_key":"softdrinks/straw","quantity":1,"picked_up":true}],"groups":["litter"],"has_litter":true,"has_pet_waste":false,"has_substances":false,"zone":"cottonwood_zone_E","zone_edge_m":66.0,"nbhd_edge_m":null}},{"type":"Feature","geometry":{"type":"Point","coordinates":[-122.55657958984,49.206020355225]},"properties":{"id":552424,"datetime":"2026-08-29T18:15:03.000000Z","filename":"https://olm-s3.s3.eu-west-1.amazonaws.com/2026/08/29/XS93fJiy852ikO9D9DR22eo31EJ1G45FnNCPAgg9.jpg","tags":[{"type":"standard","category":"food","item":"packet","quantity":1}],"objects":[{"status":"OK","on_map":true,"group":"Convenient Food Drink","subgroup":"Take-out","layer":"Condiment Packets","full_name":"Convenient Food Drink \u2013 Take-out \u2013 Condiment Packets","olm_key":"food/packet","quantity":1,"picked_up":true}],"groups":["litter"],"has_litter":true,"has_pet_waste":false,"has_substances":false,"zone":"cottonwood_zone_E","zone_edge_m":42.2,"nbhd_edge_m":null}},{"type":"Feature","geometry":{"type":"Point","coordinates":[-122.55659484863,49.206085205078]},"properties":{"id":552423,"datetime":"2026-08-29T18:15:18.000000Z","filename":"https://olm-s3.s3.eu-west-1.amazonaws.com/2026/08/29/ZDEMiytOxgQfsaXtkLbMxjrOVvGZNMGBWaR8HL3x.jpg","tags":[{"type":"standard","category":"food","item":"container","quantity":1}],"objects":[{"status":"OK","on_map":true,"group":"Household","subgroup":"","layer":"Food Container - Plastic, Paper, Foam","full_name":"Household \u2013 Food Container - Plastic, Paper, Foam","olm_key":"food/container","quantity":1,"picked_up":true}],"groups":["litter"],"has_litter":true,"has_pet_waste":false,"has_substances":false,"zone":"cottonwood_zone_E","zone_edge_m":43.3,"nbhd_edge_m":null}},{"type":"Feature","geometry":{"type":"Point","coordinates":[-122.55659484863,49.206085205078]},"properties":{"id":552422,"datetime":"2026-08-29T18:15:35.000000Z","filename":"https://olm-s3.s3.eu-west-1.amazonaws.com/2026/08/29/7fFeFC3V14KoPa1esIymRPPSA7JCKmkfTfZIaf7v.jpg","tags":[{"type":"standard","category":"other","item":"clothing","quantity":1}],"objects":[{"status":"OK","on_map":true,"group":"Household","subgroup":"","layer":"Abandoned Textile Apparel","full_name":"Household \u2013 Abandoned Textile Apparel","olm_key":"other/clothing","quantity":1,"picked_up":true}],"groups":["litter"],"has_litter":true,"has_pet_waste":false,"has_substances":false,"zone":"cottonwood_zone_E","zone_edge_m":43.3,"nbhd_edge_m":null}},{"type":"Feature","geometry":{"type":"Point","coordinates":[-122.55659484863,49.206085205078]},"properties":{"id":552421,"datetime":"2026-08-29T18:15:36.000000Z","filename":"https://olm-s3.s3.eu-west-1.amazonaws.com/2026/08/29/7pw2LXKLUVlpa0lsgPlAOIKncxus8ZThkKECdicB.jpg","tags":[{"type":"standard","category":"other","item":"plastic","quantity":1}],"objects":[{"status":"OK","on_map":true,"group":"Piece","subgroup":"","layer":"Plastic Piece","full_name":"Piece \u2013 Plastic Piece","olm_key":"other/plastic","quantity":1,"picked_up":true}],"groups":["litter"],"has_litter":true,"has_pet_waste":false,"has_substances":false,"zone":"cottonwood_zone_E","zone_edge_m":43.3,"nbhd_edge_m":null}},{"type":"Feature","geometry":{"type":"Point","coordinates":[-122.55659484863,49.206085205078]},"properties":{"id":552420,"datetime":"2026-08-29T18:16:13.000000Z","filename":"https://olm-s3.s3.eu-west-1.amazonaws.com/2026/08/29/5pOxvunnMAvqRgz6kQ8IzmICr2D3hqlHTgW3aC4z.jpg","tags":[{"type":"standard","category":"other","item":"plastic","quantity":1}],"objects":[{"status":"OK","on_map":true,"group":"Piece","subgroup":"","layer":"Plastic Piece","full_name":"Piece \u2013 Plastic Piece","olm_key":"other/plastic","quantity":1,"picked_up":true}],"groups":["litter"],"has_litter":true,"has_pet_waste":false,"has_substances":false,"zone":"cottonwood_zone_E","zone_edge_m":43.3,"nbhd_edge_m":null}},{"type":"Feature","geometry":{"type":"Point","coordinates":[-122.55659484863,49.206085205078]},"properties":{"id":552419,"datetime":"2026-08-29T18:16:28.000000Z","filename":"https://olm-s3.s3.eu-west-1.amazonaws.com/2026/08/29/KTwj7wjXiQYCMwsjVp5ST2Zv2En7GjDP7QOWLOb1.jpg","tags":[{"type":"standard","category":"other","item":"paper","quantity":2},{"type":"material","category":"material","item":"paper","quantity":1,"parent_category":"other","parent_item":"paper"},{"type":"standard","category":"other","item":"plastic","quantity":1}],"objects":[{"status":"OK","on_map":true,"group":"Piece","subgroup":"","layer":"Paper Piece","full_name":"Piece \u2013 Paper Piece","olm_key":"other/paper","quantity":2,"picked_up":true},{"status":"OK","on_map":true,"group":"Piece","subgroup":"","layer":"Plastic Piece","full_name":"Piece \u2013 Plastic Piece","olm_key":"other/plastic","quantity":1,"picked_up":true}],"groups":["litter"],"has_litter":true,"has_pet_waste":false,"has_substances":false,"zone":"cottonwood_zone_E","zone_edge_m":43.3,"nbhd_edge_m":null}},{"type":"Feature","geometry":{"type":"Point","coordinates":[-122.55659484863,49.206085205078]},"properties":{"id":552418,"datetime":"2026-08-29T18:16:40.000000Z","filename":"https://olm-s3.s3.eu-west-1.amazonaws.com/2026/08/29/QVkKR4lUnjMTNw4Lr1rK9H9sgdmum3iqPI5Aw3ey.jpg","tags":[{"type":"standard","category":"other","item":"plastic","quantity":1}],"objects":[{"status":"OK","on_map":true,"group":"Piece","subgroup":"","layer":"Plastic Piece","full_name":"Piece \u2013 Plastic Piece","olm_key":"other/plastic","quantity":1,"picked_up":true}],"groups":["litter"],"has_litter":true,"has_pet_waste":false,"has_substances":false,"zone":"cottonwood_zone_E","zone_edge_m":43.3,"nbhd_edge_m":null}},{"type":"Feature","geometry":{"type":"Point","coordinates":[-122.55659484863,49.206085205078]},"properties":{"id":552417,"datetime":"2026-08-29T18:16:52.000000Z","filename":"https://olm-s3.s3.eu-west-1.amazonaws.com/2026/08/29/LM955HO9tNmjPxEeOsPrekVTD5GIoh72KQlv6lhx.jpg","tags":[{"type":"standard","category":"alcohol","item":"can","quantity":1,"object_type":"spirits"}],"objects":[{"status":"OK","on_map":true,"group":"Household","subgroup":"Liquor","layer":"Liquor Can","full_name":"Household \u2013 Liquor \u2013 Liquor Can","olm_key":"alcohol/can","quantity":1,"picked_up":true}],"groups":["substances"],"has_litter":false,"has_pet_waste":false,"has_substances":true,"zone":"cottonwood_zone_E","zone_edge_m":43.3,"nbhd_edge_m":null}},{"type":"Feature","geometry":{"type":"Point","coordinates":[-122.55659484863,49.206085205078]},"properties":{"id":552416,"datetime":"2026-08-29T18:17:26.000000Z","filename":"https://olm-s3.s3.eu-west-1.amazonaws.com/2026/08/29/9xQNd3tyAMwEAQ2Xwgfor6kkROOxrKvctSmhDzeX.jpg","tags":[{"type":"standard","category":"food","item":"wrapper","quantity":2},{"type":"material","category":"material","item":"foil","quantity":1,"parent_category":"food","parent_item":"wrapper"},{"type":"material","category":"material","item":"plastic","quantity":1,"parent_category":"food","parent_item":"wrapper"},{"type":"standard","category":"food","item":"bag","quantity":1},{"type":"standard","category":"food","item":"packaging","quantity":1},{"type":"standard","category":"other","item":"paper","quantity":2},{"type":"material","category":"material","item":"paper","quantity":1,"parent_category":"other","parent_item":"paper"}],"objects":[{"status":"OK","on_map":true,"group":"Convenient Food Drink","subgroup":"Snack","layer":"Foil / Plastic Film Snack Wrapper","full_name":"Convenient Food Drink \u2013 Snack \u2013 Foil / Plastic Film Snack Wrapper","olm_key":"food/wrapper","quantity":2,"picked_up":true},{"status":"OK","on_map":true,"group":"Household","subgroup":"","layer":"Plastic (#4) or Paper Food Bag","full_name":"Household \u2013 Plastic (#4) or Paper Food Bag","olm_key":"food/bag","quantity":1,"picked_up":true},{"status":"OK","on_map":true,"group":"Convenient Food Drink","subgroup":"Take-out","layer":"Food Packaging","full_name":"Convenient Food Drink \u2013 Take-out \u2013 Food Packaging","olm_key":"food/packaging","quantity":1,"picked_up":true},{"status":"OK","on_map":true,"group":"Piece","subgroup":"","layer":"Paper Piece","full_name":"Piece \u2013 Paper Piece","olm_key":"other/paper","quantity":2,"picked_up":true}],"groups":["litter"],"has_litter":true,"has_pet_waste":false,"has_substances":false,"zone":"cottonwood_zone_E","zone_edge_m":43.3,"nbhd_edge_m":null}},{"type":"Feature","geometry":{"type":"Point","coordinates":[-122.55659484863,49.206085205078]},"properties":{"id":552415,"datetime":"2026-08-29T18:17:46.000000Z","filename":"https://olm-s3.s3.eu-west-1.amazonaws.com/2026/08/29/HwJW296CzZcMElmSaVsNG1hPP758XatG9j9mwOE6.jpg","tags":[{"type":"standard","category":"other","item":"plastic","quantity":1}],"objects":[{"status":"OK","on_map":true,"group":"Piece","subgroup":"","layer":"Plastic Piece","full_name":"Piece \u2013 Plastic Piece","olm_key":"other/plastic","quantity":1,"picked_up":true}],"groups":["litter"],"has_litter":true,"has_pet_waste":false,"has_substances":false,"zone":"cottonwood_zone_E","zone_edge_m":43.3,"nbhd_edge_m":null}},{"type":"Feature","geometry":{"type":"Point","coordinates":[-122.55659484863,49.206085205078]},"properties":{"id":552414,"datetime":"2026-08-29T18:17:52.000000Z","filename":"https://olm-s3.s3.eu-west-1.amazonaws.com/2026/08/29/vro5JTUVcCJDTbfMH3PRrkBb51DCdr7Hbyb1NvKL.jpg","tags":[{"type":"standard","category":"marine","item":"polystyrene_fragment","quantity":1},{"type":"standard","category":"other","item":"plastic","quantity":1}],"objects":[{"status":"OK","on_map":true,"group":"Piece","subgroup":"","layer":"Styrofoam Piece","full_name":"Piece \u2013 Styrofoam Piece","olm_key":"marine/polystyrene_fragment","quantity":1,"picked_up":true},{"status":"OK","on_map":true,"group":"Piece","subgroup":"","layer":"Plastic Piece","full_name":"Piece \u2013 Plastic Piece","olm_key":"other/plastic","quantity":1,"picked_up":true}],"groups":["litter"],"has_litter":true,"has_pet_waste":false,"has_substances":false,"zone":"cottonwood_zone_E","zone_edge_m":43.3,"nbhd_edge_m":null}},{"type":"Feature","geometry":{"type":"Point","coordinates":[-122.55659484863,49.206085205078]},"properties":{"id":552413,"datetime":"2026-08-29T18:18:17.000000Z","filename":"https://olm-s3.s3.eu-west-1.amazonaws.com/2026/08/29/td6oY98X6AFC2IqcZjrakdhWBLh8hAN36nEvuW93.jpg","tags":[{"type":"standard","category":"food","item":"packaging","quantity":1}],"objects":[{"status":"OK","on_map":true,"group":"Convenient Food Drink","subgroup":"Take-out","layer":"Food Packaging","full_name":"Convenient Food Drink \u2013 Take-out \u2013 Food Packaging","olm_key":"food/packaging","quantity":1,"picked_up":true}],"groups":["litter"],"has_litter":true,"has_pet_waste":false,"has_substances":false,"zone":"cottonwood_zone_E","zone_edge_m":43.3,"nbhd_edge_m":null}},{"type":"Feature","geometry":{"type":"Point","coordinates":[-122.55659484863,49.206085205078]},"properties":{"id":552412,"datetime":"2026-08-29T18:18:29.000000Z","filename":"https://olm-s3.s3.eu-west-1.amazonaws.com/2026/08/29/SPtjPpV1mrfUtgZ7xGA1X6bKPKLT42g6fA4XCR87.jpg","tags":[{"type":"standard","category":"food","item":"packaging","quantity":1}],"objects":[{"status":"OK","on_map":true,"group":"Convenient Food Drink","subgroup":"Take-out","layer":"Food Packaging","full_name":"Convenient Food Drink \u2013 Take-out \u2013 Food Packaging","olm_key":"food/packaging","quantity":1,"picked_up":true}],"groups":["litter"],"has_litter":true,"has_pet_waste":false,"has_substances":false,"zone":"cottonwood_zone_E","zone_edge_m":43.3,"nbhd_edge_m":null}},{"type":"Feature","geometry":{"type":"Point","coordinates":[-122.55659484863,49.206085205078]},"properties":{"id":552411,"datetime":"2026-08-29T18:18:49.000000Z","filename":"https://olm-s3.s3.eu-west-1.amazonaws.com/2026/08/29/z5wM5ygmIAG1sHOQ5w1SWQZtP7537Y02VCliSGhP.jpg","tags":[{"type":"standard","category":"pets","item":"dogshit","quantity":1}],"objects":[{"status":"OK","on_map":true,"group":"Fecal","subgroup":"","layer":"Pet Waste Unbagged","full_name":"Fecal \u2013 Pet Waste Unbagged","olm_key":"pets/dogshit","quantity":1,"picked_up":false}],"groups":["pet_waste"],"has_litter":false,"has_pet_waste":true,"has_substances":false,"zone":"cottonwood_zone_E","zone_edge_m":43.3,"nbhd_edge_m":null}},{"type":"Feature","geometry":{"type":"Point","coordinates":[-122.55659484863,49.206085205078]},"properties":{"id":552410,"datetime":"2026-08-29T18:18:54.000000Z","filename":"https://olm-s3.s3.eu-west-1.amazonaws.com/2026/08/29/W6sW7tU44DXR36QcQz4ukr87DPVrm1x5uy99PDqt.jpg","tags":[{"type":"standard","category":"other","item":"plastic","quantity":2}],"objects":[{"status":"OK","on_map":true,"group":"Piece","subgroup":"","layer":"Plastic Piece","full_name":"Piece \u2013 Plastic Piece","olm_key":"other/plastic","quantity":2,"picked_up":true}],"groups":["litter"],"has_litter":true,"has_pet_waste":false,"has_substances":false,"zone":"cottonwood_zone_E","zone_edge_m":43.3,"nbhd_edge_m":null}},{"type":"Feature","geometry":{"type":"Point","coordinates":[-122.55659484863,49.20677947998]},"properties":{"id":552409,"datetime":"2026-08-29T18:19:06.000000Z","filename":"https://olm-s3.s3.eu-west-1.amazonaws.com/2026/08/29/RwhOls2GhMhFqgfzyDzTfyW0wTd7oHxRjlWnGVoM.jpg","tags":[{"type":"standard","category":"industrial","item":"other","quantity":1},{"type":"standard","category":"other","item":"metal","quantity":1}],"objects":[{"status":"OK","on_map":true,"group":"Industrial","subgroup":"","layer":"Industrial Debris","full_name":"Industrial \u2013 Industrial Debris","olm_key":"industrial/other","quantity":1,"picked_up":true},{"status":"OK","on_map":true,"group":"Piece","subgroup":"","layer":"Household or Unknown Metal Piece","full_name":"Piece \u2013 Household or Unknown Metal Piece","olm_key":"other/metal","quantity":1,"picked_up":true}],"groups":["litter"],"has_litter":true,"has_pet_waste":false,"has_substances":false,"zone":"cottonwood_zone_E","zone_edge_m":43.3,"nbhd_edge_m":null}},{"type":"Feature","geometry":{"type":"Point","coordinates":[-122.55657196045,49.206871032715]},"properties":{"id":552408,"datetime":"2026-08-29T18:19:20.000000Z","filename":"https://olm-s3.s3.eu-west-1.amazonaws.com/2026/08/29/K6ZAmomfwAnOftlvs6rnTbgtuX75a9JrRdGNpVcP.jpg","tags":[{"type":"standard","category":"industrial","item":"other","quantity":1}],"objects":[{"status":"OK","on_map":true,"group":"Industrial","subgroup":"","layer":"Industrial Debris","full_name":"Industrial \u2013 Industrial Debris","olm_key":"industrial/other","quantity":1,"picked_up":true}],"groups":["litter"],"has_litter":true,"has_pet_waste":false,"has_substances":false,"zone":"cottonwood_zone_E","zone_edge_m":41.6,"nbhd_edge_m":null}},{"type":"Feature","geometry":{"type":"Point","coordinates":[-122.55659484863,49.206871032715]},"properties":{"id":552407,"datetime":"2026-08-29T18:19:46.000000Z","filename":"https://olm-s3.s3.eu-west-1.amazonaws.com/2026/08/29/DTXfuGpK7QTsm6m9QKn858ZXJURnc1qlxq8x2GqH.jpg","tags":[{"type":"standard","category":"other","item":"paper","quantity":1},{"type":"material","category":"material","item":"paper","quantity":1,"parent_category":"other","parent_item":"paper"}],"objects":[{"status":"OK","on_map":true,"group":"Piece","subgroup":"","layer":"Paper Piece","full_name":"Piece \u2013 Paper Piece","olm_key":"other/paper","quantity":1,"picked_up":true}],"groups":["litter"],"has_litter":true,"has_pet_waste":false,"has_substances":false,"zone":"cottonwood_zone_E","zone_edge_m":43.3,"nbhd_edge_m":null}},{"type":"Feature","geometry":{"type":"Point","coordinates":[-122.55659484863,49.206871032715]},"properties":{"id":552406,"datetime":"2026-08-29T18:19:52.000000Z","filename":"https://olm-s3.s3.eu-west-1.amazonaws.com/2026/08/29/8GIexhw0chGzp8jgBperl5JLdn1mfpOxQBMYZjgI.jpg","tags":[{"type":"standard","category":"other","item":"paper","quantity":1},{"type":"material","category":"material","item":"paper","quantity":1,"parent_category":"other","parent_item":"paper"}],"objects":[{"status":"OK","on_map":true,"group":"Piece","subgroup":"","layer":"Paper Piece","full_name":"Piece \u2013 Paper Piece","olm_key":"other/paper","quantity":1,"picked_up":true}],"groups":["litter"],"has_litter":true,"has_pet_waste":false,"has_substances":false,"zone":"cottonwood_zone_E","zone_edge_m":43.3,"nbhd_edge_m":null}},{"type":"Feature","geometry":{"type":"Point","coordinates":[-122.55659484863,49.206871032715]},"properties":{"id":552405,"datetime":"2026-08-29T18:20:05.000000Z","filename":"https://olm-s3.s3.eu-west-1.amazonaws.com/2026/08/29/n20rXWVrnBDqCh44waInQ377lDM0UL7ALQ6CPDeI.jpg","tags":[{"type":"standard","category":"other","item":"plastic","quantity":1}],"objects":[{"status":"OK","on_map":true,"group":"Piece","subgroup":"","layer":"Plastic Piece","full_name":"Piece \u2013 Plastic Piece","olm_key":"other/plastic","quantity":1,"picked_up":true}],"groups":["litter"],"has_litter":true,"has_pet_waste":false,"has_substances":false,"zone":"cottonwood_zone_E","zone_edge_m":43.3,"nbhd_edge_m":null}},{"type":"Feature","geometry":{"type":"Point","coordinates":[-122.55659484863,49.206871032715]},"properties":{"id":552404,"datetime":"2026-08-29T18:20:42.000000Z","filename":"https://olm-s3.s3.eu-west-1.amazonaws.com/2026/08/29/AL9x4lbo2Bg1rBAYv7V1VztjRqNDufqHNL2kSKDE.jpg","tags":[{"type":"standard","category":"food","item":"wrapper","quantity":1},{"type":"material","category":"material","item":"foil","quantity":1,"parent_category":"food","parent_item":"wrapper"},{"type":"material","category":"material","item":"plastic","quantity":1,"parent_category":"food","parent_item":"wrapper"}],"objects":[{"status":"OK","on_map":true,"group":"Convenient Food Drink","subgroup":"Snack","layer":"Foil / Plastic Film Snack Wrapper","full_name":"Convenient Food Drink \u2013 Snack \u2013 Foil / Plastic Film Snack Wrapper","olm_key":"food/wrapper","quantity":1,"picked_up":true}],"groups":["litter"],"has_litter":true,"has_pet_waste":false,"has_substances":false,"zone":"cottonwood_zone_E","zone_edge_m":43.3,"nbhd_edge_m":null}},{"type":"Feature","geometry":{"type":"Point","coordinates":[-122.55659484863,49.206871032715]},"properties":{"id":552403,"datetime":"2026-08-29T18:20:53.000000Z","filename":"https://olm-s3.s3.eu-west-1.amazonaws.com/2026/08/29/oqVafAVcwOo7iVxRarfQ427tRmEXbWs56M5WcPJT.jpg","tags":[{"type":"standard","category":"food","item":"bag","quantity":1}],"objects":[{"status":"OK","on_map":true,"group":"Household","subgroup":"","layer":"Plastic (#4) or Paper Food Bag","full_name":"Household \u2013 Plastic (#4) or Paper Food Bag","olm_key":"food/bag","quantity":1,"picked_up":true}],"groups":["litter"],"has_litter":true,"has_pet_waste":false,"has_substances":false,"zone":"cottonwood_zone_E","zone_edge_m":43.3,"nbhd_edge_m":null}},{"type":"Feature","geometry":{"type":"Point","coordinates":[-122.55659484863,49.206871032715]},"properties":{"id":552402,"datetime":"2026-08-29T18:21:15.000000Z","filename":"https://olm-s3.s3.eu-west-1.amazonaws.com/2026/08/29/k49uLRkctVS2EcakpvXfv5v7rV5QC2V1xDUeRD5S.jpg","tags":[{"type":"standard","category":"dumping","item":"dumping","quantity":1,"object_type":"medium"},{"type":"material","category":"material","item":"cardboard","quantity":1,"parent_category":"dumping","parent_item":"dumping"},{"type":"custom_tag","category":"custom_tag","item":"Household","quantity":1,"parent_category":"dumping","parent_item":"dumping"}],"objects":[{"status":"OK","on_map":true,"group":"Dumping","subgroup":"","layer":"Med","full_name":"Dumping \u2013 Med","olm_key":"dumping/dumping","quantity":1,"picked_up":false}],"groups":["litter"],"has_litter":true,"has_pet_waste":false,"has_substances":false,"zone":"cottonwood_zone_E","zone_edge_m":43.3,"nbhd_edge_m":null}},{"type":"Feature","geometry":{"type":"Point","coordinates":[-122.55659484863,49.206871032715]},"properties":{"id":552401,"datetime":"2026-08-29T18:21:25.000000Z","filename":"https://olm-s3.s3.eu-west-1.amazonaws.com/2026/08/29/4lgZjs66VL8kQOa7h0Mm4gkWztoQ5L7Itg1Es34r.jpg","tags":[{"type":"standard","category":"other","item":"paper","quantity":1},{"type":"material","category":"material","item":"paper","quantity":1,"parent_category":"other","parent_item":"paper"},{"type":"standard","category":"other","item":"plastic","quantity":1}],"objects":[{"status":"OK","on_map":true,"group":"Piece","subgroup":"","layer":"Paper Piece","full_name":"Piece \u2013 Paper Piece","olm_key":"other/paper","quantity":1,"picked_up":true},{"status":"OK","on_map":true,"group":"Piece","subgroup":"","layer":"Plastic Piece","full_name":"Piece \u2013 Plastic Piece","olm_key":"other/plastic","quantity":1,"picked_up":true}],"groups":["litter"],"has_litter":true,"has_pet_waste":false,"has_substances":false,"zone":"cottonwood_zone_E","zone_edge_m":43.3,"nbhd_edge_m":null}},{"type":"Feature","geometry":{"type":"Point","coordinates":[-122.55659484863,49.206871032715]},"properties":{"id":552400,"datetime":"2026-08-29T18:21:53.000000Z","filename":"https://olm-s3.s3.eu-west-1.amazonaws.com/2026/08/29/UsOgAWhKm97DsJ1O2qKDegahY1SkuXkiPwgIT8En.jpg","tags":[{"type":"standard","category":"medical","item":"gloves","quantity":2},{"type":"standard","category":"other","item":"paper","quantity":1},{"type":"material","category":"material","item":"paper","quantity":1,"parent_category":"other","parent_item":"paper"},{"type":"custom_tag","category":"custom_tag","item":"receipt","quantity":1,"parent_category":"other","parent_item":"paper"}],"objects":[{"status":"OK","on_map":true,"group":"Household","subgroup":"","layer":"Latex / Nitrile Glove","full_name":"Household \u2013 Latex / Nitrile Glove","olm_key":"medical/gloves","quantity":2,"picked_up":true},{"status":"OK","on_map":true,"group":"Piece","subgroup":"","layer":"Paper Piece","full_name":"Piece \u2013 Paper Piece","olm_key":"other/paper","quantity":1,"picked_up":true}],"groups":["litter"],"has_litter":true,"has_pet_waste":false,"has_substances":false,"zone":"cottonwood_zone_E","zone_edge_m":43.3,"nbhd_edge_m":null}},{"type":"Feature","geometry":{"type":"Point","coordinates":[-122.55659484863,49.206871032715]},"properties":{"id":552399,"datetime":"2026-08-29T18:22:05.000000Z","filename":"https://olm-s3.s3.eu-west-1.amazonaws.com/2026/08/29/9CYYJvzzqPRPfm4YolhgG5C6hhecH7nI4Gnr663i.jpg","tags":[{"type":"standard","category":"other","item":"paper","quantity":1},{"type":"material","category":"material","item":"paper","quantity":1,"parent_category":"other","parent_item":"paper"}],"objects":[{"status":"OK","on_map":true,"group":"Piece","subgroup":"","layer":"Paper Piece","full_name":"Piece \u2013 Paper Piece","olm_key":"other/paper","quantity":1,"picked_up":true}],"groups":["litter"],"has_litter":true,"has_pet_waste":false,"has_substances":false,"zone":"cottonwood_zone_E","zone_edge_m":43.3,"nbhd_edge_m":null}},{"type":"Feature","geometry":{"type":"Point","coordinates":[-122.55659484863,49.206871032715]},"properties":{"id":552398,"datetime":"2026-08-29T18:22:11.000000Z","filename":"https://olm-s3.s3.eu-west-1.amazonaws.com/2026/08/29/LsgHcbl3ij0ROUrObZFUDq2No0KCWTESNWKZmDzR.jpg","tags":[{"type":"standard","category":"other","item":"paper","quantity":1},{"type":"material","category":"material","item":"paper","quantity":1,"parent_category":"other","parent_item":"paper"}],"objects":[{"status":"OK","on_map":true,"group":"Piece","subgroup":"","layer":"Paper Piece","full_name":"Piece \u2013 Paper Piece","olm_key":"other/paper","quantity":1,"picked_up":true}],"groups":["litter"],"has_litter":true,"has_pet_waste":false,"has_substances":false,"zone":"cottonwood_zone_E","zone_edge_m":43.3,"nbhd_edge_m":null}},{"type":"Feature","geometry":{"type":"Point","coordinates":[-122.55659484863,49.206871032715]},"properties":{"id":552397,"datetime":"2026-08-29T18:22:20.000000Z","filename":"https://olm-s3.s3.eu-west-1.amazonaws.com/2026/08/29/8wncQupsv5jG9DJPImyXRcfGHp76dIhbqormhFYg.jpg","tags":[{"type":"standard","category":"softdrinks","item":"lid","quantity":1}],"objects":[{"status":"OK","on_map":true,"group":"Convenient Food Drink","subgroup":"Drink","layer":"Cold Beverage Lid","full_name":"Convenient Food Drink \u2013 Drink \u2013 Cold Beverage Lid","olm_key":"softdrinks/lid","quantity":1,"picked_up":true}],"groups":["litter"],"has_litter":true,"has_pet_waste":false,"has_substances":false,"zone":"cottonwood_zone_E","zone_edge_m":43.3,"nbhd_edge_m":null}},{"type":"Feature","geometry":{"type":"Point","coordinates":[-122.55659484863,49.206871032715]},"properties":{"id":552396,"datetime":"2026-08-29T18:22:32.000000Z","filename":"https://olm-s3.s3.eu-west-1.amazonaws.com/2026/08/29/5pWObBAuTLyYtFFcHDAcvQKIyHL0cFoJLR0C9CsH.jpg","tags":[{"type":"standard","category":"other","item":"plastic","quantity":1}],"objects":[{"status":"OK","on_map":true,"group":"Piece","subgroup":"","layer":"Plastic Piece","full_name":"Piece \u2013 Plastic Piece","olm_key":"other/plastic","quantity":1,"picked_up":true}],"groups":["litter"],"has_litter":true,"has_pet_waste":false,"has_substances":false,"zone":"cottonwood_zone_E","zone_edge_m":43.3,"nbhd_edge_m":null}},{"type":"Feature","geometry":{"type":"Point","coordinates":[-122.55659484863,49.206871032715]},"properties":{"id":552395,"datetime":"2026-08-29T18:22:37.000000Z","filename":"https://olm-s3.s3.eu-west-1.amazonaws.com/2026/08/29/9qCm9OqON9wJHX9yekTzOD3BxvrXtPPKBsKXgY1J.jpg","tags":[{"type":"standard","category":"other","item":"plastic","quantity":1}],"objects":[{"status":"OK","on_map":true,"group":"Piece","subgroup":"","layer":"Plastic Piece","full_name":"Piece \u2013 Plastic Piece","olm_key":"other/plastic","quantity":1,"picked_up":true}],"groups":["litter"],"has_litter":true,"has_pet_waste":false,"has_substances":false,"zone":"cottonwood_zone_E","zone_edge_m":43.3,"nbhd_edge_m":null}},{"type":"Feature","geometry":{"type":"Point","coordinates":[-122.55659484863,49.206871032715]},"properties":{"id":552394,"datetime":"2026-08-29T18:22:45.000000Z","filename":"https://olm-s3.s3.eu-west-1.amazonaws.com/2026/08/29/jKmO9k6mzM1qNZQPSbmgHYuSDK3xGBqFw8z6Ij96.jpg","tags":[{"type":"standard","category":"food","item":"packaging","quantity":1},{"type":"standard","category":"other","item":"paper","quantity":1},{"type":"material","category":"material","item":"paper","quantity":1,"parent_category":"other","parent_item":"paper"}],"objects":[{"status":"OK","on_map":true,"group":"Convenient Food Drink","subgroup":"Take-out","layer":"Food Packaging","full_name":"Convenient Food Drink \u2013 Take-out \u2013 Food Packaging","olm_key":"food/packaging","quantity":1,"picked_up":true},{"status":"OK","on_map":true,"group":"Piece","subgroup":"","layer":"Paper Piece","full_name":"Piece \u2013 Paper Piece","olm_key":"other/paper","quantity":1,"picked_up":true}],"groups":["litter"],"has_litter":true,"has_pet_waste":false,"has_substances":false,"zone":"cottonwood_zone_E","zone_edge_m":43.3,"nbhd_edge_m":null}},{"type":"Feature","geometry":{"type":"Point","coordinates":[-122.55659484863,49.206871032715]},"properties":{"id":552393,"datetime":"2026-08-29T18:23:19.000000Z","filename":"https://olm-s3.s3.eu-west-1.amazonaws.com/2026/08/29/wTavqil7pW2iHahnfsGGySBEAguzdhra9ekdfUMF.jpg","tags":[{"type":"standard","category":"electronics","item":"battery","quantity":1,"object_type":"alkaline"},{"type":"brand","category":"brand","item":"Energizer","quantity":1,"parent_category":"electronics","parent_item":"battery"},{"type":"custom_tag","category":"custom_tag","item":"AAA","quantity":1,"parent_category":"electronics","parent_item":"battery"}],"objects":[{"status":"OK","on_map":true,"group":"Household","subgroup":"","layer":"Batteries","full_name":"Household \u2013 Batteries","olm_key":"electronics/battery","quantity":1,"picked_up":true}],"groups":["litter"],"has_litter":true,"has_pet_waste":false,"has_substances":false,"zone":"cottonwood_zone_E","zone_edge_m":43.3,"nbhd_edge_m":null}},{"type":"Feature","geometry":{"type":"Point","coordinates":[-122.55659484863,49.206871032715]},"properties":{"id":552392,"datetime":"2026-08-29T18:23:27.000000Z","filename":"https://olm-s3.s3.eu-west-1.amazonaws.com/2026/08/29/MzrId19bJ3IdYITnX3ICyHgNh6tHZQMBlDZ39gZ7.jpg","tags":[{"type":"standard","category":"other","item":"plastic","quantity":1},{"type":"custom_tag","category":"custom_tag","item":"Piece","quantity":1,"parent_category":"other","parent_item":"plastic"},{"type":"custom_tag","category":"custom_tag","item":"material:plastic foil","quantity":1,"parent_category":"other","parent_item":"plastic"}],"objects":[{"status":"OK","on_map":true,"group":"Piece","subgroup":"","layer":"Plastic Piece","full_name":"Piece \u2013 Plastic Piece","olm_key":"other/plastic","quantity":1,"picked_up":true}],"groups":["litter"],"has_litter":true,"has_pet_waste":false,"has_substances":false,"zone":"cottonwood_zone_E","zone_edge_m":43.3,"nbhd_edge_m":null}},{"type":"Feature","geometry":{"type":"Point","coordinates":[-122.55659484863,49.206871032715]},"properties":{"id":552391,"datetime":"2026-08-29T18:23:46.000000Z","filename":"https://olm-s3.s3.eu-west-1.amazonaws.com/2026/08/29/acbamiVui70cj5X6O1HqDO8n1kDzl4AQe66JqIZa.jpg","tags":[{"type":"standard","category":"other","item":"plastic","quantity":1}],"objects":[{"status":"OK","on_map":true,"group":"Piece","subgroup":"","layer":"Plastic Piece","full_name":"Piece \u2013 Plastic Piece","olm_key":"other/plastic","quantity":1,"picked_up":true}],"groups":["litter"],"has_litter":true,"has_pet_waste":false,"has_substances":false,"zone":"cottonwood_zone_E","zone_edge_m":43.3,"nbhd_edge_m":null}},{"type":"Feature","geometry":{"type":"Point","coordinates":[-122.55659484863,49.206871032715]},"properties":{"id":552390,"datetime":"2026-08-29T18:23:58.000000Z","filename":"https://olm-s3.s3.eu-west-1.amazonaws.com/2026/08/29/xvluGEAbkYHRVWWCp7kfnh81YDgnbTFbUUO7znH9.jpg","tags":[{"type":"standard","category":"smoking","item":"butts","quantity":1}],"objects":[{"status":"OK","on_map":true,"group":"Smoking","subgroup":"","layer":"Cigarette Butts","full_name":"Smoking \u2013 Cigarette Butts","olm_key":"smoking/butts","quantity":1,"picked_up":true}],"groups":["substances"],"has_litter":false,"has_pet_waste":false,"has_substances":true,"zone":"cottonwood_zone_E","zone_edge_m":43.3,"nbhd_edge_m":null}},{"type":"Feature","geometry":{"type":"Point","coordinates":[-122.55659484863,49.206871032715]},"properties":{"id":552389,"datetime":"2026-08-29T18:24:11.000000Z","filename":"https://olm-s3.s3.eu-west-1.amazonaws.com/2026/08/29/xcAEUknK3JtvNuxgDFDraaUfo9gMG8hifKbxXtAb.jpg","tags":[{"type":"standard","category":"other","item":"plastic","quantity":1}],"objects":[{"status":"OK","on_map":true,"group":"Piece","subgroup":"","layer":"Plastic Piece","full_name":"Piece \u2013 Plastic Piece","olm_key":"other/plastic","quantity":1,"picked_up":true}],"groups":["litter"],"has_litter":true,"has_pet_waste":false,"has_substances":false,"zone":"cottonwood_zone_E","zone_edge_m":43.3,"nbhd_edge_m":null}},{"type":"Feature","geometry":{"type":"Point","coordinates":[-122.55659484863,49.206871032715]},"properties":{"id":552388,"datetime":"2026-08-29T18:24:18.000000Z","filename":"https://olm-s3.s3.eu-west-1.amazonaws.com/2026/08/29/iyCAYPKLg7AD4pjHpm4nYMFunLQMHrdclBm7xcKU.jpg","tags":[{"type":"standard","category":"softdrinks","item":"cup","quantity":1}],"objects":[{"status":"OK","on_map":true,"group":"Convenient Food Drink","subgroup":"Drink","layer":"Cold Beverage Cup","full_name":"Convenient Food Drink \u2013 Drink \u2013 Cold Beverage Cup","olm_key":"softdrinks/cup","quantity":1,"picked_up":true}],"groups":["litter"],"has_litter":true,"has_pet_waste":false,"has_substances":false,"zone":"cottonwood_zone_E","zone_edge_m":43.3,"nbhd_edge_m":null}},{"type":"Feature","geometry":{"type":"Point","coordinates":[-122.55659484863,49.206871032715]},"properties":{"id":552387,"datetime":"2026-08-29T18:24:31.000000Z","filename":"https://olm-s3.s3.eu-west-1.amazonaws.com/2026/08/29/PTpSftujcIwe8gUvNbpztLqnOFD9rF61DxBEm2N0.jpg","tags":[{"type":"standard","category":"softdrinks","item":"straw","quantity":1}],"objects":[{"status":"OK","on_map":true,"group":"Convenient Food Drink","subgroup":"Drink","layer":"Paper Drink Straws","full_name":"Convenient Food Drink \u2013 Drink \u2013 Paper Drink Straws","olm_key":"softdrinks/straw","quantity":1,"picked_up":true}],"groups":["litter"],"has_litter":true,"has_pet_waste":false,"has_substances":false,"zone":"cottonwood_zone_E","zone_edge_m":43.3,"nbhd_edge_m":null}},{"type":"Feature","geometry":{"type":"Point","coordinates":[-122.55659484863,49.206871032715]},"properties":{"id":552386,"datetime":"2026-08-29T18:24:58.000000Z","filename":"https://olm-s3.s3.eu-west-1.amazonaws.com/2026/08/29/6ZDFR8atEpKgtcgOq7IPekfdRSmAHoe1om5fOWa9.jpg","tags":[{"type":"standard","category":"food","item":"wrapper","quantity":1},{"type":"material","category":"material","item":"foil","quantity":1,"parent_category":"food","parent_item":"wrapper"},{"type":"material","category":"material","item":"plastic","quantity":1,"parent_category":"food","parent_item":"wrapper"}],"objects":[{"status":"OK","on_map":true,"group":"Convenient Food Drink","subgroup":"Snack","layer":"Foil / Plastic Film Snack Wrapper","full_name":"Convenient Food Drink \u2013 Snack \u2013 Foil / Plastic Film Snack Wrapper","olm_key":"food/wrapper","quantity":1,"picked_up":true}],"groups":["litter"],"has_litter":true,"has_pet_waste":false,"has_substances":false,"zone":"cottonwood_zone_E","zone_edge_m":43.3,"nbhd_edge_m":null}},{"type":"Feature","geometry":{"type":"Point","coordinates":[-122.55683135986,49.208122253418]},"properties":{"id":552385,"datetime":"2026-08-29T18:25:21.000000Z","filename":"https://olm-s3.s3.eu-west-1.amazonaws.com/2026/08/29/zYS1vIOyhomzMVWviftdovfxz5Yx0cAy6tHdwXFY.jpg","tags":[{"type":"standard","category":"other","item":"plastic","quantity":2},{"type":"standard","category":"other","item":"paper","quantity":1},{"type":"material","category":"material","item":"paper","quantity":1,"parent_category":"other","parent_item":"paper"}],"objects":[{"status":"OK","on_map":true,"group":"Piece","subgroup":"","layer":"Plastic Piece","full_name":"Piece \u2013 Plastic Piece","olm_key":"other/plastic","quantity":2,"picked_up":true},{"status":"OK","on_map":true,"group":"Piece","subgroup":"","layer":"Paper Piece","full_name":"Piece \u2013 Paper Piece","olm_key":"other/paper","quantity":1,"picked_up":true}],"groups":["litter"],"has_litter":true,"has_pet_waste":false,"has_substances":false,"zone":"cottonwood_zone_E","zone_edge_m":16.4,"nbhd_edge_m":null}},{"type":"Feature","geometry":{"type":"Point","coordinates":[-122.55683135986,49.208122253418]},"properties":{"id":552384,"datetime":"2026-08-29T18:25:29.000000Z","filename":"https://olm-s3.s3.eu-west-1.amazonaws.com/2026/08/29/EQ2kq9rmWbDdj0nWpSgDZjz79mjMJyOHEfuGTaH4.jpg","tags":[{"type":"standard","category":"softdrinks","item":"straw_wrapper","quantity":1}],"objects":[{"status":"OK","on_map":true,"group":"Convenient Food Drink","subgroup":"Drink","layer":"Drink Straw Wrapper","full_name":"Convenient Food Drink \u2013 Drink \u2013 Drink Straw Wrapper","olm_key":"softdrinks/straw_wrapper","quantity":1,"picked_up":true}],"groups":["litter"],"has_litter":true,"has_pet_waste":false,"has_substances":false,"zone":"cottonwood_zone_E","zone_edge_m":16.4,"nbhd_edge_m":null}},{"type":"Feature","geometry":{"type":"Point","coordinates":[-122.55683135986,49.208122253418]},"properties":{"id":552383,"datetime":"2026-08-29T18:25:35.000000Z","filename":"https://olm-s3.s3.eu-west-1.amazonaws.com/2026/08/29/Z5VtIMIp3DIFU39cTb4eFnxlWhEDZapc2XxYnQ6j.jpg","tags":[{"type":"standard","category":"softdrinks","item":"bottle","quantity":1,"object_type":"water"},{"type":"custom_tag","category":"custom_tag","item":"material:plastic","quantity":1,"parent_category":"softdrinks","parent_item":"bottle"}],"objects":[{"status":"OK","on_map":true,"group":"Convenient Food Drink","subgroup":"Drink","layer":"Plastic or Glass Drink Bottle","full_name":"Convenient Food Drink \u2013 Drink \u2013 Plastic or Glass Drink Bottle","olm_key":"softdrinks/bottle","quantity":1,"picked_up":true}],"groups":["litter"],"has_litter":true,"has_pet_waste":false,"has_substances":false,"zone":"cottonwood_zone_E","zone_edge_m":16.4,"nbhd_edge_m":null}},{"type":"Feature","geometry":{"type":"Point","coordinates":[-122.55683135986,49.208122253418]},"properties":{"id":552382,"datetime":"2026-08-29T18:25:42.000000Z","filename":"https://olm-s3.s3.eu-west-1.amazonaws.com/2026/08/29/AcX0EedCj14G2ruTU0PVICF0KfzcXsaWMWE3011F.jpg","tags":[{"type":"standard","category":"other","item":"paper","quantity":1},{"type":"material","category":"material","item":"paper","quantity":1,"parent_category":"other","parent_item":"paper"}],"objects":[{"status":"OK","on_map":true,"group":"Piece","subgroup":"","layer":"Paper Piece","full_name":"Piece \u2013 Paper Piece","olm_key":"other/paper","quantity":1,"picked_up":true}],"groups":["litter"],"has_litter":true,"has_pet_waste":false,"has_substances":false,"zone":"cottonwood_zone_E","zone_edge_m":16.4,"nbhd_edge_m":null}},{"type":"Feature","geometry":{"type":"Point","coordinates":[-122.55683135986,49.208122253418]},"properties":{"id":552381,"datetime":"2026-08-29T18:25:52.000000Z","filename":"https://olm-s3.s3.eu-west-1.amazonaws.com/2026/08/29/Bb4mJ0iBSmKbrwxFhHHr7L8oHqzuZ66J1gnldEti.jpg","tags":[{"type":"standard","category":"food","item":"bag","quantity":1}],"objects":[{"status":"OK","on_map":true,"group":"Household","subgroup":"","layer":"Plastic (#4) or Paper Food Bag","full_name":"Household \u2013 Plastic (#4) or Paper Food Bag","olm_key":"food/bag","quantity":1,"picked_up":true}],"groups":["litter"],"has_litter":true,"has_pet_waste":false,"has_substances":false,"zone":"cottonwood_zone_E","zone_edge_m":16.4,"nbhd_edge_m":null}},{"type":"Feature","geometry":{"type":"Point","coordinates":[-122.55683135986,49.208122253418]},"properties":{"id":552380,"datetime":"2026-08-29T18:26:08.000000Z","filename":"https://olm-s3.s3.eu-west-1.amazonaws.com/2026/08/29/ag58OrvxAdz5jMmZGfRXRqxGmHjITvTDRSub8jNG.jpg","tags":[{"type":"standard","category":"other","item":"plastic","quantity":1}],"objects":[{"status":"OK","on_map":true,"group":"Piece","subgroup":"","layer":"Plastic Piece","full_name":"Piece \u2013 Plastic Piece","olm_key":"other/plastic","quantity":1,"picked_up":true}],"groups":["litter"],"has_litter":true,"has_pet_waste":false,"has_substances":false,"zone":"cottonwood_zone_E","zone_edge_m":16.4,"nbhd_edge_m":null}},{"type":"Feature","geometry":{"type":"Point","coordinates":[-122.55654907227,49.208789825439]},"properties":{"id":552379,"datetime":"2026-08-29T18:26:16.000000Z","filename":"https://olm-s3.s3.eu-west-1.amazonaws.com/2026/08/29/3Qr7JXg1ZgqmVxCwMfjokfJjNr3GMCdKf9yWMrKw.jpg","tags":[{"type":"standard","category":"other","item":"paper","quantity":1},{"type":"material","category":"material","item":"paper","quantity":1,"parent_category":"other","parent_item":"paper"}],"objects":[{"status":"OK","on_map":true,"group":"Piece","subgroup":"","layer":"Paper Piece","full_name":"Piece \u2013 Paper Piece","olm_key":"other/paper","quantity":1,"picked_up":true}],"groups":["litter"],"has_litter":true,"has_pet_waste":false,"has_substances":false,"zone":"cottonwood_zone_D","zone_edge_m":39.9,"nbhd_edge_m":null}},{"type":"Feature","geometry":{"type":"Point","coordinates":[-122.55654907227,49.208789825439]},"properties":{"id":552378,"datetime":"2026-08-29T18:26:22.000000Z","filename":"https://olm-s3.s3.eu-west-1.amazonaws.com/2026/08/29/SMXUgQVe3G30VQx9X4cwyrzSYZ7v9iJPeTA1y5fB.jpg","tags":[{"type":"standard","category":"other","item":"plastic","quantity":1}],"objects":[{"status":"OK","on_map":true,"group":"Piece","subgroup":"","layer":"Plastic Piece","full_name":"Piece \u2013 Plastic Piece","olm_key":"other/plastic","quantity":1,"picked_up":true}],"groups":["litter"],"has_litter":true,"has_pet_waste":false,"has_substances":false,"zone":"cottonwood_zone_D","zone_edge_m":39.9,"nbhd_edge_m":null}},{"type":"Feature","geometry":{"type":"Point","coordinates":[-122.55654907227,49.208789825439]},"properties":{"id":552377,"datetime":"2026-08-29T18:26:30.000000Z","filename":"https://olm-s3.s3.eu-west-1.amazonaws.com/2026/08/29/C5EiNzLlnJTaBAYPhTKxnWl61gDIOspd5PzJqqQi.jpg","tags":[{"type":"standard","category":"other","item":"plastic","quantity":1}],"objects":[{"status":"OK","on_map":true,"group":"Piece","subgroup":"","layer":"Plastic Piece","full_name":"Piece \u2013 Plastic Piece","olm_key":"other/plastic","quantity":1,"picked_up":true}],"groups":["litter"],"has_litter":true,"has_pet_waste":false,"has_substances":false,"zone":"cottonwood_zone_D","zone_edge_m":39.9,"nbhd_edge_m":null}},{"type":"Feature","geometry":{"type":"Point","coordinates":[-122.55654907227,49.208789825439]},"properties":{"id":552376,"datetime":"2026-08-29T18:26:41.000000Z","filename":"https://olm-s3.s3.eu-west-1.amazonaws.com/2026/08/29/TtTymi9Z8PusXQ4do22ur6XLblQrPJYwM6SqhFRS.jpg","tags":[{"type":"standard","category":"pets","item":"dogshit_in_bag","quantity":1}],"objects":[{"status":"OK","on_map":true,"group":"Fecal","subgroup":"","layer":"Pet Waste Bagged","full_name":"Fecal \u2013 Pet Waste Bagged","olm_key":"pets/dogshit_in_bag","quantity":1,"picked_up":false}],"groups":["pet_waste"],"has_litter":false,"has_pet_waste":true,"has_substances":false,"zone":"cottonwood_zone_D","zone_edge_m":39.9,"nbhd_edge_m":null}},{"type":"Feature","geometry":{"type":"Point","coordinates":[-122.55654907227,49.208789825439]},"properties":{"id":552375,"datetime":"2026-08-29T18:26:59.000000Z","filename":"https://olm-s3.s3.eu-west-1.amazonaws.com/2026/08/29/i33qo0w8iZWnfEnWOIpb1NJ09iR4YINtS4wA7yvs.jpg","tags":[{"type":"standard","category":"other","item":"paper","quantity":1},{"type":"material","category":"material","item":"paper","quantity":1,"parent_category":"other","parent_item":"paper"}],"objects":[{"status":"OK","on_map":true,"group":"Piece","subgroup":"","layer":"Paper Piece","full_name":"Piece \u2013 Paper Piece","olm_key":"other/paper","quantity":1,"picked_up":true}],"groups":["litter"],"has_litter":true,"has_pet_waste":false,"has_substances":false,"zone":"cottonwood_zone_D","zone_edge_m":39.9,"nbhd_edge_m":null}},{"type":"Feature","geometry":{"type":"Point","coordinates":[-122.55654907227,49.208789825439]},"properties":{"id":552374,"datetime":"2026-08-29T18:27:15.000000Z","filename":"https://olm-s3.s3.eu-west-1.amazonaws.com/2026/08/29/z0s4yKCkuvSrsvoDnirGi93dIUcZpY8xQWBGqnd6.jpg","tags":[{"type":"standard","category":"other","item":"plastic","quantity":1}],"objects":[{"status":"OK","on_map":true,"group":"Piece","subgroup":"","layer":"Plastic Piece","full_name":"Piece \u2013 Plastic Piece","olm_key":"other/plastic","quantity":1,"picked_up":true}],"groups":["litter"],"has_litter":true,"has_pet_waste":false,"has_substances":false,"zone":"cottonwood_zone_D","zone_edge_m":39.9,"nbhd_edge_m":null}},{"type":"Feature","geometry":{"type":"Point","coordinates":[-122.55654907227,49.208789825439]},"properties":{"id":552373,"datetime":"2026-08-29T18:27:21.000000Z","filename":"https://olm-s3.s3.eu-west-1.amazonaws.com/2026/08/29/za7wzfGpp0JeF0BCZXTHfuP3NWC31yXW1Dcya8E8.jpg","tags":[{"type":"standard","category":"food","item":"wrapper","quantity":1},{"type":"material","category":"material","item":"foil","quantity":1,"parent_category":"food","parent_item":"wrapper"},{"type":"material","category":"material","item":"plastic","quantity":1,"parent_category":"food","parent_item":"wrapper"}],"objects":[{"status":"OK","on_map":true,"group":"Convenient Food Drink","subgroup":"Snack","layer":"Foil / Plastic Film Snack Wrapper","full_name":"Convenient Food Drink \u2013 Snack \u2013 Foil / Plastic Film Snack Wrapper","olm_key":"food/wrapper","quantity":1,"picked_up":true}],"groups":["litter"],"has_litter":true,"has_pet_waste":false,"has_substances":false,"zone":"cottonwood_zone_D","zone_edge_m":39.9,"nbhd_edge_m":null}},{"type":"Feature","geometry":{"type":"Point","coordinates":[-122.55654907227,49.208789825439]},"properties":{"id":552372,"datetime":"2026-08-29T18:27:25.000000Z","filename":"https://olm-s3.s3.eu-west-1.amazonaws.com/2026/08/29/QAJOMPJaguJOQ5SFK9vW2Us2G6aolryMStqYFWCD.jpg","tags":[{"type":"standard","category":"smoking","item":"butts","quantity":4},{"type":"standard","category":"smoking","item":"packaging","quantity":1}],"objects":[{"status":"OK","on_map":true,"group":"Smoking","subgroup":"","layer":"Cigarette Butts","full_name":"Smoking \u2013 Cigarette Butts","olm_key":"smoking/butts","quantity":4,"picked_up":true},{"status":"OK","on_map":true,"group":"Smoking","subgroup":"","layer":"Nicotine Packaging","full_name":"Smoking \u2013 Nicotine Packaging","olm_key":"smoking/packaging","quantity":1,"picked_up":true}],"groups":["substances"],"has_litter":false,"has_pet_waste":false,"has_substances":true,"zone":"cottonwood_zone_D","zone_edge_m":39.9,"nbhd_edge_m":null}},{"type":"Feature","geometry":{"type":"Point","coordinates":[-122.55654907227,49.208789825439]},"properties":{"id":552371,"datetime":"2026-08-29T18:27:34.000000Z","filename":"https://olm-s3.s3.eu-west-1.amazonaws.com/2026/08/29/1na2OUFPfZ9cQPry3JvUby96jeVrQYScl671paFl.jpg","tags":[{"type":"standard","category":"food","item":"straw","quantity":1}],"objects":[{"status":"OK","on_map":true,"group":"Household","subgroup":"","layer":"Plastic Straws","full_name":"Household \u2013 Plastic Straws","olm_key":"food/straw","quantity":1,"picked_up":true}],"groups":["litter"],"has_litter":true,"has_pet_waste":false,"has_substances":false,"zone":"cottonwood_zone_D","zone_edge_m":39.9,"nbhd_edge_m":null}},{"type":"Feature","geometry":{"type":"Point","coordinates":[-122.55654907227,49.208789825439]},"properties":{"id":552370,"datetime":"2026-08-29T18:27:51.000000Z","filename":"https://olm-s3.s3.eu-west-1.amazonaws.com/2026/08/29/2rlpQ7e3HR2DviA9Ht9DGchiVkIDTFEd7GmZPdpD.jpg","tags":[{"type":"standard","category":"smoking","item":"butts","quantity":6},{"type":"standard","category":"softdrinks","item":"straw","quantity":1}],"objects":[{"status":"OK","on_map":true,"group":"Smoking","subgroup":"","layer":"Cigarette Butts","full_name":"Smoking \u2013 Cigarette Butts","olm_key":"smoking/butts","quantity":6,"picked_up":true},{"status":"OK","on_map":true,"group":"Convenient Food Drink","subgroup":"Drink","layer":"Paper Drink Straws","full_name":"Convenient Food Drink \u2013 Drink \u2013 Paper Drink Straws","olm_key":"softdrinks/straw","quantity":1,"picked_up":true}],"groups":["litter","substances"],"has_litter":true,"has_pet_waste":false,"has_substances":true,"zone":"cottonwood_zone_D","zone_edge_m":39.9,"nbhd_edge_m":null}},{"type":"Feature","geometry":{"type":"Point","coordinates":[-122.55654907227,49.208789825439]},"properties":{"id":552369,"datetime":"2026-08-29T18:28:03.000000Z","filename":"https://olm-s3.s3.eu-west-1.amazonaws.com/2026/08/29/ZYkjDKxDl9kRQfDl0mHYwTLaqPouzONScldIXXOi.jpg","tags":[{"type":"standard","category":"other","item":"paper","quantity":1},{"type":"material","category":"material","item":"paper","quantity":1,"parent_category":"other","parent_item":"paper"},{"type":"standard","category":"smoking","item":"butts","quantity":5},{"type":"standard","category":"smoking","item":"packaging","quantity":1}],"objects":[{"status":"OK","on_map":true,"group":"Piece","subgroup":"","layer":"Paper Piece","full_name":"Piece \u2013 Paper Piece","olm_key":"other/paper","quantity":1,"picked_up":true},{"status":"OK","on_map":true,"group":"Smoking","subgroup":"","layer":"Cigarette Butts","full_name":"Smoking \u2013 Cigarette Butts","olm_key":"smoking/butts","quantity":5,"picked_up":true},{"status":"OK","on_map":true,"group":"Smoking","subgroup":"","layer":"Nicotine Packaging","full_name":"Smoking \u2013 Nicotine Packaging","olm_key":"smoking/packaging","quantity":1,"picked_up":true}],"groups":["litter","substances"],"has_litter":true,"has_pet_waste":false,"has_substances":true,"zone":"cottonwood_zone_D","zone_edge_m":39.9,"nbhd_edge_m":null}},{"type":"Feature","geometry":{"type":"Point","coordinates":[-122.55654907227,49.208789825439]},"properties":{"id":552368,"datetime":"2026-08-29T18:28:18.000000Z","filename":"https://olm-s3.s3.eu-west-1.amazonaws.com/2026/08/29/ukA6zYyW53CVQEuSIK0gwuTgMJS0WPGNZuvf6aYX.jpg","tags":[{"type":"standard","category":"other","item":"plastic","quantity":1},{"type":"standard","category":"sanitary","item":"wipes","quantity":2},{"type":"standard","category":"smoking","item":"butts","quantity":3}],"objects":[{"status":"OK","on_map":true,"group":"Piece","subgroup":"","layer":"Plastic Piece","full_name":"Piece \u2013 Plastic Piece","olm_key":"other/plastic","quantity":1,"picked_up":true},{"status":"OK","on_map":true,"group":"Household","subgroup":"","layer":"Wet Wipes","full_name":"Household \u2013 Wet Wipes","olm_key":"sanitary/wipes","quantity":2,"picked_up":true},{"status":"OK","on_map":true,"group":"Smoking","subgroup":"","layer":"Cigarette Butts","full_name":"Smoking \u2013 Cigarette Butts","olm_key":"smoking/butts","quantity":3,"picked_up":true}],"groups":["litter","substances"],"has_litter":true,"has_pet_waste":false,"has_substances":true,"zone":"cottonwood_zone_D","zone_edge_m":39.9,"nbhd_edge_m":null}},{"type":"Feature","geometry":{"type":"Point","coordinates":[-122.55654907227,49.208789825439]},"properties":{"id":552367,"datetime":"2026-08-29T18:28:54.000000Z","filename":"https://olm-s3.s3.eu-west-1.amazonaws.com/2026/08/29/BQxM7tiC2QLLlsG5wPLNfVEzmySmGckqisDLcvdA.jpg","tags":[{"type":"standard","category":"other","item":"plastic","quantity":1}],"objects":[{"status":"OK","on_map":true,"group":"Piece","subgroup":"","layer":"Plastic Piece","full_name":"Piece \u2013 Plastic Piece","olm_key":"other/plastic","quantity":1,"picked_up":true}],"groups":["litter"],"has_litter":true,"has_pet_waste":false,"has_substances":false,"zone":"cottonwood_zone_D","zone_edge_m":39.9,"nbhd_edge_m":null}},{"type":"Feature","geometry":{"type":"Point","coordinates":[-122.55654907227,49.208789825439]},"properties":{"id":552366,"datetime":"2026-08-29T18:29:03.000000Z","filename":"https://olm-s3.s3.eu-west-1.amazonaws.com/2026/08/29/JD8vArXCXLP8qxU1J4HYoNZsqNilHuMeMGR38Bri.jpg","tags":[{"type":"standard","category":"smoking","item":"packaging","quantity":1}],"objects":[{"status":"OK","on_map":true,"group":"Smoking","subgroup":"","layer":"Nicotine Packaging","full_name":"Smoking \u2013 Nicotine Packaging","olm_key":"smoking/packaging","quantity":1,"picked_up":true}],"groups":["substances"],"has_litter":false,"has_pet_waste":false,"has_substances":true,"zone":"cottonwood_zone_D","zone_edge_m":39.9,"nbhd_edge_m":null}},{"type":"Feature","geometry":{"type":"Point","coordinates":[-122.55654907227,49.208789825439]},"properties":{"id":552365,"datetime":"2026-08-29T18:29:19.000000Z","filename":"https://olm-s3.s3.eu-west-1.amazonaws.com/2026/08/29/mG8Zr6dD3TBaxf9LwMwH3ra9gZ6pRyoc93PHJPn0.jpg","tags":[{"type":"standard","category":"other","item":"plastic","quantity":1}],"objects":[{"status":"OK","on_map":true,"group":"Piece","subgroup":"","layer":"Plastic Piece","full_name":"Piece \u2013 Plastic Piece","olm_key":"other/plastic","quantity":1,"picked_up":true}],"groups":["litter"],"has_litter":true,"has_pet_waste":false,"has_substances":false,"zone":"cottonwood_zone_D","zone_edge_m":39.9,"nbhd_edge_m":null}},{"type":"Feature","geometry":{"type":"Point","coordinates":[-122.55654907227,49.208789825439]},"properties":{"id":552364,"datetime":"2026-08-29T18:29:29.000000Z","filename":"https://olm-s3.s3.eu-west-1.amazonaws.com/2026/08/29/in3jbUBlCmRfxuWz9dkbdkBe7vNHNLctuIDsPSyd.jpg","tags":[{"type":"standard","category":"food","item":"packaging","quantity":2},{"type":"standard","category":"food","item":"napkins","quantity":1},{"type":"material","category":"material","item":"paper","quantity":1,"parent_category":"food","parent_item":"napkins"}],"objects":[{"status":"OK","on_map":true,"group":"Convenient Food Drink","subgroup":"Take-out","layer":"Food Packaging","full_name":"Convenient Food Drink \u2013 Take-out \u2013 Food Packaging","olm_key":"food/packaging","quantity":2,"picked_up":true},{"status":"OK","on_map":true,"group":"Convenient Food Drink","subgroup":"Take-out","layer":"Napkins","full_name":"Convenient Food Drink \u2013 Take-out \u2013 Napkins","olm_key":"food/napkins","quantity":1,"picked_up":true}],"groups":["litter"],"has_litter":true,"has_pet_waste":false,"has_substances":false,"zone":"cottonwood_zone_D","zone_edge_m":39.9,"nbhd_edge_m":null}},{"type":"Feature","geometry":{"type":"Point","coordinates":[-122.55654907227,49.208789825439]},"properties":{"id":552363,"datetime":"2026-08-29T18:29:36.000000Z","filename":"https://olm-s3.s3.eu-west-1.amazonaws.com/2026/08/29/aH1v8Fr4sC1kDg2GYxooGubgxIejugwIrzgeZRKf.jpg","tags":[{"type":"standard","category":"other","item":"paper","quantity":1},{"type":"material","category":"material","item":"paper","quantity":1,"parent_category":"other","parent_item":"paper"}],"objects":[{"status":"OK","on_map":true,"group":"Piece","subgroup":"","layer":"Paper Piece","full_name":"Piece \u2013 Paper Piece","olm_key":"other/paper","quantity":1,"picked_up":true}],"groups":["litter"],"has_litter":true,"has_pet_waste":false,"has_substances":false,"zone":"cottonwood_zone_D","zone_edge_m":39.9,"nbhd_edge_m":null}},{"type":"Feature","geometry":{"type":"Point","coordinates":[-122.55654907227,49.208789825439]},"properties":{"id":552362,"datetime":"2026-08-29T18:29:43.000000Z","filename":"https://olm-s3.s3.eu-west-1.amazonaws.com/2026/08/29/7iUqwefD32l4yUXQ3Dx7R7hOw17vJFAZ6H69oxzs.jpg","tags":[{"type":"standard","category":"food","item":"wrapper","quantity":1},{"type":"material","category":"material","item":"foil","quantity":1,"parent_category":"food","parent_item":"wrapper"},{"type":"material","category":"material","item":"plastic","quantity":1,"parent_category":"food","parent_item":"wrapper"}],"objects":[{"status":"OK","on_map":true,"group":"Convenient Food Drink","subgroup":"Snack","layer":"Foil / Plastic Film Snack Wrapper","full_name":"Convenient Food Drink \u2013 Snack \u2013 Foil / Plastic Film Snack Wrapper","olm_key":"food/wrapper","quantity":1,"picked_up":true}],"groups":["litter"],"has_litter":true,"has_pet_waste":false,"has_substances":false,"zone":"cottonwood_zone_D","zone_edge_m":39.9,"nbhd_edge_m":null}},{"type":"Feature","geometry":{"type":"Point","coordinates":[-122.55654907227,49.208789825439]},"properties":{"id":552361,"datetime":"2026-08-29T18:29:57.000000Z","filename":"https://olm-s3.s3.eu-west-1.amazonaws.com/2026/08/29/xjknZToToIbTHYINIsYYLVHHRNuBoDZ4B7zzV5KT.jpg","tags":[{"type":"standard","category":"other","item":"plastic","quantity":1}],"objects":[{"status":"OK","on_map":true,"group":"Piece","subgroup":"","layer":"Plastic Piece","full_name":"Piece \u2013 Plastic Piece","olm_key":"other/plastic","quantity":1,"picked_up":true}],"groups":["litter"],"has_litter":true,"has_pet_waste":false,"has_substances":false,"zone":"cottonwood_zone_D","zone_edge_m":39.9,"nbhd_edge_m":null}},{"type":"Feature","geometry":{"type":"Point","coordinates":[-122.55661010742,49.209491729736]},"properties":{"id":552360,"datetime":"2026-08-29T18:30:10.000000Z","filename":"https://olm-s3.s3.eu-west-1.amazonaws.com/2026/08/29/GSJ7FKQB80YtiGslJZ3G8Ej7RjEIsFonIAeQuck9.jpg","tags":[{"type":"standard","category":"food","item":"packaging","quantity":1},{"type":"standard","category":"other","item":"paper","quantity":1},{"type":"material","category":"material","item":"paper","quantity":1,"parent_category":"other","parent_item":"paper"}],"objects":[{"status":"OK","on_map":true,"group":"Convenient Food Drink","subgroup":"Take-out","layer":"Food Packaging","full_name":"Convenient Food Drink \u2013 Take-out \u2013 Food Packaging","olm_key":"food/packaging","quantity":1,"picked_up":true},{"status":"OK","on_map":true,"group":"Piece","subgroup":"","layer":"Paper Piece","full_name":"Piece \u2013 Paper Piece","olm_key":"other/paper","quantity":1,"picked_up":true}],"groups":["litter"],"has_litter":true,"has_pet_waste":false,"has_substances":false,"zone":"cottonwood_zone_D","zone_edge_m":32.1,"nbhd_edge_m":null}},{"type":"Feature","geometry":{"type":"Point","coordinates":[-122.55661010742,49.209491729736]},"properties":{"id":552359,"datetime":"2026-08-29T18:30:22.000000Z","filename":"https://olm-s3.s3.eu-west-1.amazonaws.com/2026/08/29/4AQP6R9fQknDu6DMHA4quBsVE1znUvvnrwjdWcTT.jpg","tags":[{"type":"standard","category":"food","item":"bag","quantity":1},{"type":"material","category":"material","item":"paper","quantity":1,"parent_category":"food","parent_item":"bag"}],"objects":[{"status":"OK","on_map":true,"group":"Household","subgroup":"","layer":"Plastic (#4) or Paper Food Bag","full_name":"Household \u2013 Plastic (#4) or Paper Food Bag","olm_key":"food/bag","quantity":1,"picked_up":true}],"groups":["litter"],"has_litter":true,"has_pet_waste":false,"has_substances":false,"zone":"cottonwood_zone_D","zone_edge_m":32.1,"nbhd_edge_m":null}},{"type":"Feature","geometry":{"type":"Point","coordinates":[-122.55661010742,49.209491729736]},"properties":{"id":552358,"datetime":"2026-08-29T18:30:47.000000Z","filename":"https://olm-s3.s3.eu-west-1.amazonaws.com/2026/08/29/dmshxZbQRCuoCzkBT9Uz0aXSfGoRGiubRKabOzW1.jpg","tags":[{"type":"standard","category":"softdrinks","item":"lid","quantity":1},{"type":"standard","category":"softdrinks","item":"cup","quantity":1}],"objects":[{"status":"OK","on_map":true,"group":"Convenient Food Drink","subgroup":"Drink","layer":"Cold Beverage Lid","full_name":"Convenient Food Drink \u2013 Drink \u2013 Cold Beverage Lid","olm_key":"softdrinks/lid","quantity":1,"picked_up":true},{"status":"OK","on_map":true,"group":"Convenient Food Drink","subgroup":"Drink","layer":"Cold Beverage Cup","full_name":"Convenient Food Drink \u2013 Drink \u2013 Cold Beverage Cup","olm_key":"softdrinks/cup","quantity":1,"picked_up":true}],"groups":["litter"],"has_litter":true,"has_pet_waste":false,"has_substances":false,"zone":"cottonwood_zone_D","zone_edge_m":32.1,"nbhd_edge_m":null}},{"type":"Feature","geometry":{"type":"Point","coordinates":[-122.55661010742,49.209491729736]},"properties":{"id":552357,"datetime":"2026-08-29T18:31:04.000000Z","filename":"https://olm-s3.s3.eu-west-1.amazonaws.com/2026/08/29/0VsCzDUEwwD31AfTQEhHyHI0PocGRXrOYoTMVZfP.jpg","tags":[{"type":"standard","category":"food","item":"packaging","quantity":1}],"objects":[{"status":"OK","on_map":true,"group":"Convenient Food Drink","subgroup":"Take-out","layer":"Food Packaging","full_name":"Convenient Food Drink \u2013 Take-out \u2013 Food Packaging","olm_key":"food/packaging","quantity":1,"picked_up":true}],"groups":["litter"],"has_litter":true,"has_pet_waste":false,"has_substances":false,"zone":"cottonwood_zone_D","zone_edge_m":32.1,"nbhd_edge_m":null}},{"type":"Feature","geometry":{"type":"Point","coordinates":[-122.55661010742,49.209491729736]},"properties":{"id":552356,"datetime":"2026-08-29T18:31:11.000000Z","filename":"https://olm-s3.s3.eu-west-1.amazonaws.com/2026/08/29/M5X7liMXKuIu1uqgUqsUc28B5N0SKLuRC85Cd0xa.jpg","tags":[{"type":"standard","category":"coffee","item":"cup","quantity":1},{"type":"material","category":"material","item":"paper","quantity":1,"parent_category":"coffee","parent_item":"cup"},{"type":"brand","category":"brand","item":"tim_hortons","quantity":1,"parent_category":"coffee","parent_item":"cup"}],"objects":[{"status":"OK","on_map":true,"group":"Convenient Food Drink","subgroup":"Drink","layer":"Poly-lined Hot Beverage Cup","full_name":"Convenient Food Drink \u2013 Drink \u2013 Poly-lined Hot Beverage Cup","olm_key":"coffee/cup","quantity":1,"picked_up":true}],"groups":["litter"],"has_litter":true,"has_pet_waste":false,"has_substances":false,"zone":"cottonwood_zone_D","zone_edge_m":32.1,"nbhd_edge_m":null}},{"type":"Feature","geometry":{"type":"Point","coordinates":[-122.55661010742,49.209491729736]},"properties":{"id":552355,"datetime":"2026-08-29T18:31:26.000000Z","filename":"https://olm-s3.s3.eu-west-1.amazonaws.com/2026/08/29/KVAIgYKQPk8hZKqh6oN9z3sNr6XY5d3YsGOeMn57.jpg","tags":[{"type":"standard","category":"softdrinks","item":"cup","quantity":1,"object_type":"soda"},{"type":"brand","category":"brand","item":"7 Eleven","quantity":1,"parent_category":"softdrinks","parent_item":"cup"},{"type":"standard","category":"softdrinks","item":"lid","quantity":1},{"type":"standard","category":"softdrinks","item":"straw","quantity":1}],"objects":[{"status":"OK","on_map":true,"group":"Convenient Food Drink","subgroup":"Drink","layer":"Cold Beverage Cup","full_name":"Convenient Food Drink \u2013 Drink \u2013 Cold Beverage Cup","olm_key":"softdrinks/cup","quantity":1,"picked_up":true},{"status":"OK","on_map":true,"group":"Convenient Food Drink","subgroup":"Drink","layer":"Cold Beverage Lid","full_name":"Convenient Food Drink \u2013 Drink \u2013 Cold Beverage Lid","olm_key":"softdrinks/lid","quantity":1,"picked_up":true},{"status":"OK","on_map":true,"group":"Convenient Food Drink","subgroup":"Drink","layer":"Paper Drink Straws","full_name":"Convenient Food Drink \u2013 Drink \u2013 Paper Drink Straws","olm_key":"softdrinks/straw","quantity":1,"picked_up":true}],"groups":["litter"],"has_litter":true,"has_pet_waste":false,"has_substances":false,"zone":"cottonwood_zone_D","zone_edge_m":32.1,"nbhd_edge_m":null}},{"type":"Feature","geometry":{"type":"Point","coordinates":[-122.55661010742,49.209491729736]},"properties":{"id":552354,"datetime":"2026-08-29T18:31:50.000000Z","filename":"https://olm-s3.s3.eu-west-1.amazonaws.com/2026/08/29/vvFOZfm0ccY9vbLjk7oeG8f2Lx3M98PZD8kLcTBN.jpg","tags":[{"type":"standard","category":"other","item":"paper","quantity":1},{"type":"material","category":"material","item":"paper","quantity":1,"parent_category":"other","parent_item":"paper"},{"type":"standard","category":"other","item":"plastic","quantity":1}],"objects":[{"status":"OK","on_map":true,"group":"Piece","subgroup":"","layer":"Paper Piece","full_name":"Piece \u2013 Paper Piece","olm_key":"other/paper","quantity":1,"picked_up":true},{"status":"OK","on_map":true,"group":"Piece","subgroup":"","layer":"Plastic Piece","full_name":"Piece \u2013 Plastic Piece","olm_key":"other/plastic","quantity":1,"picked_up":true}],"groups":["litter"],"has_litter":true,"has_pet_waste":false,"has_substances":false,"zone":"cottonwood_zone_D","zone_edge_m":32.1,"nbhd_edge_m":null}},{"type":"Feature","geometry":{"type":"Point","coordinates":[-122.55661010742,49.209491729736]},"properties":{"id":552353,"datetime":"2026-08-29T18:32:03.000000Z","filename":"https://olm-s3.s3.eu-west-1.amazonaws.com/2026/08/29/UeygBRHl4MlvHqK8IMUizYVqRK5UbhqyOdN3zXLv.jpg","tags":[{"type":"standard","category":"marine","item":"polystyrene_fragment","quantity":1},{"type":"standard","category":"other","item":"paper","quantity":1},{"type":"material","category":"material","item":"paper","quantity":1,"parent_category":"other","parent_item":"paper"}],"objects":[{"status":"OK","on_map":true,"group":"Piece","subgroup":"","layer":"Styrofoam Piece","full_name":"Piece \u2013 Styrofoam Piece","olm_key":"marine/polystyrene_fragment","quantity":1,"picked_up":true},{"status":"OK","on_map":true,"group":"Piece","subgroup":"","layer":"Paper Piece","full_name":"Piece \u2013 Paper Piece","olm_key":"other/paper","quantity":1,"picked_up":true}],"groups":["litter"],"has_litter":true,"has_pet_waste":false,"has_substances":false,"zone":"cottonwood_zone_D","zone_edge_m":32.1,"nbhd_edge_m":null}},{"type":"Feature","geometry":{"type":"Point","coordinates":[-122.55661010742,49.209491729736]},"properties":{"id":552352,"datetime":"2026-08-29T18:32:18.000000Z","filename":"https://olm-s3.s3.eu-west-1.amazonaws.com/2026/08/29/EJgGLJe2xBV9A2Bw6pAhhbTCGKbVKJpOrs6KNyro.jpg","tags":[{"type":"standard","category":"other","item":"paper","quantity":1},{"type":"material","category":"material","item":"paper","quantity":1,"parent_category":"other","parent_item":"paper"}],"objects":[{"status":"OK","on_map":true,"group":"Piece","subgroup":"","layer":"Paper Piece","full_name":"Piece \u2013 Paper Piece","olm_key":"other/paper","quantity":1,"picked_up":true}],"groups":["litter"],"has_litter":true,"has_pet_waste":false,"has_substances":false,"zone":"cottonwood_zone_D","zone_edge_m":32.1,"nbhd_edge_m":null}},{"type":"Feature","geometry":{"type":"Point","coordinates":[-122.55661010742,49.209491729736]},"properties":{"id":552350,"datetime":"2026-08-29T18:33:05.000000Z","filename":"https://olm-s3.s3.eu-west-1.amazonaws.com/2026/08/29/EiRjbLY9OAebp2Bk3MKAxz59zIN2dyfY3dlpC3xU.jpg","tags":[{"type":"standard","category":"other","item":"paper","quantity":1},{"type":"material","category":"material","item":"paper","quantity":1,"parent_category":"other","parent_item":"paper"},{"type":"standard","category":"softdrinks","item":"cup","quantity":1,"object_type":"soda"},{"type":"brand","category":"brand","item":"7 Eleven","quantity":1,"parent_category":"softdrinks","parent_item":"cup"}],"objects":[{"status":"OK","on_map":true,"group":"Piece","subgroup":"","layer":"Paper Piece","full_name":"Piece \u2013 Paper Piece","olm_key":"other/paper","quantity":1,"picked_up":true},{"status":"OK","on_map":true,"group":"Convenient Food Drink","subgroup":"Drink","layer":"Cold Beverage Cup","full_name":"Convenient Food Drink \u2013 Drink \u2013 Cold Beverage Cup","olm_key":"softdrinks/cup","quantity":1,"picked_up":true}],"groups":["litter"],"has_litter":true,"has_pet_waste":false,"has_substances":false,"zone":"cottonwood_zone_D","zone_edge_m":32.1,"nbhd_edge_m":null}},{"type":"Feature","geometry":{"type":"Point","coordinates":[-122.55661010742,49.209491729736]},"properties":{"id":552349,"datetime":"2026-08-29T18:33:31.000000Z","filename":"https://olm-s3.s3.eu-west-1.amazonaws.com/2026/08/29/jEZbiJ2zic9dXB9OjtkZwO9stWGUjpri1vaYaF9p.jpg","tags":[{"type":"standard","category":"food","item":"wrapper","quantity":1},{"type":"material","category":"material","item":"foil","quantity":1,"parent_category":"food","parent_item":"wrapper"},{"type":"material","category":"material","item":"plastic","quantity":1,"parent_category":"food","parent_item":"wrapper"},{"type":"standard","category":"other","item":"paper","quantity":1},{"type":"material","category":"material","item":"paper","quantity":1,"parent_category":"other","parent_item":"paper"},{"type":"standard","category":"other","item":"plastic","quantity":1}],"objects":[{"status":"OK","on_map":true,"group":"Convenient Food Drink","subgroup":"Snack","layer":"Foil / Plastic Film Snack Wrapper","full_name":"Convenient Food Drink \u2013 Snack \u2013 Foil / Plastic Film Snack Wrapper","olm_key":"food/wrapper","quantity":1,"picked_up":true},{"status":"OK","on_map":true,"group":"Piece","subgroup":"","layer":"Paper Piece","full_name":"Piece \u2013 Paper Piece","olm_key":"other/paper","quantity":1,"picked_up":true},{"status":"OK","on_map":true,"group":"Piece","subgroup":"","layer":"Plastic Piece","full_name":"Piece \u2013 Plastic Piece","olm_key":"other/plastic","quantity":1,"picked_up":true}],"groups":["litter"],"has_litter":true,"has_pet_waste":false,"has_substances":false,"zone":"cottonwood_zone_D","zone_edge_m":32.1,"nbhd_edge_m":null}},{"type":"Feature","geometry":{"type":"Point","coordinates":[-122.55661010742,49.209491729736]},"properties":{"id":552348,"datetime":"2026-08-29T18:33:46.000000Z","filename":"https://olm-s3.s3.eu-west-1.amazonaws.com/2026/08/29/XMbwAClP06Y64A6PlrkDGJpwgo0Gwj7MRob7qQWR.jpg","tags":[{"type":"standard","category":"other","item":"paper","quantity":1},{"type":"material","category":"material","item":"paper","quantity":1,"parent_category":"other","parent_item":"paper"},{"type":"standard","category":"smoking","item":"butts","quantity":1}],"objects":[{"status":"OK","on_map":true,"group":"Piece","subgroup":"","layer":"Paper Piece","full_name":"Piece \u2013 Paper Piece","olm_key":"other/paper","quantity":1,"picked_up":true},{"status":"OK","on_map":true,"group":"Smoking","subgroup":"","layer":"Cigarette Butts","full_name":"Smoking \u2013 Cigarette Butts","olm_key":"smoking/butts","quantity":1,"picked_up":true}],"groups":["litter","substances"],"has_litter":true,"has_pet_waste":false,"has_substances":true,"zone":"cottonwood_zone_D","zone_edge_m":32.1,"nbhd_edge_m":null}},{"type":"Feature","geometry":{"type":"Point","coordinates":[-122.55661010742,49.209491729736]},"properties":{"id":552347,"datetime":"2026-08-29T18:33:57.000000Z","filename":"https://olm-s3.s3.eu-west-1.amazonaws.com/2026/08/29/VhASNzDUVFb03ze5tYWMUFwNmxxRHDimrzSnbb8D.jpg","tags":[{"type":"standard","category":"sanitary","item":"wipes","quantity":3}],"objects":[{"status":"OK","on_map":true,"group":"Household","subgroup":"","layer":"Wet Wipes","full_name":"Household \u2013 Wet Wipes","olm_key":"sanitary/wipes","quantity":3,"picked_up":true}],"groups":["litter"],"has_litter":true,"has_pet_waste":false,"has_substances":false,"zone":"cottonwood_zone_D","zone_edge_m":32.1,"nbhd_edge_m":null}},{"type":"Feature","geometry":{"type":"Point","coordinates":[-122.55661010742,49.209491729736]},"properties":{"id":552346,"datetime":"2026-08-29T18:34:03.000000Z","filename":"https://olm-s3.s3.eu-west-1.amazonaws.com/2026/08/29/5JAJ0ysZK4pYrTAOvWnILHJMHTp1dZsDxj1TSWUW.jpg","tags":[{"type":"standard","category":"food","item":"bag","quantity":1}],"objects":[{"status":"OK","on_map":true,"group":"Household","subgroup":"","layer":"Plastic (#4) or Paper Food Bag","full_name":"Household \u2013 Plastic (#4) or Paper Food Bag","olm_key":"food/bag","quantity":1,"picked_up":true}],"groups":["litter"],"has_litter":true,"has_pet_waste":false,"has_substances":false,"zone":"cottonwood_zone_D","zone_edge_m":32.1,"nbhd_edge_m":null}},{"type":"Feature","geometry":{"type":"Point","coordinates":[-122.55661010742,49.209491729736]},"properties":{"id":552345,"datetime":"2026-08-29T18:34:13.000000Z","filename":"https://olm-s3.s3.eu-west-1.amazonaws.com/2026/08/29/krUYvT1veUAGX5tzkzKqjJh5pqAJFXrL3NpWYw4u.jpg","tags":[{"type":"standard","category":"food","item":"other","quantity":1},{"type":"standard","category":"other","item":"paper","quantity":1},{"type":"material","category":"material","item":"paper","quantity":1,"parent_category":"other","parent_item":"paper"}],"objects":[{"status":"OK","on_map":true,"group":"Household","subgroup":"","layer":"Organic Debris, Misc.","full_name":"Household \u2013 Organic Debris, Misc.","olm_key":"food/other","quantity":1,"picked_up":true},{"status":"OK","on_map":true,"group":"Piece","subgroup":"","layer":"Paper Piece","full_name":"Piece \u2013 Paper Piece","olm_key":"other/paper","quantity":1,"picked_up":true}],"groups":["litter"],"has_litter":true,"has_pet_waste":false,"has_substances":false,"zone":"cottonwood_zone_D","zone_edge_m":32.1,"nbhd_edge_m":null}},{"type":"Feature","geometry":{"type":"Point","coordinates":[-122.55661010742,49.209491729736]},"properties":{"id":552344,"datetime":"2026-08-29T18:34:18.000000Z","filename":"https://olm-s3.s3.eu-west-1.amazonaws.com/2026/08/29/UHkLFdZTcRnYmwo5lI6AGm9GTzOPLZ0zluAhTmHI.jpg","tags":[{"type":"standard","category":"other","item":"plastic","quantity":1},{"type":"standard","category":"sanitary","item":"wipes","quantity":1},{"type":"standard","category":"smoking","item":"butts","quantity":3}],"objects":[{"status":"OK","on_map":true,"group":"Piece","subgroup":"","layer":"Plastic Piece","full_name":"Piece \u2013 Plastic Piece","olm_key":"other/plastic","quantity":1,"picked_up":true},{"status":"OK","on_map":true,"group":"Household","subgroup":"","layer":"Wet Wipes","full_name":"Household \u2013 Wet Wipes","olm_key":"sanitary/wipes","quantity":1,"picked_up":true},{"status":"OK","on_map":true,"group":"Smoking","subgroup":"","layer":"Cigarette Butts","full_name":"Smoking \u2013 Cigarette Butts","olm_key":"smoking/butts","quantity":3,"picked_up":true}],"groups":["litter","substances"],"has_litter":true,"has_pet_waste":false,"has_substances":true,"zone":"cottonwood_zone_D","zone_edge_m":32.1,"nbhd_edge_m":null}},{"type":"Feature","geometry":{"type":"Point","coordinates":[-122.55661010742,49.209491729736]},"properties":{"id":552343,"datetime":"2026-08-29T18:34:34.000000Z","filename":"https://olm-s3.s3.eu-west-1.amazonaws.com/2026/08/29/2OUYMJ6VMxfLh6tbmqXU1GKAmQSUO0zqm3AInftn.jpg","tags":[{"type":"standard","category":"food","item":"bag","quantity":1},{"type":"material","category":"material","item":"paper","quantity":1,"parent_category":"food","parent_item":"bag"}],"objects":[{"status":"OK","on_map":true,"group":"Household","subgroup":"","layer":"Plastic (#4) or Paper Food Bag","full_name":"Household \u2013 Plastic (#4) or Paper Food Bag","olm_key":"food/bag","quantity":1,"picked_up":true}],"groups":["litter"],"has_litter":true,"has_pet_waste":false,"has_substances":false,"zone":"cottonwood_zone_D","zone_edge_m":32.1,"nbhd_edge_m":null}},{"type":"Feature","geometry":{"type":"Point","coordinates":[-122.55661010742,49.209491729736]},"properties":{"id":552342,"datetime":"2026-08-29T18:34:43.000000Z","filename":"https://olm-s3.s3.eu-west-1.amazonaws.com/2026/08/29/g2K0liu98HudeEGtOur7H3akYqbNsjI9Rd5QpcbL.jpg","tags":[{"type":"standard","category":"medical","item":"gloves","quantity":1}],"objects":[{"status":"OK","on_map":true,"group":"Household","subgroup":"","layer":"Latex / Nitrile Glove","full_name":"Household \u2013 Latex / Nitrile Glove","olm_key":"medical/gloves","quantity":1,"picked_up":true}],"groups":["litter"],"has_litter":true,"has_pet_waste":false,"has_substances":false,"zone":"cottonwood_zone_D","zone_edge_m":32.1,"nbhd_edge_m":null}},{"type":"Feature","geometry":{"type":"Point","coordinates":[-122.55665588379,49.210258483887]},"properties":{"id":552341,"datetime":"2026-08-29T18:35:32.000000Z","filename":"https://olm-s3.s3.eu-west-1.amazonaws.com/2026/08/29/f3EhF4YKldndPXJk5egm8hCngdQc6zoViDwCgFTW.jpg","tags":[{"type":"standard","category":"pets","item":"dogshit","quantity":3}],"objects":[{"status":"OK","on_map":true,"group":"Fecal","subgroup":"","layer":"Pet Waste Unbagged","full_name":"Fecal \u2013 Pet Waste Unbagged","olm_key":"pets/dogshit","quantity":3,"picked_up":false}],"groups":["pet_waste"],"has_litter":false,"has_pet_waste":true,"has_substances":false,"zone":"cottonwood_zone_C","zone_edge_m":47.7,"nbhd_edge_m":null}},{"type":"Feature","geometry":{"type":"Point","coordinates":[-122.55665588379,49.210258483887]},"properties":{"id":552340,"datetime":"2026-08-29T18:35:39.000000Z","filename":"https://olm-s3.s3.eu-west-1.amazonaws.com/2026/08/29/g5bfVwLTzXeSS78Ge63KjMUHeF4Bb7iRIqX5xc5N.jpg","tags":[{"type":"standard","category":"food","item":"packaging","quantity":1}],"objects":[{"status":"OK","on_map":true,"group":"Convenient Food Drink","subgroup":"Take-out","layer":"Food Packaging","full_name":"Convenient Food Drink \u2013 Take-out \u2013 Food Packaging","olm_key":"food/packaging","quantity":1,"picked_up":true}],"groups":["litter"],"has_litter":true,"has_pet_waste":false,"has_substances":false,"zone":"cottonwood_zone_C","zone_edge_m":47.7,"nbhd_edge_m":null}},{"type":"Feature","geometry":{"type":"Point","coordinates":[-122.55665588379,49.210258483887]},"properties":{"id":552339,"datetime":"2026-08-29T18:36:01.000000Z","filename":"https://olm-s3.s3.eu-west-1.amazonaws.com/2026/08/29/yJeDqz1uk1t7qMC0O5SPd6hRVArIthqnJc10GSYv.jpg","tags":[{"type":"standard","category":"other","item":"plastic","quantity":1}],"objects":[{"status":"OK","on_map":true,"group":"Piece","subgroup":"","layer":"Plastic Piece","full_name":"Piece \u2013 Plastic Piece","olm_key":"other/plastic","quantity":1,"picked_up":true}],"groups":["litter"],"has_litter":true,"has_pet_waste":false,"has_substances":false,"zone":"cottonwood_zone_C","zone_edge_m":47.7,"nbhd_edge_m":null}},{"type":"Feature","geometry":{"type":"Point","coordinates":[-122.55888366699,49.209972381592]},"properties":{"id":552338,"datetime":"2026-08-29T18:37:21.000000Z","filename":"https://olm-s3.s3.eu-west-1.amazonaws.com/2026/08/29/fNsMhAnoqDdJJdr4SUKxg92JgSAljbenLwc0w4m1.jpg","tags":[{"type":"standard","category":"sanitary","item":"wipes","quantity":1}],"objects":[{"status":"OK","on_map":true,"group":"Household","subgroup":"","layer":"Wet Wipes","full_name":"Household \u2013 Wet Wipes","olm_key":"sanitary/wipes","quantity":1,"picked_up":true}],"groups":["litter"],"has_litter":true,"has_pet_waste":false,"has_substances":false,"zone":"cottonwood_zone_C","zone_edge_m":21.4,"nbhd_edge_m":null}},{"type":"Feature","geometry":{"type":"Point","coordinates":[-122.55960845947,49.209987640381]},"properties":{"id":552337,"datetime":"2026-08-29T18:37:45.000000Z","filename":"https://olm-s3.s3.eu-west-1.amazonaws.com/2026/08/29/kPrqCgbAYZwyom4iAheTvKD6TVw1OUJ17qwyDXlT.jpg","tags":[{"type":"standard","category":"food","item":"straw","quantity":1},{"type":"standard","category":"other","item":"paper","quantity":1},{"type":"material","category":"material","item":"paper","quantity":1,"parent_category":"other","parent_item":"paper"},{"type":"custom_tag","category":"custom_tag","item":"receipt","quantity":1,"parent_category":"other","parent_item":"paper"}],"objects":[{"status":"OK","on_map":true,"group":"Household","subgroup":"","layer":"Plastic Straws","full_name":"Household \u2013 Plastic Straws","olm_key":"food/straw","quantity":1,"picked_up":true},{"status":"OK","on_map":true,"group":"Piece","subgroup":"","layer":"Paper Piece","full_name":"Piece \u2013 Paper Piece","olm_key":"other/paper","quantity":1,"picked_up":true}],"groups":["litter"],"has_litter":true,"has_pet_waste":false,"has_substances":false,"zone":"cottonwood_zone_C","zone_edge_m":23.1,"nbhd_edge_m":null}},{"type":"Feature","geometry":{"type":"Point","coordinates":[-122.55960845947,49.209987640381]},"properties":{"id":552336,"datetime":"2026-08-29T18:38:31.000000Z","filename":"https://olm-s3.s3.eu-west-1.amazonaws.com/2026/08/29/h07WZ0ocDq3dkjmczVxx1Ox661QhUa7oEr27NuPw.jpg","tags":[{"type":"standard","category":"softdrinks","item":"bottle_cap","quantity":1}],"objects":[{"status":"OK","on_map":true,"group":"Convenient Food Drink","subgroup":"Drink","layer":"Drink Bottle Cap","full_name":"Convenient Food Drink \u2013 Drink \u2013 Drink Bottle Cap","olm_key":"softdrinks/bottle_cap","quantity":1,"picked_up":true}],"groups":["litter"],"has_litter":true,"has_pet_waste":false,"has_substances":false,"zone":"cottonwood_zone_C","zone_edge_m":23.1,"nbhd_edge_m":null}},{"type":"Feature","geometry":{"type":"Point","coordinates":[-122.56057739258,49.209922790527]},"properties":{"id":552335,"datetime":"2026-08-29T18:39:00.000000Z","filename":"https://olm-s3.s3.eu-west-1.amazonaws.com/2026/08/29/pljVr8fZ3wPLVg8QtkGsj2tYLUoghxokr1jrgjlM.jpg","tags":[{"type":"standard","category":"alcohol","item":"can","quantity":1,"object_type":"spirits"},{"type":"material","category":"material","item":"aluminium","quantity":1,"parent_category":"alcohol","parent_item":"can"},{"type":"brand","category":"brand","item":"Mikes","quantity":1,"parent_category":"alcohol","parent_item":"can"}],"objects":[{"status":"OK","on_map":true,"group":"Household","subgroup":"Liquor","layer":"Liquor Can","full_name":"Household \u2013 Liquor \u2013 Liquor Can","olm_key":"alcohol/can","quantity":1,"picked_up":true}],"groups":["substances"],"has_litter":false,"has_pet_waste":false,"has_substances":true,"zone":"cottonwood_zone_C","zone_edge_m":15.9,"nbhd_edge_m":null}},{"type":"Feature","geometry":{"type":"Point","coordinates":[-122.56057739258,49.209922790527]},"properties":{"id":552334,"datetime":"2026-08-29T18:39:13.000000Z","filename":"https://olm-s3.s3.eu-west-1.amazonaws.com/2026/08/29/3BE8LBx5lMZYyHny3YZFu2pWOspJk7lLvnCYTYr6.jpg","tags":[{"type":"standard","category":"other","item":"plastic","quantity":1},{"type":"custom_tag","category":"custom_tag","item":"Pen","quantity":1,"parent_category":"other","parent_item":"plastic"}],"objects":[{"status":"OK","on_map":true,"group":"Piece","subgroup":"","layer":"Plastic Piece","full_name":"Piece \u2013 Plastic Piece","olm_key":"other/plastic","quantity":1,"picked_up":true}],"groups":["litter"],"has_litter":true,"has_pet_waste":false,"has_substances":false,"zone":"cottonwood_zone_C","zone_edge_m":15.9,"nbhd_edge_m":null}},{"type":"Feature","geometry":{"type":"Point","coordinates":[-122.55712890625,49.210216522217]},"properties":{"id":550788,"datetime":"2026-08-02T18:54:59.000000Z","filename":"https://olm-s3.s3.eu-west-1.amazonaws.com/2026/08/02/gGBDzcRtlHWxHozhVx9j7nB3cxD7IYddB6DjvaDk.jpg","tags":[{"type":"standard","category":"pets","item":"dogshit","quantity":1}],"objects":[{"status":"OK","on_map":true,"group":"Fecal","subgroup":"","layer":"Pet Waste Unbagged","full_name":"Fecal \u2013 Pet Waste Unbagged","olm_key":"pets/dogshit","quantity":1,"picked_up":false}],"groups":["pet_waste"],"has_litter":false,"has_pet_waste":true,"has_substances":false,"zone":"cottonwood_zone_C","zone_edge_m":48.6,"nbhd_edge_m":null}},{"type":"Feature","geometry":{"type":"Point","coordinates":[-122.56102752686,49.210144042969]},"properties":{"id":550787,"datetime":"2026-08-02T19:23:16.000000Z","filename":"https://olm-s3.s3.eu-west-1.amazonaws.com/2026/08/02/RjAU2eeUcYhYLB4wXW92F62FajHv89Lr9Okp4d4S.jpg","tags":[{"type":"standard","category":"other","item":"plastic","quantity":2}],"objects":[{"status":"OK","on_map":true,"group":"Piece","subgroup":"","layer":"Plastic Piece","full_name":"Piece \u2013 Plastic Piece","olm_key":"other/plastic","quantity":2,"picked_up":true}],"groups":["litter"],"has_litter":true,"has_pet_waste":false,"has_substances":false,"zone":"cottonwood_zone_C","zone_edge_m":40.5,"nbhd_edge_m":null}},{"type":"Feature","geometry":{"type":"Point","coordinates":[-122.56037139893,49.209968566895]},"properties":{"id":550786,"datetime":"2026-08-02T19:23:40.000000Z","filename":"https://olm-s3.s3.eu-west-1.amazonaws.com/2026/08/02/t4t1EzSoAYAatWgw0PvuyskrEyNYm7Pehlw8piJQ.jpg","tags":[{"type":"standard","category":"other","item":"paper","quantity":1},{"type":"material","category":"material","item":"paper","quantity":1,"parent_category":"other","parent_item":"paper"}],"objects":[{"status":"OK","on_map":true,"group":"Piece","subgroup":"","layer":"Paper Piece","full_name":"Piece \u2013 Paper Piece","olm_key":"other/paper","quantity":1,"picked_up":true}],"groups":["litter"],"has_litter":true,"has_pet_waste":false,"has_substances":false,"zone":"cottonwood_zone_C","zone_edge_m":21.0,"nbhd_edge_m":null}},{"type":"Feature","geometry":{"type":"Point","coordinates":[-122.56027984619,49.209945678711]},"properties":{"id":550785,"datetime":"2026-08-02T19:23:52.000000Z","filename":"https://olm-s3.s3.eu-west-1.amazonaws.com/2026/08/02/6BiViQFfLSeWZ9gISxdNg0uoh0Ct4S6CM6sMfq1g.jpg","tags":[{"type":"standard","category":"other","item":"plastic","quantity":1}],"objects":[{"status":"OK","on_map":true,"group":"Piece","subgroup":"","layer":"Plastic Piece","full_name":"Piece \u2013 Plastic Piece","olm_key":"other/plastic","quantity":1,"picked_up":true}],"groups":["litter"],"has_litter":true,"has_pet_waste":false,"has_substances":false,"zone":"cottonwood_zone_C","zone_edge_m":18.4,"nbhd_edge_m":null}},{"type":"Feature","geometry":{"type":"Point","coordinates":[-122.56008911133,49.209983825684]},"properties":{"id":550784,"datetime":"2026-08-02T19:25:18.000000Z","filename":"https://olm-s3.s3.eu-west-1.amazonaws.com/2026/08/02/RTuDUaR9ysmzSvaSKGNPp62flAuBpAMojRe52CVT.jpg","tags":[{"type":"standard","category":"smoking","item":"butts","quantity":1}],"objects":[{"status":"OK","on_map":true,"group":"Smoking","subgroup":"","layer":"Cigarette Butts","full_name":"Smoking \u2013 Cigarette Butts","olm_key":"smoking/butts","quantity":1,"picked_up":true}],"groups":["substances"],"has_litter":false,"has_pet_waste":false,"has_substances":true,"zone":"cottonwood_zone_C","zone_edge_m":22.7,"nbhd_edge_m":null}},{"type":"Feature","geometry":{"type":"Point","coordinates":[-122.56008911133,49.209983825684]},"properties":{"id":550783,"datetime":"2026-08-02T19:25:29.000000Z","filename":"https://olm-s3.s3.eu-west-1.amazonaws.com/2026/08/02/Xwvhhq2PECh8MojvwulUXewPcbt1pC1YgiCQzQWZ.jpg","tags":[{"type":"standard","category":"other","item":"plastic","quantity":1}],"objects":[{"status":"OK","on_map":true,"group":"Piece","subgroup":"","layer":"Plastic Piece","full_name":"Piece \u2013 Plastic Piece","olm_key":"other/plastic","quantity":1,"picked_up":true}],"groups":["litter"],"has_litter":true,"has_pet_waste":false,"has_substances":false,"zone":"cottonwood_zone_C","zone_edge_m":22.7,"nbhd_edge_m":null}},{"type":"Feature","geometry":{"type":"Point","coordinates":[-122.56008911133,49.209983825684]},"properties":{"id":550782,"datetime":"2026-08-02T19:25:40.000000Z","filename":"https://olm-s3.s3.eu-west-1.amazonaws.com/2026/08/02/Cq6CRAv9AGjXj4X2hLYO5nbrUdU1W5TRRmxUnAIx.jpg","tags":[{"type":"standard","category":"smoking","item":"butts","quantity":1}],"objects":[{"status":"OK","on_map":true,"group":"Smoking","subgroup":"","layer":"Cigarette Butts","full_name":"Smoking \u2013 Cigarette Butts","olm_key":"smoking/butts","quantity":1,"picked_up":true}],"groups":["substances"],"has_litter":false,"has_pet_waste":false,"has_substances":true,"zone":"cottonwood_zone_C","zone_edge_m":22.7,"nbhd_edge_m":null}},{"type":"Feature","geometry":{"type":"Point","coordinates":[-122.56008911133,49.209983825684]},"properties":{"id":550781,"datetime":"2026-08-02T19:25:53.000000Z","filename":"https://olm-s3.s3.eu-west-1.amazonaws.com/2026/08/02/5uHIed1VMO7kaIjyTMBf4TwsgE1Wv7Ef8RrwO6w6.jpg","tags":[{"type":"standard","category":"smoking","item":"butts","quantity":1}],"objects":[{"status":"OK","on_map":true,"group":"Smoking","subgroup":"","layer":"Cigarette Butts","full_name":"Smoking \u2013 Cigarette Butts","olm_key":"smoking/butts","quantity":1,"picked_up":true}],"groups":["substances"],"has_litter":false,"has_pet_waste":false,"has_substances":true,"zone":"cottonwood_zone_C","zone_edge_m":22.7,"nbhd_edge_m":null}},{"type":"Feature","geometry":{"type":"Point","coordinates":[-122.55786132812,49.210048675537]},"properties":{"id":550780,"datetime":"2026-08-02T19:26:03.000000Z","filename":"https://olm-s3.s3.eu-west-1.amazonaws.com/2026/08/02/TsC95FFA8Oq2MxzwpnqcA3xkLa0tCf2dzPgfzQJe.jpg","tags":[{"type":"standard","category":"smoking","item":"butts","quantity":2}],"objects":[{"status":"OK","on_map":true,"group":"Smoking","subgroup":"","layer":"Cigarette Butts","full_name":"Smoking \u2013 Cigarette Butts","olm_key":"smoking/butts","quantity":2,"picked_up":true}],"groups":["substances"],"has_litter":false,"has_pet_waste":false,"has_substances":true,"zone":"cottonwood_zone_C","zone_edge_m":29.9,"nbhd_edge_m":null}},{"type":"Feature","geometry":{"type":"Point","coordinates":[-122.55780792236,49.210094451904]},"properties":{"id":550779,"datetime":"2026-08-02T19:26:15.000000Z","filename":"https://olm-s3.s3.eu-west-1.amazonaws.com/2026/08/02/k2OOkXEkVSJgKCgDJOysOoCyo8Oj3aXQxJzlU1tc.jpg","tags":[{"type":"standard","category":"smoking","item":"butts","quantity":2},{"type":"standard","category":"softdrinks","item":"bottle_cap","quantity":1}],"objects":[{"status":"OK","on_map":true,"group":"Smoking","subgroup":"","layer":"Cigarette Butts","full_name":"Smoking \u2013 Cigarette Butts","olm_key":"smoking/butts","quantity":2,"picked_up":true},{"status":"OK","on_map":true,"group":"Convenient Food Drink","subgroup":"Drink","layer":"Drink Bottle Cap","full_name":"Convenient Food Drink \u2013 Drink \u2013 Drink Bottle Cap","olm_key":"softdrinks/bottle_cap","quantity":1,"picked_up":true}],"groups":["litter","substances"],"has_litter":true,"has_pet_waste":false,"has_substances":true,"zone":"cottonwood_zone_C","zone_edge_m":35.0,"nbhd_edge_m":null}},{"type":"Feature","geometry":{"type":"Point","coordinates":[-122.55780792236,49.210094451904]},"properties":{"id":550778,"datetime":"2026-08-02T19:26:26.000000Z","filename":"https://olm-s3.s3.eu-west-1.amazonaws.com/2026/08/02/Ra8TtQthjlKSjb8y5JonKpQtHnWxHjE4gRLP12mj.jpg","tags":[{"type":"standard","category":"smoking","item":"butts","quantity":4}],"objects":[{"status":"OK","on_map":true,"group":"Smoking","subgroup":"","layer":"Cigarette Butts","full_name":"Smoking \u2013 Cigarette Butts","olm_key":"smoking/butts","quantity":4,"picked_up":true}],"groups":["substances"],"has_litter":false,"has_pet_waste":false,"has_substances":true,"zone":"cottonwood_zone_C","zone_edge_m":35.0,"nbhd_edge_m":null}},{"type":"Feature","geometry":{"type":"Point","coordinates":[-122.55780792236,49.210094451904]},"properties":{"id":550777,"datetime":"2026-08-02T19:27:07.000000Z","filename":"https://olm-s3.s3.eu-west-1.amazonaws.com/2026/08/02/6bMLsXikIEDsY789mWffrspKmBUxJdz8MmkFmSSU.jpg","tags":[{"type":"standard","category":"smoking","item":"butts","quantity":10}],"objects":[{"status":"OK","on_map":true,"group":"Smoking","subgroup":"","layer":"Cigarette Butts","full_name":"Smoking \u2013 Cigarette Butts","olm_key":"smoking/butts","quantity":10,"picked_up":true}],"groups":["substances"],"has_litter":false,"has_pet_waste":false,"has_substances":true,"zone":"cottonwood_zone_C","zone_edge_m":35.0,"nbhd_edge_m":null}},{"type":"Feature","geometry":{"type":"Point","coordinates":[-122.55780792236,49.210094451904]},"properties":{"id":550776,"datetime":"2026-08-02T19:27:23.000000Z","filename":"https://olm-s3.s3.eu-west-1.amazonaws.com/2026/08/02/h9AEJ8WaLssqnu2CopMYrZ2mr6HlyLLZg131jBQj.jpg","tags":[{"type":"standard","category":"other","item":"plastic","quantity":1}],"objects":[{"status":"OK","on_map":true,"group":"Piece","subgroup":"","layer":"Plastic Piece","full_name":"Piece \u2013 Plastic Piece","olm_key":"other/plastic","quantity":1,"picked_up":true}],"groups":["litter"],"has_litter":true,"has_pet_waste":false,"has_substances":false,"zone":"cottonwood_zone_C","zone_edge_m":35.0,"nbhd_edge_m":null}},{"type":"Feature","geometry":{"type":"Point","coordinates":[-122.55780792236,49.210094451904]},"properties":{"id":550775,"datetime":"2026-08-02T19:27:57.000000Z","filename":"https://olm-s3.s3.eu-west-1.amazonaws.com/2026/08/02/YtnDVjZDaxZUsoyyPvSs6mwLEfv0IP5ENxI2s19F.jpg","tags":[{"type":"standard","category":"smoking","item":"butts","quantity":3}],"objects":[{"status":"OK","on_map":true,"group":"Smoking","subgroup":"","layer":"Cigarette Butts","full_name":"Smoking \u2013 Cigarette Butts","olm_key":"smoking/butts","quantity":3,"picked_up":true}],"groups":["substances"],"has_litter":false,"has_pet_waste":false,"has_substances":true,"zone":"cottonwood_zone_C","zone_edge_m":35.0,"nbhd_edge_m":null}},{"type":"Feature","geometry":{"type":"Point","coordinates":[-122.55709075928,49.210216522217]},"properties":{"id":550774,"datetime":"2026-08-02T19:28:06.000000Z","filename":"https://olm-s3.s3.eu-west-1.amazonaws.com/2026/08/02/bSDUghoU9Qqx4OdPyK7lCYrmPRh41CBjaQYzb5RU.jpg","tags":[{"type":"standard","category":"other","item":"paper","quantity":1},{"type":"material","category":"material","item":"paper","quantity":1,"parent_category":"other","parent_item":"paper"}],"objects":[{"status":"OK","on_map":true,"group":"Piece","subgroup":"","layer":"Paper Piece","full_name":"Piece \u2013 Paper Piece","olm_key":"other/paper","quantity":1,"picked_up":true}],"groups":["litter"],"has_litter":true,"has_pet_waste":false,"has_substances":false,"zone":"cottonwood_zone_C","zone_edge_m":48.6,"nbhd_edge_m":null}},{"type":"Feature","geometry":{"type":"Point","coordinates":[-122.55709075928,49.210216522217]},"properties":{"id":550773,"datetime":"2026-08-02T19:28:13.000000Z","filename":"https://olm-s3.s3.eu-west-1.amazonaws.com/2026/08/02/JoQLw3e4UK0hAoy9sZX31JwAojkl3RrsNVWqhPh0.jpg","tags":[{"type":"standard","category":"other","item":"plastic","quantity":1},{"type":"standard","category":"smoking","item":"packaging","quantity":1},{"type":"custom_tag","category":"custom_tag","item":"THC","quantity":1,"parent_category":"smoking","parent_item":"packaging"}],"objects":[{"status":"OK","on_map":true,"group":"Piece","subgroup":"","layer":"Plastic Piece","full_name":"Piece \u2013 Plastic Piece","olm_key":"other/plastic","quantity":1,"picked_up":true},{"status":"OK","on_map":true,"group":"Smoking","subgroup":"","layer":"Cannabis Packaging","full_name":"Smoking \u2013 Cannabis Packaging","olm_key":"smoking/packaging","quantity":1,"picked_up":true}],"groups":["litter","substances"],"has_litter":true,"has_pet_waste":false,"has_substances":true,"zone":"cottonwood_zone_C","zone_edge_m":48.6,"nbhd_edge_m":null}},{"type":"Feature","geometry":{"type":"Point","coordinates":[-122.55709075928,49.210216522217]},"properties":{"id":550772,"datetime":"2026-08-02T19:28:18.000000Z","filename":"https://olm-s3.s3.eu-west-1.amazonaws.com/2026/08/02/x9nLACVgWCgHGeZnGnXfpZz2DKkGrtuN6ERisgcG.jpg","tags":[{"type":"standard","category":"smoking","item":"butts","quantity":1}],"objects":[{"status":"OK","on_map":true,"group":"Smoking","subgroup":"","layer":"Cigarette Butts","full_name":"Smoking \u2013 Cigarette Butts","olm_key":"smoking/butts","quantity":1,"picked_up":true}],"groups":["substances"],"has_litter":false,"has_pet_waste":false,"has_substances":true,"zone":"cottonwood_zone_C","zone_edge_m":48.6,"nbhd_edge_m":null}},{"type":"Feature","geometry":{"type":"Point","coordinates":[-122.55725097656,49.210159301758]},"properties":{"id":550771,"datetime":"2026-08-02T19:28:29.000000Z","filename":"https://olm-s3.s3.eu-west-1.amazonaws.com/2026/08/02/IQ0BnQMALp66fsH8bEQnThEhuPdzc8MinpZAht0o.jpg","tags":[{"type":"standard","category":"smoking","item":"butts","quantity":3}],"objects":[{"status":"OK","on_map":true,"group":"Smoking","subgroup":"","layer":"Cigarette Butts","full_name":"Smoking \u2013 Cigarette Butts","olm_key":"smoking/butts","quantity":3,"picked_up":true}],"groups":["substances"],"has_litter":false,"has_pet_waste":false,"has_substances":true,"zone":"cottonwood_zone_C","zone_edge_m":42.2,"nbhd_edge_m":null}},{"type":"Feature","geometry":{"type":"Point","coordinates":[-122.55724334717,49.210155487061]},"properties":{"id":550770,"datetime":"2026-08-02T19:28:38.000000Z","filename":"https://olm-s3.s3.eu-west-1.amazonaws.com/2026/08/02/oCaoGPW946WRbSTYdycny5TRFNUoG1xpeVI1IunZ.jpg","tags":[{"type":"standard","category":"other","item":"plastic","quantity":1},{"type":"standard","category":"smoking","item":"packaging","quantity":1},{"type":"custom_tag","category":"custom_tag","item":"THC","quantity":1,"parent_category":"smoking","parent_item":"packaging"}],"objects":[{"status":"OK","on_map":true,"group":"Piece","subgroup":"","layer":"Plastic Piece","full_name":"Piece \u2013 Plastic Piece","olm_key":"other/plastic","quantity":1,"picked_up":true},{"status":"OK","on_map":true,"group":"Smoking","subgroup":"","layer":"Cannabis Packaging","full_name":"Smoking \u2013 Cannabis Packaging","olm_key":"smoking/packaging","quantity":1,"picked_up":true}],"groups":["litter","substances"],"has_litter":true,"has_pet_waste":false,"has_substances":true,"zone":"cottonwood_zone_C","zone_edge_m":41.8,"nbhd_edge_m":null}},{"type":"Feature","geometry":{"type":"Point","coordinates":[-122.5570602417,49.21017074585]},"properties":{"id":550769,"datetime":"2026-08-02T19:29:23.000000Z","filename":"https://olm-s3.s3.eu-west-1.amazonaws.com/2026/08/02/rNTGXHT46e3zqIZi4bXxVHJByd36hEJ3pj6xVeVV.jpg","tags":[{"type":"standard","category":"other","item":"plastic","quantity":1}],"objects":[{"status":"OK","on_map":true,"group":"Piece","subgroup":"","layer":"Plastic Piece","full_name":"Piece \u2013 Plastic Piece","olm_key":"other/plastic","quantity":1,"picked_up":true}],"groups":["litter"],"has_litter":true,"has_pet_waste":false,"has_substances":false,"zone":"cottonwood_zone_C","zone_edge_m":43.5,"nbhd_edge_m":null}},{"type":"Feature","geometry":{"type":"Point","coordinates":[-122.55706787109,49.210166931152]},"properties":{"id":550768,"datetime":"2026-08-02T19:29:29.000000Z","filename":"https://olm-s3.s3.eu-west-1.amazonaws.com/2026/08/02/5xiOZccxx0Kv9FhdwQMt25H2E0AohccxebGIzDGy.jpg","tags":[{"type":"standard","category":"pets","item":"dogshit","quantity":1}],"objects":[{"status":"OK","on_map":true,"group":"Fecal","subgroup":"","layer":"Pet Waste Unbagged","full_name":"Fecal \u2013 Pet Waste Unbagged","olm_key":"pets/dogshit","quantity":1,"picked_up":false}],"groups":["pet_waste"],"has_litter":false,"has_pet_waste":true,"has_substances":false,"zone":"cottonwood_zone_C","zone_edge_m":43.1,"nbhd_edge_m":null}},{"type":"Feature","geometry":{"type":"Point","coordinates":[-122.55709838867,49.210083007812]},"properties":{"id":550767,"datetime":"2026-08-02T19:29:51.000000Z","filename":"https://olm-s3.s3.eu-west-1.amazonaws.com/2026/08/02/Z1l6tFhrtmuPn6OhbKPDa1XL8swqsWPx4hIQLKxo.jpg","tags":[{"type":"standard","category":"smoking","item":"butts","quantity":4}],"objects":[{"status":"OK","on_map":true,"group":"Smoking","subgroup":"","layer":"Cigarette Butts","full_name":"Smoking \u2013 Cigarette Butts","olm_key":"smoking/butts","quantity":4,"picked_up":true}],"groups":["substances"],"has_litter":false,"has_pet_waste":false,"has_substances":true,"zone":"cottonwood_zone_C","zone_edge_m":33.7,"nbhd_edge_m":null}},{"type":"Feature","geometry":{"type":"Point","coordinates":[-122.5570526123,49.210075378418]},"properties":{"id":550766,"datetime":"2026-08-02T19:30:08.000000Z","filename":"https://olm-s3.s3.eu-west-1.amazonaws.com/2026/08/02/y9ZD8RyO3FOMLUWCYIgOKRDnJI8tXTqqBaw8oVNG.jpg","tags":[{"type":"standard","category":"coffee","item":"cup","quantity":1},{"type":"standard","category":"smoking","item":"butts","quantity":2}],"objects":[{"status":"OK","on_map":true,"group":"Convenient Food Drink","subgroup":"Drink","layer":"Poly-lined Hot Beverage Cup","full_name":"Convenient Food Drink \u2013 Drink \u2013 Poly-lined Hot Beverage Cup","olm_key":"coffee/cup","quantity":1,"picked_up":true},{"status":"OK","on_map":true,"group":"Smoking","subgroup":"","layer":"Cigarette Butts","full_name":"Smoking \u2013 Cigarette Butts","olm_key":"smoking/butts","quantity":2,"picked_up":true}],"groups":["litter","substances"],"has_litter":true,"has_pet_waste":false,"has_substances":true,"zone":"cottonwood_zone_C","zone_edge_m":32.9,"nbhd_edge_m":null}},{"type":"Feature","geometry":{"type":"Point","coordinates":[-122.55707550049,49.210166931152]},"properties":{"id":550765,"datetime":"2026-08-02T19:30:35.000000Z","filename":"https://olm-s3.s3.eu-west-1.amazonaws.com/2026/08/02/B1CkqFsf15ylmhVbRevZS5IhPCLjEIS4LPDu9S72.jpg","tags":[{"type":"standard","category":"food","item":"wrapper","quantity":1},{"type":"material","category":"material","item":"foil","quantity":1,"parent_category":"food","parent_item":"wrapper"},{"type":"material","category":"material","item":"plastic","quantity":1,"parent_category":"food","parent_item":"wrapper"}],"objects":[{"status":"OK","on_map":true,"group":"Convenient Food Drink","subgroup":"Snack","layer":"Foil / Plastic Film Snack Wrapper","full_name":"Convenient Food Drink \u2013 Snack \u2013 Foil / Plastic Film Snack Wrapper","olm_key":"food/wrapper","quantity":1,"picked_up":true}],"groups":["litter"],"has_litter":true,"has_pet_waste":false,"has_substances":false,"zone":"cottonwood_zone_C","zone_edge_m":43.1,"nbhd_edge_m":null}},{"type":"Feature","geometry":{"type":"Point","coordinates":[-122.5570526123,49.210124969482]},"properties":{"id":550764,"datetime":"2026-08-02T19:30:57.000000Z","filename":"https://olm-s3.s3.eu-west-1.amazonaws.com/2026/08/02/fAd91YOgHzudRAJs8AQ5DO87OkYOjML7xzbeccQI.jpg","tags":[{"type":"standard","category":"other","item":"plastic","quantity":1}],"objects":[{"status":"OK","on_map":true,"group":"Piece","subgroup":"","layer":"Plastic Piece","full_name":"Piece \u2013 Plastic Piece","olm_key":"other/plastic","quantity":1,"picked_up":true}],"groups":["litter"],"has_litter":true,"has_pet_waste":false,"has_substances":false,"zone":"cottonwood_zone_C","zone_edge_m":38.4,"nbhd_edge_m":null}},{"type":"Feature","geometry":{"type":"Point","coordinates":[-122.55695343018,49.210468292236]},"properties":{"id":550763,"datetime":"2026-08-02T19:31:23.000000Z","filename":"https://olm-s3.s3.eu-west-1.amazonaws.com/2026/08/02/ktAsKJnbZat8Vz78sQyX92RU277amUcmwJIJYPYx.jpg","tags":[{"type":"standard","category":"other","item":"paper","quantity":1},{"type":"material","category":"material","item":"paper","quantity":1,"parent_category":"other","parent_item":"paper"}],"objects":[{"status":"OK","on_map":true,"group":"Piece","subgroup":"","layer":"Paper Piece","full_name":"Piece \u2013 Paper Piece","olm_key":"other/paper","quantity":1,"picked_up":true}],"groups":["litter"],"has_litter":true,"has_pet_waste":false,"has_substances":false,"zone":"cottonwood_zone_C","zone_edge_m":69.3,"nbhd_edge_m":null}},{"type":"Feature","geometry":{"type":"Point","coordinates":[-122.55695343018,49.210468292236]},"properties":{"id":550762,"datetime":"2026-08-02T19:31:27.000000Z","filename":"https://olm-s3.s3.eu-west-1.amazonaws.com/2026/08/02/CV5Dg5OlVBeXrGFMPGyXz6FqvLxcq1Vtg1uBk0Yf.jpg","tags":[{"type":"standard","category":"other","item":"paper","quantity":1},{"type":"material","category":"material","item":"paper","quantity":1,"parent_category":"other","parent_item":"paper"},{"type":"standard","category":"other","item":"plastic_bag","quantity":1}],"objects":[{"status":"OK","on_map":true,"group":"Piece","subgroup":"","layer":"Paper Piece","full_name":"Piece \u2013 Paper Piece","olm_key":"other/paper","quantity":1,"picked_up":true},{"status":"OK","on_map":true,"group":"Household","subgroup":"","layer":"Household Plastic Bag","full_name":"Household \u2013 Household Plastic Bag","olm_key":"other/plastic_bag","quantity":1,"picked_up":true}],"groups":["litter"],"has_litter":true,"has_pet_waste":false,"has_substances":false,"zone":"cottonwood_zone_C","zone_edge_m":69.3,"nbhd_edge_m":null}},{"type":"Feature","geometry":{"type":"Point","coordinates":[-122.55693817139,49.210388183594]},"properties":{"id":550761,"datetime":"2026-08-02T19:31:58.000000Z","filename":"https://olm-s3.s3.eu-west-1.amazonaws.com/2026/08/02/Uqke6jIv1APvhHCe5nUTROH7tCMzXNIhjg7aneSs.jpg","tags":[{"type":"standard","category":"food","item":"wrapper","quantity":1},{"type":"material","category":"material","item":"foil","quantity":1,"parent_category":"food","parent_item":"wrapper"},{"type":"material","category":"material","item":"plastic","quantity":1,"parent_category":"food","parent_item":"wrapper"},{"type":"standard","category":"other","item":"plastic","quantity":2}],"objects":[{"status":"OK","on_map":true,"group":"Convenient Food Drink","subgroup":"Snack","layer":"Foil / Plastic Film Snack Wrapper","full_name":"Convenient Food Drink \u2013 Snack \u2013 Foil / Plastic Film Snack Wrapper","olm_key":"food/wrapper","quantity":1,"picked_up":true},{"status":"OK","on_map":true,"group":"Piece","subgroup":"","layer":"Plastic Piece","full_name":"Piece \u2013 Plastic Piece","olm_key":"other/plastic","quantity":2,"picked_up":true}],"groups":["litter"],"has_litter":true,"has_pet_waste":false,"has_substances":false,"zone":"cottonwood_zone_C","zone_edge_m":67.7,"nbhd_edge_m":null}},{"type":"Feature","geometry":{"type":"Point","coordinates":[-122.55675506592,49.21036529541]},"properties":{"id":550760,"datetime":"2026-08-02T19:32:08.000000Z","filename":"https://olm-s3.s3.eu-west-1.amazonaws.com/2026/08/02/2yehyOCQkMnu41Ynj8wapRKMCAPpQMFDbPKIVxuX.jpg","tags":[{"type":"standard","category":"smoking","item":"butts","quantity":9}],"objects":[{"status":"OK","on_map":true,"group":"Smoking","subgroup":"","layer":"Cigarette Butts","full_name":"Smoking \u2013 Cigarette Butts","olm_key":"smoking/butts","quantity":9,"picked_up":true}],"groups":["substances"],"has_litter":false,"has_pet_waste":false,"has_substances":true,"zone":"cottonwood_zone_C","zone_edge_m":54.9,"nbhd_edge_m":null}},{"type":"Feature","geometry":{"type":"Point","coordinates":[-122.55667114258,49.21028137207]},"properties":{"id":550759,"datetime":"2026-08-02T19:32:30.000000Z","filename":"https://olm-s3.s3.eu-west-1.amazonaws.com/2026/08/02/awbXxpfhufnJfCOgx0h7UeC39pRZCtE9hVrwPka6.jpg","tags":[{"type":"standard","category":"other","item":"paper","quantity":1},{"type":"material","category":"material","item":"paper","quantity":1,"parent_category":"other","parent_item":"paper"}],"objects":[{"status":"OK","on_map":true,"group":"Piece","subgroup":"","layer":"Paper Piece","full_name":"Piece \u2013 Paper Piece","olm_key":"other/paper","quantity":1,"picked_up":true}],"groups":["litter"],"has_litter":true,"has_pet_waste":false,"has_substances":false,"zone":"cottonwood_zone_C","zone_edge_m":48.8,"nbhd_edge_m":null}},{"type":"Feature","geometry":{"type":"Point","coordinates":[-122.55667114258,49.21028137207]},"properties":{"id":550758,"datetime":"2026-08-02T19:32:37.000000Z","filename":"https://olm-s3.s3.eu-west-1.amazonaws.com/2026/08/02/VB01Fx7Cn9mFQulF8ju7ADLLshCuTgKqDX5ZVgSG.jpg","tags":[{"type":"standard","category":"other","item":"paper","quantity":2},{"type":"material","category":"material","item":"paper","quantity":1,"parent_category":"other","parent_item":"paper"}],"objects":[{"status":"OK","on_map":true,"group":"Piece","subgroup":"","layer":"Paper Piece","full_name":"Piece \u2013 Paper Piece","olm_key":"other/paper","quantity":2,"picked_up":true}],"groups":["litter"],"has_litter":true,"has_pet_waste":false,"has_substances":false,"zone":"cottonwood_zone_C","zone_edge_m":48.8,"nbhd_edge_m":null}},{"type":"Feature","geometry":{"type":"Point","coordinates":[-122.55696105957,49.210441589355]},"properties":{"id":550757,"datetime":"2026-08-02T19:32:44.000000Z","filename":"https://olm-s3.s3.eu-west-1.amazonaws.com/2026/08/02/mMKIR5UqPtHvlYhtXz2B9ctseKKZarC6uPJCpIs4.jpg","tags":[{"type":"standard","category":"other","item":"paper","quantity":1},{"type":"material","category":"material","item":"paper","quantity":1,"parent_category":"other","parent_item":"paper"}],"objects":[{"status":"OK","on_map":true,"group":"Piece","subgroup":"","layer":"Paper Piece","full_name":"Piece \u2013 Paper Piece","olm_key":"other/paper","quantity":1,"picked_up":true}],"groups":["litter"],"has_litter":true,"has_pet_waste":false,"has_substances":false,"zone":"cottonwood_zone_C","zone_edge_m":69.9,"nbhd_edge_m":null}},{"type":"Feature","geometry":{"type":"Point","coordinates":[-122.55696105957,49.210441589355]},"properties":{"id":550756,"datetime":"2026-08-02T19:33:01.000000Z","filename":"https://olm-s3.s3.eu-west-1.amazonaws.com/2026/08/02/4bJ8Cv8F068oCZvScTpPbfd4j5wOyZM5ssnTvlBb.jpg","tags":[{"type":"standard","category":"smoking","item":"butts","quantity":3}],"objects":[{"status":"OK","on_map":true,"group":"Smoking","subgroup":"","layer":"Cigarette Butts","full_name":"Smoking \u2013 Cigarette Butts","olm_key":"smoking/butts","quantity":3,"picked_up":true}],"groups":["substances"],"has_litter":false,"has_pet_waste":false,"has_substances":true,"zone":"cottonwood_zone_C","zone_edge_m":69.9,"nbhd_edge_m":null}},{"type":"Feature","geometry":{"type":"Point","coordinates":[-122.55696105957,49.210441589355]},"properties":{"id":550755,"datetime":"2026-08-02T19:33:15.000000Z","filename":"https://olm-s3.s3.eu-west-1.amazonaws.com/2026/08/02/aGoHgFSi4KiLjlJzJO5uXCanygw3r4Q4GpE1GBfQ.jpg","tags":[{"type":"standard","category":"smoking","item":"butts","quantity":4}],"objects":[{"status":"OK","on_map":true,"group":"Smoking","subgroup":"","layer":"Cigarette Butts","full_name":"Smoking \u2013 Cigarette Butts","olm_key":"smoking/butts","quantity":4,"picked_up":true}],"groups":["substances"],"has_litter":false,"has_pet_waste":false,"has_substances":true,"zone":"cottonwood_zone_C","zone_edge_m":69.9,"nbhd_edge_m":null}},{"type":"Feature","geometry":{"type":"Point","coordinates":[-122.55696105957,49.210441589355]},"properties":{"id":550754,"datetime":"2026-08-02T19:33:29.000000Z","filename":"https://olm-s3.s3.eu-west-1.amazonaws.com/2026/08/02/LHqN4sHsAxEED2GsXDHFYilkMdtqiuJhhmiFWIN8.jpg","tags":[{"type":"standard","category":"other","item":"plastic","quantity":3}],"objects":[{"status":"OK","on_map":true,"group":"Piece","subgroup":"","layer":"Plastic Piece","full_name":"Piece \u2013 Plastic Piece","olm_key":"other/plastic","quantity":3,"picked_up":true}],"groups":["litter"],"has_litter":true,"has_pet_waste":false,"has_substances":false,"zone":"cottonwood_zone_C","zone_edge_m":69.9,"nbhd_edge_m":null}},{"type":"Feature","geometry":{"type":"Point","coordinates":[-122.55696105957,49.210441589355]},"properties":{"id":550753,"datetime":"2026-08-02T19:33:58.000000Z","filename":"https://olm-s3.s3.eu-west-1.amazonaws.com/2026/08/02/9XJKSPw4y4XS0LfOw1s3paABGzzauzu6y2oaPFpv.jpg","tags":[{"type":"standard","category":"other","item":"plastic","quantity":1}],"objects":[{"status":"OK","on_map":true,"group":"Piece","subgroup":"","layer":"Plastic Piece","full_name":"Piece \u2013 Plastic Piece","olm_key":"other/plastic","quantity":1,"picked_up":true}],"groups":["litter"],"has_litter":true,"has_pet_waste":false,"has_substances":false,"zone":"cottonwood_zone_C","zone_edge_m":69.9,"nbhd_edge_m":null}},{"type":"Feature","geometry":{"type":"Point","coordinates":[-122.55696105957,49.210441589355]},"properties":{"id":550752,"datetime":"2026-08-02T19:34:05.000000Z","filename":"https://olm-s3.s3.eu-west-1.amazonaws.com/2026/08/02/p9FMvy16nLr3oWj8zlQ4ZZ0abUhvVFPrCgRvgBO4.jpg","tags":[{"type":"standard","category":"smoking","item":"butts","quantity":10}],"objects":[{"status":"OK","on_map":true,"group":"Smoking","subgroup":"","layer":"Cigarette Butts","full_name":"Smoking \u2013 Cigarette Butts","olm_key":"smoking/butts","quantity":10,"picked_up":true}],"groups":["substances"],"has_litter":false,"has_pet_waste":false,"has_substances":true,"zone":"cottonwood_zone_C","zone_edge_m":69.9,"nbhd_edge_m":null}},{"type":"Feature","geometry":{"type":"Point","coordinates":[-122.55696105957,49.210441589355]},"properties":{"id":550751,"datetime":"2026-08-02T19:34:39.000000Z","filename":"https://olm-s3.s3.eu-west-1.amazonaws.com/2026/08/02/Os9bESjpSGauX2360KkMXI8DiHhAFUNHAaYGkmNn.jpg","tags":[{"type":"standard","category":"food","item":"napkins","quantity":2},{"type":"material","category":"material","item":"paper","quantity":1,"parent_category":"food","parent_item":"napkins"}],"objects":[{"status":"OK","on_map":true,"group":"Convenient Food Drink","subgroup":"Take-out","layer":"Napkins","full_name":"Convenient Food Drink \u2013 Take-out \u2013 Napkins","olm_key":"food/napkins","quantity":2,"picked_up":true}],"groups":["litter"],"has_litter":true,"has_pet_waste":false,"has_substances":false,"zone":"cottonwood_zone_C","zone_edge_m":69.9,"nbhd_edge_m":null}},{"type":"Feature","geometry":{"type":"Point","coordinates":[-122.55696105957,49.210441589355]},"properties":{"id":550750,"datetime":"2026-08-02T19:34:49.000000Z","filename":"https://olm-s3.s3.eu-west-1.amazonaws.com/2026/08/02/T6mf5HQ4QuHTaJpX34y1ebwtTeCaeDuwtnrXkMD2.jpg","tags":[{"type":"standard","category":"other","item":"plastic","quantity":2}],"objects":[{"status":"OK","on_map":true,"group":"Piece","subgroup":"","layer":"Plastic Piece","full_name":"Piece \u2013 Plastic Piece","olm_key":"other/plastic","quantity":2,"picked_up":true}],"groups":["litter"],"has_litter":true,"has_pet_waste":false,"has_substances":false,"zone":"cottonwood_zone_C","zone_edge_m":69.9,"nbhd_edge_m":null}},{"type":"Feature","geometry":{"type":"Point","coordinates":[-122.55696105957,49.210441589355]},"properties":{"id":550749,"datetime":"2026-08-02T19:35:03.000000Z","filename":"https://olm-s3.s3.eu-west-1.amazonaws.com/2026/08/02/Rkkjbo9ejjmvKzSJzD8t2Y35q9mSPaUdHhLAWmaZ.jpg","tags":[{"type":"standard","category":"food","item":"packaging","quantity":1}],"objects":[{"status":"OK","on_map":true,"group":"Convenient Food Drink","subgroup":"Take-out","layer":"Food Packaging","full_name":"Convenient Food Drink \u2013 Take-out \u2013 Food Packaging","olm_key":"food/packaging","quantity":1,"picked_up":true}],"groups":["litter"],"has_litter":true,"has_pet_waste":false,"has_substances":false,"zone":"cottonwood_zone_C","zone_edge_m":69.9,"nbhd_edge_m":null}},{"type":"Feature","geometry":{"type":"Point","coordinates":[-122.55696105957,49.210441589355]},"properties":{"id":550748,"datetime":"2026-08-02T19:35:09.000000Z","filename":"https://olm-s3.s3.eu-west-1.amazonaws.com/2026/08/02/N2GttzZ47fj7qd64BCKWQsx8l0o9heskz1UtHRh3.jpg","tags":[{"type":"standard","category":"other","item":"plastic","quantity":1}],"objects":[{"status":"OK","on_map":true,"group":"Piece","subgroup":"","layer":"Plastic Piece","full_name":"Piece \u2013 Plastic Piece","olm_key":"other/plastic","quantity":1,"picked_up":true}],"groups":["litter"],"has_litter":true,"has_pet_waste":false,"has_substances":false,"zone":"cottonwood_zone_C","zone_edge_m":69.9,"nbhd_edge_m":null}},{"type":"Feature","geometry":{"type":"Point","coordinates":[-122.55696105957,49.210441589355]},"properties":{"id":550746,"datetime":"2026-08-02T19:35:31.000000Z","filename":"https://olm-s3.s3.eu-west-1.amazonaws.com/2026/08/02/hKAAShLBCLFniom6QBoHzbzHVSJBaiCI7I8MPwsM.jpg","tags":[{"type":"standard","category":"smoking","item":"butts","quantity":1}],"objects":[{"status":"OK","on_map":true,"group":"Smoking","subgroup":"","layer":"Cigarette Butts","full_name":"Smoking \u2013 Cigarette Butts","olm_key":"smoking/butts","quantity":1,"picked_up":true}],"groups":["substances"],"has_litter":false,"has_pet_waste":false,"has_substances":true,"zone":"cottonwood_zone_C","zone_edge_m":69.9,"nbhd_edge_m":null}},{"type":"Feature","geometry":{"type":"Point","coordinates":[-122.55696105957,49.210441589355]},"properties":{"id":550745,"datetime":"2026-08-02T19:35:43.000000Z","filename":"https://olm-s3.s3.eu-west-1.amazonaws.com/2026/08/02/Cl7oafDIWCzILSmjae1hTx8uMh0YyIrUhpYQJRIE.jpg","tags":[{"type":"standard","category":"other","item":"plastic","quantity":1},{"type":"standard","category":"smoking","item":"packaging","quantity":1}],"objects":[{"status":"OK","on_map":true,"group":"Piece","subgroup":"","layer":"Plastic Piece","full_name":"Piece \u2013 Plastic Piece","olm_key":"other/plastic","quantity":1,"picked_up":true},{"status":"OK","on_map":true,"group":"Smoking","subgroup":"","layer":"Nicotine Packaging","full_name":"Smoking \u2013 Nicotine Packaging","olm_key":"smoking/packaging","quantity":1,"picked_up":true}],"groups":["litter","substances"],"has_litter":true,"has_pet_waste":false,"has_substances":true,"zone":"cottonwood_zone_C","zone_edge_m":69.9,"nbhd_edge_m":null}},{"type":"Feature","geometry":{"type":"Point","coordinates":[-122.55690765381,49.210742950439]},"properties":{"id":550744,"datetime":"2026-08-02T19:35:56.000000Z","filename":"https://olm-s3.s3.eu-west-1.amazonaws.com/2026/08/02/tqVWbmgEA5GE7VKIUbeIP75yxOh0DaCSrvInrKgW.jpg","tags":[{"type":"standard","category":"other","item":"plastic","quantity":2}],"objects":[{"status":"OK","on_map":true,"group":"Piece","subgroup":"","layer":"Plastic Piece","full_name":"Piece \u2013 Plastic Piece","olm_key":"other/plastic","quantity":2,"picked_up":true}],"groups":["litter"],"has_litter":true,"has_pet_waste":false,"has_substances":false,"zone":"cottonwood_zone_C","zone_edge_m":66.0,"nbhd_edge_m":null}},{"type":"Feature","geometry":{"type":"Point","coordinates":[-122.55690765381,49.210742950439]},"properties":{"id":550743,"datetime":"2026-08-02T19:36:10.000000Z","filename":"https://olm-s3.s3.eu-west-1.amazonaws.com/2026/08/02/Ulp5Lrwu3Od06f9dMXE6KMAdcGhUqV90KXZcKxX4.jpg","tags":[{"type":"standard","category":"food","item":"container","quantity":1}],"objects":[{"status":"OK","on_map":true,"group":"Household","subgroup":"","layer":"Food Container - Plastic, Paper, Foam","full_name":"Household \u2013 Food Container - Plastic, Paper, Foam","olm_key":"food/container","quantity":1,"picked_up":true}],"groups":["litter"],"has_litter":true,"has_pet_waste":false,"has_substances":false,"zone":"cottonwood_zone_C","zone_edge_m":66.0,"nbhd_edge_m":null}},{"type":"Feature","geometry":{"type":"Point","coordinates":[-122.55690765381,49.210742950439]},"properties":{"id":550742,"datetime":"2026-08-02T19:36:22.000000Z","filename":"https://olm-s3.s3.eu-west-1.amazonaws.com/2026/08/02/ZB152NMJutQsYK4PTR9emPZIWTEk39qkQt7NvUv4.jpg","tags":[{"type":"standard","category":"food","item":"packaging","quantity":1}],"objects":[{"status":"OK","on_map":true,"group":"Convenient Food Drink","subgroup":"Take-out","layer":"Food Packaging","full_name":"Convenient Food Drink \u2013 Take-out \u2013 Food Packaging","olm_key":"food/packaging","quantity":1,"picked_up":true}],"groups":["litter"],"has_litter":true,"has_pet_waste":false,"has_substances":false,"zone":"cottonwood_zone_C","zone_edge_m":66.0,"nbhd_edge_m":null}},{"type":"Feature","geometry":{"type":"Point","coordinates":[-122.55690765381,49.210742950439]},"properties":{"id":550741,"datetime":"2026-08-02T19:36:33.000000Z","filename":"https://olm-s3.s3.eu-west-1.amazonaws.com/2026/08/02/mdVIm2L5IbzlAlErJJTheTyPpj4vaLXCmZtWmzHN.jpg","tags":[{"type":"standard","category":"food","item":"packaging","quantity":1}],"objects":[{"status":"OK","on_map":true,"group":"Convenient Food Drink","subgroup":"Take-out","layer":"Food Packaging","full_name":"Convenient Food Drink \u2013 Take-out \u2013 Food Packaging","olm_key":"food/packaging","quantity":1,"picked_up":true}],"groups":["litter"],"has_litter":true,"has_pet_waste":false,"has_substances":false,"zone":"cottonwood_zone_C","zone_edge_m":66.0,"nbhd_edge_m":null}},{"type":"Feature","geometry":{"type":"Point","coordinates":[-122.55690765381,49.210742950439]},"properties":{"id":550740,"datetime":"2026-08-02T19:36:46.000000Z","filename":"https://olm-s3.s3.eu-west-1.amazonaws.com/2026/08/02/kHf8MG2IJuayNrqwz12dGuf2ipJZZm2cFBrm3C24.jpg","tags":[{"type":"standard","category":"other","item":"plastic","quantity":1},{"type":"standard","category":"other","item":"paper","quantity":2},{"type":"material","category":"material","item":"paper","quantity":1,"parent_category":"other","parent_item":"paper"}],"objects":[{"status":"OK","on_map":true,"group":"Piece","subgroup":"","layer":"Plastic Piece","full_name":"Piece \u2013 Plastic Piece","olm_key":"other/plastic","quantity":1,"picked_up":true},{"status":"OK","on_map":true,"group":"Piece","subgroup":"","layer":"Paper Piece","full_name":"Piece \u2013 Paper Piece","olm_key":"other/paper","quantity":2,"picked_up":true}],"groups":["litter"],"has_litter":true,"has_pet_waste":false,"has_substances":false,"zone":"cottonwood_zone_C","zone_edge_m":66.0,"nbhd_edge_m":null}},{"type":"Feature","geometry":{"type":"Point","coordinates":[-122.55690765381,49.210742950439]},"properties":{"id":550739,"datetime":"2026-08-02T19:36:53.000000Z","filename":"https://olm-s3.s3.eu-west-1.amazonaws.com/2026/08/02/GAiVpah977j8Qgg5XysUYr9p6Apd09knCliBuQmW.jpg","tags":[{"type":"standard","category":"coffee","item":"lid","quantity":1},{"type":"standard","category":"other","item":"plastic","quantity":5}],"objects":[{"status":"OK","on_map":true,"group":"Convenient Food Drink","subgroup":"Drink","layer":"Hot Beverage Cup Lid","full_name":"Convenient Food Drink \u2013 Drink \u2013 Hot Beverage Cup Lid","olm_key":"coffee/lid","quantity":1,"picked_up":true},{"status":"OK","on_map":true,"group":"Piece","subgroup":"","layer":"Plastic Piece","full_name":"Piece \u2013 Plastic Piece","olm_key":"other/plastic","quantity":5,"picked_up":true}],"groups":["litter"],"has_litter":true,"has_pet_waste":false,"has_substances":false,"zone":"cottonwood_zone_C","zone_edge_m":66.0,"nbhd_edge_m":null}},{"type":"Feature","geometry":{"type":"Point","coordinates":[-122.5569152832,49.211151123047]},"properties":{"id":550738,"datetime":"2026-08-02T19:37:20.000000Z","filename":"https://olm-s3.s3.eu-west-1.amazonaws.com/2026/08/02/whpyuSZByqf5CIEoonN8wRb6FnFSenc2kpotNpe4.jpg","tags":[{"type":"standard","category":"smoking","item":"butts","quantity":1}],"objects":[{"status":"OK","on_map":true,"group":"Smoking","subgroup":"","layer":"Cigarette Butts","full_name":"Smoking \u2013 Cigarette Butts","olm_key":"smoking/butts","quantity":1,"picked_up":true}],"groups":["substances"],"has_litter":false,"has_pet_waste":false,"has_substances":true,"zone":"cottonwood_zone_C","zone_edge_m":66.6,"nbhd_edge_m":null}},{"type":"Feature","geometry":{"type":"Point","coordinates":[-122.55686950684,49.211101531982]},"properties":{"id":550737,"datetime":"2026-08-02T19:37:34.000000Z","filename":"https://olm-s3.s3.eu-west-1.amazonaws.com/2026/08/02/A66OyWbKLZlStAuDgehF8yrpvgnvAGnUrXAzyVcj.jpg","tags":[{"type":"standard","category":"food","item":"wrapper","quantity":1},{"type":"material","category":"material","item":"foil","quantity":1,"parent_category":"food","parent_item":"wrapper"},{"type":"material","category":"material","item":"plastic","quantity":1,"parent_category":"food","parent_item":"wrapper"},{"type":"standard","category":"other","item":"plastic","quantity":1}],"objects":[{"status":"OK","on_map":true,"group":"Convenient Food Drink","subgroup":"Snack","layer":"Foil / Plastic Film Snack Wrapper","full_name":"Convenient Food Drink \u2013 Snack \u2013 Foil / Plastic Film Snack Wrapper","olm_key":"food/wrapper","quantity":1,"picked_up":true},{"status":"OK","on_map":true,"group":"Piece","subgroup":"","layer":"Plastic Piece","full_name":"Piece \u2013 Plastic Piece","olm_key":"other/plastic","quantity":1,"picked_up":true}],"groups":["litter"],"has_litter":true,"has_pet_waste":false,"has_substances":false,"zone":"cottonwood_zone_C","zone_edge_m":63.2,"nbhd_edge_m":null}},{"type":"Feature","geometry":{"type":"Point","coordinates":[-122.55686950684,49.211101531982]},"properties":{"id":550736,"datetime":"2026-08-02T19:37:52.000000Z","filename":"https://olm-s3.s3.eu-west-1.amazonaws.com/2026/08/02/mqdrzSRBdAGNhiNlCLu8faZu0g5Fp8jqBaFegc3R.jpg","tags":[{"type":"standard","category":"pets","item":"dogshit","quantity":1}],"objects":[{"status":"OK","on_map":true,"group":"Fecal","subgroup":"","layer":"Pet Waste Unbagged","full_name":"Fecal \u2013 Pet Waste Unbagged","olm_key":"pets/dogshit","quantity":1,"picked_up":false}],"groups":["pet_waste"],"has_litter":false,"has_pet_waste":true,"has_substances":false,"zone":"cottonwood_zone_C","zone_edge_m":63.2,"nbhd_edge_m":null}},{"type":"Feature","geometry":{"type":"Point","coordinates":[-122.55686950684,49.211101531982]},"properties":{"id":550735,"datetime":"2026-08-02T19:38:03.000000Z","filename":"https://olm-s3.s3.eu-west-1.amazonaws.com/2026/08/02/QS9yq2vXXn6LZuqNZSQ6WRQQAyzJ6UITQR7B9bXe.jpg","tags":[{"type":"standard","category":"other","item":"paper","quantity":2},{"type":"material","category":"material","item":"paper","quantity":1,"parent_category":"other","parent_item":"paper"}],"objects":[{"status":"OK","on_map":true,"group":"Piece","subgroup":"","layer":"Paper Piece","full_name":"Piece \u2013 Paper Piece","olm_key":"other/paper","quantity":2,"picked_up":true}],"groups":["litter"],"has_litter":true,"has_pet_waste":false,"has_substances":false,"zone":"cottonwood_zone_C","zone_edge_m":63.2,"nbhd_edge_m":null}},{"type":"Feature","geometry":{"type":"Point","coordinates":[-122.55686950684,49.211101531982]},"properties":{"id":550734,"datetime":"2026-08-02T19:38:13.000000Z","filename":"https://olm-s3.s3.eu-west-1.amazonaws.com/2026/08/02/kXaFTPqE8PZCebi2bSWUI6DH8ExUsL0T6RxXqoi5.jpg","tags":[{"type":"standard","category":"food","item":"container","quantity":1}],"objects":[{"status":"OK","on_map":true,"group":"Household","subgroup":"","layer":"Food Container - Plastic, Paper, Foam","full_name":"Household \u2013 Food Container - Plastic, Paper, Foam","olm_key":"food/container","quantity":1,"picked_up":true}],"groups":["litter"],"has_litter":true,"has_pet_waste":false,"has_substances":false,"zone":"cottonwood_zone_C","zone_edge_m":63.2,"nbhd_edge_m":null}},{"type":"Feature","geometry":{"type":"Point","coordinates":[-122.55686950684,49.211101531982]},"properties":{"id":550733,"datetime":"2026-08-02T19:38:36.000000Z","filename":"https://olm-s3.s3.eu-west-1.amazonaws.com/2026/08/02/Rb59nfHiFh56HY6TIUJYEIXxmImmpxTSY1dPBe0w.jpg","tags":[{"type":"standard","category":"smoking","item":"butts","quantity":1}],"objects":[{"status":"OK","on_map":true,"group":"Smoking","subgroup":"","layer":"Cigarette Butts","full_name":"Smoking \u2013 Cigarette Butts","olm_key":"smoking/butts","quantity":1,"picked_up":true}],"groups":["substances"],"has_litter":false,"has_pet_waste":false,"has_substances":true,"zone":"cottonwood_zone_C","zone_edge_m":63.2,"nbhd_edge_m":null}},{"type":"Feature","geometry":{"type":"Point","coordinates":[-122.55686950684,49.211101531982]},"properties":{"id":550732,"datetime":"2026-08-02T19:38:45.000000Z","filename":"https://olm-s3.s3.eu-west-1.amazonaws.com/2026/08/02/YB9rdXwlPjx3RbgCWRLddEWgtlLQgzONdtXAYWnC.jpg","tags":[{"type":"standard","category":"sanitary","item":"wipes","quantity":3}],"objects":[{"status":"OK","on_map":true,"group":"Household","subgroup":"","layer":"Wet Wipes","full_name":"Household \u2013 Wet Wipes","olm_key":"sanitary/wipes","quantity":3,"picked_up":true}],"groups":["litter"],"has_litter":true,"has_pet_waste":false,"has_substances":false,"zone":"cottonwood_zone_C","zone_edge_m":63.2,"nbhd_edge_m":null}},{"type":"Feature","geometry":{"type":"Point","coordinates":[-122.55686950684,49.211101531982]},"properties":{"id":550731,"datetime":"2026-08-02T19:38:51.000000Z","filename":"https://olm-s3.s3.eu-west-1.amazonaws.com/2026/08/02/al2XLJZiF5nIdITdramYKwU1dpsxS54X79bzU21p.jpg","tags":[{"type":"standard","category":"other","item":"plastic","quantity":1}],"objects":[{"status":"OK","on_map":true,"group":"Piece","subgroup":"","layer":"Plastic Piece","full_name":"Piece \u2013 Plastic Piece","olm_key":"other/plastic","quantity":1,"picked_up":true}],"groups":["litter"],"has_litter":true,"has_pet_waste":false,"has_substances":false,"zone":"cottonwood_zone_C","zone_edge_m":63.2,"nbhd_edge_m":null}},{"type":"Feature","geometry":{"type":"Point","coordinates":[-122.55686950684,49.211101531982]},"properties":{"id":550730,"datetime":"2026-08-02T19:38:56.000000Z","filename":"https://olm-s3.s3.eu-west-1.amazonaws.com/2026/08/02/vJp1QTQSC38rZyo0JJVEkx7YXXAe6e2tOiuXREac.jpg","tags":[{"type":"standard","category":"other","item":"paper","quantity":1},{"type":"material","category":"material","item":"paper","quantity":1,"parent_category":"other","parent_item":"paper"}],"objects":[{"status":"OK","on_map":true,"group":"Piece","subgroup":"","layer":"Paper Piece","full_name":"Piece \u2013 Paper Piece","olm_key":"other/paper","quantity":1,"picked_up":true}],"groups":["litter"],"has_litter":true,"has_pet_waste":false,"has_substances":false,"zone":"cottonwood_zone_C","zone_edge_m":63.2,"nbhd_edge_m":null}},{"type":"Feature","geometry":{"type":"Point","coordinates":[-122.55686950684,49.211101531982]},"properties":{"id":550729,"datetime":"2026-08-02T19:39:17.000000Z","filename":"https://olm-s3.s3.eu-west-1.amazonaws.com/2026/08/02/CK1Ij5y4OX0ElrgwTOxHsSkosQwSOBATEap7Kw2Z.jpg","tags":[{"type":"standard","category":"other","item":"plastic","quantity":1},{"type":"standard","category":"smoking","item":"butts","quantity":3}],"objects":[{"status":"OK","on_map":true,"group":"Piece","subgroup":"","layer":"Plastic Piece","full_name":"Piece \u2013 Plastic Piece","olm_key":"other/plastic","quantity":1,"picked_up":true},{"status":"OK","on_map":true,"group":"Smoking","subgroup":"","layer":"Cigarette Butts","full_name":"Smoking \u2013 Cigarette Butts","olm_key":"smoking/butts","quantity":3,"picked_up":true}],"groups":["litter","substances"],"has_litter":true,"has_pet_waste":false,"has_substances":true,"zone":"cottonwood_zone_C","zone_edge_m":63.2,"nbhd_edge_m":null}},{"type":"Feature","geometry":{"type":"Point","coordinates":[-122.55693054199,49.211265563965]},"properties":{"id":550728,"datetime":"2026-08-02T19:40:53.000000Z","filename":"https://olm-s3.s3.eu-west-1.amazonaws.com/2026/08/02/HNUNEY4mWv86BuiKIKqUH7NDOE10F8I1KD5dcykc.jpg","tags":[{"type":"standard","category":"industrial","item":"other","quantity":1}],"objects":[{"status":"OK","on_map":true,"group":"Industrial","subgroup":"","layer":"Industrial Debris","full_name":"Industrial \u2013 Industrial Debris","olm_key":"industrial/other","quantity":1,"picked_up":true}],"groups":["litter"],"has_litter":true,"has_pet_waste":false,"has_substances":false,"zone":"cottonwood_zone_C","zone_edge_m":67.7,"nbhd_edge_m":null}},{"type":"Feature","geometry":{"type":"Point","coordinates":[-122.55693817139,49.211795806885]},"properties":{"id":550727,"datetime":"2026-08-02T19:41:33.000000Z","filename":"https://olm-s3.s3.eu-west-1.amazonaws.com/2026/08/02/PhBSaOJ0bq09Q5ViKfYOG8TdgEs4HmhdR6NAfWha.jpg","tags":[{"type":"standard","category":"smoking","item":"butts","quantity":2}],"objects":[{"status":"OK","on_map":true,"group":"Smoking","subgroup":"","layer":"Cigarette Butts","full_name":"Smoking \u2013 Cigarette Butts","olm_key":"smoking/butts","quantity":2,"picked_up":true}],"groups":["substances"],"has_litter":false,"has_pet_waste":false,"has_substances":true,"zone":"cottonwood_zone_C","zone_edge_m":68.2,"nbhd_edge_m":null}},{"type":"Feature","geometry":{"type":"Point","coordinates":[-122.55693817139,49.211795806885]},"properties":{"id":550726,"datetime":"2026-08-02T19:41:56.000000Z","filename":"https://olm-s3.s3.eu-west-1.amazonaws.com/2026/08/02/bJO1Jeu9D2ilGcfz32YWMPJMsQL7ZPlFHy0sSy5o.jpg","tags":[{"type":"standard","category":"coffee","item":"cup","quantity":1},{"type":"standard","category":"coffee","item":"lid","quantity":1}],"objects":[{"status":"OK","on_map":true,"group":"Convenient Food Drink","subgroup":"Drink","layer":"Poly-lined Hot Beverage Cup","full_name":"Convenient Food Drink \u2013 Drink \u2013 Poly-lined Hot Beverage Cup","olm_key":"coffee/cup","quantity":1,"picked_up":true},{"status":"OK","on_map":true,"group":"Convenient Food Drink","subgroup":"Drink","layer":"Hot Beverage Cup Lid","full_name":"Convenient Food Drink \u2013 Drink \u2013 Hot Beverage Cup Lid","olm_key":"coffee/lid","quantity":1,"picked_up":true}],"groups":["litter"],"has_litter":true,"has_pet_waste":false,"has_substances":false,"zone":"cottonwood_zone_C","zone_edge_m":68.2,"nbhd_edge_m":null}},{"type":"Feature","geometry":{"type":"Point","coordinates":[-122.55680847168,49.212020874023]},"properties":{"id":550725,"datetime":"2026-08-02T19:42:29.000000Z","filename":"https://olm-s3.s3.eu-west-1.amazonaws.com/2026/08/02/tLRUUHtkR9eYUTTwyFOfDxVpm4xRkfbVIepNYBMu.jpg","tags":[{"type":"standard","category":"other","item":"plastic","quantity":1}],"objects":[{"status":"OK","on_map":true,"group":"Piece","subgroup":"","layer":"Plastic Piece","full_name":"Piece \u2013 Plastic Piece","olm_key":"other/plastic","quantity":1,"picked_up":true}],"groups":["litter"],"has_litter":true,"has_pet_waste":false,"has_substances":false,"zone":"cottonwood_zone_C","zone_edge_m":58.8,"nbhd_edge_m":null}},{"type":"Feature","geometry":{"type":"Point","coordinates":[-122.55683898926,49.212020874023]},"properties":{"id":550724,"datetime":"2026-08-02T19:42:57.000000Z","filename":"https://olm-s3.s3.eu-west-1.amazonaws.com/2026/08/02/Q8lJI0eLa4fkBu6aDlx1ZtZx2a8vSovPy4zv0BeK.jpg","tags":[{"type":"standard","category":"other","item":"paper","quantity":1},{"type":"material","category":"material","item":"paper","quantity":1,"parent_category":"other","parent_item":"paper"}],"objects":[{"status":"OK","on_map":true,"group":"Piece","subgroup":"","layer":"Paper Piece","full_name":"Piece \u2013 Paper Piece","olm_key":"other/paper","quantity":1,"picked_up":true}],"groups":["litter"],"has_litter":true,"has_pet_waste":false,"has_substances":false,"zone":"cottonwood_zone_C","zone_edge_m":61.0,"nbhd_edge_m":null}},{"type":"Feature","geometry":{"type":"Point","coordinates":[-122.55683898926,49.212020874023]},"properties":{"id":550723,"datetime":"2026-08-02T19:43:37.000000Z","filename":"https://olm-s3.s3.eu-west-1.amazonaws.com/2026/08/02/s2RUobbKF8DtOkUn2GHHXhTaFodzdpjH6TvyBxa7.jpg","tags":[{"type":"standard","category":"smoking","item":"butts","quantity":1}],"objects":[{"status":"OK","on_map":true,"group":"Smoking","subgroup":"","layer":"Cigarette Butts","full_name":"Smoking \u2013 Cigarette Butts","olm_key":"smoking/butts","quantity":1,"picked_up":true}],"groups":["substances"],"has_litter":false,"has_pet_waste":false,"has_substances":true,"zone":"cottonwood_zone_C","zone_edge_m":61.0,"nbhd_edge_m":null}},{"type":"Feature","geometry":{"type":"Point","coordinates":[-122.55683898926,49.212020874023]},"properties":{"id":550722,"datetime":"2026-08-02T19:43:43.000000Z","filename":"https://olm-s3.s3.eu-west-1.amazonaws.com/2026/08/02/SwMXh4c8PgiQXM0I1YzmcMrR94Hr6iHlf8ajyBml.jpg","tags":[{"type":"standard","category":"food","item":"wrapper","quantity":1},{"type":"material","category":"material","item":"foil","quantity":1,"parent_category":"food","parent_item":"wrapper"},{"type":"material","category":"material","item":"plastic","quantity":1,"parent_category":"food","parent_item":"wrapper"}],"objects":[{"status":"OK","on_map":true,"group":"Convenient Food Drink","subgroup":"Snack","layer":"Foil / Plastic Film Snack Wrapper","full_name":"Convenient Food Drink \u2013 Snack \u2013 Foil / Plastic Film Snack Wrapper","olm_key":"food/wrapper","quantity":1,"picked_up":true}],"groups":["litter"],"has_litter":true,"has_pet_waste":false,"has_substances":false,"zone":"cottonwood_zone_C","zone_edge_m":61.0,"nbhd_edge_m":null}},{"type":"Feature","geometry":{"type":"Point","coordinates":[-122.55683898926,49.212020874023]},"properties":{"id":550721,"datetime":"2026-08-02T19:43:50.000000Z","filename":"https://olm-s3.s3.eu-west-1.amazonaws.com/2026/08/02/SVhvxS2YNwgRoGVgJe3NC8fQANJtlmE6Y9yThHdH.jpg","tags":[{"type":"standard","category":"sanitary","item":"wipes","quantity":3}],"objects":[{"status":"OK","on_map":true,"group":"Household","subgroup":"","layer":"Wet Wipes","full_name":"Household \u2013 Wet Wipes","olm_key":"sanitary/wipes","quantity":3,"picked_up":true}],"groups":["litter"],"has_litter":true,"has_pet_waste":false,"has_substances":false,"zone":"cottonwood_zone_C","zone_edge_m":61.0,"nbhd_edge_m":null}},{"type":"Feature","geometry":{"type":"Point","coordinates":[-122.55683898926,49.212020874023]},"properties":{"id":550720,"datetime":"2026-08-02T19:44:07.000000Z","filename":"https://olm-s3.s3.eu-west-1.amazonaws.com/2026/08/02/q6nPTJAO5dM8WDB1czHbO4SV5hZ8PULeICryZbNx.jpg","tags":[{"type":"standard","category":"smoking","item":"butts","quantity":2}],"objects":[{"status":"OK","on_map":true,"group":"Smoking","subgroup":"","layer":"Cigarette Butts","full_name":"Smoking \u2013 Cigarette Butts","olm_key":"smoking/butts","quantity":2,"picked_up":true}],"groups":["substances"],"has_litter":false,"has_pet_waste":false,"has_substances":true,"zone":"cottonwood_zone_C","zone_edge_m":61.0,"nbhd_edge_m":null}},{"type":"Feature","geometry":{"type":"Point","coordinates":[-122.55683898926,49.212020874023]},"properties":{"id":550719,"datetime":"2026-08-02T19:44:24.000000Z","filename":"https://olm-s3.s3.eu-west-1.amazonaws.com/2026/08/02/Zxn0qS8532xRdnrHKrEXaLOZYMTIvakUbRQL7pD7.jpg","tags":[{"type":"standard","category":"food","item":"wrapper","quantity":1},{"type":"material","category":"material","item":"foil","quantity":1,"parent_category":"food","parent_item":"wrapper"},{"type":"material","category":"material","item":"plastic","quantity":1,"parent_category":"food","parent_item":"wrapper"}],"objects":[{"status":"OK","on_map":true,"group":"Convenient Food Drink","subgroup":"Snack","layer":"Foil / Plastic Film Snack Wrapper","full_name":"Convenient Food Drink \u2013 Snack \u2013 Foil / Plastic Film Snack Wrapper","olm_key":"food/wrapper","quantity":1,"picked_up":true}],"groups":["litter"],"has_litter":true,"has_pet_waste":false,"has_substances":false,"zone":"cottonwood_zone_C","zone_edge_m":61.0,"nbhd_edge_m":null}},{"type":"Feature","geometry":{"type":"Point","coordinates":[-122.55683898926,49.212020874023]},"properties":{"id":550718,"datetime":"2026-08-02T19:44:37.000000Z","filename":"https://olm-s3.s3.eu-west-1.amazonaws.com/2026/08/02/8XG2ixFLlGzAUw1CBHDNJ21pvlJzes9KG03mi39A.jpg","tags":[{"type":"standard","category":"food","item":"bag","quantity":1},{"type":"material","category":"material","item":"paper","quantity":1,"parent_category":"food","parent_item":"bag"}],"objects":[{"status":"OK","on_map":true,"group":"Household","subgroup":"","layer":"Plastic (#4) or Paper Food Bag","full_name":"Household \u2013 Plastic (#4) or Paper Food Bag","olm_key":"food/bag","quantity":1,"picked_up":true}],"groups":["litter"],"has_litter":true,"has_pet_waste":false,"has_substances":false,"zone":"cottonwood_zone_C","zone_edge_m":61.0,"nbhd_edge_m":null}},{"type":"Feature","geometry":{"type":"Point","coordinates":[-122.55693054199,49.212936401367]},"properties":{"id":550717,"datetime":"2026-08-02T19:45:37.000000Z","filename":"https://olm-s3.s3.eu-west-1.amazonaws.com/2026/08/02/oE0mNg1Ete4LwgMyRK4bxDxb3XT3G5YeXQ8UYEv1.jpg","tags":[{"type":"standard","category":"food","item":"wrapper","quantity":1},{"type":"material","category":"material","item":"foil","quantity":1,"parent_category":"food","parent_item":"wrapper"},{"type":"material","category":"material","item":"plastic","quantity":1,"parent_category":"food","parent_item":"wrapper"}],"objects":[{"status":"OK","on_map":true,"group":"Convenient Food Drink","subgroup":"Snack","layer":"Foil / Plastic Film Snack Wrapper","full_name":"Convenient Food Drink \u2013 Snack \u2013 Foil / Plastic Film Snack Wrapper","olm_key":"food/wrapper","quantity":1,"picked_up":true}],"groups":["litter"],"has_litter":true,"has_pet_waste":false,"has_substances":false,"zone":"cottonwood_zone_B","zone_edge_m":35.2,"nbhd_edge_m":null}},{"type":"Feature","geometry":{"type":"Point","coordinates":[-122.55693054199,49.212936401367]},"properties":{"id":550716,"datetime":"2026-08-02T19:46:28.000000Z","filename":"https://olm-s3.s3.eu-west-1.amazonaws.com/2026/08/02/EQrevUUYyuPrzfew0vIJwuBqCYQRQpz9oqQ9W4li.jpg","tags":[{"type":"standard","category":"softdrinks","item":"straw","quantity":1},{"type":"standard","category":"softdrinks","item":"lid","quantity":1},{"type":"standard","category":"softdrinks","item":"cup","quantity":1}],"objects":[{"status":"OK","on_map":true,"group":"Convenient Food Drink","subgroup":"Drink","layer":"Paper Drink Straws","full_name":"Convenient Food Drink \u2013 Drink \u2013 Paper Drink Straws","olm_key":"softdrinks/straw","quantity":1,"picked_up":true},{"status":"OK","on_map":true,"group":"Convenient Food Drink","subgroup":"Drink","layer":"Cold Beverage Lid","full_name":"Convenient Food Drink \u2013 Drink \u2013 Cold Beverage Lid","olm_key":"softdrinks/lid","quantity":1,"picked_up":true},{"status":"OK","on_map":true,"group":"Convenient Food Drink","subgroup":"Drink","layer":"Cold Beverage Cup","full_name":"Convenient Food Drink \u2013 Drink \u2013 Cold Beverage Cup","olm_key":"softdrinks/cup","quantity":1,"picked_up":true}],"groups":["litter"],"has_litter":true,"has_pet_waste":false,"has_substances":false,"zone":"cottonwood_zone_B","zone_edge_m":35.2,"nbhd_edge_m":null}},{"type":"Feature","geometry":{"type":"Point","coordinates":[-122.55670166016,49.213813781738]},"properties":{"id":550715,"datetime":"2026-08-02T19:46:58.000000Z","filename":"https://olm-s3.s3.eu-west-1.amazonaws.com/2026/08/02/1RqJ48fDHebZQGOXmRAytiGJLP50Kns1BQaxkXfX.jpg","tags":[{"type":"standard","category":"pets","item":"dogshit_in_bag","quantity":1}],"objects":[{"status":"OK","on_map":true,"group":"Fecal","subgroup":"","layer":"Pet Waste Bagged","full_name":"Fecal \u2013 Pet Waste Bagged","olm_key":"pets/dogshit_in_bag","quantity":1,"picked_up":false}],"groups":["pet_waste"],"has_litter":false,"has_pet_waste":true,"has_substances":false,"zone":"cottonwood_zone_B","zone_edge_m":51.0,"nbhd_edge_m":null}},{"type":"Feature","geometry":{"type":"Point","coordinates":[-122.55670166016,49.213813781738]},"properties":{"id":550714,"datetime":"2026-08-02T19:47:08.000000Z","filename":"https://olm-s3.s3.eu-west-1.amazonaws.com/2026/08/02/vyav0GmijTgDH8YpMITNm61PWciThe5JJbOJX8aA.jpg","tags":[{"type":"standard","category":"pets","item":"dogshit_in_bag","quantity":1}],"objects":[{"status":"OK","on_map":true,"group":"Fecal","subgroup":"","layer":"Pet Waste Bagged","full_name":"Fecal \u2013 Pet Waste Bagged","olm_key":"pets/dogshit_in_bag","quantity":1,"picked_up":false}],"groups":["pet_waste"],"has_litter":false,"has_pet_waste":true,"has_substances":false,"zone":"cottonwood_zone_B","zone_edge_m":51.0,"nbhd_edge_m":null}},{"type":"Feature","geometry":{"type":"Point","coordinates":[-122.55670166016,49.213813781738]},"properties":{"id":550713,"datetime":"2026-08-02T19:47:47.000000Z","filename":"https://olm-s3.s3.eu-west-1.amazonaws.com/2026/08/02/nOqm5L63AttTXkPaRnFQQdOx65kND0c8XFlcKkI3.jpg","tags":[{"type":"standard","category":"softdrinks","item":"cup","quantity":1,"object_type":"smoothie"},{"type":"standard","category":"softdrinks","item":"straw","quantity":1},{"type":"standard","category":"softdrinks","item":"lid","quantity":1}],"objects":[{"status":"OK","on_map":true,"group":"Convenient Food Drink","subgroup":"Drink","layer":"Cold Beverage Cup","full_name":"Convenient Food Drink \u2013 Drink \u2013 Cold Beverage Cup","olm_key":"softdrinks/cup","quantity":1,"picked_up":true},{"status":"OK","on_map":true,"group":"Convenient Food Drink","subgroup":"Drink","layer":"Paper Drink Straws","full_name":"Convenient Food Drink \u2013 Drink \u2013 Paper Drink Straws","olm_key":"softdrinks/straw","quantity":1,"picked_up":true},{"status":"OK","on_map":true,"group":"Convenient Food Drink","subgroup":"Drink","layer":"Cold Beverage Lid","full_name":"Convenient Food Drink \u2013 Drink \u2013 Cold Beverage Lid","olm_key":"softdrinks/lid","quantity":1,"picked_up":true}],"groups":["litter"],"has_litter":true,"has_pet_waste":false,"has_substances":false,"zone":"cottonwood_zone_B","zone_edge_m":51.0,"nbhd_edge_m":null}},{"type":"Feature","geometry":{"type":"Point","coordinates":[-122.55670166016,49.213813781738]},"properties":{"id":550712,"datetime":"2026-08-02T19:48:39.000000Z","filename":"https://olm-s3.s3.eu-west-1.amazonaws.com/2026/08/02/6ZiOUlwqQOFy3MQiu0rjrG1o79O9jpz0tfMeOWHO.jpg","tags":[{"type":"standard","category":"other","item":"paper","quantity":1},{"type":"material","category":"material","item":"paper","quantity":1,"parent_category":"other","parent_item":"paper"}],"objects":[{"status":"OK","on_map":true,"group":"Piece","subgroup":"","layer":"Paper Piece","full_name":"Piece \u2013 Paper Piece","olm_key":"other/paper","quantity":1,"picked_up":true}],"groups":["litter"],"has_litter":true,"has_pet_waste":false,"has_substances":false,"zone":"cottonwood_zone_B","zone_edge_m":51.0,"nbhd_edge_m":null}},{"type":"Feature","geometry":{"type":"Point","coordinates":[-122.55670166016,49.213813781738]},"properties":{"id":550711,"datetime":"2026-08-02T19:48:47.000000Z","filename":"https://olm-s3.s3.eu-west-1.amazonaws.com/2026/08/02/vg3WWssPsTxyER8RHJqSHQIBJ6rDN5xVkI3ZT82A.jpg","tags":[{"type":"standard","category":"other","item":"paper","quantity":1},{"type":"material","category":"material","item":"paper","quantity":1,"parent_category":"other","parent_item":"paper"}],"objects":[{"status":"OK","on_map":true,"group":"Piece","subgroup":"","layer":"Paper Piece","full_name":"Piece \u2013 Paper Piece","olm_key":"other/paper","quantity":1,"picked_up":true}],"groups":["litter"],"has_litter":true,"has_pet_waste":false,"has_substances":false,"zone":"cottonwood_zone_B","zone_edge_m":51.0,"nbhd_edge_m":null}},{"type":"Feature","geometry":{"type":"Point","coordinates":[-122.55670166016,49.213813781738]},"properties":{"id":550710,"datetime":"2026-08-02T19:49:00.000000Z","filename":"https://olm-s3.s3.eu-west-1.amazonaws.com/2026/08/02/BZM4HYETSaDqgON31jNTTNmzXXtDGRzGEW0oxliR.jpg","tags":[{"type":"standard","category":"smoking","item":"butts","quantity":1}],"objects":[{"status":"OK","on_map":true,"group":"Smoking","subgroup":"","layer":"Cigarette Butts","full_name":"Smoking \u2013 Cigarette Butts","olm_key":"smoking/butts","quantity":1,"picked_up":true}],"groups":["substances"],"has_litter":false,"has_pet_waste":false,"has_substances":true,"zone":"cottonwood_zone_B","zone_edge_m":51.0,"nbhd_edge_m":null}},{"type":"Feature","geometry":{"type":"Point","coordinates":[-122.55670166016,49.213813781738]},"properties":{"id":550709,"datetime":"2026-08-02T19:49:17.000000Z","filename":"https://olm-s3.s3.eu-west-1.amazonaws.com/2026/08/02/kGSTFjuM5HehK1DI2zbC538tyEOZuhbJqyKxnX5J.jpg","tags":[{"type":"standard","category":"smoking","item":"butts","quantity":1}],"objects":[{"status":"OK","on_map":true,"group":"Smoking","subgroup":"","layer":"Cigarette Butts","full_name":"Smoking \u2013 Cigarette Butts","olm_key":"smoking/butts","quantity":1,"picked_up":true}],"groups":["substances"],"has_litter":false,"has_pet_waste":false,"has_substances":true,"zone":"cottonwood_zone_B","zone_edge_m":51.0,"nbhd_edge_m":null}},{"type":"Feature","geometry":{"type":"Point","coordinates":[-122.55670166016,49.213813781738]},"properties":{"id":550708,"datetime":"2026-08-02T19:49:34.000000Z","filename":"https://olm-s3.s3.eu-west-1.amazonaws.com/2026/08/02/CEBbJe5MomGO1pRtRCoHyGq2z62vu7RtyDkGuTyH.jpg","tags":[{"type":"standard","category":"smoking","item":"butts","quantity":5}],"objects":[{"status":"OK","on_map":true,"group":"Smoking","subgroup":"","layer":"Cigarette Butts","full_name":"Smoking \u2013 Cigarette Butts","olm_key":"smoking/butts","quantity":5,"picked_up":true}],"groups":["substances"],"has_litter":false,"has_pet_waste":false,"has_substances":true,"zone":"cottonwood_zone_B","zone_edge_m":51.0,"nbhd_edge_m":null}},{"type":"Feature","geometry":{"type":"Point","coordinates":[-122.55670166016,49.213813781738]},"properties":{"id":550707,"datetime":"2026-08-02T19:50:01.000000Z","filename":"https://olm-s3.s3.eu-west-1.amazonaws.com/2026/08/02/vRQW7Jy67XOfofxjLQqYxcQbJ4oH4Qpf0MIPX0yb.jpg","tags":[{"type":"standard","category":"food","item":"packaging","quantity":1},{"type":"material","category":"material","item":"paper","quantity":1,"parent_category":"food","parent_item":"packaging"}],"objects":[{"status":"OK","on_map":true,"group":"Convenient Food Drink","subgroup":"Take-out","layer":"Food Packaging","full_name":"Convenient Food Drink \u2013 Take-out \u2013 Food Packaging","olm_key":"food/packaging","quantity":1,"picked_up":true}],"groups":["litter"],"has_litter":true,"has_pet_waste":false,"has_substances":false,"zone":"cottonwood_zone_B","zone_edge_m":51.0,"nbhd_edge_m":null}},{"type":"Feature","geometry":{"type":"Point","coordinates":[-122.55699920654,49.214702606201]},"properties":{"id":550706,"datetime":"2026-08-02T19:50:23.000000Z","filename":"https://olm-s3.s3.eu-west-1.amazonaws.com/2026/08/02/QnmWFMCGzftt1dPG47yoevLSZQUrFi6MC310iGjg.jpg","tags":[{"type":"standard","category":"softdrinks","item":"straw","quantity":1},{"type":"standard","category":"softdrinks","item":"straw_wrapper","quantity":1}],"objects":[{"status":"OK","on_map":true,"group":"Convenient Food Drink","subgroup":"Drink","layer":"Paper Drink Straws","full_name":"Convenient Food Drink \u2013 Drink \u2013 Paper Drink Straws","olm_key":"softdrinks/straw","quantity":1,"picked_up":true},{"status":"OK","on_map":true,"group":"Convenient Food Drink","subgroup":"Drink","layer":"Drink Straw Wrapper","full_name":"Convenient Food Drink \u2013 Drink \u2013 Drink Straw Wrapper","olm_key":"softdrinks/straw_wrapper","quantity":1,"picked_up":true}],"groups":["litter"],"has_litter":true,"has_pet_waste":false,"has_substances":false,"zone":"cottonwood_zone_B","zone_edge_m":72.7,"nbhd_edge_m":null}},{"type":"Feature","geometry":{"type":"Point","coordinates":[-122.55699920654,49.214702606201]},"properties":{"id":550705,"datetime":"2026-08-02T19:50:46.000000Z","filename":"https://olm-s3.s3.eu-west-1.amazonaws.com/2026/08/02/pbBKcIupxlB2fjdLH8kw4VsNhpAgGr7QT6Aq8TbF.jpg","tags":[{"type":"standard","category":"softdrinks","item":"cup","quantity":1,"object_type":"smoothie"}],"objects":[{"status":"OK","on_map":true,"group":"Convenient Food Drink","subgroup":"Drink","layer":"Cold Beverage Cup","full_name":"Convenient Food Drink \u2013 Drink \u2013 Cold Beverage Cup","olm_key":"softdrinks/cup","quantity":1,"picked_up":true}],"groups":["litter"],"has_litter":true,"has_pet_waste":false,"has_substances":false,"zone":"cottonwood_zone_B","zone_edge_m":72.7,"nbhd_edge_m":null}},{"type":"Feature","geometry":{"type":"Point","coordinates":[-122.55699920654,49.214702606201]},"properties":{"id":550704,"datetime":"2026-08-02T19:51:00.000000Z","filename":"https://olm-s3.s3.eu-west-1.amazonaws.com/2026/08/02/ojFAdmYmsiLQ8cxcWhdWNjHRY6azfQE1O3E3vGo1.jpg","tags":[{"type":"standard","category":"pets","item":"dogshit_in_bag","quantity":1}],"objects":[{"status":"OK","on_map":true,"group":"Fecal","subgroup":"","layer":"Pet Waste Bagged","full_name":"Fecal \u2013 Pet Waste Bagged","olm_key":"pets/dogshit_in_bag","quantity":1,"picked_up":false}],"groups":["pet_waste"],"has_litter":false,"has_pet_waste":true,"has_substances":false,"zone":"cottonwood_zone_B","zone_edge_m":72.7,"nbhd_edge_m":null}},{"type":"Feature","geometry":{"type":"Point","coordinates":[-122.55699920654,49.214702606201]},"properties":{"id":550703,"datetime":"2026-08-02T19:51:22.000000Z","filename":"https://olm-s3.s3.eu-west-1.amazonaws.com/2026/08/02/gIDPUrtzDTimaTMI2DmXJDpJPAuJNtCTBKkcaEeW.jpg","tags":[{"type":"standard","category":"smoking","item":"butts","quantity":3}],"objects":[{"status":"OK","on_map":true,"group":"Smoking","subgroup":"","layer":"Cigarette Butts","full_name":"Smoking \u2013 Cigarette Butts","olm_key":"smoking/butts","quantity":3,"picked_up":true}],"groups":["substances"],"has_litter":false,"has_pet_waste":false,"has_substances":true,"zone":"cottonwood_zone_B","zone_edge_m":72.7,"nbhd_edge_m":null}},{"type":"Feature","geometry":{"type":"Point","coordinates":[-122.55699920654,49.214702606201]},"properties":{"id":550702,"datetime":"2026-08-02T19:52:21.000000Z","filename":"https://olm-s3.s3.eu-west-1.amazonaws.com/2026/08/02/FXAInfQ9B25yxvX2NQlijFxe9inXASrbKBMnPXJQ.jpg","tags":[{"type":"standard","category":"other","item":"paper","quantity":1},{"type":"material","category":"material","item":"paper","quantity":1,"parent_category":"other","parent_item":"paper"},{"type":"standard","category":"other","item":"plastic","quantity":1},{"type":"standard","category":"softdrinks","item":"lid","quantity":1}],"objects":[{"status":"OK","on_map":true,"group":"Piece","subgroup":"","layer":"Paper Piece","full_name":"Piece \u2013 Paper Piece","olm_key":"other/paper","quantity":1,"picked_up":true},{"status":"OK","on_map":true,"group":"Piece","subgroup":"","layer":"Plastic Piece","full_name":"Piece \u2013 Plastic Piece","olm_key":"other/plastic","quantity":1,"picked_up":true},{"status":"OK","on_map":true,"group":"Convenient Food Drink","subgroup":"Drink","layer":"Cold Beverage Lid","full_name":"Convenient Food Drink \u2013 Drink \u2013 Cold Beverage Lid","olm_key":"softdrinks/lid","quantity":1,"picked_up":true}],"groups":["litter"],"has_litter":true,"has_pet_waste":false,"has_substances":false,"zone":"cottonwood_zone_B","zone_edge_m":72.7,"nbhd_edge_m":null}},{"type":"Feature","geometry":{"type":"Point","coordinates":[-122.55699920654,49.214702606201]},"properties":{"id":550701,"datetime":"2026-08-02T19:52:39.000000Z","filename":"https://olm-s3.s3.eu-west-1.amazonaws.com/2026/08/02/l5jopb6mYiA79WN24qIqwGHTbD6O5MG9UdjLZlEM.jpg","tags":[{"type":"standard","category":"food","item":"wrapper","quantity":1},{"type":"material","category":"material","item":"foil","quantity":1,"parent_category":"food","parent_item":"wrapper"},{"type":"material","category":"material","item":"plastic","quantity":1,"parent_category":"food","parent_item":"wrapper"}],"objects":[{"status":"OK","on_map":true,"group":"Convenient Food Drink","subgroup":"Snack","layer":"Foil / Plastic Film Snack Wrapper","full_name":"Convenient Food Drink \u2013 Snack \u2013 Foil / Plastic Film Snack Wrapper","olm_key":"food/wrapper","quantity":1,"picked_up":true}],"groups":["litter"],"has_litter":true,"has_pet_waste":false,"has_substances":false,"zone":"cottonwood_zone_B","zone_edge_m":72.7,"nbhd_edge_m":null}},{"type":"Feature","geometry":{"type":"Point","coordinates":[-122.55699920654,49.214702606201]},"properties":{"id":550700,"datetime":"2026-08-02T19:53:06.000000Z","filename":"https://olm-s3.s3.eu-west-1.amazonaws.com/2026/08/02/rwZSWF2TyHzZCguIG2pi4Bqe7orOrdeaEo50eyN0.jpg","tags":[{"type":"standard","category":"other","item":"paper","quantity":2},{"type":"material","category":"material","item":"paper","quantity":1,"parent_category":"other","parent_item":"paper"},{"type":"standard","category":"smoking","item":"butts","quantity":1},{"type":"standard","category":"softdrinks","item":"lid","quantity":1}],"objects":[{"status":"OK","on_map":true,"group":"Piece","subgroup":"","layer":"Paper Piece","full_name":"Piece \u2013 Paper Piece","olm_key":"other/paper","quantity":2,"picked_up":true},{"status":"OK","on_map":true,"group":"Smoking","subgroup":"","layer":"Cigarette Butts","full_name":"Smoking \u2013 Cigarette Butts","olm_key":"smoking/butts","quantity":1,"picked_up":true},{"status":"OK","on_map":true,"group":"Convenient Food Drink","subgroup":"Drink","layer":"Cold Beverage Lid","full_name":"Convenient Food Drink \u2013 Drink \u2013 Cold Beverage Lid","olm_key":"softdrinks/lid","quantity":1,"picked_up":true}],"groups":["litter","substances"],"has_litter":true,"has_pet_waste":false,"has_substances":true,"zone":"cottonwood_zone_B","zone_edge_m":72.7,"nbhd_edge_m":null}},{"type":"Feature","geometry":{"type":"Point","coordinates":[-122.55699920654,49.214702606201]},"properties":{"id":550699,"datetime":"2026-08-02T19:53:22.000000Z","filename":"https://olm-s3.s3.eu-west-1.amazonaws.com/2026/08/02/zjx2zPiO41yZiZpNJBDZIbyuGomJnvXBVl8wyZYQ.jpg","tags":[{"type":"standard","category":"other","item":"paper","quantity":2},{"type":"material","category":"material","item":"paper","quantity":1,"parent_category":"other","parent_item":"paper"}],"objects":[{"status":"OK","on_map":true,"group":"Piece","subgroup":"","layer":"Paper Piece","full_name":"Piece \u2013 Paper Piece","olm_key":"other/paper","quantity":2,"picked_up":true}],"groups":["litter"],"has_litter":true,"has_pet_waste":false,"has_substances":false,"zone":"cottonwood_zone_B","zone_edge_m":72.7,"nbhd_edge_m":null}},{"type":"Feature","geometry":{"type":"Point","coordinates":[-122.55699920654,49.214702606201]},"properties":{"id":550698,"datetime":"2026-08-02T19:53:48.000000Z","filename":"https://olm-s3.s3.eu-west-1.amazonaws.com/2026/08/02/ypsBk6OE3p5EUggRJGDHkXqyFNWcYufKuPm06QeO.jpg","tags":[{"type":"standard","category":"other","item":"plastic","quantity":1}],"objects":[{"status":"OK","on_map":true,"group":"Piece","subgroup":"","layer":"Plastic Piece","full_name":"Piece \u2013 Plastic Piece","olm_key":"other/plastic","quantity":1,"picked_up":true}],"groups":["litter"],"has_litter":true,"has_pet_waste":false,"has_substances":false,"zone":"cottonwood_zone_B","zone_edge_m":72.7,"nbhd_edge_m":null}},{"type":"Feature","geometry":{"type":"Point","coordinates":[-122.55699920654,49.214702606201]},"properties":{"id":550697,"datetime":"2026-08-02T19:54:11.000000Z","filename":"https://olm-s3.s3.eu-west-1.amazonaws.com/2026/08/02/5y0jxUGEBrUQSlxRswyAleh0jgmsEQv9JG8rjicM.jpg","tags":[{"type":"standard","category":"smoking","item":"butts","quantity":2}],"objects":[{"status":"OK","on_map":true,"group":"Smoking","subgroup":"","layer":"Cigarette Butts","full_name":"Smoking \u2013 Cigarette Butts","olm_key":"smoking/butts","quantity":2,"picked_up":true}],"groups":["substances"],"has_litter":false,"has_pet_waste":false,"has_substances":true,"zone":"cottonwood_zone_B","zone_edge_m":72.7,"nbhd_edge_m":null}},{"type":"Feature","geometry":{"type":"Point","coordinates":[-122.55683898926,49.216793060303]},"properties":{"id":550696,"datetime":"2026-08-02T19:54:43.000000Z","filename":"https://olm-s3.s3.eu-west-1.amazonaws.com/2026/08/02/EQ91VglE0BhyTSTdnZuwkLJt60hkS0Bn3D8TlXbm.jpg","tags":[{"type":"standard","category":"industrial","item":"other","quantity":1}],"objects":[{"status":"OK","on_map":true,"group":"Industrial","subgroup":"","layer":"Industrial Debris","full_name":"Industrial \u2013 Industrial Debris","olm_key":"industrial/other","quantity":1,"picked_up":true}],"groups":["litter"],"has_litter":true,"has_pet_waste":false,"has_substances":false,"zone":"cottonwood_zone_B","zone_edge_m":35.3,"nbhd_edge_m":null}},{"type":"Feature","geometry":{"type":"Point","coordinates":[-122.55683135986,49.216781616211]},"properties":{"id":550695,"datetime":"2026-08-02T19:54:51.000000Z","filename":"https://olm-s3.s3.eu-west-1.amazonaws.com/2026/08/02/jAQc8JpFGd9Ax5pZdTuQMwSDKLFRRgGej4Ph5uek.jpg","tags":[{"type":"standard","category":"smoking","item":"butts","quantity":1}],"objects":[{"status":"OK","on_map":true,"group":"Smoking","subgroup":"","layer":"Cigarette Butts","full_name":"Smoking \u2013 Cigarette Butts","olm_key":"smoking/butts","quantity":1,"picked_up":true}],"groups":["substances"],"has_litter":false,"has_pet_waste":false,"has_substances":true,"zone":"cottonwood_zone_B","zone_edge_m":36.6,"nbhd_edge_m":null}},{"type":"Feature","geometry":{"type":"Point","coordinates":[-122.55684661865,49.216892242432]},"properties":{"id":550694,"datetime":"2026-08-02T19:55:12.000000Z","filename":"https://olm-s3.s3.eu-west-1.amazonaws.com/2026/08/02/ETKWk7mcMZJREumCmBKdrT3mrBQNNGKCYXKxwVtV.jpg","tags":[{"type":"standard","category":"other","item":"paper","quantity":1},{"type":"material","category":"material","item":"paper","quantity":1,"parent_category":"other","parent_item":"paper"}],"objects":[{"status":"OK","on_map":true,"group":"Piece","subgroup":"","layer":"Paper Piece","full_name":"Piece \u2013 Paper Piece","olm_key":"other/paper","quantity":1,"picked_up":true}],"groups":["litter"],"has_litter":true,"has_pet_waste":false,"has_substances":false,"zone":"cottonwood_zone_B","zone_edge_m":24.2,"nbhd_edge_m":null}},{"type":"Feature","geometry":{"type":"Point","coordinates":[-122.55684661865,49.216892242432]},"properties":{"id":550693,"datetime":"2026-08-02T19:55:28.000000Z","filename":"https://olm-s3.s3.eu-west-1.amazonaws.com/2026/08/02/oIx73zTOtDHYyvxJDw6e1TsdzC8RgsC2CntgkSWl.jpg","tags":[{"type":"standard","category":"other","item":"plastic","quantity":1}],"objects":[{"status":"OK","on_map":true,"group":"Piece","subgroup":"","layer":"Plastic Piece","full_name":"Piece \u2013 Plastic Piece","olm_key":"other/plastic","quantity":1,"picked_up":true}],"groups":["litter"],"has_litter":true,"has_pet_waste":false,"has_substances":false,"zone":"cottonwood_zone_B","zone_edge_m":24.2,"nbhd_edge_m":null}},{"type":"Feature","geometry":{"type":"Point","coordinates":[-122.55684661865,49.216892242432]},"properties":{"id":550692,"datetime":"2026-08-02T19:55:44.000000Z","filename":"https://olm-s3.s3.eu-west-1.amazonaws.com/2026/08/02/oYeXAzzubVxT61wxfAreLl9LAA2ZANtXyAKoA6un.jpg","tags":[{"type":"standard","category":"other","item":"paper","quantity":1},{"type":"material","category":"material","item":"paper","quantity":1,"parent_category":"other","parent_item":"paper"}],"objects":[{"status":"OK","on_map":true,"group":"Piece","subgroup":"","layer":"Paper Piece","full_name":"Piece \u2013 Paper Piece","olm_key":"other/paper","quantity":1,"picked_up":true}],"groups":["litter"],"has_litter":true,"has_pet_waste":false,"has_substances":false,"zone":"cottonwood_zone_B","zone_edge_m":24.2,"nbhd_edge_m":null}},{"type":"Feature","geometry":{"type":"Point","coordinates":[-122.55684661865,49.216892242432]},"properties":{"id":550691,"datetime":"2026-08-02T19:55:50.000000Z","filename":"https://olm-s3.s3.eu-west-1.amazonaws.com/2026/08/02/MZZ1iY0E889Ifv9QsPBQ9v2jfMfRljMVOl6g3A4g.jpg","tags":[{"type":"standard","category":"smoking","item":"butts","quantity":3}],"objects":[{"status":"OK","on_map":true,"group":"Smoking","subgroup":"","layer":"Cigarette Butts","full_name":"Smoking \u2013 Cigarette Butts","olm_key":"smoking/butts","quantity":3,"picked_up":true}],"groups":["substances"],"has_litter":false,"has_pet_waste":false,"has_substances":true,"zone":"cottonwood_zone_B","zone_edge_m":24.2,"nbhd_edge_m":null}},{"type":"Feature","geometry":{"type":"Point","coordinates":[-122.55684661865,49.216892242432]},"properties":{"id":550690,"datetime":"2026-08-02T19:56:16.000000Z","filename":"https://olm-s3.s3.eu-west-1.amazonaws.com/2026/08/02/ergrTRiCgXHRBHJi5U55fqJEsIN2BiuPzqk41Dy1.jpg","tags":[{"type":"standard","category":"other","item":"paper","quantity":1},{"type":"material","category":"material","item":"paper","quantity":1,"parent_category":"other","parent_item":"paper"},{"type":"standard","category":"smoking","item":"butts","quantity":1}],"objects":[{"status":"OK","on_map":true,"group":"Piece","subgroup":"","layer":"Paper Piece","full_name":"Piece \u2013 Paper Piece","olm_key":"other/paper","quantity":1,"picked_up":true},{"status":"OK","on_map":true,"group":"Smoking","subgroup":"","layer":"Cigarette Butts","full_name":"Smoking \u2013 Cigarette Butts","olm_key":"smoking/butts","quantity":1,"picked_up":true}],"groups":["litter","substances"],"has_litter":true,"has_pet_waste":false,"has_substances":true,"zone":"cottonwood_zone_B","zone_edge_m":24.2,"nbhd_edge_m":null}},{"type":"Feature","geometry":{"type":"Point","coordinates":[-122.55684661865,49.216892242432]},"properties":{"id":550689,"datetime":"2026-08-02T19:56:30.000000Z","filename":"https://olm-s3.s3.eu-west-1.amazonaws.com/2026/08/02/KLKjTffWmFK8tMi9OnM3RYXJU59Sp8PbbtioBTK6.jpg","tags":[{"type":"standard","category":"smoking","item":"butts","quantity":2}],"objects":[{"status":"OK","on_map":true,"group":"Smoking","subgroup":"","layer":"Cigarette Butts","full_name":"Smoking \u2013 Cigarette Butts","olm_key":"smoking/butts","quantity":2,"picked_up":true}],"groups":["substances"],"has_litter":false,"has_pet_waste":false,"has_substances":true,"zone":"cottonwood_zone_B","zone_edge_m":24.2,"nbhd_edge_m":null}},{"type":"Feature","geometry":{"type":"Point","coordinates":[-122.55684661865,49.216892242432]},"properties":{"id":550688,"datetime":"2026-08-02T19:56:45.000000Z","filename":"https://olm-s3.s3.eu-west-1.amazonaws.com/2026/08/02/0Vi4Nb7rLORxjPoyZwiL7G0fXLyozkEylz1OXzfH.jpg","tags":[{"type":"standard","category":"food","item":"wrapper","quantity":1},{"type":"material","category":"material","item":"foil","quantity":1,"parent_category":"food","parent_item":"wrapper"},{"type":"material","category":"material","item":"plastic","quantity":1,"parent_category":"food","parent_item":"wrapper"}],"objects":[{"status":"OK","on_map":true,"group":"Convenient Food Drink","subgroup":"Snack","layer":"Foil / Plastic Film Snack Wrapper","full_name":"Convenient Food Drink \u2013 Snack \u2013 Foil / Plastic Film Snack Wrapper","olm_key":"food/wrapper","quantity":1,"picked_up":true}],"groups":["litter"],"has_litter":true,"has_pet_waste":false,"has_substances":false,"zone":"cottonwood_zone_B","zone_edge_m":24.2,"nbhd_edge_m":null}},{"type":"Feature","geometry":{"type":"Point","coordinates":[-122.55684661865,49.216892242432]},"properties":{"id":550686,"datetime":"2026-08-02T19:58:21.000000Z","filename":"https://olm-s3.s3.eu-west-1.amazonaws.com/2026/08/02/BRtJBYx0FX8qk4dpPyOYwZVrXLJJsFMnNAlbURL9.jpg","tags":[{"type":"standard","category":"other","item":"paper","quantity":1},{"type":"material","category":"material","item":"paper","quantity":1,"parent_category":"other","parent_item":"paper"}],"objects":[{"status":"OK","on_map":true,"group":"Piece","subgroup":"","layer":"Paper Piece","full_name":"Piece \u2013 Paper Piece","olm_key":"other/paper","quantity":1,"picked_up":true}],"groups":["litter"],"has_litter":true,"has_pet_waste":false,"has_substances":false,"zone":"cottonwood_zone_B","zone_edge_m":24.2,"nbhd_edge_m":null}},{"type":"Feature","geometry":{"type":"Point","coordinates":[-122.55684661865,49.216892242432]},"properties":{"id":550685,"datetime":"2026-08-02T19:58:36.000000Z","filename":"https://olm-s3.s3.eu-west-1.amazonaws.com/2026/08/02/3uWWWfcezVbpY7JeBVXQYHLsLnXZWcPXk2u5zTOB.jpg","tags":[{"type":"standard","category":"food","item":"wrapper","quantity":1},{"type":"material","category":"material","item":"foil","quantity":1,"parent_category":"food","parent_item":"wrapper"},{"type":"material","category":"material","item":"plastic","quantity":1,"parent_category":"food","parent_item":"wrapper"},{"type":"standard","category":"other","item":"paper","quantity":1},{"type":"material","category":"material","item":"paper","quantity":1,"parent_category":"other","parent_item":"paper"}],"objects":[{"status":"OK","on_map":true,"group":"Convenient Food Drink","subgroup":"Snack","layer":"Foil / Plastic Film Snack Wrapper","full_name":"Convenient Food Drink \u2013 Snack \u2013 Foil / Plastic Film Snack Wrapper","olm_key":"food/wrapper","quantity":1,"picked_up":true},{"status":"OK","on_map":true,"group":"Piece","subgroup":"","layer":"Paper Piece","full_name":"Piece \u2013 Paper Piece","olm_key":"other/paper","quantity":1,"picked_up":true}],"groups":["litter"],"has_litter":true,"has_pet_waste":false,"has_substances":false,"zone":"cottonwood_zone_B","zone_edge_m":24.2,"nbhd_edge_m":null}},{"type":"Feature","geometry":{"type":"Point","coordinates":[-122.55728912354,49.217670440674]},"properties":{"id":550683,"datetime":"2026-08-02T19:59:14.000000Z","filename":"https://olm-s3.s3.eu-west-1.amazonaws.com/2026/08/02/gKliOV9PPDVO25fvlTTlweMDZMf1wWhnX2CcKX16.jpg","tags":[{"type":"standard","category":"food","item":"wrapper","quantity":2},{"type":"material","category":"material","item":"foil","quantity":1,"parent_category":"food","parent_item":"wrapper"},{"type":"material","category":"material","item":"plastic","quantity":1,"parent_category":"food","parent_item":"wrapper"},{"type":"standard","category":"other","item":"plastic","quantity":1},{"type":"standard","category":"softdrinks","item":"straw_wrapper","quantity":1}],"objects":[{"status":"OK","on_map":true,"group":"Convenient Food Drink","subgroup":"Snack","layer":"Foil / Plastic Film Snack Wrapper","full_name":"Convenient Food Drink \u2013 Snack \u2013 Foil / Plastic Film Snack Wrapper","olm_key":"food/wrapper","quantity":2,"picked_up":true},{"status":"OK","on_map":true,"group":"Piece","subgroup":"","layer":"Plastic Piece","full_name":"Piece \u2013 Plastic Piece","olm_key":"other/plastic","quantity":1,"picked_up":true},{"status":"OK","on_map":true,"group":"Convenient Food Drink","subgroup":"Drink","layer":"Drink Straw Wrapper","full_name":"Convenient Food Drink \u2013 Drink \u2013 Drink Straw Wrapper","olm_key":"softdrinks/straw_wrapper","quantity":1,"picked_up":true}],"groups":["litter"],"has_litter":true,"has_pet_waste":false,"has_substances":false,"zone":"cottonwood_zone_A","zone_edge_m":62.4,"nbhd_edge_m":null}},{"type":"Feature","geometry":{"type":"Point","coordinates":[-122.55683135986,49.217803955078]},"properties":{"id":550682,"datetime":"2026-08-02T19:59:48.000000Z","filename":"https://olm-s3.s3.eu-west-1.amazonaws.com/2026/08/02/JOgznlXw5f5usecBhbCm04SfoY1YdUQRE6ycPxeR.jpg","tags":[{"type":"standard","category":"smoking","item":"packaging","quantity":1},{"type":"custom_tag","category":"custom_tag","item":"THC","quantity":1,"parent_category":"smoking","parent_item":"packaging"}],"objects":[{"status":"OK","on_map":true,"group":"Smoking","subgroup":"","layer":"Cannabis Packaging","full_name":"Smoking \u2013 Cannabis Packaging","olm_key":"smoking/packaging","quantity":1,"picked_up":true}],"groups":["substances"],"has_litter":false,"has_pet_waste":false,"has_substances":true,"zone":"cottonwood_zone_A","zone_edge_m":60.5,"nbhd_edge_m":null}},{"type":"Feature","geometry":{"type":"Point","coordinates":[-122.55683135986,49.217803955078]},"properties":{"id":550681,"datetime":"2026-08-02T20:00:12.000000Z","filename":"https://olm-s3.s3.eu-west-1.amazonaws.com/2026/08/02/5Roq6lfBl2cNQEVt8PGsj0uAaNcnF4wpNIFMJDc6.jpg","tags":[{"type":"standard","category":"softdrinks","item":"cup","quantity":1,"object_type":"smoothie"}],"objects":[{"status":"OK","on_map":true,"group":"Convenient Food Drink","subgroup":"Drink","layer":"Cold Beverage Cup","full_name":"Convenient Food Drink \u2013 Drink \u2013 Cold Beverage Cup","olm_key":"softdrinks/cup","quantity":1,"picked_up":true}],"groups":["litter"],"has_litter":true,"has_pet_waste":false,"has_substances":false,"zone":"cottonwood_zone_A","zone_edge_m":60.5,"nbhd_edge_m":null}},{"type":"Feature","geometry":{"type":"Point","coordinates":[-122.55683135986,49.217803955078]},"properties":{"id":550680,"datetime":"2026-08-02T20:00:25.000000Z","filename":"https://olm-s3.s3.eu-west-1.amazonaws.com/2026/08/02/Yo6XhpNhOyZeOs4ZTXTJT0vSErv1AciMwSxP7UTY.jpg","tags":[{"type":"standard","category":"smoking","item":"butts","quantity":1}],"objects":[{"status":"OK","on_map":true,"group":"Smoking","subgroup":"","layer":"Cigarette Butts","full_name":"Smoking \u2013 Cigarette Butts","olm_key":"smoking/butts","quantity":1,"picked_up":true}],"groups":["substances"],"has_litter":false,"has_pet_waste":false,"has_substances":true,"zone":"cottonwood_zone_A","zone_edge_m":60.5,"nbhd_edge_m":null}},{"type":"Feature","geometry":{"type":"Point","coordinates":[-122.55683135986,49.217803955078]},"properties":{"id":550679,"datetime":"2026-08-02T20:00:57.000000Z","filename":"https://olm-s3.s3.eu-west-1.amazonaws.com/2026/08/02/wuQ4OP7PEYxULoLLL6hAQRvqZiWLGPonnqpxMZsF.jpg","tags":[{"type":"standard","category":"other","item":"paper","quantity":1},{"type":"material","category":"material","item":"paper","quantity":1,"parent_category":"other","parent_item":"paper"}],"objects":[{"status":"OK","on_map":true,"group":"Piece","subgroup":"","layer":"Paper Piece","full_name":"Piece \u2013 Paper Piece","olm_key":"other/paper","quantity":1,"picked_up":true}],"groups":["litter"],"has_litter":true,"has_pet_waste":false,"has_substances":false,"zone":"cottonwood_zone_A","zone_edge_m":60.5,"nbhd_edge_m":null}},{"type":"Feature","geometry":{"type":"Point","coordinates":[-122.55702209473,49.218143463135]},"properties":{"id":550678,"datetime":"2026-08-02T20:01:14.000000Z","filename":"https://olm-s3.s3.eu-west-1.amazonaws.com/2026/08/02/d6wA7nfXNrhbw2to2g53sqI6heoXJjIeLyDgksWC.jpg","tags":[{"type":"standard","category":"other","item":"paper","quantity":1},{"type":"material","category":"material","item":"paper","quantity":1,"parent_category":"other","parent_item":"paper"},{"type":"standard","category":"softdrinks","item":"straw_wrapper","quantity":1}],"objects":[{"status":"OK","on_map":true,"group":"Piece","subgroup":"","layer":"Paper Piece","full_name":"Piece \u2013 Paper Piece","olm_key":"other/paper","quantity":1,"picked_up":true},{"status":"OK","on_map":true,"group":"Convenient Food Drink","subgroup":"Drink","layer":"Drink Straw Wrapper","full_name":"Convenient Food Drink \u2013 Drink \u2013 Drink Straw Wrapper","olm_key":"softdrinks/straw_wrapper","quantity":1,"picked_up":true}],"groups":["litter"],"has_litter":true,"has_pet_waste":false,"has_substances":false,"zone":"cottonwood_zone_A","zone_edge_m":74.3,"nbhd_edge_m":null}},{"type":"Feature","geometry":{"type":"Point","coordinates":[-122.55702209473,49.218143463135]},"properties":{"id":550677,"datetime":"2026-08-02T20:01:27.000000Z","filename":"https://olm-s3.s3.eu-west-1.amazonaws.com/2026/08/02/G9leOjYAwUYwYvtxlvhmzQ9TUNf8xqxEQXoVHca9.jpg","tags":[{"type":"standard","category":"industrial","item":"tape","quantity":1}],"objects":[{"status":"OK","on_map":true,"group":"Industrial","subgroup":"","layer":"Flagging Tape","full_name":"Industrial \u2013 Flagging Tape","olm_key":"industrial/tape","quantity":1,"picked_up":true}],"groups":["litter"],"has_litter":true,"has_pet_waste":false,"has_substances":false,"zone":"cottonwood_zone_A","zone_edge_m":74.3,"nbhd_edge_m":null}},{"type":"Feature","geometry":{"type":"Point","coordinates":[-122.55702209473,49.218143463135]},"properties":{"id":550676,"datetime":"2026-08-02T20:01:57.000000Z","filename":"https://olm-s3.s3.eu-west-1.amazonaws.com/2026/08/02/ISagj2yGiXOyjE5ANBvAluwfGmhM3AUZUtUjdmWT.jpg","tags":[{"type":"standard","category":"industrial","item":"tape","quantity":2}],"objects":[{"status":"OK","on_map":true,"group":"Industrial","subgroup":"","layer":"Flagging Tape","full_name":"Industrial \u2013 Flagging Tape","olm_key":"industrial/tape","quantity":2,"picked_up":true}],"groups":["litter"],"has_litter":true,"has_pet_waste":false,"has_substances":false,"zone":"cottonwood_zone_A","zone_edge_m":74.3,"nbhd_edge_m":null}},{"type":"Feature","geometry":{"type":"Point","coordinates":[-122.55696105957,49.218437194824]},"properties":{"id":550675,"datetime":"2026-08-02T20:02:12.000000Z","filename":"https://olm-s3.s3.eu-west-1.amazonaws.com/2026/08/02/d1kXJXvsLxLxY2yt3yZy8m07pHLdfcmLu7q9izlN.jpg","tags":[{"type":"standard","category":"softdrinks","item":"straw_wrapper","quantity":1},{"type":"standard","category":"softdrinks","item":"straw","quantity":1}],"objects":[{"status":"OK","on_map":true,"group":"Convenient Food Drink","subgroup":"Drink","layer":"Drink Straw Wrapper","full_name":"Convenient Food Drink \u2013 Drink \u2013 Drink Straw Wrapper","olm_key":"softdrinks/straw_wrapper","quantity":1,"picked_up":true},{"status":"OK","on_map":true,"group":"Convenient Food Drink","subgroup":"Drink","layer":"Paper Drink Straws","full_name":"Convenient Food Drink \u2013 Drink \u2013 Paper Drink Straws","olm_key":"softdrinks/straw","quantity":1,"picked_up":true}],"groups":["litter"],"has_litter":true,"has_pet_waste":false,"has_substances":false,"zone":"cottonwood_zone_A","zone_edge_m":69.9,"nbhd_edge_m":null}},{"type":"Feature","geometry":{"type":"Point","coordinates":[-122.5569229126,49.218448638916]},"properties":{"id":550674,"datetime":"2026-08-02T20:02:20.000000Z","filename":"https://olm-s3.s3.eu-west-1.amazonaws.com/2026/08/02/ooRIIbW90koDl5F53ot9XlhQTBNGYKuLahHIRUGV.jpg","tags":[{"type":"standard","category":"food","item":"gum","quantity":1}],"objects":[{"status":"OK","on_map":true,"group":"Convenient Food Drink","subgroup":"Snack","layer":"Chewed Gum","full_name":"Convenient Food Drink \u2013 Snack \u2013 Chewed Gum","olm_key":"food/gum","quantity":1,"picked_up":true}],"groups":["litter"],"has_litter":true,"has_pet_waste":false,"has_substances":false,"zone":"cottonwood_zone_A","zone_edge_m":67.1,"nbhd_edge_m":null}},{"type":"Feature","geometry":{"type":"Point","coordinates":[-122.55696868896,49.21851348877]},"properties":{"id":550673,"datetime":"2026-08-02T20:02:31.000000Z","filename":"https://olm-s3.s3.eu-west-1.amazonaws.com/2026/08/02/0gGl8Y1Qg1lEdVNy6aTIyFqok8oJwQ6nrZDFizWB.jpg","tags":[{"type":"standard","category":"softdrinks","item":"straw_wrapper","quantity":1}],"objects":[{"status":"OK","on_map":true,"group":"Convenient Food Drink","subgroup":"Drink","layer":"Drink Straw Wrapper","full_name":"Convenient Food Drink \u2013 Drink \u2013 Drink Straw Wrapper","olm_key":"softdrinks/straw_wrapper","quantity":1,"picked_up":true}],"groups":["litter"],"has_litter":true,"has_pet_waste":false,"has_substances":false,"zone":"cottonwood_zone_A","zone_edge_m":70.4,"nbhd_edge_m":null}},{"type":"Feature","geometry":{"type":"Point","coordinates":[-122.55696868896,49.21851348877]},"properties":{"id":550672,"datetime":"2026-08-02T20:02:51.000000Z","filename":"https://olm-s3.s3.eu-west-1.amazonaws.com/2026/08/02/EFsjw6mpnfe4b0L2LSOviIAYJ1Mm1DazDIPxxslw.jpg","tags":[{"type":"standard","category":"marine","item":"styrofoam","quantity":1}],"objects":[{"status":"OK","on_map":true,"group":"Piece","subgroup":"","layer":"Styrofoam Whole","full_name":"Piece \u2013 Styrofoam Whole","olm_key":"marine/styrofoam","quantity":1,"picked_up":false}],"groups":["litter"],"has_litter":true,"has_pet_waste":false,"has_substances":false,"zone":"cottonwood_zone_A","zone_edge_m":70.4,"nbhd_edge_m":null}},{"type":"Feature","geometry":{"type":"Point","coordinates":[-122.55696868896,49.21851348877]},"properties":{"id":550671,"datetime":"2026-08-02T20:02:55.000000Z","filename":"https://olm-s3.s3.eu-west-1.amazonaws.com/2026/08/02/nOHKAaUPaX5h9LvnibINbbE4m3gxCusUlNeW3N1E.jpg","tags":[{"type":"standard","category":"marine","item":"styrofoam","quantity":1},{"type":"material","category":"material","item":"polystyrene","quantity":1,"parent_category":"marine","parent_item":"styrofoam"}],"objects":[{"status":"OK","on_map":true,"group":"Piece","subgroup":"","layer":"Styrofoam Whole","full_name":"Piece \u2013 Styrofoam Whole","olm_key":"marine/styrofoam","quantity":1,"picked_up":false}],"groups":["litter"],"has_litter":true,"has_pet_waste":false,"has_substances":false,"zone":"cottonwood_zone_A","zone_edge_m":70.4,"nbhd_edge_m":null}},{"type":"Feature","geometry":{"type":"Point","coordinates":[-122.55696868896,49.21851348877]},"properties":{"id":550670,"datetime":"2026-08-02T20:03:07.000000Z","filename":"https://olm-s3.s3.eu-west-1.amazonaws.com/2026/08/02/r4cLFFphRpfg0rvAHBoCd5GFBZNGlsVJZkttsz2O.jpg","tags":[{"type":"standard","category":"other","item":"paper","quantity":3},{"type":"material","category":"material","item":"paper","quantity":1,"parent_category":"other","parent_item":"paper"}],"objects":[{"status":"OK","on_map":true,"group":"Piece","subgroup":"","layer":"Paper Piece","full_name":"Piece \u2013 Paper Piece","olm_key":"other/paper","quantity":3,"picked_up":true}],"groups":["litter"],"has_litter":true,"has_pet_waste":false,"has_substances":false,"zone":"cottonwood_zone_A","zone_edge_m":70.4,"nbhd_edge_m":null}},{"type":"Feature","geometry":{"type":"Point","coordinates":[-122.55696868896,49.21851348877]},"properties":{"id":550669,"datetime":"2026-08-02T20:03:16.000000Z","filename":"https://olm-s3.s3.eu-west-1.amazonaws.com/2026/08/02/iUK6x14EiFD5CCScqi8itAzPGyk8MqNJLJLvPGgE.jpg","tags":[{"type":"standard","category":"food","item":"wrapper","quantity":1},{"type":"material","category":"material","item":"foil","quantity":1,"parent_category":"food","parent_item":"wrapper"},{"type":"material","category":"material","item":"plastic","quantity":1,"parent_category":"food","parent_item":"wrapper"}],"objects":[{"status":"OK","on_map":true,"group":"Convenient Food Drink","subgroup":"Snack","layer":"Foil / Plastic Film Snack Wrapper","full_name":"Convenient Food Drink \u2013 Snack \u2013 Foil / Plastic Film Snack Wrapper","olm_key":"food/wrapper","quantity":1,"picked_up":true}],"groups":["litter"],"has_litter":true,"has_pet_waste":false,"has_substances":false,"zone":"cottonwood_zone_A","zone_edge_m":70.4,"nbhd_edge_m":null}},{"type":"Feature","geometry":{"type":"Point","coordinates":[-122.55728912354,49.218482971191]},"properties":{"id":550668,"datetime":"2026-08-02T20:03:23.000000Z","filename":"https://olm-s3.s3.eu-west-1.amazonaws.com/2026/08/02/bnvYBjbowIsP5IZHtm6VUQuQIefh3TDWy6ZPOPHm.jpg","tags":[{"type":"standard","category":"other","item":"paper","quantity":1},{"type":"material","category":"material","item":"paper","quantity":1,"parent_category":"other","parent_item":"paper"},{"type":"standard","category":"other","item":"plastic","quantity":1}],"objects":[{"status":"OK","on_map":true,"group":"Piece","subgroup":"","layer":"Paper Piece","full_name":"Piece \u2013 Paper Piece","olm_key":"other/paper","quantity":1,"picked_up":true},{"status":"OK","on_map":true,"group":"Piece","subgroup":"","layer":"Plastic Piece","full_name":"Piece \u2013 Plastic Piece","olm_key":"other/plastic","quantity":1,"picked_up":true}],"groups":["litter"],"has_litter":true,"has_pet_waste":false,"has_substances":false,"zone":"cottonwood_zone_A","zone_edge_m":93.7,"nbhd_edge_m":null}},{"type":"Feature","geometry":{"type":"Point","coordinates":[-122.55728912354,49.218482971191]},"properties":{"id":550667,"datetime":"2026-08-02T20:03:39.000000Z","filename":"https://olm-s3.s3.eu-west-1.amazonaws.com/2026/08/02/NOPgg05OgR6UM9kgkhTJjGaM0HqCzA9Vf2xy8Evi.jpg","tags":[{"type":"standard","category":"other","item":"other","quantity":1},{"type":"material","category":"material","item":"ceramic","quantity":1,"parent_category":"other","parent_item":"other"}],"objects":[{"status":"OK","on_map":true,"group":"Household","subgroup":"","layer":"Household misc","full_name":"Household \u2013 Household misc","olm_key":"other/other","quantity":1,"picked_up":true}],"groups":["litter"],"has_litter":true,"has_pet_waste":false,"has_substances":false,"zone":"cottonwood_zone_A","zone_edge_m":93.7,"nbhd_edge_m":null}},{"type":"Feature","geometry":{"type":"Point","coordinates":[-122.55728912354,49.218482971191]},"properties":{"id":550666,"datetime":"2026-08-02T20:04:08.000000Z","filename":"https://olm-s3.s3.eu-west-1.amazonaws.com/2026/08/02/O1LkPhRYDM0ToPBrlSt1reBw3w9euHZjbg5Y9P5u.jpg","tags":[{"type":"standard","category":"softdrinks","item":"lid","quantity":1}],"objects":[{"status":"OK","on_map":true,"group":"Convenient Food Drink","subgroup":"Drink","layer":"Cold Beverage Lid","full_name":"Convenient Food Drink \u2013 Drink \u2013 Cold Beverage Lid","olm_key":"softdrinks/lid","quantity":1,"picked_up":true}],"groups":["litter"],"has_litter":true,"has_pet_waste":false,"has_substances":false,"zone":"cottonwood_zone_A","zone_edge_m":93.7,"nbhd_edge_m":null}},{"type":"Feature","geometry":{"type":"Point","coordinates":[-122.55728912354,49.218482971191]},"properties":{"id":550665,"datetime":"2026-08-02T20:04:19.000000Z","filename":"https://olm-s3.s3.eu-west-1.amazonaws.com/2026/08/02/WlrQBxgvQbcJkXWolZUkT2WBYuJ58r1sTl8aGuMP.jpg","tags":[{"type":"standard","category":"other","item":"paper","quantity":1},{"type":"material","category":"material","item":"paper","quantity":1,"parent_category":"other","parent_item":"paper"}],"objects":[{"status":"OK","on_map":true,"group":"Piece","subgroup":"","layer":"Paper Piece","full_name":"Piece \u2013 Paper Piece","olm_key":"other/paper","quantity":1,"picked_up":true}],"groups":["litter"],"has_litter":true,"has_pet_waste":false,"has_substances":false,"zone":"cottonwood_zone_A","zone_edge_m":93.7,"nbhd_edge_m":null}},{"type":"Feature","geometry":{"type":"Point","coordinates":[-122.55728912354,49.218482971191]},"properties":{"id":550664,"datetime":"2026-08-02T20:04:25.000000Z","filename":"https://olm-s3.s3.eu-west-1.amazonaws.com/2026/08/02/RK8prJDhYNUYUCAgytMAAoDBiBfm7TiT5tT3kVjq.jpg","tags":[{"type":"standard","category":"sanitary","item":"wipes","quantity":3}],"objects":[{"status":"OK","on_map":true,"group":"Household","subgroup":"","layer":"Wet Wipes","full_name":"Household \u2013 Wet Wipes","olm_key":"sanitary/wipes","quantity":3,"picked_up":true}],"groups":["litter"],"has_litter":true,"has_pet_waste":false,"has_substances":false,"zone":"cottonwood_zone_A","zone_edge_m":93.7,"nbhd_edge_m":null}},{"type":"Feature","geometry":{"type":"Point","coordinates":[-122.55728912354,49.218482971191]},"properties":{"id":550663,"datetime":"2026-08-02T20:04:41.000000Z","filename":"https://olm-s3.s3.eu-west-1.amazonaws.com/2026/08/02/0UQMyyXGlcZerOmXmvzwTbTVlr3TBu1hZJay6zRz.jpg","tags":[{"type":"standard","category":"smoking","item":"butts","quantity":1}],"objects":[{"status":"OK","on_map":true,"group":"Smoking","subgroup":"","layer":"Cigarette Butts","full_name":"Smoking \u2013 Cigarette Butts","olm_key":"smoking/butts","quantity":1,"picked_up":true}],"groups":["substances"],"has_litter":false,"has_pet_waste":false,"has_substances":true,"zone":"cottonwood_zone_A","zone_edge_m":93.7,"nbhd_edge_m":null}},{"type":"Feature","geometry":{"type":"Point","coordinates":[-122.55728912354,49.218482971191]},"properties":{"id":550662,"datetime":"2026-08-02T20:04:56.000000Z","filename":"https://olm-s3.s3.eu-west-1.amazonaws.com/2026/08/02/zlSZSLFEAVnlgvvavhqaKE5Zp3DT1sJAMBNovxo9.jpg","tags":[{"type":"standard","category":"other","item":"plastic","quantity":1}],"objects":[{"status":"OK","on_map":true,"group":"Piece","subgroup":"","layer":"Plastic Piece","full_name":"Piece \u2013 Plastic Piece","olm_key":"other/plastic","quantity":1,"picked_up":true}],"groups":["litter"],"has_litter":true,"has_pet_waste":false,"has_substances":false,"zone":"cottonwood_zone_A","zone_edge_m":93.7,"nbhd_edge_m":null}},{"type":"Feature","geometry":{"type":"Point","coordinates":[-122.55727386475,49.218406677246]},"properties":{"id":550661,"datetime":"2026-08-02T20:05:12.000000Z","filename":"https://olm-s3.s3.eu-west-1.amazonaws.com/2026/08/02/vO0qlqx6huk0u9DXFznDvxo2AgoXFtQzrzypLbh2.jpg","tags":[{"type":"standard","category":"other","item":"plastic","quantity":1}],"objects":[{"status":"OK","on_map":true,"group":"Piece","subgroup":"","layer":"Plastic Piece","full_name":"Piece \u2013 Plastic Piece","olm_key":"other/plastic","quantity":1,"picked_up":true}],"groups":["litter"],"has_litter":true,"has_pet_waste":false,"has_substances":false,"zone":"cottonwood_zone_A","zone_edge_m":92.6,"nbhd_edge_m":null}},{"type":"Feature","geometry":{"type":"Point","coordinates":[-122.55727386475,49.218406677246]},"properties":{"id":550660,"datetime":"2026-08-02T20:05:21.000000Z","filename":"https://olm-s3.s3.eu-west-1.amazonaws.com/2026/08/02/ixty0SysqY9LGlFhiYwhCPvqxLG6CDccMkjbyZTz.jpg","tags":[{"type":"standard","category":"other","item":"plastic","quantity":6}],"objects":[{"status":"OK","on_map":true,"group":"Piece","subgroup":"","layer":"Plastic Piece","full_name":"Piece \u2013 Plastic Piece","olm_key":"other/plastic","quantity":6,"picked_up":true}],"groups":["litter"],"has_litter":true,"has_pet_waste":false,"has_substances":false,"zone":"cottonwood_zone_A","zone_edge_m":92.6,"nbhd_edge_m":null}},{"type":"Feature","geometry":{"type":"Point","coordinates":[-122.55727386475,49.218406677246]},"properties":{"id":550659,"datetime":"2026-08-02T20:05:41.000000Z","filename":"https://olm-s3.s3.eu-west-1.amazonaws.com/2026/08/02/Cncki2V3ocpUFJLmgAmbtYG4U90x4kql8IcVu9OQ.jpg","tags":[{"type":"standard","category":"other","item":"paper","quantity":1},{"type":"material","category":"material","item":"paper","quantity":1,"parent_category":"other","parent_item":"paper"}],"objects":[{"status":"OK","on_map":true,"group":"Piece","subgroup":"","layer":"Paper Piece","full_name":"Piece \u2013 Paper Piece","olm_key":"other/paper","quantity":1,"picked_up":true}],"groups":["litter"],"has_litter":true,"has_pet_waste":false,"has_substances":false,"zone":"cottonwood_zone_A","zone_edge_m":92.6,"nbhd_edge_m":null}},{"type":"Feature","geometry":{"type":"Point","coordinates":[-122.55727386475,49.218406677246]},"properties":{"id":550658,"datetime":"2026-08-02T20:05:47.000000Z","filename":"https://olm-s3.s3.eu-west-1.amazonaws.com/2026/08/02/Q7Mtf5FR7mcs7sIqHVvxpiRL9w742I5jdlMHkKpY.jpg","tags":[{"type":"standard","category":"softdrinks","item":"cup","quantity":1}],"objects":[{"status":"OK","on_map":true,"group":"Convenient Food Drink","subgroup":"Drink","layer":"Cold Beverage Cup","full_name":"Convenient Food Drink \u2013 Drink \u2013 Cold Beverage Cup","olm_key":"softdrinks/cup","quantity":1,"picked_up":true}],"groups":["litter"],"has_litter":true,"has_pet_waste":false,"has_substances":false,"zone":"cottonwood_zone_A","zone_edge_m":92.6,"nbhd_edge_m":null}},{"type":"Feature","geometry":{"type":"Point","coordinates":[-122.55727386475,49.218406677246]},"properties":{"id":550657,"datetime":"2026-08-02T20:05:57.000000Z","filename":"https://olm-s3.s3.eu-west-1.amazonaws.com/2026/08/02/NaSVEb8Sxilv4k64JFW18X4iLTaAW7Pela0wZ7F2.jpg","tags":[{"type":"standard","category":"other","item":"paper","quantity":1},{"type":"material","category":"material","item":"paper","quantity":1,"parent_category":"other","parent_item":"paper"}],"objects":[{"status":"OK","on_map":true,"group":"Piece","subgroup":"","layer":"Paper Piece","full_name":"Piece \u2013 Paper Piece","olm_key":"other/paper","quantity":1,"picked_up":true}],"groups":["litter"],"has_litter":true,"has_pet_waste":false,"has_substances":false,"zone":"cottonwood_zone_A","zone_edge_m":92.6,"nbhd_edge_m":null}},{"type":"Feature","geometry":{"type":"Point","coordinates":[-122.55727386475,49.218406677246]},"properties":{"id":550656,"datetime":"2026-08-02T20:06:13.000000Z","filename":"https://olm-s3.s3.eu-west-1.amazonaws.com/2026/08/02/E9ly3ceVPgDWzPIVod7mk1c4nD7QL7iLY5HPlgBz.jpg","tags":[{"type":"standard","category":"coffee","item":"lid","quantity":1}],"objects":[{"status":"OK","on_map":true,"group":"Convenient Food Drink","subgroup":"Drink","layer":"Hot Beverage Cup Lid","full_name":"Convenient Food Drink \u2013 Drink \u2013 Hot Beverage Cup Lid","olm_key":"coffee/lid","quantity":1,"picked_up":true}],"groups":["litter"],"has_litter":true,"has_pet_waste":false,"has_substances":false,"zone":"cottonwood_zone_A","zone_edge_m":92.6,"nbhd_edge_m":null}},{"type":"Feature","geometry":{"type":"Point","coordinates":[-122.55727386475,49.218406677246]},"properties":{"id":550655,"datetime":"2026-08-02T20:06:23.000000Z","filename":"https://olm-s3.s3.eu-west-1.amazonaws.com/2026/08/02/ztwpRI1q7qZmdHzUx6pgWQZ0l2V5XxfZgq6rI4Y3.jpg","tags":[{"type":"standard","category":"industrial","item":"other","quantity":1}],"objects":[{"status":"OK","on_map":true,"group":"Industrial","subgroup":"","layer":"Industrial Debris","full_name":"Industrial \u2013 Industrial Debris","olm_key":"industrial/other","quantity":1,"picked_up":true}],"groups":["litter"],"has_litter":true,"has_pet_waste":false,"has_substances":false,"zone":"cottonwood_zone_A","zone_edge_m":92.6,"nbhd_edge_m":null}},{"type":"Feature","geometry":{"type":"Point","coordinates":[-122.55727386475,49.218406677246]},"properties":{"id":550654,"datetime":"2026-08-02T20:06:39.000000Z","filename":"https://olm-s3.s3.eu-west-1.amazonaws.com/2026/08/02/SADQCQOulOuPt3o6pVQyqDC0zUrTvBzkx9QikOMk.jpg","tags":[{"type":"standard","category":"other","item":"paper","quantity":1},{"type":"material","category":"material","item":"paper","quantity":1,"parent_category":"other","parent_item":"paper"}],"objects":[{"status":"OK","on_map":true,"group":"Piece","subgroup":"","layer":"Paper Piece","full_name":"Piece \u2013 Paper Piece","olm_key":"other/paper","quantity":1,"picked_up":true}],"groups":["litter"],"has_litter":true,"has_pet_waste":false,"has_substances":false,"zone":"cottonwood_zone_A","zone_edge_m":92.6,"nbhd_edge_m":null}},{"type":"Feature","geometry":{"type":"Point","coordinates":[-122.55727386475,49.218406677246]},"properties":{"id":550653,"datetime":"2026-08-02T20:06:46.000000Z","filename":"https://olm-s3.s3.eu-west-1.amazonaws.com/2026/08/02/h104hHLtpBg75lMhg2OKdfvivyObCyG2RctveCBS.jpg","tags":[{"type":"standard","category":"coffee","item":"sleeve","quantity":1}],"objects":[{"status":"OK","on_map":true,"group":"Convenient Food Drink","subgroup":"Drink","layer":"Corrugated Cardboard Cup Sleeve","full_name":"Convenient Food Drink \u2013 Drink \u2013 Corrugated Cardboard Cup Sleeve","olm_key":"coffee/sleeve","quantity":1,"picked_up":true}],"groups":["litter"],"has_litter":true,"has_pet_waste":false,"has_substances":false,"zone":"cottonwood_zone_A","zone_edge_m":92.6,"nbhd_edge_m":null}},{"type":"Feature","geometry":{"type":"Point","coordinates":[-122.55727386475,49.218406677246]},"properties":{"id":550652,"datetime":"2026-08-02T20:07:03.000000Z","filename":"https://olm-s3.s3.eu-west-1.amazonaws.com/2026/08/02/BrY9tfEAZ21a5C9JNRJmZZWRhVOXer81Yc8HelSy.jpg","tags":[{"type":"standard","category":"coffee","item":"cup","quantity":1}],"objects":[{"status":"OK","on_map":true,"group":"Convenient Food Drink","subgroup":"Drink","layer":"Poly-lined Hot Beverage Cup","full_name":"Convenient Food Drink \u2013 Drink \u2013 Poly-lined Hot Beverage Cup","olm_key":"coffee/cup","quantity":1,"picked_up":true}],"groups":["litter"],"has_litter":true,"has_pet_waste":false,"has_substances":false,"zone":"cottonwood_zone_A","zone_edge_m":92.6,"nbhd_edge_m":null}},{"type":"Feature","geometry":{"type":"Point","coordinates":[-122.55727386475,49.218406677246]},"properties":{"id":550651,"datetime":"2026-08-02T20:07:15.000000Z","filename":"https://olm-s3.s3.eu-west-1.amazonaws.com/2026/08/02/5z7mYLSkfHdNIRUFaiwHJe5LQWcK3mho2ChP7d1Y.jpg","tags":[{"type":"standard","category":"coffee","item":"cup","quantity":1},{"type":"standard","category":"coffee","item":"lid","quantity":1}],"objects":[{"status":"OK","on_map":true,"group":"Convenient Food Drink","subgroup":"Drink","layer":"Poly-lined Hot Beverage Cup","full_name":"Convenient Food Drink \u2013 Drink \u2013 Poly-lined Hot Beverage Cup","olm_key":"coffee/cup","quantity":1,"picked_up":true},{"status":"OK","on_map":true,"group":"Convenient Food Drink","subgroup":"Drink","layer":"Hot Beverage Cup Lid","full_name":"Convenient Food Drink \u2013 Drink \u2013 Hot Beverage Cup Lid","olm_key":"coffee/lid","quantity":1,"picked_up":true}],"groups":["litter"],"has_litter":true,"has_pet_waste":false,"has_substances":false,"zone":"cottonwood_zone_A","zone_edge_m":92.6,"nbhd_edge_m":null}},{"type":"Feature","geometry":{"type":"Point","coordinates":[-122.55727386475,49.218406677246]},"properties":{"id":550650,"datetime":"2026-08-02T20:07:21.000000Z","filename":"https://olm-s3.s3.eu-west-1.amazonaws.com/2026/08/02/Rl6sNpVNKnpg33Ut3dMJP59bpLYHfPy1BKp2KU04.jpg","tags":[{"type":"standard","category":"food","item":"napkins","quantity":1},{"type":"material","category":"material","item":"paper","quantity":1,"parent_category":"food","parent_item":"napkins"}],"objects":[{"status":"OK","on_map":true,"group":"Convenient Food Drink","subgroup":"Take-out","layer":"Napkins","full_name":"Convenient Food Drink \u2013 Take-out \u2013 Napkins","olm_key":"food/napkins","quantity":1,"picked_up":true}],"groups":["litter"],"has_litter":true,"has_pet_waste":false,"has_substances":false,"zone":"cottonwood_zone_A","zone_edge_m":92.6,"nbhd_edge_m":null}},{"type":"Feature","geometry":{"type":"Point","coordinates":[-122.55690765381,49.220581054688]},"properties":{"id":550649,"datetime":"2026-08-02T20:07:34.000000Z","filename":"https://olm-s3.s3.eu-west-1.amazonaws.com/2026/08/02/P2N4hsJ2Sst8iLR1QtKVgAKuuYXX36ltepjGonZ3.jpg","tags":[{"type":"standard","category":"food","item":"wrapper","quantity":1},{"type":"material","category":"material","item":"foil","quantity":1,"parent_category":"food","parent_item":"wrapper"},{"type":"material","category":"material","item":"plastic","quantity":1,"parent_category":"food","parent_item":"wrapper"}],"objects":[{"status":"OK","on_map":true,"group":"Convenient Food Drink","subgroup":"Snack","layer":"Foil / Plastic Film Snack Wrapper","full_name":"Convenient Food Drink \u2013 Snack \u2013 Foil / Plastic Film Snack Wrapper","olm_key":"food/wrapper","quantity":1,"picked_up":true}],"groups":["litter"],"has_litter":true,"has_pet_waste":false,"has_substances":false,"zone":"cottonwood_zone_A","zone_edge_m":46.6,"nbhd_edge_m":null}},{"type":"Feature","geometry":{"type":"Point","coordinates":[-122.55702972412,49.220146179199]},"properties":{"id":550648,"datetime":"2026-08-02T20:07:45.000000Z","filename":"https://olm-s3.s3.eu-west-1.amazonaws.com/2026/08/02/tDX7ZhN9nlWXA21a4k6XyQngBH2tZ0G6HPDwWK3o.jpg","tags":[{"type":"standard","category":"food","item":"wrapper","quantity":1},{"type":"material","category":"material","item":"foil","quantity":1,"parent_category":"food","parent_item":"wrapper"},{"type":"material","category":"material","item":"plastic","quantity":1,"parent_category":"food","parent_item":"wrapper"}],"objects":[{"status":"OK","on_map":true,"group":"Convenient Food Drink","subgroup":"Snack","layer":"Foil / Plastic Film Snack Wrapper","full_name":"Convenient Food Drink \u2013 Snack \u2013 Foil / Plastic Film Snack Wrapper","olm_key":"food/wrapper","quantity":1,"picked_up":true}],"groups":["litter"],"has_litter":true,"has_pet_waste":false,"has_substances":false,"zone":"cottonwood_zone_A","zone_edge_m":74.9,"nbhd_edge_m":null}},{"type":"Feature","geometry":{"type":"Point","coordinates":[-122.55702972412,49.220146179199]},"properties":{"id":550646,"datetime":"2026-08-02T20:08:05.000000Z","filename":"https://olm-s3.s3.eu-west-1.amazonaws.com/2026/08/02/rrXxjpKvPAgatQLZoM0QZFEEcBIw14ZZGgdUMBCt.jpg","tags":[{"type":"standard","category":"smoking","item":"butts","quantity":1}],"objects":[{"status":"OK","on_map":true,"group":"Smoking","subgroup":"","layer":"Cigarette Butts","full_name":"Smoking \u2013 Cigarette Butts","olm_key":"smoking/butts","quantity":1,"picked_up":true}],"groups":["substances"],"has_litter":false,"has_pet_waste":false,"has_substances":true,"zone":"cottonwood_zone_A","zone_edge_m":74.9,"nbhd_edge_m":null}},{"type":"Feature","geometry":{"type":"Point","coordinates":[-122.55702972412,49.220146179199]},"properties":{"id":550645,"datetime":"2026-08-02T20:08:39.000000Z","filename":"https://olm-s3.s3.eu-west-1.amazonaws.com/2026/08/02/4KnhynYcoL970JUcqpVzTaGsgYKXvKXAixWdPTTg.jpg","tags":[{"type":"standard","category":"other","item":"plastic","quantity":1}],"objects":[{"status":"OK","on_map":true,"group":"Piece","subgroup":"","layer":"Plastic Piece","full_name":"Piece \u2013 Plastic Piece","olm_key":"other/plastic","quantity":1,"picked_up":true}],"groups":["litter"],"has_litter":true,"has_pet_waste":false,"has_substances":false,"zone":"cottonwood_zone_A","zone_edge_m":74.9,"nbhd_edge_m":null}},{"type":"Feature","geometry":{"type":"Point","coordinates":[-122.55702972412,49.220146179199]},"properties":{"id":550644,"datetime":"2026-08-02T20:08:51.000000Z","filename":"https://olm-s3.s3.eu-west-1.amazonaws.com/2026/08/02/MSpdOUTcD8bkgGjIGMmRB8zvkjJzHG0wc72Ag53r.jpg","tags":[{"type":"standard","category":"food","item":"wrapper","quantity":2},{"type":"material","category":"material","item":"foil","quantity":1,"parent_category":"food","parent_item":"wrapper"},{"type":"material","category":"material","item":"plastic","quantity":1,"parent_category":"food","parent_item":"wrapper"},{"type":"standard","category":"other","item":"paper","quantity":1},{"type":"material","category":"material","item":"paper","quantity":1,"parent_category":"other","parent_item":"paper"}],"objects":[{"status":"OK","on_map":true,"group":"Convenient Food Drink","subgroup":"Snack","layer":"Foil / Plastic Film Snack Wrapper","full_name":"Convenient Food Drink \u2013 Snack \u2013 Foil / Plastic Film Snack Wrapper","olm_key":"food/wrapper","quantity":2,"picked_up":true},{"status":"OK","on_map":true,"group":"Piece","subgroup":"","layer":"Paper Piece","full_name":"Piece \u2013 Paper Piece","olm_key":"other/paper","quantity":1,"picked_up":true}],"groups":["litter"],"has_litter":true,"has_pet_waste":false,"has_substances":false,"zone":"cottonwood_zone_A","zone_edge_m":74.9,"nbhd_edge_m":null}},{"type":"Feature","geometry":{"type":"Point","coordinates":[-122.55750274658,49.220039367676]},"properties":{"id":550643,"datetime":"2026-08-02T20:09:23.000000Z","filename":"https://olm-s3.s3.eu-west-1.amazonaws.com/2026/08/02/keyGodQcJoeIj07TKxWfQbON0U6pAuS7rdsKUGgz.jpg","tags":[{"type":"standard","category":"other","item":"plastic_bag","quantity":1}],"objects":[{"status":"OK","on_map":true,"group":"Household","subgroup":"","layer":"Household Plastic Bag","full_name":"Household \u2013 Household Plastic Bag","olm_key":"other/plastic_bag","quantity":1,"picked_up":true}],"groups":["litter"],"has_litter":true,"has_pet_waste":false,"has_substances":false,"zone":"cottonwood_zone_A","zone_edge_m":106.9,"nbhd_edge_m":null}},{"type":"Feature","geometry":{"type":"Point","coordinates":[-122.5571975708,49.219921112061]},"properties":{"id":550642,"datetime":"2026-08-02T20:09:33.000000Z","filename":"https://olm-s3.s3.eu-west-1.amazonaws.com/2026/08/02/vlnKwUxWkFUr4iOj0LhnzbTnYPc55p1jJEFeaKty.jpg","tags":[{"type":"standard","category":"food","item":"packet","quantity":7},{"type":"material","category":"material","item":"plastic","quantity":1,"parent_category":"food","parent_item":"packet"},{"type":"brand","category":"brand","item":"kinder","quantity":1,"parent_category":"food","parent_item":"packet"}],"objects":[{"status":"OK","on_map":true,"group":"Convenient Food Drink","subgroup":"Take-out","layer":"Condiment Packets","full_name":"Convenient Food Drink \u2013 Take-out \u2013 Condiment Packets","olm_key":"food/packet","quantity":7,"picked_up":true}],"groups":["litter"],"has_litter":true,"has_pet_waste":false,"has_substances":false,"zone":"cottonwood_zone_A","zone_edge_m":87.1,"nbhd_edge_m":null}},{"type":"Feature","geometry":{"type":"Point","coordinates":[-122.55724334717,49.219848632812]},"properties":{"id":550641,"datetime":"2026-08-02T20:09:49.000000Z","filename":"https://olm-s3.s3.eu-west-1.amazonaws.com/2026/08/02/X9K0EGwvp6ONsSsgs86GXpi5mTpeUlB1mQso0Swx.jpg","tags":[{"type":"standard","category":"other","item":"paper","quantity":2},{"type":"material","category":"material","item":"paper","quantity":1,"parent_category":"other","parent_item":"paper"},{"type":"standard","category":"other","item":"other","quantity":1},{"type":"material","category":"material","item":"polystyrene","quantity":1,"parent_category":"other","parent_item":"other"}],"objects":[{"status":"OK","on_map":true,"group":"Piece","subgroup":"","layer":"Paper Piece","full_name":"Piece \u2013 Paper Piece","olm_key":"other/paper","quantity":2,"picked_up":true},{"status":"OK","on_map":true,"group":"Household","subgroup":"","layer":"Household misc","full_name":"Household \u2013 Household misc","olm_key":"other/other","quantity":1,"picked_up":false}],"groups":["litter"],"has_litter":true,"has_pet_waste":false,"has_substances":false,"zone":"cottonwood_zone_A","zone_edge_m":90.4,"nbhd_edge_m":null}},{"type":"Feature","geometry":{"type":"Point","coordinates":[-122.55724334717,49.219844818115]},"properties":{"id":550640,"datetime":"2026-08-02T20:10:09.000000Z","filename":"https://olm-s3.s3.eu-west-1.amazonaws.com/2026/08/02/VmjfWN6lDEHYYzFkzxDnbRVbBWRP2uLaxRUGeIMc.jpg","tags":[{"type":"standard","category":"softdrinks","item":"cup","quantity":1,"object_type":"soda"},{"type":"standard","category":"softdrinks","item":"lid","quantity":1},{"type":"standard","category":"softdrinks","item":"straw","quantity":1}],"objects":[{"status":"OK","on_map":true,"group":"Convenient Food Drink","subgroup":"Drink","layer":"Cold Beverage Cup","full_name":"Convenient Food Drink \u2013 Drink \u2013 Cold Beverage Cup","olm_key":"softdrinks/cup","quantity":1,"picked_up":true},{"status":"OK","on_map":true,"group":"Convenient Food Drink","subgroup":"Drink","layer":"Cold Beverage Lid","full_name":"Convenient Food Drink \u2013 Drink \u2013 Cold Beverage Lid","olm_key":"softdrinks/lid","quantity":1,"picked_up":true},{"status":"OK","on_map":true,"group":"Convenient Food Drink","subgroup":"Drink","layer":"Paper Drink Straws","full_name":"Convenient Food Drink \u2013 Drink \u2013 Paper Drink Straws","olm_key":"softdrinks/straw","quantity":1,"picked_up":true}],"groups":["litter"],"has_litter":true,"has_pet_waste":false,"has_substances":false,"zone":"cottonwood_zone_A","zone_edge_m":90.4,"nbhd_edge_m":null}},{"type":"Feature","geometry":{"type":"Point","coordinates":[-122.55724334717,49.219844818115]},"properties":{"id":550639,"datetime":"2026-08-02T20:10:44.000000Z","filename":"https://olm-s3.s3.eu-west-1.amazonaws.com/2026/08/02/fpK9BjPSNznAAkmWedeCuULC6nxNKJzpkgQP4fRS.jpg","tags":[{"type":"standard","category":"sanitary","item":"wipes","quantity":1}],"objects":[{"status":"OK","on_map":true,"group":"Household","subgroup":"","layer":"Wet Wipes","full_name":"Household \u2013 Wet Wipes","olm_key":"sanitary/wipes","quantity":1,"picked_up":true}],"groups":["litter"],"has_litter":true,"has_pet_waste":false,"has_substances":false,"zone":"cottonwood_zone_A","zone_edge_m":90.4,"nbhd_edge_m":null}},{"type":"Feature","geometry":{"type":"Point","coordinates":[-122.55724334717,49.219844818115]},"properties":{"id":550638,"datetime":"2026-08-02T20:10:54.000000Z","filename":"https://olm-s3.s3.eu-west-1.amazonaws.com/2026/08/02/IUPDctMrj0QnAd6dvOgutlcJblLMMX7pRoN65RPY.jpg","tags":[{"type":"standard","category":"food","item":"wrapper","quantity":1},{"type":"material","category":"material","item":"foil","quantity":1,"parent_category":"food","parent_item":"wrapper"},{"type":"material","category":"material","item":"plastic","quantity":1,"parent_category":"food","parent_item":"wrapper"}],"objects":[{"status":"OK","on_map":true,"group":"Convenient Food Drink","subgroup":"Snack","layer":"Foil / Plastic Film Snack Wrapper","full_name":"Convenient Food Drink \u2013 Snack \u2013 Foil / Plastic Film Snack Wrapper","olm_key":"food/wrapper","quantity":1,"picked_up":true}],"groups":["litter"],"has_litter":true,"has_pet_waste":false,"has_substances":false,"zone":"cottonwood_zone_A","zone_edge_m":90.4,"nbhd_edge_m":null}},{"type":"Feature","geometry":{"type":"Point","coordinates":[-122.55713653564,49.219596862793]},"properties":{"id":550637,"datetime":"2026-08-02T20:11:05.000000Z","filename":"https://olm-s3.s3.eu-west-1.amazonaws.com/2026/08/02/gnomfjp3Bwc1Lehfr1O97A2FYGMbXAXgsgHmyXXp.jpg","tags":[{"type":"standard","category":"other","item":"paper","quantity":1},{"type":"material","category":"material","item":"paper","quantity":1,"parent_category":"other","parent_item":"paper"}],"objects":[{"status":"OK","on_map":true,"group":"Piece","subgroup":"","layer":"Paper Piece","full_name":"Piece \u2013 Paper Piece","olm_key":"other/paper","quantity":1,"picked_up":true}],"groups":["litter"],"has_litter":true,"has_pet_waste":false,"has_substances":false,"zone":"cottonwood_zone_A","zone_edge_m":82.6,"nbhd_edge_m":null}},{"type":"Feature","geometry":{"type":"Point","coordinates":[-122.55713653564,49.219596862793]},"properties":{"id":550636,"datetime":"2026-08-02T20:11:14.000000Z","filename":"https://olm-s3.s3.eu-west-1.amazonaws.com/2026/08/02/UauGLwlITqcgRXKrgakm19HSRkjcoYCCWNzZ3rEH.jpg","tags":[{"type":"standard","category":"other","item":"other","quantity":1}],"objects":[{"status":"OK","on_map":true,"group":"Household","subgroup":"","layer":"Household misc","full_name":"Household \u2013 Household misc","olm_key":"other/other","quantity":1,"picked_up":false}],"groups":["litter"],"has_litter":true,"has_pet_waste":false,"has_substances":false,"zone":"cottonwood_zone_A","zone_edge_m":82.6,"nbhd_edge_m":null}},{"type":"Feature","geometry":{"type":"Point","coordinates":[-122.55713653564,49.219596862793]},"properties":{"id":550634,"datetime":"2026-08-02T20:11:28.000000Z","filename":"https://olm-s3.s3.eu-west-1.amazonaws.com/2026/08/02/4YfpEjLorZx6MFRC3FKGzJ2IjZYjoLJfX2sJm4sn.jpg","tags":[{"type":"standard","category":"other","item":"paper","quantity":1},{"type":"material","category":"material","item":"paper","quantity":1,"parent_category":"other","parent_item":"paper"}],"objects":[{"status":"OK","on_map":true,"group":"Piece","subgroup":"","layer":"Paper Piece","full_name":"Piece \u2013 Paper Piece","olm_key":"other/paper","quantity":1,"picked_up":true}],"groups":["litter"],"has_litter":true,"has_pet_waste":false,"has_substances":false,"zone":"cottonwood_zone_A","zone_edge_m":82.6,"nbhd_edge_m":null}},{"type":"Feature","geometry":{"type":"Point","coordinates":[-122.55713653564,49.219596862793]},"properties":{"id":550633,"datetime":"2026-08-02T20:11:49.000000Z","filename":"https://olm-s3.s3.eu-west-1.amazonaws.com/2026/08/02/YNByJ1RW9NhO7KtDu0aq25L8rDUNqhgSMkcyBjly.jpg","tags":[{"type":"standard","category":"softdrinks","item":"straw_wrapper","quantity":1}],"objects":[{"status":"OK","on_map":true,"group":"Convenient Food Drink","subgroup":"Drink","layer":"Drink Straw Wrapper","full_name":"Convenient Food Drink \u2013 Drink \u2013 Drink Straw Wrapper","olm_key":"softdrinks/straw_wrapper","quantity":1,"picked_up":true}],"groups":["litter"],"has_litter":true,"has_pet_waste":false,"has_substances":false,"zone":"cottonwood_zone_A","zone_edge_m":82.6,"nbhd_edge_m":null}},{"type":"Feature","geometry":{"type":"Point","coordinates":[-122.55713653564,49.219596862793]},"properties":{"id":550632,"datetime":"2026-08-02T20:11:57.000000Z","filename":"https://olm-s3.s3.eu-west-1.amazonaws.com/2026/08/02/8CsYDiKh8R16fbfeOcPXs4mJxUYGx8xRaeBHW9yl.jpg","tags":[{"type":"standard","category":"other","item":"other","quantity":1},{"type":"standard","category":"smoking","item":"butts","quantity":2}],"objects":[{"status":"OK","on_map":true,"group":"Household","subgroup":"","layer":"Household misc","full_name":"Household \u2013 Household misc","olm_key":"other/other","quantity":1,"picked_up":true},{"status":"OK","on_map":true,"group":"Smoking","subgroup":"","layer":"Cigarette Butts","full_name":"Smoking \u2013 Cigarette Butts","olm_key":"smoking/butts","quantity":2,"picked_up":true}],"groups":["litter","substances"],"has_litter":true,"has_pet_waste":false,"has_substances":true,"zone":"cottonwood_zone_A","zone_edge_m":82.6,"nbhd_edge_m":null}},{"type":"Feature","geometry":{"type":"Point","coordinates":[-122.55714416504,49.218215942383]},"properties":{"id":550631,"datetime":"2026-08-02T20:12:24.000000Z","filename":"https://olm-s3.s3.eu-west-1.amazonaws.com/2026/08/02/N61J90xvAeia4cqQ0ApuMFxk0HtzdK6NOSeKncRP.jpg","tags":[{"type":"standard","category":"food","item":"wrapper","quantity":1},{"type":"material","category":"material","item":"foil","quantity":1,"parent_category":"food","parent_item":"wrapper"},{"type":"material","category":"material","item":"plastic","quantity":1,"parent_category":"food","parent_item":"wrapper"}],"objects":[{"status":"OK","on_map":true,"group":"Convenient Food Drink","subgroup":"Snack","layer":"Foil / Plastic Film Snack Wrapper","full_name":"Convenient Food Drink \u2013 Snack \u2013 Foil / Plastic Film Snack Wrapper","olm_key":"food/wrapper","quantity":1,"picked_up":true}],"groups":["litter"],"has_litter":true,"has_pet_waste":false,"has_substances":false,"zone":"cottonwood_zone_A","zone_edge_m":83.2,"nbhd_edge_m":null}},{"type":"Feature","geometry":{"type":"Point","coordinates":[-122.55697631836,49.219276428223]},"properties":{"id":550630,"datetime":"2026-08-02T20:12:44.000000Z","filename":"https://olm-s3.s3.eu-west-1.amazonaws.com/2026/08/02/eBL0ot7xlFHEnMGAZfhdcWh1fLsR0YcbevRMPgto.jpg","tags":[{"type":"standard","category":"other","item":"plastic","quantity":1}],"objects":[{"status":"OK","on_map":true,"group":"Piece","subgroup":"","layer":"Plastic Piece","full_name":"Piece \u2013 Plastic Piece","olm_key":"other/plastic","quantity":1,"picked_up":true}],"groups":["litter"],"has_litter":true,"has_pet_waste":false,"has_substances":false,"zone":"cottonwood_zone_A","zone_edge_m":71.0,"nbhd_edge_m":null}},{"type":"Feature","geometry":{"type":"Point","coordinates":[-122.55697631836,49.219276428223]},"properties":{"id":550629,"datetime":"2026-08-02T20:13:06.000000Z","filename":"https://olm-s3.s3.eu-west-1.amazonaws.com/2026/08/02/imaPPgPKZbSG43mslT4aBUDoDPJSDu8Q4htHIe8l.jpg","tags":[{"type":"standard","category":"other","item":"paper","quantity":2},{"type":"material","category":"material","item":"paper","quantity":1,"parent_category":"other","parent_item":"paper"}],"objects":[{"status":"OK","on_map":true,"group":"Piece","subgroup":"","layer":"Paper Piece","full_name":"Piece \u2013 Paper Piece","olm_key":"other/paper","quantity":2,"picked_up":true}],"groups":["litter"],"has_litter":true,"has_pet_waste":false,"has_substances":false,"zone":"cottonwood_zone_A","zone_edge_m":71.0,"nbhd_edge_m":null}},{"type":"Feature","geometry":{"type":"Point","coordinates":[-122.55697631836,49.219276428223]},"properties":{"id":550628,"datetime":"2026-08-02T20:13:26.000000Z","filename":"https://olm-s3.s3.eu-west-1.amazonaws.com/2026/08/02/6gbSanLxuvDraue4c4psREkf4AfR2NIc7ozC3Cxi.jpg","tags":[{"type":"standard","category":"other","item":"plastic","quantity":1},{"type":"standard","category":"smoking","item":"butts","quantity":1}],"objects":[{"status":"OK","on_map":true,"group":"Piece","subgroup":"","layer":"Plastic Piece","full_name":"Piece \u2013 Plastic Piece","olm_key":"other/plastic","quantity":1,"picked_up":true},{"status":"OK","on_map":true,"group":"Smoking","subgroup":"","layer":"Cigarette Butts","full_name":"Smoking \u2013 Cigarette Butts","olm_key":"smoking/butts","quantity":1,"picked_up":true}],"groups":["litter","substances"],"has_litter":true,"has_pet_waste":false,"has_substances":true,"zone":"cottonwood_zone_A","zone_edge_m":71.0,"nbhd_edge_m":null}},{"type":"Feature","geometry":{"type":"Point","coordinates":[-122.55697631836,49.219276428223]},"properties":{"id":550627,"datetime":"2026-08-02T20:13:46.000000Z","filename":"https://olm-s3.s3.eu-west-1.amazonaws.com/2026/08/02/i9YqTAGO2GSdj1v5djaGj2VMmURo2Pe4z4WjoFDE.jpg","tags":[{"type":"standard","category":"other","item":"plastic","quantity":1}],"objects":[{"status":"OK","on_map":true,"group":"Piece","subgroup":"","layer":"Plastic Piece","full_name":"Piece \u2013 Plastic Piece","olm_key":"other/plastic","quantity":1,"picked_up":true}],"groups":["litter"],"has_litter":true,"has_pet_waste":false,"has_substances":false,"zone":"cottonwood_zone_A","zone_edge_m":71.0,"nbhd_edge_m":null}},{"type":"Feature","geometry":{"type":"Point","coordinates":[-122.55697631836,49.219276428223]},"properties":{"id":550626,"datetime":"2026-08-02T20:14:10.000000Z","filename":"https://olm-s3.s3.eu-west-1.amazonaws.com/2026/08/02/Lwb9cGZ6176JSp2AtBPIqbcMKASFuoZKGcUyp1sm.jpg","tags":[{"type":"standard","category":"other","item":"plastic","quantity":1}],"objects":[{"status":"OK","on_map":true,"group":"Piece","subgroup":"","layer":"Plastic Piece","full_name":"Piece \u2013 Plastic Piece","olm_key":"other/plastic","quantity":1,"picked_up":true}],"groups":["litter"],"has_litter":true,"has_pet_waste":false,"has_substances":false,"zone":"cottonwood_zone_A","zone_edge_m":71.0,"nbhd_edge_m":null}},{"type":"Feature","geometry":{"type":"Point","coordinates":[-122.55712127686,49.217990875244]},"properties":{"id":550625,"datetime":"2026-08-02T20:14:27.000000Z","filename":"https://olm-s3.s3.eu-west-1.amazonaws.com/2026/08/02/HRCajO2VuvcYB2ABMEvN4m5HRE8q1Myh1FDI2MCL.jpg","tags":[{"type":"standard","category":"other","item":"plastic","quantity":1}],"objects":[{"status":"OK","on_map":true,"group":"Piece","subgroup":"","layer":"Plastic Piece","full_name":"Piece \u2013 Plastic Piece","olm_key":"other/plastic","quantity":1,"picked_up":true}],"groups":["litter"],"has_litter":true,"has_pet_waste":false,"has_substances":false,"zone":"cottonwood_zone_A","zone_edge_m":81.5,"nbhd_edge_m":null}},{"type":"Feature","geometry":{"type":"Point","coordinates":[-122.55712127686,49.217990875244]},"properties":{"id":550624,"datetime":"2026-08-02T20:14:32.000000Z","filename":"https://olm-s3.s3.eu-west-1.amazonaws.com/2026/08/02/O2laVhE0iPxHt7aELsHNjPYvzsjpiOxMRmaWJxx3.jpg","tags":[{"type":"standard","category":"softdrinks","item":"can","quantity":1,"object_type":"soda"}],"objects":[{"status":"OK","on_map":true,"group":"Convenient Food Drink","subgroup":"Drink","layer":"Aluminum Drink Cans","full_name":"Convenient Food Drink \u2013 Drink \u2013 Aluminum Drink Cans","olm_key":"softdrinks/can","quantity":1,"picked_up":true}],"groups":["litter"],"has_litter":true,"has_pet_waste":false,"has_substances":false,"zone":"cottonwood_zone_A","zone_edge_m":81.5,"nbhd_edge_m":null}},{"type":"Feature","geometry":{"type":"Point","coordinates":[-122.55712127686,49.217990875244]},"properties":{"id":550623,"datetime":"2026-08-02T20:14:41.000000Z","filename":"https://olm-s3.s3.eu-west-1.amazonaws.com/2026/08/02/oidAGmnlPMyshr5uVbawJPe3wuwN2FU1JccxlnwS.jpg","tags":[{"type":"standard","category":"softdrinks","item":"lid","quantity":1}],"objects":[{"status":"OK","on_map":true,"group":"Convenient Food Drink","subgroup":"Drink","layer":"Cold Beverage Lid","full_name":"Convenient Food Drink \u2013 Drink \u2013 Cold Beverage Lid","olm_key":"softdrinks/lid","quantity":1,"picked_up":true}],"groups":["litter"],"has_litter":true,"has_pet_waste":false,"has_substances":false,"zone":"cottonwood_zone_A","zone_edge_m":81.5,"nbhd_edge_m":null}},{"type":"Feature","geometry":{"type":"Point","coordinates":[-122.55712127686,49.217990875244]},"properties":{"id":550622,"datetime":"2026-08-02T20:15:15.000000Z","filename":"https://olm-s3.s3.eu-west-1.amazonaws.com/2026/08/02/oCJDQczKhj4WyFhDQvWaePmcMgmidGdE1ZTQwXWD.jpg","tags":[{"type":"standard","category":"softdrinks","item":"straw","quantity":3}],"objects":[{"status":"OK","on_map":true,"group":"Convenient Food Drink","subgroup":"Drink","layer":"Paper Drink Straws","full_name":"Convenient Food Drink \u2013 Drink \u2013 Paper Drink Straws","olm_key":"softdrinks/straw","quantity":3,"picked_up":true}],"groups":["litter"],"has_litter":true,"has_pet_waste":false,"has_substances":false,"zone":"cottonwood_zone_A","zone_edge_m":81.5,"nbhd_edge_m":null}},{"type":"Feature","geometry":{"type":"Point","coordinates":[-122.55712127686,49.217990875244]},"properties":{"id":550621,"datetime":"2026-08-02T20:15:46.000000Z","filename":"https://olm-s3.s3.eu-west-1.amazonaws.com/2026/08/02/hw33Lu39NMWHT34BHX4d5sEd5y71BhXMJ0AscnXR.jpg","tags":[{"type":"standard","category":"food","item":"bag","quantity":1}],"objects":[{"status":"OK","on_map":true,"group":"Household","subgroup":"","layer":"Plastic (#4) or Paper Food Bag","full_name":"Household \u2013 Plastic (#4) or Paper Food Bag","olm_key":"food/bag","quantity":1,"picked_up":true}],"groups":["litter"],"has_litter":true,"has_pet_waste":false,"has_substances":false,"zone":"cottonwood_zone_A","zone_edge_m":81.5,"nbhd_edge_m":null}},{"type":"Feature","geometry":{"type":"Point","coordinates":[-122.55712127686,49.217990875244]},"properties":{"id":550620,"datetime":"2026-08-02T20:15:55.000000Z","filename":"https://olm-s3.s3.eu-west-1.amazonaws.com/2026/08/02/vfw9hwImDDDr9OZzyt7D9XVKTmhQiDW79lu1fjrO.jpg","tags":[{"type":"standard","category":"softdrinks","item":"cup","quantity":1,"object_type":"soda"}],"objects":[{"status":"OK","on_map":true,"group":"Convenient Food Drink","subgroup":"Drink","layer":"Cold Beverage Cup","full_name":"Convenient Food Drink \u2013 Drink \u2013 Cold Beverage Cup","olm_key":"softdrinks/cup","quantity":1,"picked_up":true}],"groups":["litter"],"has_litter":true,"has_pet_waste":false,"has_substances":false,"zone":"cottonwood_zone_A","zone_edge_m":81.5,"nbhd_edge_m":null}},{"type":"Feature","geometry":{"type":"Point","coordinates":[-122.5572052002,49.217315673828]},"properties":{"id":550619,"datetime":"2026-08-02T20:16:02.000000Z","filename":"https://olm-s3.s3.eu-west-1.amazonaws.com/2026/08/02/SAbmSzBkIjUtfFeWwvUEHnnAQARDMaGzkMJ0YVvr.jpg","tags":[{"type":"standard","category":"softdrinks","item":"straw","quantity":1},{"type":"standard","category":"softdrinks","item":"lid","quantity":1}],"objects":[{"status":"OK","on_map":true,"group":"Convenient Food Drink","subgroup":"Drink","layer":"Paper Drink Straws","full_name":"Convenient Food Drink \u2013 Drink \u2013 Paper Drink Straws","olm_key":"softdrinks/straw","quantity":1,"picked_up":true},{"status":"OK","on_map":true,"group":"Convenient Food Drink","subgroup":"Drink","layer":"Cold Beverage Lid","full_name":"Convenient Food Drink \u2013 Drink \u2013 Cold Beverage Lid","olm_key":"softdrinks/lid","quantity":1,"picked_up":true}],"groups":["litter"],"has_litter":true,"has_pet_waste":false,"has_substances":false,"zone":"cottonwood_zone_A","zone_edge_m":22.9,"nbhd_edge_m":null}},{"type":"Feature","geometry":{"type":"Point","coordinates":[-122.55715179443,49.217323303223]},"properties":{"id":550618,"datetime":"2026-08-02T20:16:33.000000Z","filename":"https://olm-s3.s3.eu-west-1.amazonaws.com/2026/08/02/dO7wkLELqieurf0aKvmHMQQrM80oZb6ZtOJy1Yek.jpg","tags":[{"type":"standard","category":"other","item":"paper","quantity":1},{"type":"material","category":"material","item":"paper","quantity":1,"parent_category":"other","parent_item":"paper"}],"objects":[{"status":"OK","on_map":true,"group":"Piece","subgroup":"","layer":"Paper Piece","full_name":"Piece \u2013 Paper Piece","olm_key":"other/paper","quantity":1,"picked_up":true}],"groups":["litter"],"has_litter":true,"has_pet_waste":false,"has_substances":false,"zone":"cottonwood_zone_A","zone_edge_m":23.7,"nbhd_edge_m":null}},{"type":"Feature","geometry":{"type":"Point","coordinates":[-122.55715179443,49.217323303223]},"properties":{"id":550617,"datetime":"2026-08-02T20:16:49.000000Z","filename":"https://olm-s3.s3.eu-west-1.amazonaws.com/2026/08/02/T0Cz6dZoMWgpRVYnw2LgBYVQkhVClWPjl5YSxxPO.jpg","tags":[{"type":"standard","category":"softdrinks","item":"lid","quantity":1}],"objects":[{"status":"OK","on_map":true,"group":"Convenient Food Drink","subgroup":"Drink","layer":"Cold Beverage Lid","full_name":"Convenient Food Drink \u2013 Drink \u2013 Cold Beverage Lid","olm_key":"softdrinks/lid","quantity":1,"picked_up":true}],"groups":["litter"],"has_litter":true,"has_pet_waste":false,"has_substances":false,"zone":"cottonwood_zone_A","zone_edge_m":23.7,"nbhd_edge_m":null}},{"type":"Feature","geometry":{"type":"Point","coordinates":[-122.55715179443,49.217323303223]},"properties":{"id":550616,"datetime":"2026-08-02T20:16:57.000000Z","filename":"https://olm-s3.s3.eu-west-1.amazonaws.com/2026/08/02/XKJwKAvvUdJCSOBOtorA6KSA0FyyOAsaBgp2bgRl.jpg","tags":[{"type":"standard","category":"other","item":"paper","quantity":1},{"type":"material","category":"material","item":"paper","quantity":1,"parent_category":"other","parent_item":"paper"},{"type":"standard","category":"smoking","item":"butts","quantity":1}],"objects":[{"status":"OK","on_map":true,"group":"Piece","subgroup":"","layer":"Paper Piece","full_name":"Piece \u2013 Paper Piece","olm_key":"other/paper","quantity":1,"picked_up":true},{"status":"OK","on_map":true,"group":"Smoking","subgroup":"","layer":"Cigarette Butts","full_name":"Smoking \u2013 Cigarette Butts","olm_key":"smoking/butts","quantity":1,"picked_up":true}],"groups":["litter","substances"],"has_litter":true,"has_pet_waste":false,"has_substances":true,"zone":"cottonwood_zone_A","zone_edge_m":23.7,"nbhd_edge_m":null}},{"type":"Feature","geometry":{"type":"Point","coordinates":[-122.55715179443,49.217323303223]},"properties":{"id":550615,"datetime":"2026-08-02T20:17:06.000000Z","filename":"https://olm-s3.s3.eu-west-1.amazonaws.com/2026/08/02/daulSERVa0hFacXkS0V4uWCQ7eYBOs5ct5hiGFOf.jpg","tags":[{"type":"standard","category":"softdrinks","item":"straw_wrapper","quantity":1}],"objects":[{"status":"OK","on_map":true,"group":"Convenient Food Drink","subgroup":"Drink","layer":"Drink Straw Wrapper","full_name":"Convenient Food Drink \u2013 Drink \u2013 Drink Straw Wrapper","olm_key":"softdrinks/straw_wrapper","quantity":1,"picked_up":true}],"groups":["litter"],"has_litter":true,"has_pet_waste":false,"has_substances":false,"zone":"cottonwood_zone_A","zone_edge_m":23.7,"nbhd_edge_m":null}},{"type":"Feature","geometry":{"type":"Point","coordinates":[-122.55715179443,49.217323303223]},"properties":{"id":550614,"datetime":"2026-08-02T20:17:13.000000Z","filename":"https://olm-s3.s3.eu-west-1.amazonaws.com/2026/08/02/hnQV8u1iXJ8HOGgE1O3tgdKH4YlPJz7dI85wLPkh.jpg","tags":[{"type":"standard","category":"food","item":"packaging","quantity":1}],"objects":[{"status":"OK","on_map":true,"group":"Convenient Food Drink","subgroup":"Take-out","layer":"Food Packaging","full_name":"Convenient Food Drink \u2013 Take-out \u2013 Food Packaging","olm_key":"food/packaging","quantity":1,"picked_up":true}],"groups":["litter"],"has_litter":true,"has_pet_waste":false,"has_substances":false,"zone":"cottonwood_zone_A","zone_edge_m":23.7,"nbhd_edge_m":null}},{"type":"Feature","geometry":{"type":"Point","coordinates":[-122.55715179443,49.217323303223]},"properties":{"id":550613,"datetime":"2026-08-02T20:17:32.000000Z","filename":"https://olm-s3.s3.eu-west-1.amazonaws.com/2026/08/02/ZYT5K2ME35mN4fhYoDNnkhzH65GJCjafr1J4p7QP.jpg","tags":[{"type":"standard","category":"marine","item":"polystyrene_fragment","quantity":1}],"objects":[{"status":"OK","on_map":true,"group":"Piece","subgroup":"","layer":"Styrofoam Piece","full_name":"Piece \u2013 Styrofoam Piece","olm_key":"marine/polystyrene_fragment","quantity":1,"picked_up":true}],"groups":["litter"],"has_litter":true,"has_pet_waste":false,"has_substances":false,"zone":"cottonwood_zone_A","zone_edge_m":23.7,"nbhd_edge_m":null}},{"type":"Feature","geometry":{"type":"Point","coordinates":[-122.55715179443,49.217323303223]},"properties":{"id":550612,"datetime":"2026-08-02T20:17:39.000000Z","filename":"https://olm-s3.s3.eu-west-1.amazonaws.com/2026/08/02/qbmN9Y9JZY9KUMVOkd8q90ItH05hMIkkzMpsHpYT.jpg","tags":[{"type":"standard","category":"other","item":"paper","quantity":1}],"objects":[{"status":"OK","on_map":true,"group":"Piece","subgroup":"","layer":"Paper Piece","full_name":"Piece \u2013 Paper Piece","olm_key":"other/paper","quantity":1,"picked_up":true}],"groups":["litter"],"has_litter":true,"has_pet_waste":false,"has_substances":false,"zone":"cottonwood_zone_A","zone_edge_m":23.7,"nbhd_edge_m":null}},{"type":"Feature","geometry":{"type":"Point","coordinates":[-122.55715179443,49.217323303223]},"properties":{"id":550611,"datetime":"2026-08-02T20:17:49.000000Z","filename":"https://olm-s3.s3.eu-west-1.amazonaws.com/2026/08/02/8N8EV3SVB17HhjxAP7ipnapQDA4MISLs8SkiurVM.jpg","tags":[{"type":"standard","category":"smoking","item":"butts","quantity":2}],"objects":[{"status":"OK","on_map":true,"group":"Smoking","subgroup":"","layer":"Cigarette Butts","full_name":"Smoking \u2013 Cigarette Butts","olm_key":"smoking/butts","quantity":2,"picked_up":true}],"groups":["substances"],"has_litter":false,"has_pet_waste":false,"has_substances":true,"zone":"cottonwood_zone_A","zone_edge_m":23.7,"nbhd_edge_m":null}},{"type":"Feature","geometry":{"type":"Point","coordinates":[-122.55715179443,49.217323303223]},"properties":{"id":550610,"datetime":"2026-08-02T20:18:05.000000Z","filename":"https://olm-s3.s3.eu-west-1.amazonaws.com/2026/08/02/wFp16L0w1EsHvAEzqhK1PrCL2EHnh4DFgdVF8KGh.jpg","tags":[{"type":"standard","category":"softdrinks","item":"lid","quantity":1},{"type":"standard","category":"softdrinks","item":"straw","quantity":1},{"type":"standard","category":"softdrinks","item":"cup","quantity":1}],"objects":[{"status":"OK","on_map":true,"group":"Convenient Food Drink","subgroup":"Drink","layer":"Cold Beverage Lid","full_name":"Convenient Food Drink \u2013 Drink \u2013 Cold Beverage Lid","olm_key":"softdrinks/lid","quantity":1,"picked_up":true},{"status":"OK","on_map":true,"group":"Convenient Food Drink","subgroup":"Drink","layer":"Paper Drink Straws","full_name":"Convenient Food Drink \u2013 Drink \u2013 Paper Drink Straws","olm_key":"softdrinks/straw","quantity":1,"picked_up":true},{"status":"OK","on_map":true,"group":"Convenient Food Drink","subgroup":"Drink","layer":"Cold Beverage Cup","full_name":"Convenient Food Drink \u2013 Drink \u2013 Cold Beverage Cup","olm_key":"softdrinks/cup","quantity":1,"picked_up":true}],"groups":["litter"],"has_litter":true,"has_pet_waste":false,"has_substances":false,"zone":"cottonwood_zone_A","zone_edge_m":23.7,"nbhd_edge_m":null}},{"type":"Feature","geometry":{"type":"Point","coordinates":[-122.55715179443,49.217323303223]},"properties":{"id":550609,"datetime":"2026-08-02T20:18:26.000000Z","filename":"https://olm-s3.s3.eu-west-1.amazonaws.com/2026/08/02/FjT4e402oK2zTy8jBRjhYf3aaZ8RdjOvpEKCEOu1.jpg","tags":[{"type":"standard","category":"other","item":"paper","quantity":1},{"type":"material","category":"material","item":"paper","quantity":1,"parent_category":"other","parent_item":"paper"}],"objects":[{"status":"OK","on_map":true,"group":"Piece","subgroup":"","layer":"Paper Piece","full_name":"Piece \u2013 Paper Piece","olm_key":"other/paper","quantity":1,"picked_up":true}],"groups":["litter"],"has_litter":true,"has_pet_waste":false,"has_substances":false,"zone":"cottonwood_zone_A","zone_edge_m":23.7,"nbhd_edge_m":null}},{"type":"Feature","geometry":{"type":"Point","coordinates":[-122.55715179443,49.217323303223]},"properties":{"id":550608,"datetime":"2026-08-02T20:18:37.000000Z","filename":"https://olm-s3.s3.eu-west-1.amazonaws.com/2026/08/02/RAnsX9KYzydE6lYneoytUgs9Ior0T8wRJRJFiTwX.jpg","tags":[{"type":"standard","category":"other","item":"other","quantity":1}],"objects":[{"status":"OK","on_map":true,"group":"Household","subgroup":"","layer":"Household misc","full_name":"Household \u2013 Household misc","olm_key":"other/other","quantity":1,"picked_up":true}],"groups":["litter"],"has_litter":true,"has_pet_waste":false,"has_substances":false,"zone":"cottonwood_zone_A","zone_edge_m":23.7,"nbhd_edge_m":null}},{"type":"Feature","geometry":{"type":"Point","coordinates":[-122.55715179443,49.217323303223]},"properties":{"id":550607,"datetime":"2026-08-02T20:18:44.000000Z","filename":"https://olm-s3.s3.eu-west-1.amazonaws.com/2026/08/02/6UaMZoybEjMHE02ayjGwsfFFzPOWUptpt9BhsvfV.jpg","tags":[{"type":"standard","category":"food","item":"wrapper","quantity":1},{"type":"material","category":"material","item":"foil","quantity":1,"parent_category":"food","parent_item":"wrapper"},{"type":"material","category":"material","item":"plastic","quantity":1,"parent_category":"food","parent_item":"wrapper"}],"objects":[{"status":"OK","on_map":true,"group":"Convenient Food Drink","subgroup":"Snack","layer":"Foil / Plastic Film Snack Wrapper","full_name":"Convenient Food Drink \u2013 Snack \u2013 Foil / Plastic Film Snack Wrapper","olm_key":"food/wrapper","quantity":1,"picked_up":true}],"groups":["litter"],"has_litter":true,"has_pet_waste":false,"has_substances":false,"zone":"cottonwood_zone_A","zone_edge_m":23.7,"nbhd_edge_m":null}},{"type":"Feature","geometry":{"type":"Point","coordinates":[-122.55715179443,49.217323303223]},"properties":{"id":550606,"datetime":"2026-08-02T20:18:54.000000Z","filename":"https://olm-s3.s3.eu-west-1.amazonaws.com/2026/08/02/1lUwizVRUDx0NjW8tZuLvxwxkNjiCGWqBlrRGJOX.jpg","tags":[{"type":"standard","category":"pets","item":"dogshit_in_bag","quantity":1},{"type":"standard","category":"smoking","item":"butts","quantity":1}],"objects":[{"status":"OK","on_map":true,"group":"Fecal","subgroup":"","layer":"Pet Waste Bagged","full_name":"Fecal \u2013 Pet Waste Bagged","olm_key":"pets/dogshit_in_bag","quantity":1,"picked_up":false},{"status":"OK","on_map":true,"group":"Smoking","subgroup":"","layer":"Cigarette Butts","full_name":"Smoking \u2013 Cigarette Butts","olm_key":"smoking/butts","quantity":1,"picked_up":true}],"groups":["pet_waste","substances"],"has_litter":false,"has_pet_waste":true,"has_substances":true,"zone":"cottonwood_zone_A","zone_edge_m":23.7,"nbhd_edge_m":null}},{"type":"Feature","geometry":{"type":"Point","coordinates":[-122.55715179443,49.217323303223]},"properties":{"id":550605,"datetime":"2026-08-02T20:19:02.000000Z","filename":"https://olm-s3.s3.eu-west-1.amazonaws.com/2026/08/02/gDI0NxqJg2t1Pml22CA5CG4qhZCHSNDaRs9hnD2g.jpg","tags":[{"type":"standard","category":"food","item":"wrapper","quantity":1},{"type":"material","category":"material","item":"foil","quantity":1,"parent_category":"food","parent_item":"wrapper"},{"type":"material","category":"material","item":"plastic","quantity":1,"parent_category":"food","parent_item":"wrapper"},{"type":"standard","category":"other","item":"paper","quantity":1},{"type":"material","category":"material","item":"paper","quantity":1,"parent_category":"other","parent_item":"paper"}],"objects":[{"status":"OK","on_map":true,"group":"Convenient Food Drink","subgroup":"Snack","layer":"Foil / Plastic Film Snack Wrapper","full_name":"Convenient Food Drink \u2013 Snack \u2013 Foil / Plastic Film Snack Wrapper","olm_key":"food/wrapper","quantity":1,"picked_up":true},{"status":"OK","on_map":true,"group":"Piece","subgroup":"","layer":"Paper Piece","full_name":"Piece \u2013 Paper Piece","olm_key":"other/paper","quantity":1,"picked_up":true}],"groups":["litter"],"has_litter":true,"has_pet_waste":false,"has_substances":false,"zone":"cottonwood_zone_A","zone_edge_m":23.7,"nbhd_edge_m":null}},{"type":"Feature","geometry":{"type":"Point","coordinates":[-122.55668640137,49.216239929199]},"properties":{"id":550604,"datetime":"2026-08-02T20:19:23.000000Z","filename":"https://olm-s3.s3.eu-west-1.amazonaws.com/2026/08/02/yiMUZqGeqlexfvpBenYCDuKx8MY6xSRsKnkftmWK.jpg","tags":[{"type":"standard","category":"softdrinks","item":"bottle","quantity":1,"object_type":"water"}],"objects":[{"status":"OK","on_map":true,"group":"Convenient Food Drink","subgroup":"Drink","layer":"Plastic or Glass Drink Bottle","full_name":"Convenient Food Drink \u2013 Drink \u2013 Plastic or Glass Drink Bottle","olm_key":"softdrinks/bottle","quantity":1,"picked_up":true}],"groups":["litter"],"has_litter":true,"has_pet_waste":false,"has_substances":false,"zone":"cottonwood_zone_B","zone_edge_m":49.9,"nbhd_edge_m":null}},{"type":"Feature","geometry":{"type":"Point","coordinates":[-122.55668640137,49.216239929199]},"properties":{"id":550603,"datetime":"2026-08-02T20:19:56.000000Z","filename":"https://olm-s3.s3.eu-west-1.amazonaws.com/2026/08/02/7tbGZ6ya6au7JWMZCFfbNcTTj04Q6iSIqu2hlmFb.jpg","tags":[{"type":"standard","category":"food","item":"packaging","quantity":1},{"type":"standard","category":"food","item":"wrapper","quantity":1},{"type":"material","category":"material","item":"foil","quantity":1,"parent_category":"food","parent_item":"wrapper"},{"type":"material","category":"material","item":"plastic","quantity":1,"parent_category":"food","parent_item":"wrapper"}],"objects":[{"status":"OK","on_map":true,"group":"Convenient Food Drink","subgroup":"Take-out","layer":"Food Packaging","full_name":"Convenient Food Drink \u2013 Take-out \u2013 Food Packaging","olm_key":"food/packaging","quantity":1,"picked_up":true},{"status":"OK","on_map":true,"group":"Convenient Food Drink","subgroup":"Snack","layer":"Foil / Plastic Film Snack Wrapper","full_name":"Convenient Food Drink \u2013 Snack \u2013 Foil / Plastic Film Snack Wrapper","olm_key":"food/wrapper","quantity":1,"picked_up":true}],"groups":["litter"],"has_litter":true,"has_pet_waste":false,"has_substances":false,"zone":"cottonwood_zone_B","zone_edge_m":49.9,"nbhd_edge_m":null}},{"type":"Feature","geometry":{"type":"Point","coordinates":[-122.55668640137,49.216239929199]},"properties":{"id":550602,"datetime":"2026-08-02T20:20:22.000000Z","filename":"https://olm-s3.s3.eu-west-1.amazonaws.com/2026/08/02/8lTYDYCKrKcDw2ViK2lDeFovkY6JfUxZ0kJgWREN.jpg","tags":[{"type":"standard","category":"other","item":"plastic_bag","quantity":1}],"objects":[{"status":"OK","on_map":true,"group":"Household","subgroup":"","layer":"Household Plastic Bag","full_name":"Household \u2013 Household Plastic Bag","olm_key":"other/plastic_bag","quantity":1,"picked_up":true}],"groups":["litter"],"has_litter":true,"has_pet_waste":false,"has_substances":false,"zone":"cottonwood_zone_B","zone_edge_m":49.9,"nbhd_edge_m":null}},{"type":"Feature","geometry":{"type":"Point","coordinates":[-122.55668640137,49.216239929199]},"properties":{"id":550601,"datetime":"2026-08-02T20:20:29.000000Z","filename":"https://olm-s3.s3.eu-west-1.amazonaws.com/2026/08/02/y19nU9XnhKnmiGxadDE2qj2t8oKQ6zgNlxtddCWD.jpg","tags":[{"type":"standard","category":"other","item":"paper","quantity":1},{"type":"material","category":"material","item":"paper","quantity":1,"parent_category":"other","parent_item":"paper"}],"objects":[{"status":"OK","on_map":true,"group":"Piece","subgroup":"","layer":"Paper Piece","full_name":"Piece \u2013 Paper Piece","olm_key":"other/paper","quantity":1,"picked_up":true}],"groups":["litter"],"has_litter":true,"has_pet_waste":false,"has_substances":false,"zone":"cottonwood_zone_B","zone_edge_m":49.9,"nbhd_edge_m":null}},{"type":"Feature","geometry":{"type":"Point","coordinates":[-122.55693817139,49.215442657471]},"properties":{"id":550600,"datetime":"2026-08-02T20:20:49.000000Z","filename":"https://olm-s3.s3.eu-west-1.amazonaws.com/2026/08/02/vS40oLkdRMiKdZOZw9ZiC3Jg1s2YCC6i10MsZjHo.jpg","tags":[{"type":"standard","category":"food","item":"wrapper","quantity":1},{"type":"material","category":"material","item":"foil","quantity":1,"parent_category":"food","parent_item":"wrapper"},{"type":"material","category":"material","item":"plastic","quantity":1,"parent_category":"food","parent_item":"wrapper"}],"objects":[{"status":"OK","on_map":true,"group":"Convenient Food Drink","subgroup":"Snack","layer":"Foil / Plastic Film Snack Wrapper","full_name":"Convenient Food Drink \u2013 Snack \u2013 Foil / Plastic Film Snack Wrapper","olm_key":"food/wrapper","quantity":1,"picked_up":true}],"groups":["litter"],"has_litter":true,"has_pet_waste":false,"has_substances":false,"zone":"cottonwood_zone_B","zone_edge_m":68.2,"nbhd_edge_m":null}},{"type":"Feature","geometry":{"type":"Point","coordinates":[-122.55693817139,49.215442657471]},"properties":{"id":550599,"datetime":"2026-08-02T20:21:03.000000Z","filename":"https://olm-s3.s3.eu-west-1.amazonaws.com/2026/08/02/2MbNLv4SH56mRS8CoTOLiThVQ0vQU07c4I8GIgTy.jpg","tags":[{"type":"standard","category":"other","item":"paper","quantity":1},{"type":"material","category":"material","item":"paper","quantity":1,"parent_category":"other","parent_item":"paper"},{"type":"standard","category":"smoking","item":"butts","quantity":2}],"objects":[{"status":"OK","on_map":true,"group":"Piece","subgroup":"","layer":"Paper Piece","full_name":"Piece \u2013 Paper Piece","olm_key":"other/paper","quantity":1,"picked_up":true},{"status":"OK","on_map":true,"group":"Smoking","subgroup":"","layer":"Cigarette Butts","full_name":"Smoking \u2013 Cigarette Butts","olm_key":"smoking/butts","quantity":2,"picked_up":true}],"groups":["litter","substances"],"has_litter":true,"has_pet_waste":false,"has_substances":true,"zone":"cottonwood_zone_B","zone_edge_m":68.2,"nbhd_edge_m":null}},{"type":"Feature","geometry":{"type":"Point","coordinates":[-122.55693817139,49.215442657471]},"properties":{"id":550598,"datetime":"2026-08-02T20:21:21.000000Z","filename":"https://olm-s3.s3.eu-west-1.amazonaws.com/2026/08/02/inHGQ4FmMlbbhss6vDH3VllT5iUX127gJSGaTqO3.jpg","tags":[{"type":"standard","category":"coffee","item":"cup","quantity":1},{"type":"standard","category":"softdrinks","item":"lid","quantity":1},{"type":"standard","category":"softdrinks","item":"straw","quantity":1},{"type":"standard","category":"softdrinks","item":"cup","quantity":1,"object_type":"smoothie"}],"objects":[{"status":"OK","on_map":true,"group":"Convenient Food Drink","subgroup":"Drink","layer":"Poly-lined Hot Beverage Cup","full_name":"Convenient Food Drink \u2013 Drink \u2013 Poly-lined Hot Beverage Cup","olm_key":"coffee/cup","quantity":1,"picked_up":true},{"status":"OK","on_map":true,"group":"Convenient Food Drink","subgroup":"Drink","layer":"Cold Beverage Lid","full_name":"Convenient Food Drink \u2013 Drink \u2013 Cold Beverage Lid","olm_key":"softdrinks/lid","quantity":1,"picked_up":true},{"status":"OK","on_map":true,"group":"Convenient Food Drink","subgroup":"Drink","layer":"Paper Drink Straws","full_name":"Convenient Food Drink \u2013 Drink \u2013 Paper Drink Straws","olm_key":"softdrinks/straw","quantity":1,"picked_up":true},{"status":"OK","on_map":true,"group":"Convenient Food Drink","subgroup":"Drink","layer":"Cold Beverage Cup","full_name":"Convenient Food Drink \u2013 Drink \u2013 Cold Beverage Cup","olm_key":"softdrinks/cup","quantity":1,"picked_up":true}],"groups":["litter"],"has_litter":true,"has_pet_waste":false,"has_substances":false,"zone":"cottonwood_zone_B","zone_edge_m":68.2,"nbhd_edge_m":null}},{"type":"Feature","geometry":{"type":"Point","coordinates":[-122.55693817139,49.215442657471]},"properties":{"id":550597,"datetime":"2026-08-02T20:21:43.000000Z","filename":"https://olm-s3.s3.eu-west-1.amazonaws.com/2026/08/02/qXqpMSMe5pYWnv1QVhXaAzZr8ie6XeZSgcNvnYst.jpg","tags":[{"type":"standard","category":"other","item":"paper","quantity":1},{"type":"material","category":"material","item":"paper","quantity":1,"parent_category":"other","parent_item":"paper"}],"objects":[{"status":"OK","on_map":true,"group":"Piece","subgroup":"","layer":"Paper Piece","full_name":"Piece \u2013 Paper Piece","olm_key":"other/paper","quantity":1,"picked_up":true}],"groups":["litter"],"has_litter":true,"has_pet_waste":false,"has_substances":false,"zone":"cottonwood_zone_B","zone_edge_m":68.2,"nbhd_edge_m":null}},{"type":"Feature","geometry":{"type":"Point","coordinates":[-122.55693817139,49.215442657471]},"properties":{"id":550596,"datetime":"2026-08-02T20:22:30.000000Z","filename":"https://olm-s3.s3.eu-west-1.amazonaws.com/2026/08/02/9u0hFZGBPpxb5o2pkW33Tqk7ccXSiQNOHDrHgzU8.jpg","tags":[{"type":"standard","category":"softdrinks","item":"lid","quantity":1},{"type":"standard","category":"softdrinks","item":"straw","quantity":1},{"type":"standard","category":"softdrinks","item":"cup","quantity":1,"object_type":"smoothie"}],"objects":[{"status":"OK","on_map":true,"group":"Convenient Food Drink","subgroup":"Drink","layer":"Cold Beverage Lid","full_name":"Convenient Food Drink \u2013 Drink \u2013 Cold Beverage Lid","olm_key":"softdrinks/lid","quantity":1,"picked_up":true},{"status":"OK","on_map":true,"group":"Convenient Food Drink","subgroup":"Drink","layer":"Paper Drink Straws","full_name":"Convenient Food Drink \u2013 Drink \u2013 Paper Drink Straws","olm_key":"softdrinks/straw","quantity":1,"picked_up":true},{"status":"OK","on_map":true,"group":"Convenient Food Drink","subgroup":"Drink","layer":"Cold Beverage Cup","full_name":"Convenient Food Drink \u2013 Drink \u2013 Cold Beverage Cup","olm_key":"softdrinks/cup","quantity":1,"picked_up":true}],"groups":["litter"],"has_litter":true,"has_pet_waste":false,"has_substances":false,"zone":"cottonwood_zone_B","zone_edge_m":68.2,"nbhd_edge_m":null}},{"type":"Feature","geometry":{"type":"Point","coordinates":[-122.55693817139,49.215442657471]},"properties":{"id":550595,"datetime":"2026-08-02T20:23:04.000000Z","filename":"https://olm-s3.s3.eu-west-1.amazonaws.com/2026/08/02/tlVbQO7dRbQBSxDCEZvgu3NcbUtCu1li0w9RjCuj.jpg","tags":[{"type":"standard","category":"food","item":"wrapper","quantity":1},{"type":"material","category":"material","item":"foil","quantity":1,"parent_category":"food","parent_item":"wrapper"},{"type":"material","category":"material","item":"plastic","quantity":1,"parent_category":"food","parent_item":"wrapper"}],"objects":[{"status":"OK","on_map":true,"group":"Convenient Food Drink","subgroup":"Snack","layer":"Foil / Plastic Film Snack Wrapper","full_name":"Convenient Food Drink \u2013 Snack \u2013 Foil / Plastic Film Snack Wrapper","olm_key":"food/wrapper","quantity":1,"picked_up":true}],"groups":["litter"],"has_litter":true,"has_pet_waste":false,"has_substances":false,"zone":"cottonwood_zone_B","zone_edge_m":68.2,"nbhd_edge_m":null}},{"type":"Feature","geometry":{"type":"Point","coordinates":[-122.55693817139,49.215442657471]},"properties":{"id":550594,"datetime":"2026-08-02T20:23:23.000000Z","filename":"https://olm-s3.s3.eu-west-1.amazonaws.com/2026/08/02/pYF2F362lYRgEZRZ4vvDnsYXmt8BhVHU0bBeM1NR.jpg","tags":[{"type":"standard","category":"other","item":"paper","quantity":1},{"type":"material","category":"material","item":"paper","quantity":1,"parent_category":"other","parent_item":"paper"}],"objects":[{"status":"OK","on_map":true,"group":"Piece","subgroup":"","layer":"Paper Piece","full_name":"Piece \u2013 Paper Piece","olm_key":"other/paper","quantity":1,"picked_up":true}],"groups":["litter"],"has_litter":true,"has_pet_waste":false,"has_substances":false,"zone":"cottonwood_zone_B","zone_edge_m":68.2,"nbhd_edge_m":null}},{"type":"Feature","geometry":{"type":"Point","coordinates":[-122.55693817139,49.215442657471]},"properties":{"id":550593,"datetime":"2026-08-02T20:23:57.000000Z","filename":"https://olm-s3.s3.eu-west-1.amazonaws.com/2026/08/02/uiImZCYwCHRq65FapAO2tITVsxWATKXKSzvOoc5J.jpg","tags":[{"type":"standard","category":"softdrinks","item":"lid","quantity":1},{"type":"standard","category":"softdrinks","item":"cup","quantity":1,"object_type":"smoothie"},{"type":"standard","category":"softdrinks","item":"straw","quantity":1}],"objects":[{"status":"OK","on_map":true,"group":"Convenient Food Drink","subgroup":"Drink","layer":"Cold Beverage Lid","full_name":"Convenient Food Drink \u2013 Drink \u2013 Cold Beverage Lid","olm_key":"softdrinks/lid","quantity":1,"picked_up":true},{"status":"OK","on_map":true,"group":"Convenient Food Drink","subgroup":"Drink","layer":"Cold Beverage Cup","full_name":"Convenient Food Drink \u2013 Drink \u2013 Cold Beverage Cup","olm_key":"softdrinks/cup","quantity":1,"picked_up":true},{"status":"OK","on_map":true,"group":"Convenient Food Drink","subgroup":"Drink","layer":"Paper Drink Straws","full_name":"Convenient Food Drink \u2013 Drink \u2013 Paper Drink Straws","olm_key":"softdrinks/straw","quantity":1,"picked_up":true}],"groups":["litter"],"has_litter":true,"has_pet_waste":false,"has_substances":false,"zone":"cottonwood_zone_B","zone_edge_m":68.2,"nbhd_edge_m":null}},{"type":"Feature","geometry":{"type":"Point","coordinates":[-122.55693817139,49.215442657471]},"properties":{"id":550592,"datetime":"2026-08-02T20:24:43.000000Z","filename":"https://olm-s3.s3.eu-west-1.amazonaws.com/2026/08/02/VKsHS8mTE7QE2Wl3aOge8uzpuhijLlvLswvisxTy.jpg","tags":[{"type":"standard","category":"other","item":"other","quantity":1}],"objects":[{"status":"OK","on_map":true,"group":"Household","subgroup":"","layer":"Household misc","full_name":"Household \u2013 Household misc","olm_key":"other/other","quantity":1,"picked_up":true}],"groups":["litter"],"has_litter":true,"has_pet_waste":false,"has_substances":false,"zone":"cottonwood_zone_B","zone_edge_m":68.2,"nbhd_edge_m":null}},{"type":"Feature","geometry":{"type":"Point","coordinates":[-122.55693817139,49.215442657471]},"properties":{"id":550591,"datetime":"2026-08-02T20:25:12.000000Z","filename":"https://olm-s3.s3.eu-west-1.amazonaws.com/2026/08/02/yRiSRTmWTXssRnSRgyKkuQ4b0ILDRZTZAwlM77TI.jpg","tags":[{"type":"standard","category":"food","item":"packaging","quantity":1},{"type":"material","category":"material","item":"paper","quantity":1,"parent_category":"food","parent_item":"packaging"}],"objects":[{"status":"OK","on_map":true,"group":"Convenient Food Drink","subgroup":"Take-out","layer":"Food Packaging","full_name":"Convenient Food Drink \u2013 Take-out \u2013 Food Packaging","olm_key":"food/packaging","quantity":1,"picked_up":true}],"groups":["litter"],"has_litter":true,"has_pet_waste":false,"has_substances":false,"zone":"cottonwood_zone_B","zone_edge_m":68.2,"nbhd_edge_m":null}},{"type":"Feature","geometry":{"type":"Point","coordinates":[-122.55693817139,49.215442657471]},"properties":{"id":550590,"datetime":"2026-08-02T20:25:55.000000Z","filename":"https://olm-s3.s3.eu-west-1.amazonaws.com/2026/08/02/jecxsIlu9tcpPBpHOkwLqeQu2wTaR1pEH7BQeTAw.jpg","tags":[{"type":"standard","category":"food","item":"wrapper","quantity":1},{"type":"material","category":"material","item":"foil","quantity":1,"parent_category":"food","parent_item":"wrapper"},{"type":"material","category":"material","item":"plastic","quantity":1,"parent_category":"food","parent_item":"wrapper"}],"objects":[{"status":"OK","on_map":true,"group":"Convenient Food Drink","subgroup":"Snack","layer":"Foil / Plastic Film Snack Wrapper","full_name":"Convenient Food Drink \u2013 Snack \u2013 Foil / Plastic Film Snack Wrapper","olm_key":"food/wrapper","quantity":1,"picked_up":true}],"groups":["litter"],"has_litter":true,"has_pet_waste":false,"has_substances":false,"zone":"cottonwood_zone_B","zone_edge_m":68.2,"nbhd_edge_m":null}},{"type":"Feature","geometry":{"type":"Point","coordinates":[-122.55693817139,49.215442657471]},"properties":{"id":550589,"datetime":"2026-08-02T20:26:13.000000Z","filename":"https://olm-s3.s3.eu-west-1.amazonaws.com/2026/08/02/rhI46BpqiHI0G2SQo0TzFgGEqzhrlPbsBiBRe45B.jpg","tags":[{"type":"standard","category":"food","item":"bag","quantity":1}],"objects":[{"status":"OK","on_map":true,"group":"Household","subgroup":"","layer":"Plastic (#4) or Paper Food Bag","full_name":"Household \u2013 Plastic (#4) or Paper Food Bag","olm_key":"food/bag","quantity":1,"picked_up":true}],"groups":["litter"],"has_litter":true,"has_pet_waste":false,"has_substances":false,"zone":"cottonwood_zone_B","zone_edge_m":68.2,"nbhd_edge_m":null}},{"type":"Feature","geometry":{"type":"Point","coordinates":[-122.55693817139,49.215442657471]},"properties":{"id":550588,"datetime":"2026-08-02T20:26:20.000000Z","filename":"https://olm-s3.s3.eu-west-1.amazonaws.com/2026/08/02/oB5wL7YdhdMERJSfPL8gYGOGofnqcUiPMtxdE588.jpg","tags":[{"type":"standard","category":"smoking","item":"butts","quantity":1}],"objects":[{"status":"OK","on_map":true,"group":"Smoking","subgroup":"","layer":"Cigarette Butts","full_name":"Smoking \u2013 Cigarette Butts","olm_key":"smoking/butts","quantity":1,"picked_up":true}],"groups":["substances"],"has_litter":false,"has_pet_waste":false,"has_substances":true,"zone":"cottonwood_zone_B","zone_edge_m":68.2,"nbhd_edge_m":null}},{"type":"Feature","geometry":{"type":"Point","coordinates":[-122.55693817139,49.215442657471]},"properties":{"id":550587,"datetime":"2026-08-02T20:26:27.000000Z","filename":"https://olm-s3.s3.eu-west-1.amazonaws.com/2026/08/02/HvjWJISu4ZDtGSgbgceZQ1hFv0U5ACt9URTrIWJB.jpg","tags":[{"type":"standard","category":"other","item":"paper","quantity":1},{"type":"material","category":"material","item":"paper","quantity":1,"parent_category":"other","parent_item":"paper"},{"type":"standard","category":"other","item":"plastic","quantity":1}],"objects":[{"status":"OK","on_map":true,"group":"Piece","subgroup":"","layer":"Paper Piece","full_name":"Piece \u2013 Paper Piece","olm_key":"other/paper","quantity":1,"picked_up":true},{"status":"OK","on_map":true,"group":"Piece","subgroup":"","layer":"Plastic Piece","full_name":"Piece \u2013 Plastic Piece","olm_key":"other/plastic","quantity":1,"picked_up":true}],"groups":["litter"],"has_litter":true,"has_pet_waste":false,"has_substances":false,"zone":"cottonwood_zone_B","zone_edge_m":68.2,"nbhd_edge_m":null}},{"type":"Feature","geometry":{"type":"Point","coordinates":[-122.55697631836,49.212966918945]},"properties":{"id":550586,"datetime":"2026-08-02T20:26:34.000000Z","filename":"https://olm-s3.s3.eu-west-1.amazonaws.com/2026/08/02/jGPhzXFL8HMvdF7H0OS8Kq7p39hjKAe7KLGomnVu.jpg","tags":[{"type":"standard","category":"other","item":"paper","quantity":1},{"type":"material","category":"material","item":"paper","quantity":1,"parent_category":"other","parent_item":"paper"}],"objects":[{"status":"OK","on_map":true,"group":"Piece","subgroup":"","layer":"Paper Piece","full_name":"Piece \u2013 Paper Piece","olm_key":"other/paper","quantity":1,"picked_up":true}],"groups":["litter"],"has_litter":true,"has_pet_waste":false,"has_substances":false,"zone":"cottonwood_zone_B","zone_edge_m":38.6,"nbhd_edge_m":null}},{"type":"Feature","geometry":{"type":"Point","coordinates":[-122.55786895752,49.211025238037]},"properties":{"id":550585,"datetime":"2026-08-02T20:29:58.000000Z","filename":"https://olm-s3.s3.eu-west-1.amazonaws.com/2026/08/02/lkyZqIA0KIED0yCYBdX2a6zfMqF5jQkceD25kfMW.jpg","tags":[{"type":"standard","category":"smoking","item":"butts","quantity":1},{"type":"standard","category":"softdrinks","item":"bottle","quantity":1,"object_type":"energy"}],"objects":[{"status":"OK","on_map":true,"group":"Smoking","subgroup":"","layer":"Cigarette Butts","full_name":"Smoking \u2013 Cigarette Butts","olm_key":"smoking/butts","quantity":1,"picked_up":true},{"status":"OK","on_map":true,"group":"Convenient Food Drink","subgroup":"Drink","layer":"Plastic or Glass Drink Bottle","full_name":"Convenient Food Drink \u2013 Drink \u2013 Plastic or Glass Drink Bottle","olm_key":"softdrinks/bottle","quantity":1,"picked_up":true}],"groups":["litter","substances"],"has_litter":true,"has_pet_waste":false,"has_substances":true,"zone":"cottonwood_zone_C","zone_edge_m":135.9,"nbhd_edge_m":null}},{"type":"Feature","geometry":{"type":"Point","coordinates":[-122.55964660645,49.210029602051]},"properties":{"id":550584,"datetime":"2026-08-02T20:33:28.000000Z","filename":"https://olm-s3.s3.eu-west-1.amazonaws.com/2026/08/02/oRgxxh68AeunFU3MnbBVAhENL1S7dAsUCu3UYukl.jpg","tags":[{"type":"standard","category":"food","item":"packaging","quantity":1}],"objects":[{"status":"OK","on_map":true,"group":"Convenient Food Drink","subgroup":"Take-out","layer":"Food Packaging","full_name":"Convenient Food Drink \u2013 Take-out \u2013 Food Packaging","olm_key":"food/packaging","quantity":1,"picked_up":true}],"groups":["litter"],"has_litter":true,"has_pet_waste":false,"has_substances":false,"zone":"cottonwood_zone_C","zone_edge_m":27.8,"nbhd_edge_m":null}}]}