{"type":"FeatureCollection","features":[{"type":"Feature","geometry":{"type":"Point","coordinates":[-122.56142425537,49.207096099854]},"properties":{"id":555413,"datetime":"2026-09-29T18:40:01.000000Z","filename":"https://olm-s3.s3.eu-west-1.amazonaws.com/2026/09/29/c7H0y3LJvRQH5QrX6GH0xWNvK9xJXFuV9XTUrqne.jpg","tags":[{"type":"standard","category":"food","item":"crisp_packet","quantity":1},{"type":"standard","category":"food","item":"wrapper","quantity":1},{"type":"material","category":"material","item":"plastic","quantity":1,"parent_category":"food","parent_item":"wrapper"},{"type":"standard","category":"food","item":"tinfoil","quantity":1},{"type":"standard","category":"other","item":"other","quantity":1}],"objects":[{"status":"OK","on_map":true,"group":"Convenient Food Drink","subgroup":"Snack","layer":"Metalized Chip Bags","full_name":"Convenient Food Drink \u2013 Snack \u2013 Metalized Chip Bags","olm_key":"food/crisp_packet","quantity":1,"picked_up":true},{"status":"OK","on_map":true,"group":"Convenient Food Drink","subgroup":"Snack","layer":"Foil / Plastic Film Snack Wrapper","full_name":"Convenient Food Drink \u2013 Snack \u2013 Foil / Plastic Film Snack Wrapper","olm_key":"food/wrapper","quantity":1,"picked_up":true},{"status":"OK","on_map":true,"group":"Piece","subgroup":"","layer":"Foil Piece","full_name":"Piece \u2013 Foil Piece","olm_key":"food/tinfoil","quantity":1,"picked_up":true},{"status":"OK","on_map":true,"group":"Household","subgroup":"","layer":"Household misc","full_name":"Household \u2013 Household misc","olm_key":"other/other","quantity":1,"picked_up":true}],"groups":["litter"],"has_litter":true,"has_pet_waste":false,"has_substances":false,"zone":"cottonwood_zone_E","zone_edge_m":130.7,"nbhd_edge_m":null}},{"type":"Feature","geometry":{"type":"Point","coordinates":[-122.56120300293,49.210113525391]},"properties":{"id":555410,"datetime":"2026-09-28T20:05:09.000000Z","filename":"https://olm-s3.s3.eu-west-1.amazonaws.com/2026/09/28/hoCFZsKLv3rvNNj3lYnyQmFZSAh3VJZuwXGhqig1.jpg","tags":[{"type":"standard","category":"other","item":"plastic","quantity":1}],"objects":[{"status":"OK","on_map":true,"group":"Piece","subgroup":"","layer":"Plastic Piece","full_name":"Piece \u2013 Plastic Piece","olm_key":"other/plastic","quantity":1,"picked_up":true}],"groups":["litter"],"has_litter":true,"has_pet_waste":false,"has_substances":false,"zone":"cottonwood_zone_C","zone_edge_m":37.1,"nbhd_edge_m":null}},{"type":"Feature","geometry":{"type":"Point","coordinates":[-122.56120300293,49.210113525391]},"properties":{"id":555409,"datetime":"2026-09-28T20:05:29.000000Z","filename":"https://olm-s3.s3.eu-west-1.amazonaws.com/2026/09/28/Q2Q9R2jTmzYCcwqJSYxEwrVPVTZFGcFMHZiRMxQn.jpg","tags":[{"type":"standard","category":"softdrinks","item":"lid","quantity":1}],"objects":[{"status":"OK","on_map":true,"group":"Convenient Food Drink","subgroup":"Drink","layer":"Cold Beverage Lid","full_name":"Convenient Food Drink \u2013 Drink \u2013 Cold Beverage Lid","olm_key":"softdrinks/lid","quantity":1,"picked_up":true}],"groups":["litter"],"has_litter":true,"has_pet_waste":false,"has_substances":false,"zone":"cottonwood_zone_C","zone_edge_m":37.1,"nbhd_edge_m":null}},{"type":"Feature","geometry":{"type":"Point","coordinates":[-122.56120300293,49.210113525391]},"properties":{"id":555408,"datetime":"2026-09-28T20:05:38.000000Z","filename":"https://olm-s3.s3.eu-west-1.amazonaws.com/2026/09/28/5CW0q9zv4zSs5F0IxtrEX3QQMjT6H4g6mb5jsXE1.jpg","tags":[{"type":"standard","category":"sanitary","item":"dental_floss","quantity":1}],"objects":[{"status":"OK","on_map":true,"group":"Household","subgroup":"","layer":"Dental Waste","full_name":"Household \u2013 Dental Waste","olm_key":"sanitary/dental_floss","quantity":1,"picked_up":true}],"groups":["litter"],"has_litter":true,"has_pet_waste":false,"has_substances":false,"zone":"cottonwood_zone_C","zone_edge_m":37.1,"nbhd_edge_m":null}},{"type":"Feature","geometry":{"type":"Point","coordinates":[-122.56120300293,49.210113525391]},"properties":{"id":555407,"datetime":"2026-09-28T20:05:53.000000Z","filename":"https://olm-s3.s3.eu-west-1.amazonaws.com/2026/09/28/Oz4HI1qLZ0x1woq4bPcclgGpI7AuzwNqCsiEoTET.jpg","tags":[{"type":"standard","category":"other","item":"paper","quantity":1},{"type":"material","category":"material","item":"paper","quantity":1,"parent_category":"other","parent_item":"paper"}],"objects":[{"status":"OK","on_map":true,"group":"Piece","subgroup":"","layer":"Paper Piece","full_name":"Piece \u2013 Paper Piece","olm_key":"other/paper","quantity":1,"picked_up":true}],"groups":["litter"],"has_litter":true,"has_pet_waste":false,"has_substances":false,"zone":"cottonwood_zone_C","zone_edge_m":37.1,"nbhd_edge_m":null}},{"type":"Feature","geometry":{"type":"Point","coordinates":[-122.56120300293,49.210113525391]},"properties":{"id":555406,"datetime":"2026-09-28T20:05:57.000000Z","filename":"https://olm-s3.s3.eu-west-1.amazonaws.com/2026/09/28/emkX4k0qqL6HPp8lDFKurdnN9s4QegQzX15AiPUS.jpg","tags":[{"type":"standard","category":"other","item":"paper","quantity":1},{"type":"material","category":"material","item":"paper","quantity":1,"parent_category":"other","parent_item":"paper"}],"objects":[{"status":"OK","on_map":true,"group":"Piece","subgroup":"","layer":"Paper Piece","full_name":"Piece \u2013 Paper Piece","olm_key":"other/paper","quantity":1,"picked_up":true}],"groups":["litter"],"has_litter":true,"has_pet_waste":false,"has_substances":false,"zone":"cottonwood_zone_C","zone_edge_m":37.1,"nbhd_edge_m":null}},{"type":"Feature","geometry":{"type":"Point","coordinates":[-122.56120300293,49.210113525391]},"properties":{"id":555405,"datetime":"2026-09-28T20:06:26.000000Z","filename":"https://olm-s3.s3.eu-west-1.amazonaws.com/2026/09/28/3LUvcwz3H1Vj73vDdYm2TK4I4T3ZHCtZ1IXEMQU6.jpg","tags":[{"type":"standard","category":"food","item":"tinfoil","quantity":1}],"objects":[{"status":"OK","on_map":true,"group":"Piece","subgroup":"","layer":"Foil Piece","full_name":"Piece \u2013 Foil Piece","olm_key":"food/tinfoil","quantity":1,"picked_up":true}],"groups":["litter"],"has_litter":true,"has_pet_waste":false,"has_substances":false,"zone":"cottonwood_zone_C","zone_edge_m":37.1,"nbhd_edge_m":null}},{"type":"Feature","geometry":{"type":"Point","coordinates":[-122.56120300293,49.210113525391]},"properties":{"id":555404,"datetime":"2026-09-28T20:07:28.000000Z","filename":"https://olm-s3.s3.eu-west-1.amazonaws.com/2026/09/28/5HuPagcoVrhHQsb5XMHw5vHh8XiKYLpx5zCItMRT.jpg","tags":[{"type":"standard","category":"other","item":"paper","quantity":1},{"type":"material","category":"material","item":"paper","quantity":1,"parent_category":"other","parent_item":"paper"}],"objects":[{"status":"OK","on_map":true,"group":"Piece","subgroup":"","layer":"Paper Piece","full_name":"Piece \u2013 Paper Piece","olm_key":"other/paper","quantity":1,"picked_up":true}],"groups":["litter"],"has_litter":true,"has_pet_waste":false,"has_substances":false,"zone":"cottonwood_zone_C","zone_edge_m":37.1,"nbhd_edge_m":null}},{"type":"Feature","geometry":{"type":"Point","coordinates":[-122.56120300293,49.210113525391]},"properties":{"id":555403,"datetime":"2026-09-28T20:07:55.000000Z","filename":"https://olm-s3.s3.eu-west-1.amazonaws.com/2026/09/28/Vaf8S11DPl9SlKkZh6GnT7n2iO6aVv8wQixf0xEE.jpg","tags":[{"type":"standard","category":"smoking","item":"butts","quantity":1}],"objects":[{"status":"OK","on_map":true,"group":"Smoking","subgroup":"","layer":"Cigarette Butts","full_name":"Smoking \u2013 Cigarette Butts","olm_key":"smoking/butts","quantity":1,"picked_up":true}],"groups":["substances"],"has_litter":false,"has_pet_waste":false,"has_substances":true,"zone":"cottonwood_zone_C","zone_edge_m":37.1,"nbhd_edge_m":null}},{"type":"Feature","geometry":{"type":"Point","coordinates":[-122.56120300293,49.210113525391]},"properties":{"id":555402,"datetime":"2026-09-28T20:08:51.000000Z","filename":"https://olm-s3.s3.eu-west-1.amazonaws.com/2026/09/28/IScBMV0ugUZsggXEe2PvfTDU14juZYY3aUmpqjVA.jpg","tags":[{"type":"standard","category":"smoking","item":"butts","quantity":1}],"objects":[{"status":"OK","on_map":true,"group":"Smoking","subgroup":"","layer":"Cigarette Butts","full_name":"Smoking \u2013 Cigarette Butts","olm_key":"smoking/butts","quantity":1,"picked_up":true}],"groups":["substances"],"has_litter":false,"has_pet_waste":false,"has_substances":true,"zone":"cottonwood_zone_C","zone_edge_m":37.1,"nbhd_edge_m":null}},{"type":"Feature","geometry":{"type":"Point","coordinates":[-122.56120300293,49.210113525391]},"properties":{"id":555401,"datetime":"2026-09-28T20:09:06.000000Z","filename":"https://olm-s3.s3.eu-west-1.amazonaws.com/2026/09/28/kamDmmtk9JicLT8w6qitbFhUGilYPZH2zfJOOidi.jpg","tags":[{"type":"standard","category":"other","item":"other","quantity":1}],"objects":[{"status":"OK","on_map":true,"group":"Household","subgroup":"","layer":"Household misc","full_name":"Household \u2013 Household misc","olm_key":"other/other","quantity":1,"picked_up":true}],"groups":["litter"],"has_litter":true,"has_pet_waste":false,"has_substances":false,"zone":"cottonwood_zone_C","zone_edge_m":37.1,"nbhd_edge_m":null}},{"type":"Feature","geometry":{"type":"Point","coordinates":[-122.56120300293,49.210113525391]},"properties":{"id":555400,"datetime":"2026-09-28T20:09:34.000000Z","filename":"https://olm-s3.s3.eu-west-1.amazonaws.com/2026/09/28/jEs5zXf8i1JjJRsmGm4FWnWnzvZepGcxKbCOoW9R.jpg","tags":[{"type":"standard","category":"other","item":"paper","quantity":2},{"type":"material","category":"material","item":"paper","quantity":1,"parent_category":"other","parent_item":"paper"},{"type":"standard","category":"other","item":"plastic","quantity":1},{"type":"standard","category":"smoking","item":"butts","quantity":1}],"objects":[{"status":"OK","on_map":true,"group":"Piece","subgroup":"","layer":"Paper Piece","full_name":"Piece \u2013 Paper Piece","olm_key":"other/paper","quantity":2,"picked_up":true},{"status":"OK","on_map":true,"group":"Piece","subgroup":"","layer":"Plastic Piece","full_name":"Piece \u2013 Plastic Piece","olm_key":"other/plastic","quantity":1,"picked_up":true},{"status":"OK","on_map":true,"group":"Smoking","subgroup":"","layer":"Cigarette Butts","full_name":"Smoking \u2013 Cigarette Butts","olm_key":"smoking/butts","quantity":1,"picked_up":true}],"groups":["litter","substances"],"has_litter":true,"has_pet_waste":false,"has_substances":true,"zone":"cottonwood_zone_C","zone_edge_m":37.1,"nbhd_edge_m":null}},{"type":"Feature","geometry":{"type":"Point","coordinates":[-122.56229400635,49.207492828369]},"properties":{"id":555399,"datetime":"2026-09-28T20:09:50.000000Z","filename":"https://olm-s3.s3.eu-west-1.amazonaws.com/2026/09/28/s6GqfBcjFtVuOlt8kE3Tmin8pWmxwfIR3341EgrD.jpg","tags":[{"type":"standard","category":"other","item":"balloon","quantity":1},{"type":"custom_tag","category":"custom_tag","item":"confetti","quantity":1,"parent_category":"other","parent_item":"balloon"}],"objects":[{"status":"OK","on_map":true,"group":"Household","subgroup":"","layer":"Party Litter","full_name":"Household \u2013 Party Litter","olm_key":"other/balloon","quantity":1,"picked_up":true}],"groups":["litter"],"has_litter":true,"has_pet_waste":false,"has_substances":false,"zone":"cottonwood_zone_E","zone_edge_m":86.5,"nbhd_edge_m":null}},{"type":"Feature","geometry":{"type":"Point","coordinates":[-122.56233215332,49.207290649414]},"properties":{"id":555398,"datetime":"2026-09-28T20:10:10.000000Z","filename":"https://olm-s3.s3.eu-west-1.amazonaws.com/2026/09/28/kUwyITBorPuwX3QJSJlx4ZH4x2UowNsk9DQg49uV.jpg","tags":[{"type":"standard","category":"softdrinks","item":"packaging","quantity":1}],"objects":[{"status":"OK","on_map":true,"group":"Convenient Food Drink","subgroup":"Drink","layer":"Household or Take-out Drink Packaging","full_name":"Convenient Food Drink \u2013 Drink \u2013 Household or Take-out Drink Packaging","olm_key":"softdrinks/packaging","quantity":1,"picked_up":true}],"groups":["litter"],"has_litter":true,"has_pet_waste":false,"has_substances":false,"zone":"cottonwood_zone_E","zone_edge_m":109.0,"nbhd_edge_m":null}},{"type":"Feature","geometry":{"type":"Point","coordinates":[-122.56231689453,49.207225799561]},"properties":{"id":555397,"datetime":"2026-09-28T20:10:22.000000Z","filename":"https://olm-s3.s3.eu-west-1.amazonaws.com/2026/09/28/PcEf8zUYt8zOsykXG9l66X0ZPCUB0OtZfKXyp4MU.jpg","tags":[{"type":"standard","category":"other","item":"plastic","quantity":1}],"objects":[{"status":"OK","on_map":true,"group":"Piece","subgroup":"","layer":"Plastic Piece","full_name":"Piece \u2013 Plastic Piece","olm_key":"other/plastic","quantity":1,"picked_up":true}],"groups":["litter"],"has_litter":true,"has_pet_waste":false,"has_substances":false,"zone":"cottonwood_zone_E","zone_edge_m":116.2,"nbhd_edge_m":null}},{"type":"Feature","geometry":{"type":"Point","coordinates":[-122.56231689453,49.207237243652]},"properties":{"id":555396,"datetime":"2026-09-28T20:10:29.000000Z","filename":"https://olm-s3.s3.eu-west-1.amazonaws.com/2026/09/28/xofGFulGAyVcoA4MfKkLZB4qdn7sxhjFTs7mrjMw.jpg","tags":[{"type":"standard","category":"softdrinks","item":"bottle_cap","quantity":1}],"objects":[{"status":"OK","on_map":true,"group":"Convenient Food Drink","subgroup":"Drink","layer":"Drink Bottle Cap","full_name":"Convenient Food Drink \u2013 Drink \u2013 Drink Bottle Cap","olm_key":"softdrinks/bottle_cap","quantity":1,"picked_up":true}],"groups":["litter"],"has_litter":true,"has_pet_waste":false,"has_substances":false,"zone":"cottonwood_zone_E","zone_edge_m":115.0,"nbhd_edge_m":null}},{"type":"Feature","geometry":{"type":"Point","coordinates":[-122.56231689453,49.207237243652]},"properties":{"id":555395,"datetime":"2026-09-28T20:10:32.000000Z","filename":"https://olm-s3.s3.eu-west-1.amazonaws.com/2026/09/28/RJyxuAdbD5dAroPLsU3skpeJAnAXKHPGzPkWq1R0.jpg","tags":[{"type":"standard","category":"food","item":"napkins","quantity":1},{"type":"material","category":"material","item":"paper","quantity":1,"parent_category":"food","parent_item":"napkins"}],"objects":[{"status":"OK","on_map":true,"group":"Convenient Food Drink","subgroup":"Take-out","layer":"Napkins","full_name":"Convenient Food Drink \u2013 Take-out \u2013 Napkins","olm_key":"food/napkins","quantity":1,"picked_up":true}],"groups":["litter"],"has_litter":true,"has_pet_waste":false,"has_substances":false,"zone":"cottonwood_zone_E","zone_edge_m":115.0,"nbhd_edge_m":null}},{"type":"Feature","geometry":{"type":"Point","coordinates":[-122.56231689453,49.207237243652]},"properties":{"id":555394,"datetime":"2026-09-28T20:10:43.000000Z","filename":"https://olm-s3.s3.eu-west-1.amazonaws.com/2026/09/28/Hlq0vAkSbtB6aMaD7fpXpjJmfiMJgFjrTwtq2RT2.jpg","tags":[{"type":"standard","category":"food","item":"packaging","quantity":1}],"objects":[{"status":"OK","on_map":true,"group":"Convenient Food Drink","subgroup":"Take-out","layer":"Food Packaging","full_name":"Convenient Food Drink \u2013 Take-out \u2013 Food Packaging","olm_key":"food/packaging","quantity":1,"picked_up":true}],"groups":["litter"],"has_litter":true,"has_pet_waste":false,"has_substances":false,"zone":"cottonwood_zone_E","zone_edge_m":115.0,"nbhd_edge_m":null}},{"type":"Feature","geometry":{"type":"Point","coordinates":[-122.56231689453,49.207237243652]},"properties":{"id":555393,"datetime":"2026-09-28T20:10:58.000000Z","filename":"https://olm-s3.s3.eu-west-1.amazonaws.com/2026/09/28/fGqGQcz5t5wexojjQlnjWV4xQ48il0wVUObgXck5.jpg","tags":[{"type":"standard","category":"food","item":"packaging","quantity":1}],"objects":[{"status":"OK","on_map":true,"group":"Convenient Food Drink","subgroup":"Take-out","layer":"Food Packaging","full_name":"Convenient Food Drink \u2013 Take-out \u2013 Food Packaging","olm_key":"food/packaging","quantity":1,"picked_up":true}],"groups":["litter"],"has_litter":true,"has_pet_waste":false,"has_substances":false,"zone":"cottonwood_zone_E","zone_edge_m":115.0,"nbhd_edge_m":null}},{"type":"Feature","geometry":{"type":"Point","coordinates":[-122.56231689453,49.207237243652]},"properties":{"id":555392,"datetime":"2026-09-28T20:11:03.000000Z","filename":"https://olm-s3.s3.eu-west-1.amazonaws.com/2026/09/28/pRJjt6Y1uUYO1ep2x1FPmHplGZ0JkMVhnevv4MJL.jpg","tags":[{"type":"standard","category":"other","item":"paper","quantity":1},{"type":"material","category":"material","item":"paper","quantity":1,"parent_category":"other","parent_item":"paper"}],"objects":[{"status":"OK","on_map":true,"group":"Piece","subgroup":"","layer":"Paper Piece","full_name":"Piece \u2013 Paper Piece","olm_key":"other/paper","quantity":1,"picked_up":true}],"groups":["litter"],"has_litter":true,"has_pet_waste":false,"has_substances":false,"zone":"cottonwood_zone_E","zone_edge_m":115.0,"nbhd_edge_m":null}},{"type":"Feature","geometry":{"type":"Point","coordinates":[-122.56231689453,49.207237243652]},"properties":{"id":555391,"datetime":"2026-09-28T20:11:23.000000Z","filename":"https://olm-s3.s3.eu-west-1.amazonaws.com/2026/09/28/HwgT3R6AvXtvcwTUMZuK6S2RRr9fY3dBU5frlwq7.jpg","tags":[{"type":"standard","category":"smoking","item":"butts","quantity":1}],"objects":[{"status":"OK","on_map":true,"group":"Smoking","subgroup":"","layer":"Cigarette Butts","full_name":"Smoking \u2013 Cigarette Butts","olm_key":"smoking/butts","quantity":1,"picked_up":true}],"groups":["substances"],"has_litter":false,"has_pet_waste":false,"has_substances":true,"zone":"cottonwood_zone_E","zone_edge_m":115.0,"nbhd_edge_m":null}},{"type":"Feature","geometry":{"type":"Point","coordinates":[-122.56231689453,49.207237243652]},"properties":{"id":555390,"datetime":"2026-09-28T20:11:28.000000Z","filename":"https://olm-s3.s3.eu-west-1.amazonaws.com/2026/09/28/I2IR8kLlOOKfiglxBVZhwLS6tepNnvD0w2Owq70z.jpg","tags":[{"type":"standard","category":"smoking","item":"butts","quantity":1}],"objects":[{"status":"OK","on_map":true,"group":"Smoking","subgroup":"","layer":"Cigarette Butts","full_name":"Smoking \u2013 Cigarette Butts","olm_key":"smoking/butts","quantity":1,"picked_up":true}],"groups":["substances"],"has_litter":false,"has_pet_waste":false,"has_substances":true,"zone":"cottonwood_zone_E","zone_edge_m":115.0,"nbhd_edge_m":null}},{"type":"Feature","geometry":{"type":"Point","coordinates":[-122.56231689453,49.207237243652]},"properties":{"id":555389,"datetime":"2026-09-28T20:11:48.000000Z","filename":"https://olm-s3.s3.eu-west-1.amazonaws.com/2026/09/28/7cI4xiRkM494alQx5vD1MbPkpBPB5RBfGLHWRK3K.jpg","tags":[{"type":"standard","category":"other","item":"paper","quantity":1},{"type":"material","category":"material","item":"paper","quantity":1,"parent_category":"other","parent_item":"paper"}],"objects":[{"status":"OK","on_map":true,"group":"Piece","subgroup":"","layer":"Paper Piece","full_name":"Piece \u2013 Paper Piece","olm_key":"other/paper","quantity":1,"picked_up":true}],"groups":["litter"],"has_litter":true,"has_pet_waste":false,"has_substances":false,"zone":"cottonwood_zone_E","zone_edge_m":115.0,"nbhd_edge_m":null}},{"type":"Feature","geometry":{"type":"Point","coordinates":[-122.56231689453,49.207237243652]},"properties":{"id":555388,"datetime":"2026-09-28T20:11:53.000000Z","filename":"https://olm-s3.s3.eu-west-1.amazonaws.com/2026/09/28/TxT3KCDFmgEQHBzew38xgRa2jDR1MPxX7p91jHd8.jpg","tags":[{"type":"standard","category":"other","item":"plastic","quantity":1}],"objects":[{"status":"OK","on_map":true,"group":"Piece","subgroup":"","layer":"Plastic Piece","full_name":"Piece \u2013 Plastic Piece","olm_key":"other/plastic","quantity":1,"picked_up":true}],"groups":["litter"],"has_litter":true,"has_pet_waste":false,"has_substances":false,"zone":"cottonwood_zone_E","zone_edge_m":115.0,"nbhd_edge_m":null}},{"type":"Feature","geometry":{"type":"Point","coordinates":[-122.56231689453,49.207237243652]},"properties":{"id":555387,"datetime":"2026-09-28T20:12:13.000000Z","filename":"https://olm-s3.s3.eu-west-1.amazonaws.com/2026/09/28/SA8cULIaMWDftB33Q4B79DD0tYGkuphILA6hirU4.jpg","tags":[{"type":"standard","category":"other","item":"balloon","quantity":2},{"type":"custom_tag","category":"custom_tag","item":"tinsel","quantity":1,"parent_category":"other","parent_item":"balloon"}],"objects":[{"status":"OK","on_map":true,"group":"Household","subgroup":"","layer":"Party Litter","full_name":"Household \u2013 Party Litter","olm_key":"other/balloon","quantity":2,"picked_up":true}],"groups":["litter"],"has_litter":true,"has_pet_waste":false,"has_substances":false,"zone":"cottonwood_zone_E","zone_edge_m":115.0,"nbhd_edge_m":null}},{"type":"Feature","geometry":{"type":"Point","coordinates":[-122.56231689453,49.207237243652]},"properties":{"id":555386,"datetime":"2026-09-28T20:12:20.000000Z","filename":"https://olm-s3.s3.eu-west-1.amazonaws.com/2026/09/28/jHKljnvTYL9bDw8KCnAwwNjh6EBBsGgixlppNkzP.jpg","tags":[{"type":"standard","category":"other","item":"plastic","quantity":1}],"objects":[{"status":"OK","on_map":true,"group":"Piece","subgroup":"","layer":"Plastic Piece","full_name":"Piece \u2013 Plastic Piece","olm_key":"other/plastic","quantity":1,"picked_up":true}],"groups":["litter"],"has_litter":true,"has_pet_waste":false,"has_substances":false,"zone":"cottonwood_zone_E","zone_edge_m":115.0,"nbhd_edge_m":null}},{"type":"Feature","geometry":{"type":"Point","coordinates":[-122.56231689453,49.207237243652]},"properties":{"id":555385,"datetime":"2026-09-28T20:12:34.000000Z","filename":"https://olm-s3.s3.eu-west-1.amazonaws.com/2026/09/28/o7PsCqdhthaOsI5CB6621EpCsimoJKcnqmowJNES.jpg","tags":[{"type":"standard","category":"other","item":"paper","quantity":1},{"type":"material","category":"material","item":"paper","quantity":1,"parent_category":"other","parent_item":"paper"}],"objects":[{"status":"OK","on_map":true,"group":"Piece","subgroup":"","layer":"Paper Piece","full_name":"Piece \u2013 Paper Piece","olm_key":"other/paper","quantity":1,"picked_up":true}],"groups":["litter"],"has_litter":true,"has_pet_waste":false,"has_substances":false,"zone":"cottonwood_zone_E","zone_edge_m":115.0,"nbhd_edge_m":null}},{"type":"Feature","geometry":{"type":"Point","coordinates":[-122.56231689453,49.207237243652]},"properties":{"id":555384,"datetime":"2026-09-28T20:13:00.000000Z","filename":"https://olm-s3.s3.eu-west-1.amazonaws.com/2026/09/28/YrYkTjEEEm6RRrzA6pSna9OlQgtUhiziC3OtGfNQ.jpg","tags":[{"type":"standard","category":"other","item":"plastic","quantity":1}],"objects":[{"status":"OK","on_map":true,"group":"Piece","subgroup":"","layer":"Plastic Piece","full_name":"Piece \u2013 Plastic Piece","olm_key":"other/plastic","quantity":1,"picked_up":true}],"groups":["litter"],"has_litter":true,"has_pet_waste":false,"has_substances":false,"zone":"cottonwood_zone_E","zone_edge_m":115.0,"nbhd_edge_m":null}},{"type":"Feature","geometry":{"type":"Point","coordinates":[-122.56231689453,49.207237243652]},"properties":{"id":555383,"datetime":"2026-09-28T20:13:11.000000Z","filename":"https://olm-s3.s3.eu-west-1.amazonaws.com/2026/09/28/i0GvrLT8k61XnQZnXTcoPh6xA3EYEhOf3Bux7wOR.jpg","tags":[{"type":"standard","category":"food","item":"lid","quantity":1}],"objects":[{"status":"OK","on_map":true,"group":"Household","subgroup":"","layer":"Food Container Lid","full_name":"Household \u2013 Food Container Lid","olm_key":"food/lid","quantity":1,"picked_up":true}],"groups":["litter"],"has_litter":true,"has_pet_waste":false,"has_substances":false,"zone":"cottonwood_zone_E","zone_edge_m":115.0,"nbhd_edge_m":null}},{"type":"Feature","geometry":{"type":"Point","coordinates":[-122.56231689453,49.207237243652]},"properties":{"id":555382,"datetime":"2026-09-28T20:13:19.000000Z","filename":"https://olm-s3.s3.eu-west-1.amazonaws.com/2026/09/28/WidddooEWRXiJmSoNh7Q9kXwqzzSMiTksj0kaY9k.jpg","tags":[{"type":"standard","category":"other","item":"other","quantity":1}],"objects":[{"status":"OK","on_map":true,"group":"Household","subgroup":"","layer":"Household misc","full_name":"Household \u2013 Household misc","olm_key":"other/other","quantity":1,"picked_up":true}],"groups":["litter"],"has_litter":true,"has_pet_waste":false,"has_substances":false,"zone":"cottonwood_zone_E","zone_edge_m":115.0,"nbhd_edge_m":null}},{"type":"Feature","geometry":{"type":"Point","coordinates":[-122.56231689453,49.207237243652]},"properties":{"id":555381,"datetime":"2026-09-28T20:13:35.000000Z","filename":"https://olm-s3.s3.eu-west-1.amazonaws.com/2026/09/28/6RmxSMo6R8Cj8j8cGfUWRZ2TA8szEo5hJvdeSr2o.jpg","tags":[{"type":"standard","category":"other","item":"plastic","quantity":1}],"objects":[{"status":"OK","on_map":true,"group":"Piece","subgroup":"","layer":"Plastic Piece","full_name":"Piece \u2013 Plastic Piece","olm_key":"other/plastic","quantity":1,"picked_up":true}],"groups":["litter"],"has_litter":true,"has_pet_waste":false,"has_substances":false,"zone":"cottonwood_zone_E","zone_edge_m":115.0,"nbhd_edge_m":null}},{"type":"Feature","geometry":{"type":"Point","coordinates":[-122.56231689453,49.207237243652]},"properties":{"id":555380,"datetime":"2026-09-28T20:13:42.000000Z","filename":"https://olm-s3.s3.eu-west-1.amazonaws.com/2026/09/28/JsRIhKPwnXPUmbbIUlnWGPsBA9yEzhssohfFxt8v.jpg","tags":[{"type":"standard","category":"other","item":"plastic","quantity":1}],"objects":[{"status":"OK","on_map":true,"group":"Piece","subgroup":"","layer":"Plastic Piece","full_name":"Piece \u2013 Plastic Piece","olm_key":"other/plastic","quantity":1,"picked_up":true}],"groups":["litter"],"has_litter":true,"has_pet_waste":false,"has_substances":false,"zone":"cottonwood_zone_E","zone_edge_m":115.0,"nbhd_edge_m":null}},{"type":"Feature","geometry":{"type":"Point","coordinates":[-122.56231689453,49.207237243652]},"properties":{"id":555379,"datetime":"2026-09-28T20:13:57.000000Z","filename":"https://olm-s3.s3.eu-west-1.amazonaws.com/2026/09/28/yZyL1GcMyaCQJJ7fHxAOd903WHmJwJbjjfgT1nR3.jpg","tags":[{"type":"standard","category":"other","item":"plastic","quantity":1}],"objects":[{"status":"OK","on_map":true,"group":"Piece","subgroup":"","layer":"Plastic Piece","full_name":"Piece \u2013 Plastic Piece","olm_key":"other/plastic","quantity":1,"picked_up":true}],"groups":["litter"],"has_litter":true,"has_pet_waste":false,"has_substances":false,"zone":"cottonwood_zone_E","zone_edge_m":115.0,"nbhd_edge_m":null}},{"type":"Feature","geometry":{"type":"Point","coordinates":[-122.56231689453,49.207237243652]},"properties":{"id":555378,"datetime":"2026-09-28T20:14:09.000000Z","filename":"https://olm-s3.s3.eu-west-1.amazonaws.com/2026/09/28/onTHJzbcnkgxF9jj3sdDrl2y4ceVx3v4XQ4QHGb6.jpg","tags":[{"type":"standard","category":"other","item":"paper","quantity":1},{"type":"material","category":"material","item":"paper","quantity":1,"parent_category":"other","parent_item":"paper"}],"objects":[{"status":"OK","on_map":true,"group":"Piece","subgroup":"","layer":"Paper Piece","full_name":"Piece \u2013 Paper Piece","olm_key":"other/paper","quantity":1,"picked_up":true}],"groups":["litter"],"has_litter":true,"has_pet_waste":false,"has_substances":false,"zone":"cottonwood_zone_E","zone_edge_m":115.0,"nbhd_edge_m":null}},{"type":"Feature","geometry":{"type":"Point","coordinates":[-122.56231689453,49.207237243652]},"properties":{"id":555377,"datetime":"2026-09-28T20:14:28.000000Z","filename":"https://olm-s3.s3.eu-west-1.amazonaws.com/2026/09/28/7SkD4PmpXg8SzlcuWoHpwUl5zIBtpyqR6e4yZr6e.jpg","tags":[{"type":"standard","category":"other","item":"plastic","quantity":1}],"objects":[{"status":"OK","on_map":true,"group":"Piece","subgroup":"","layer":"Plastic Piece","full_name":"Piece \u2013 Plastic Piece","olm_key":"other/plastic","quantity":1,"picked_up":true}],"groups":["litter"],"has_litter":true,"has_pet_waste":false,"has_substances":false,"zone":"cottonwood_zone_E","zone_edge_m":115.0,"nbhd_edge_m":null}},{"type":"Feature","geometry":{"type":"Point","coordinates":[-122.56231689453,49.207237243652]},"properties":{"id":555376,"datetime":"2026-09-28T20:14:36.000000Z","filename":"https://olm-s3.s3.eu-west-1.amazonaws.com/2026/09/28/A9XTHWcEkJCO8CQe8ppzHLLU9Tv3Ztu2KS9mgsoP.jpg","tags":[{"type":"standard","category":"smoking","item":"butts","quantity":1}],"objects":[{"status":"OK","on_map":true,"group":"Smoking","subgroup":"","layer":"Cigarette Butts","full_name":"Smoking \u2013 Cigarette Butts","olm_key":"smoking/butts","quantity":1,"picked_up":true}],"groups":["substances"],"has_litter":false,"has_pet_waste":false,"has_substances":true,"zone":"cottonwood_zone_E","zone_edge_m":115.0,"nbhd_edge_m":null}},{"type":"Feature","geometry":{"type":"Point","coordinates":[-122.56227874756,49.206241607666]},"properties":{"id":555375,"datetime":"2026-09-28T20:14:43.000000Z","filename":"https://olm-s3.s3.eu-west-1.amazonaws.com/2026/09/28/6F2OLX3cfy7MEyQBiG3rOqxUgoe4WUzTmGSSGIbW.jpg","tags":[{"type":"standard","category":"other","item":"paper","quantity":1},{"type":"material","category":"material","item":"paper","quantity":1,"parent_category":"other","parent_item":"paper"}],"objects":[{"status":"OK","on_map":true,"group":"Piece","subgroup":"","layer":"Paper Piece","full_name":"Piece \u2013 Paper Piece","olm_key":"other/paper","quantity":1,"picked_up":true}],"groups":["litter"],"has_litter":true,"has_pet_waste":false,"has_substances":false,"zone":"cottonwood_zone_E","zone_edge_m":92.6,"nbhd_edge_m":null}},{"type":"Feature","geometry":{"type":"Point","coordinates":[-122.56227874756,49.206241607666]},"properties":{"id":555374,"datetime":"2026-09-28T20:14:52.000000Z","filename":"https://olm-s3.s3.eu-west-1.amazonaws.com/2026/09/28/Mj8TKtuOQmjBSwua36sMP7maabB8aYkmR1GkFmeW.jpg","tags":[{"type":"standard","category":"other","item":"paper","quantity":1},{"type":"material","category":"material","item":"paper","quantity":1,"parent_category":"other","parent_item":"paper"}],"objects":[{"status":"OK","on_map":true,"group":"Piece","subgroup":"","layer":"Paper Piece","full_name":"Piece \u2013 Paper Piece","olm_key":"other/paper","quantity":1,"picked_up":true}],"groups":["litter"],"has_litter":true,"has_pet_waste":false,"has_substances":false,"zone":"cottonwood_zone_E","zone_edge_m":92.6,"nbhd_edge_m":null}},{"type":"Feature","geometry":{"type":"Point","coordinates":[-122.56227874756,49.206241607666]},"properties":{"id":555373,"datetime":"2026-09-28T20:14:58.000000Z","filename":"https://olm-s3.s3.eu-west-1.amazonaws.com/2026/09/28/H8szz19q1G3kqLLDZHQU5y560sbEsGd7hMnIaWxp.jpg","tags":[{"type":"standard","category":"other","item":"plastic","quantity":1}],"objects":[{"status":"OK","on_map":true,"group":"Piece","subgroup":"","layer":"Plastic Piece","full_name":"Piece \u2013 Plastic Piece","olm_key":"other/plastic","quantity":1,"picked_up":true}],"groups":["litter"],"has_litter":true,"has_pet_waste":false,"has_substances":false,"zone":"cottonwood_zone_E","zone_edge_m":92.6,"nbhd_edge_m":null}},{"type":"Feature","geometry":{"type":"Point","coordinates":[-122.5622253418,49.206226348877]},"properties":{"id":555372,"datetime":"2026-09-28T20:15:05.000000Z","filename":"https://olm-s3.s3.eu-west-1.amazonaws.com/2026/09/28/57Dw8MWppbNUT6tb2pOxFeMPFtr0VmUiiUVNKczu.jpg","tags":[{"type":"standard","category":"smoking","item":"butts","quantity":1}],"objects":[{"status":"OK","on_map":true,"group":"Smoking","subgroup":"","layer":"Cigarette Butts","full_name":"Smoking \u2013 Cigarette Butts","olm_key":"smoking/butts","quantity":1,"picked_up":true}],"groups":["substances"],"has_litter":false,"has_pet_waste":false,"has_substances":true,"zone":"cottonwood_zone_E","zone_edge_m":90.9,"nbhd_edge_m":null}},{"type":"Feature","geometry":{"type":"Point","coordinates":[-122.5622253418,49.206226348877]},"properties":{"id":555371,"datetime":"2026-09-28T20:15:12.000000Z","filename":"https://olm-s3.s3.eu-west-1.amazonaws.com/2026/09/28/YYDgbyzh6BXD9DE2JncNflgMOa5pUgYh82FdLuAt.jpg","tags":[{"type":"standard","category":"smoking","item":"packaging","quantity":1}],"objects":[{"status":"OK","on_map":true,"group":"Smoking","subgroup":"","layer":"Nicotine Packaging","full_name":"Smoking \u2013 Nicotine Packaging","olm_key":"smoking/packaging","quantity":1,"picked_up":true}],"groups":["substances"],"has_litter":false,"has_pet_waste":false,"has_substances":true,"zone":"cottonwood_zone_E","zone_edge_m":90.9,"nbhd_edge_m":null}},{"type":"Feature","geometry":{"type":"Point","coordinates":[-122.56220245361,49.206214904785]},"properties":{"id":555370,"datetime":"2026-09-28T20:15:22.000000Z","filename":"https://olm-s3.s3.eu-west-1.amazonaws.com/2026/09/28/7l9Xt7SbPfzR79jrbliVtWeJAhsUr7BgYighRwlU.jpg","tags":[{"type":"standard","category":"other","item":"plastic","quantity":2}],"objects":[{"status":"OK","on_map":true,"group":"Piece","subgroup":"","layer":"Plastic Piece","full_name":"Piece \u2013 Plastic Piece","olm_key":"other/plastic","quantity":2,"picked_up":true}],"groups":["litter"],"has_litter":true,"has_pet_waste":false,"has_substances":false,"zone":"cottonwood_zone_E","zone_edge_m":89.6,"nbhd_edge_m":null}},{"type":"Feature","geometry":{"type":"Point","coordinates":[-122.56217956543,49.206188201904]},"properties":{"id":555369,"datetime":"2026-09-28T20:15:30.000000Z","filename":"https://olm-s3.s3.eu-west-1.amazonaws.com/2026/09/28/gw93EgNxzXgWjgESefa8SkFJuenvlepAo7Yt9aWs.jpg","tags":[{"type":"standard","category":"other","item":"paper","quantity":1},{"type":"material","category":"material","item":"paper","quantity":1,"parent_category":"other","parent_item":"paper"}],"objects":[{"status":"OK","on_map":true,"group":"Piece","subgroup":"","layer":"Paper Piece","full_name":"Piece \u2013 Paper Piece","olm_key":"other/paper","quantity":1,"picked_up":true}],"groups":["litter"],"has_litter":true,"has_pet_waste":false,"has_substances":false,"zone":"cottonwood_zone_E","zone_edge_m":86.6,"nbhd_edge_m":null}},{"type":"Feature","geometry":{"type":"Point","coordinates":[-122.56214904785,49.206176757812]},"properties":{"id":555368,"datetime":"2026-09-28T20:15:39.000000Z","filename":"https://olm-s3.s3.eu-west-1.amazonaws.com/2026/09/28/fXSgupkoXhVLZIAc9YLCJUQMU0WuhUB3t0OLX2pP.jpg","tags":[{"type":"standard","category":"other","item":"paper","quantity":1},{"type":"material","category":"material","item":"paper","quantity":1,"parent_category":"other","parent_item":"paper"}],"objects":[{"status":"OK","on_map":true,"group":"Piece","subgroup":"","layer":"Paper Piece","full_name":"Piece \u2013 Paper Piece","olm_key":"other/paper","quantity":1,"picked_up":true}],"groups":["litter"],"has_litter":true,"has_pet_waste":false,"has_substances":false,"zone":"cottonwood_zone_E","zone_edge_m":85.4,"nbhd_edge_m":null}},{"type":"Feature","geometry":{"type":"Point","coordinates":[-122.56213378906,49.206165313721]},"properties":{"id":555367,"datetime":"2026-09-28T20:15:52.000000Z","filename":"https://olm-s3.s3.eu-west-1.amazonaws.com/2026/09/28/YoJGI1Prxa9cUzUM8Dq22WKz2T6Y31po0rVMPuyU.jpg","tags":[{"type":"standard","category":"other","item":"plastic","quantity":1}],"objects":[{"status":"OK","on_map":true,"group":"Piece","subgroup":"","layer":"Plastic Piece","full_name":"Piece \u2013 Plastic Piece","olm_key":"other/plastic","quantity":1,"picked_up":true}],"groups":["litter"],"has_litter":true,"has_pet_waste":false,"has_substances":false,"zone":"cottonwood_zone_E","zone_edge_m":84.1,"nbhd_edge_m":null}},{"type":"Feature","geometry":{"type":"Point","coordinates":[-122.56213378906,49.206165313721]},"properties":{"id":555366,"datetime":"2026-09-28T20:16:11.000000Z","filename":"https://olm-s3.s3.eu-west-1.amazonaws.com/2026/09/28/sExoSWha0Rmm9hUDOWSVEkWdOwgy6RWwel76QoyD.jpg","tags":[{"type":"standard","category":"smoking","item":"butts","quantity":1}],"objects":[{"status":"OK","on_map":true,"group":"Smoking","subgroup":"","layer":"Cigarette Butts","full_name":"Smoking \u2013 Cigarette Butts","olm_key":"smoking/butts","quantity":1,"picked_up":true}],"groups":["substances"],"has_litter":false,"has_pet_waste":false,"has_substances":true,"zone":"cottonwood_zone_E","zone_edge_m":84.1,"nbhd_edge_m":null}},{"type":"Feature","geometry":{"type":"Point","coordinates":[-122.56213378906,49.206165313721]},"properties":{"id":555365,"datetime":"2026-09-28T20:16:15.000000Z","filename":"https://olm-s3.s3.eu-west-1.amazonaws.com/2026/09/28/kPHlwV2FSo0ed0jCeoXAicSvQ8n9ILNiVJhopAWe.jpg","tags":[{"type":"standard","category":"smoking","item":"butts","quantity":1}],"objects":[{"status":"OK","on_map":true,"group":"Smoking","subgroup":"","layer":"Cigarette Butts","full_name":"Smoking \u2013 Cigarette Butts","olm_key":"smoking/butts","quantity":1,"picked_up":true}],"groups":["substances"],"has_litter":false,"has_pet_waste":false,"has_substances":true,"zone":"cottonwood_zone_E","zone_edge_m":84.1,"nbhd_edge_m":null}},{"type":"Feature","geometry":{"type":"Point","coordinates":[-122.56213378906,49.206165313721]},"properties":{"id":555364,"datetime":"2026-09-28T20:16:22.000000Z","filename":"https://olm-s3.s3.eu-west-1.amazonaws.com/2026/09/28/9dA9O4gP7smXNDSqGiHhwxdk559ueVu2DLwQ5qWY.jpg","tags":[{"type":"standard","category":"smoking","item":"butts","quantity":1}],"objects":[{"status":"OK","on_map":true,"group":"Smoking","subgroup":"","layer":"Cigarette Butts","full_name":"Smoking \u2013 Cigarette Butts","olm_key":"smoking/butts","quantity":1,"picked_up":true}],"groups":["substances"],"has_litter":false,"has_pet_waste":false,"has_substances":true,"zone":"cottonwood_zone_E","zone_edge_m":84.1,"nbhd_edge_m":null}},{"type":"Feature","geometry":{"type":"Point","coordinates":[-122.56213378906,49.206165313721]},"properties":{"id":555363,"datetime":"2026-09-28T20:16:27.000000Z","filename":"https://olm-s3.s3.eu-west-1.amazonaws.com/2026/09/28/5i4I8wMC7NhFiqpGxXOl3t918pJu0PGtwr1RNQJA.jpg","tags":[{"type":"standard","category":"smoking","item":"butts","quantity":1}],"objects":[{"status":"OK","on_map":true,"group":"Smoking","subgroup":"","layer":"Cigarette Butts","full_name":"Smoking \u2013 Cigarette Butts","olm_key":"smoking/butts","quantity":1,"picked_up":true}],"groups":["substances"],"has_litter":false,"has_pet_waste":false,"has_substances":true,"zone":"cottonwood_zone_E","zone_edge_m":84.1,"nbhd_edge_m":null}},{"type":"Feature","geometry":{"type":"Point","coordinates":[-122.56213378906,49.206165313721]},"properties":{"id":555362,"datetime":"2026-09-28T20:16:33.000000Z","filename":"https://olm-s3.s3.eu-west-1.amazonaws.com/2026/09/28/YoeCXHfw3Aj8ICEOunD1MpOT9rCZJ3XLOUHjCdJL.jpg","tags":[{"type":"standard","category":"smoking","item":"butts","quantity":1}],"objects":[{"status":"OK","on_map":true,"group":"Smoking","subgroup":"","layer":"Cigarette Butts","full_name":"Smoking \u2013 Cigarette Butts","olm_key":"smoking/butts","quantity":1,"picked_up":true}],"groups":["substances"],"has_litter":false,"has_pet_waste":false,"has_substances":true,"zone":"cottonwood_zone_E","zone_edge_m":84.1,"nbhd_edge_m":null}},{"type":"Feature","geometry":{"type":"Point","coordinates":[-122.56213378906,49.206165313721]},"properties":{"id":555361,"datetime":"2026-09-28T20:16:37.000000Z","filename":"https://olm-s3.s3.eu-west-1.amazonaws.com/2026/09/28/SEVVS8mxfYc5mdW3CowkWtLQvrn54Uxbb8WVAMbh.jpg","tags":[{"type":"standard","category":"smoking","item":"butts","quantity":2}],"objects":[{"status":"OK","on_map":true,"group":"Smoking","subgroup":"","layer":"Cigarette Butts","full_name":"Smoking \u2013 Cigarette Butts","olm_key":"smoking/butts","quantity":2,"picked_up":true}],"groups":["substances"],"has_litter":false,"has_pet_waste":false,"has_substances":true,"zone":"cottonwood_zone_E","zone_edge_m":84.1,"nbhd_edge_m":null}},{"type":"Feature","geometry":{"type":"Point","coordinates":[-122.56213378906,49.206165313721]},"properties":{"id":555360,"datetime":"2026-09-28T20:16:48.000000Z","filename":"https://olm-s3.s3.eu-west-1.amazonaws.com/2026/09/28/SapncJVXbrRYuV6TCSrd04urKeQQU50gyVtGDbqG.jpg","tags":[{"type":"standard","category":"smoking","item":"butts","quantity":1}],"objects":[{"status":"OK","on_map":true,"group":"Smoking","subgroup":"","layer":"Cigarette Butts","full_name":"Smoking \u2013 Cigarette Butts","olm_key":"smoking/butts","quantity":1,"picked_up":true}],"groups":["substances"],"has_litter":false,"has_pet_waste":false,"has_substances":true,"zone":"cottonwood_zone_E","zone_edge_m":84.1,"nbhd_edge_m":null}},{"type":"Feature","geometry":{"type":"Point","coordinates":[-122.56213378906,49.206165313721]},"properties":{"id":555359,"datetime":"2026-09-28T20:16:53.000000Z","filename":"https://olm-s3.s3.eu-west-1.amazonaws.com/2026/09/28/moPAaquvFrheFHYnoVW5TuhwdGF0GAJETpBN3NwU.jpg","tags":[{"type":"standard","category":"other","item":"paper","quantity":1},{"type":"material","category":"material","item":"paper","quantity":1,"parent_category":"other","parent_item":"paper"},{"type":"standard","category":"smoking","item":"butts","quantity":1}],"objects":[{"status":"OK","on_map":true,"group":"Piece","subgroup":"","layer":"Paper Piece","full_name":"Piece \u2013 Paper Piece","olm_key":"other/paper","quantity":1,"picked_up":true},{"status":"OK","on_map":true,"group":"Smoking","subgroup":"","layer":"Cigarette Butts","full_name":"Smoking \u2013 Cigarette Butts","olm_key":"smoking/butts","quantity":1,"picked_up":true}],"groups":["litter","substances"],"has_litter":true,"has_pet_waste":false,"has_substances":true,"zone":"cottonwood_zone_E","zone_edge_m":84.1,"nbhd_edge_m":null}},{"type":"Feature","geometry":{"type":"Point","coordinates":[-122.56213378906,49.206165313721]},"properties":{"id":555358,"datetime":"2026-09-28T20:17:06.000000Z","filename":"https://olm-s3.s3.eu-west-1.amazonaws.com/2026/09/28/CMi5c2XG6dVRvNYObrPWbhIRBk399faU9o0TWKB9.jpg","tags":[{"type":"standard","category":"smoking","item":"butts","quantity":2}],"objects":[{"status":"OK","on_map":true,"group":"Smoking","subgroup":"","layer":"Cigarette Butts","full_name":"Smoking \u2013 Cigarette Butts","olm_key":"smoking/butts","quantity":2,"picked_up":true}],"groups":["substances"],"has_litter":false,"has_pet_waste":false,"has_substances":true,"zone":"cottonwood_zone_E","zone_edge_m":84.1,"nbhd_edge_m":null}},{"type":"Feature","geometry":{"type":"Point","coordinates":[-122.56213378906,49.206165313721]},"properties":{"id":555357,"datetime":"2026-09-28T20:17:10.000000Z","filename":"https://olm-s3.s3.eu-west-1.amazonaws.com/2026/09/28/mN7E37lRAOsF2QvT9gM5J5Rm1jVheMisD23GiCyC.jpg","tags":[{"type":"standard","category":"other","item":"paper","quantity":1},{"type":"material","category":"material","item":"paper","quantity":1,"parent_category":"other","parent_item":"paper"}],"objects":[{"status":"OK","on_map":true,"group":"Piece","subgroup":"","layer":"Paper Piece","full_name":"Piece \u2013 Paper Piece","olm_key":"other/paper","quantity":1,"picked_up":true}],"groups":["litter"],"has_litter":true,"has_pet_waste":false,"has_substances":false,"zone":"cottonwood_zone_E","zone_edge_m":84.1,"nbhd_edge_m":null}},{"type":"Feature","geometry":{"type":"Point","coordinates":[-122.56213378906,49.206165313721]},"properties":{"id":555356,"datetime":"2026-09-28T20:17:16.000000Z","filename":"https://olm-s3.s3.eu-west-1.amazonaws.com/2026/09/28/iVLmF0lrYddaC2nVUGY7T82A1zYruloTUH5HxGXE.jpg","tags":[{"type":"standard","category":"smoking","item":"butts","quantity":1}],"objects":[{"status":"OK","on_map":true,"group":"Smoking","subgroup":"","layer":"Cigarette Butts","full_name":"Smoking \u2013 Cigarette Butts","olm_key":"smoking/butts","quantity":1,"picked_up":true}],"groups":["substances"],"has_litter":false,"has_pet_waste":false,"has_substances":true,"zone":"cottonwood_zone_E","zone_edge_m":84.1,"nbhd_edge_m":null}},{"type":"Feature","geometry":{"type":"Point","coordinates":[-122.56213378906,49.206165313721]},"properties":{"id":555355,"datetime":"2026-09-28T20:17:21.000000Z","filename":"https://olm-s3.s3.eu-west-1.amazonaws.com/2026/09/28/hQFJRM1VmBQw5RtMM3Qdb962qKaHmGEV1JmtUTZT.jpg","tags":[{"type":"standard","category":"smoking","item":"butts","quantity":1}],"objects":[{"status":"OK","on_map":true,"group":"Smoking","subgroup":"","layer":"Cigarette Butts","full_name":"Smoking \u2013 Cigarette Butts","olm_key":"smoking/butts","quantity":1,"picked_up":true}],"groups":["substances"],"has_litter":false,"has_pet_waste":false,"has_substances":true,"zone":"cottonwood_zone_E","zone_edge_m":84.1,"nbhd_edge_m":null}},{"type":"Feature","geometry":{"type":"Point","coordinates":[-122.56213378906,49.206165313721]},"properties":{"id":555354,"datetime":"2026-09-28T20:17:29.000000Z","filename":"https://olm-s3.s3.eu-west-1.amazonaws.com/2026/09/28/GkpdzAhmDHGR5UQc41zCya2oQ15RRnq6EPia9kq2.jpg","tags":[{"type":"standard","category":"smoking","item":"butts","quantity":3}],"objects":[{"status":"OK","on_map":true,"group":"Smoking","subgroup":"","layer":"Cigarette Butts","full_name":"Smoking \u2013 Cigarette Butts","olm_key":"smoking/butts","quantity":3,"picked_up":true}],"groups":["substances"],"has_litter":false,"has_pet_waste":false,"has_substances":true,"zone":"cottonwood_zone_E","zone_edge_m":84.1,"nbhd_edge_m":null}},{"type":"Feature","geometry":{"type":"Point","coordinates":[-122.56219482422,49.205966949463]},"properties":{"id":555353,"datetime":"2026-09-28T20:17:42.000000Z","filename":"https://olm-s3.s3.eu-west-1.amazonaws.com/2026/09/28/OPEG0wC8ymxwLqJlSQQ3MIoMjiWurvhOGCUG7q33.jpg","tags":[{"type":"standard","category":"smoking","item":"butts","quantity":1}],"objects":[{"status":"OK","on_map":true,"group":"Smoking","subgroup":"","layer":"Cigarette Butts","full_name":"Smoking \u2013 Cigarette Butts","olm_key":"smoking/butts","quantity":1,"picked_up":true}],"groups":["substances"],"has_litter":false,"has_pet_waste":false,"has_substances":true,"zone":"cottonwood_zone_E","zone_edge_m":62.0,"nbhd_edge_m":null}},{"type":"Feature","geometry":{"type":"Point","coordinates":[-122.56219482422,49.205966949463]},"properties":{"id":555352,"datetime":"2026-09-28T20:17:49.000000Z","filename":"https://olm-s3.s3.eu-west-1.amazonaws.com/2026/09/28/7dzqNCKeth3LcmIRsX9Oj82Dnf60WQi8nc9rc3gz.jpg","tags":[{"type":"standard","category":"other","item":"plastic","quantity":1}],"objects":[{"status":"OK","on_map":true,"group":"Piece","subgroup":"","layer":"Plastic Piece","full_name":"Piece \u2013 Plastic Piece","olm_key":"other/plastic","quantity":1,"picked_up":true}],"groups":["litter"],"has_litter":true,"has_pet_waste":false,"has_substances":false,"zone":"cottonwood_zone_E","zone_edge_m":62.0,"nbhd_edge_m":null}},{"type":"Feature","geometry":{"type":"Point","coordinates":[-122.56219482422,49.205966949463]},"properties":{"id":555351,"datetime":"2026-09-28T20:17:59.000000Z","filename":"https://olm-s3.s3.eu-west-1.amazonaws.com/2026/09/28/uI8FHA2PldjdSo8jBlFT7guhqqCNLemSd6ZOgJQv.jpg","tags":[{"type":"standard","category":"smoking","item":"butts","quantity":1}],"objects":[{"status":"OK","on_map":true,"group":"Smoking","subgroup":"","layer":"Cigarette Butts","full_name":"Smoking \u2013 Cigarette Butts","olm_key":"smoking/butts","quantity":1,"picked_up":true}],"groups":["substances"],"has_litter":false,"has_pet_waste":false,"has_substances":true,"zone":"cottonwood_zone_E","zone_edge_m":62.0,"nbhd_edge_m":null}},{"type":"Feature","geometry":{"type":"Point","coordinates":[-122.56219482422,49.205966949463]},"properties":{"id":555350,"datetime":"2026-09-28T20:18:08.000000Z","filename":"https://olm-s3.s3.eu-west-1.amazonaws.com/2026/09/28/ub1JkamvCoz3HSzLo6AZ7v8gj5fBQonarbxFX3Yz.jpg","tags":[{"type":"standard","category":"other","item":"plastic","quantity":1}],"objects":[{"status":"OK","on_map":true,"group":"Piece","subgroup":"","layer":"Plastic Piece","full_name":"Piece \u2013 Plastic Piece","olm_key":"other/plastic","quantity":1,"picked_up":true}],"groups":["litter"],"has_litter":true,"has_pet_waste":false,"has_substances":false,"zone":"cottonwood_zone_E","zone_edge_m":62.0,"nbhd_edge_m":null}},{"type":"Feature","geometry":{"type":"Point","coordinates":[-122.56219482422,49.205966949463]},"properties":{"id":555349,"datetime":"2026-09-28T20:18:19.000000Z","filename":"https://olm-s3.s3.eu-west-1.amazonaws.com/2026/09/28/BHp3w9nnxS9g5ajtTSrIQETHOfnN4fsbqS9LPzUk.jpg","tags":[{"type":"standard","category":"food","item":"wrapper","quantity":1},{"type":"material","category":"material","item":"foil","quantity":1,"parent_category":"food","parent_item":"wrapper"},{"type":"material","category":"material","item":"plastic","quantity":1,"parent_category":"food","parent_item":"wrapper"},{"type":"standard","category":"other","item":"plastic","quantity":1}],"objects":[{"status":"OK","on_map":true,"group":"Convenient Food Drink","subgroup":"Snack","layer":"Foil / Plastic Film Snack Wrapper","full_name":"Convenient Food Drink \u2013 Snack \u2013 Foil / Plastic Film Snack Wrapper","olm_key":"food/wrapper","quantity":1,"picked_up":true},{"status":"OK","on_map":true,"group":"Piece","subgroup":"","layer":"Plastic Piece","full_name":"Piece \u2013 Plastic Piece","olm_key":"other/plastic","quantity":1,"picked_up":true}],"groups":["litter"],"has_litter":true,"has_pet_waste":false,"has_substances":false,"zone":"cottonwood_zone_E","zone_edge_m":62.0,"nbhd_edge_m":null}},{"type":"Feature","geometry":{"type":"Point","coordinates":[-122.56219482422,49.205966949463]},"properties":{"id":555348,"datetime":"2026-09-28T20:18:27.000000Z","filename":"https://olm-s3.s3.eu-west-1.amazonaws.com/2026/09/28/2mEQcsyYnX8TuDFs0ixP2OcU6D7yUTtV4KCfMcVJ.jpg","tags":[{"type":"standard","category":"smoking","item":"butts","quantity":2}],"objects":[{"status":"OK","on_map":true,"group":"Smoking","subgroup":"","layer":"Cigarette Butts","full_name":"Smoking \u2013 Cigarette Butts","olm_key":"smoking/butts","quantity":2,"picked_up":true}],"groups":["substances"],"has_litter":false,"has_pet_waste":false,"has_substances":true,"zone":"cottonwood_zone_E","zone_edge_m":62.0,"nbhd_edge_m":null}},{"type":"Feature","geometry":{"type":"Point","coordinates":[-122.56219482422,49.205966949463]},"properties":{"id":555347,"datetime":"2026-09-28T20:18:35.000000Z","filename":"https://olm-s3.s3.eu-west-1.amazonaws.com/2026/09/28/VKpjqKmlpxHaGJiMvu8f8WcvK9JXTUyNPM6CbivO.jpg","tags":[{"type":"standard","category":"smoking","item":"butts","quantity":1}],"objects":[{"status":"OK","on_map":true,"group":"Smoking","subgroup":"","layer":"Cigarette Butts","full_name":"Smoking \u2013 Cigarette Butts","olm_key":"smoking/butts","quantity":1,"picked_up":true}],"groups":["substances"],"has_litter":false,"has_pet_waste":false,"has_substances":true,"zone":"cottonwood_zone_E","zone_edge_m":62.0,"nbhd_edge_m":null}},{"type":"Feature","geometry":{"type":"Point","coordinates":[-122.56219482422,49.205966949463]},"properties":{"id":555346,"datetime":"2026-09-28T20:18:39.000000Z","filename":"https://olm-s3.s3.eu-west-1.amazonaws.com/2026/09/28/tzKBj5Io7bh3pND9DUzYK295RA4ptMCR7O7sjMh5.jpg","tags":[{"type":"standard","category":"other","item":"paper","quantity":1},{"type":"material","category":"material","item":"paper","quantity":1,"parent_category":"other","parent_item":"paper"}],"objects":[{"status":"OK","on_map":true,"group":"Piece","subgroup":"","layer":"Paper Piece","full_name":"Piece \u2013 Paper Piece","olm_key":"other/paper","quantity":1,"picked_up":true}],"groups":["litter"],"has_litter":true,"has_pet_waste":false,"has_substances":false,"zone":"cottonwood_zone_E","zone_edge_m":62.0,"nbhd_edge_m":null}},{"type":"Feature","geometry":{"type":"Point","coordinates":[-122.56219482422,49.205966949463]},"properties":{"id":555345,"datetime":"2026-09-28T20:18:54.000000Z","filename":"https://olm-s3.s3.eu-west-1.amazonaws.com/2026/09/28/oanpVQu7TTyw0IuavF0w6MvLFdZdXiLBWTypHloh.jpg","tags":[{"type":"standard","category":"other","item":"paper","quantity":1},{"type":"material","category":"material","item":"paper","quantity":1,"parent_category":"other","parent_item":"paper"}],"objects":[{"status":"OK","on_map":true,"group":"Piece","subgroup":"","layer":"Paper Piece","full_name":"Piece \u2013 Paper Piece","olm_key":"other/paper","quantity":1,"picked_up":true}],"groups":["litter"],"has_litter":true,"has_pet_waste":false,"has_substances":false,"zone":"cottonwood_zone_E","zone_edge_m":62.0,"nbhd_edge_m":null}},{"type":"Feature","geometry":{"type":"Point","coordinates":[-122.56273651123,49.206256866455]},"properties":{"id":555344,"datetime":"2026-09-28T20:19:06.000000Z","filename":"https://olm-s3.s3.eu-west-1.amazonaws.com/2026/09/28/YtgP45GSVeHsdJ8JQDu8SEWhdhOqAA3kJGlUofvY.jpg","tags":[{"type":"standard","category":"other","item":"plastic","quantity":1}],"objects":[{"status":"OK","on_map":true,"group":"Piece","subgroup":"","layer":"Plastic Piece","full_name":"Piece \u2013 Plastic Piece","olm_key":"other/plastic","quantity":1,"picked_up":true}],"groups":["litter"],"has_litter":true,"has_pet_waste":false,"has_substances":false,"zone":"cottonwood_zone_E","zone_edge_m":94.3,"nbhd_edge_m":null}},{"type":"Feature","geometry":{"type":"Point","coordinates":[-122.56273651123,49.206256866455]},"properties":{"id":555343,"datetime":"2026-09-28T20:19:18.000000Z","filename":"https://olm-s3.s3.eu-west-1.amazonaws.com/2026/09/28/2c2KnRagL4YH4xk2BTigl3D1J29T4hW9wr4ribwo.jpg","tags":[{"type":"standard","category":"other","item":"plastic","quantity":1}],"objects":[{"status":"OK","on_map":true,"group":"Piece","subgroup":"","layer":"Plastic Piece","full_name":"Piece \u2013 Plastic Piece","olm_key":"other/plastic","quantity":1,"picked_up":true}],"groups":["litter"],"has_litter":true,"has_pet_waste":false,"has_substances":false,"zone":"cottonwood_zone_E","zone_edge_m":94.3,"nbhd_edge_m":null}},{"type":"Feature","geometry":{"type":"Point","coordinates":[-122.56273651123,49.206256866455]},"properties":{"id":555342,"datetime":"2026-09-28T20:19:28.000000Z","filename":"https://olm-s3.s3.eu-west-1.amazonaws.com/2026/09/28/KOHIIHbozXVazBilQmgVxJE6Jr75s5YKT1ULqdAw.jpg","tags":[{"type":"standard","category":"food","item":"lid","quantity":1}],"objects":[{"status":"OK","on_map":true,"group":"Household","subgroup":"","layer":"Food Container Lid","full_name":"Household \u2013 Food Container Lid","olm_key":"food/lid","quantity":1,"picked_up":true}],"groups":["litter"],"has_litter":true,"has_pet_waste":false,"has_substances":false,"zone":"cottonwood_zone_E","zone_edge_m":94.3,"nbhd_edge_m":null}},{"type":"Feature","geometry":{"type":"Point","coordinates":[-122.56273651123,49.206256866455]},"properties":{"id":555341,"datetime":"2026-09-28T20:19:32.000000Z","filename":"https://olm-s3.s3.eu-west-1.amazonaws.com/2026/09/28/mFm7lHGKSx2cKT8N3FZEjctYb8ogJlOO8kiZi1pF.jpg","tags":[{"type":"standard","category":"other","item":"paper","quantity":1},{"type":"material","category":"material","item":"paper","quantity":1,"parent_category":"other","parent_item":"paper"}],"objects":[{"status":"OK","on_map":true,"group":"Piece","subgroup":"","layer":"Paper Piece","full_name":"Piece \u2013 Paper Piece","olm_key":"other/paper","quantity":1,"picked_up":true}],"groups":["litter"],"has_litter":true,"has_pet_waste":false,"has_substances":false,"zone":"cottonwood_zone_E","zone_edge_m":94.3,"nbhd_edge_m":null}},{"type":"Feature","geometry":{"type":"Point","coordinates":[-122.56273651123,49.206256866455]},"properties":{"id":555340,"datetime":"2026-09-28T20:19:54.000000Z","filename":"https://olm-s3.s3.eu-west-1.amazonaws.com/2026/09/28/Ty61XdyCZE1phIhCdZFbs4qwRf8WN5Y8mLvbp2kf.jpg","tags":[{"type":"standard","category":"pets","item":"dogshit","quantity":1}],"objects":[{"status":"OK","on_map":true,"group":"Fecal","subgroup":"","layer":"Pet Waste Unbagged","full_name":"Fecal \u2013 Pet Waste Unbagged","olm_key":"pets/dogshit","quantity":1,"picked_up":false}],"groups":["pet_waste"],"has_litter":false,"has_pet_waste":true,"has_substances":false,"zone":"cottonwood_zone_E","zone_edge_m":94.3,"nbhd_edge_m":null}},{"type":"Feature","geometry":{"type":"Point","coordinates":[-122.56273651123,49.206256866455]},"properties":{"id":555339,"datetime":"2026-09-28T20:20:06.000000Z","filename":"https://olm-s3.s3.eu-west-1.amazonaws.com/2026/09/28/obaj9Pva32IFfkz5hHuJaw3200VSQi8CJwBynfle.jpg","tags":[{"type":"standard","category":"other","item":"plastic","quantity":1}],"objects":[{"status":"OK","on_map":true,"group":"Piece","subgroup":"","layer":"Plastic Piece","full_name":"Piece \u2013 Plastic Piece","olm_key":"other/plastic","quantity":1,"picked_up":true}],"groups":["litter"],"has_litter":true,"has_pet_waste":false,"has_substances":false,"zone":"cottonwood_zone_E","zone_edge_m":94.3,"nbhd_edge_m":null}},{"type":"Feature","geometry":{"type":"Point","coordinates":[-122.56273651123,49.206256866455]},"properties":{"id":555338,"datetime":"2026-09-28T20:20:17.000000Z","filename":"https://olm-s3.s3.eu-west-1.amazonaws.com/2026/09/28/q2RkYye8hzTgj9AkYOVyCt1TlJNM14IqXIFnn76N.jpg","tags":[{"type":"standard","category":"other","item":"plastic","quantity":1}],"objects":[{"status":"OK","on_map":true,"group":"Piece","subgroup":"","layer":"Plastic Piece","full_name":"Piece \u2013 Plastic Piece","olm_key":"other/plastic","quantity":1,"picked_up":true}],"groups":["litter"],"has_litter":true,"has_pet_waste":false,"has_substances":false,"zone":"cottonwood_zone_E","zone_edge_m":94.3,"nbhd_edge_m":null}},{"type":"Feature","geometry":{"type":"Point","coordinates":[-122.56273651123,49.206256866455]},"properties":{"id":555337,"datetime":"2026-09-28T20:20:28.000000Z","filename":"https://olm-s3.s3.eu-west-1.amazonaws.com/2026/09/28/x4uhRiVvYuj9vbP1Ro2H1pSgBKPbW0jEGb9I2wzp.jpg","tags":[{"type":"standard","category":"other","item":"plastic","quantity":1}],"objects":[{"status":"OK","on_map":true,"group":"Piece","subgroup":"","layer":"Plastic Piece","full_name":"Piece \u2013 Plastic Piece","olm_key":"other/plastic","quantity":1,"picked_up":true}],"groups":["litter"],"has_litter":true,"has_pet_waste":false,"has_substances":false,"zone":"cottonwood_zone_E","zone_edge_m":94.3,"nbhd_edge_m":null}},{"type":"Feature","geometry":{"type":"Point","coordinates":[-122.56103515625,49.205715179443]},"properties":{"id":555336,"datetime":"2026-09-28T20:20:40.000000Z","filename":"https://olm-s3.s3.eu-west-1.amazonaws.com/2026/09/28/G7rD0DwahHMm7YhYLzTNIhpcF6mYAz6nxPEzzLyX.jpg","tags":[{"type":"standard","category":"smoking","item":"butts","quantity":2}],"objects":[{"status":"OK","on_map":true,"group":"Smoking","subgroup":"","layer":"Cigarette Butts","full_name":"Smoking \u2013 Cigarette Butts","olm_key":"smoking/butts","quantity":2,"picked_up":true}],"groups":["substances"],"has_litter":false,"has_pet_waste":false,"has_substances":true,"zone":"cottonwood_zone_E","zone_edge_m":34.0,"nbhd_edge_m":null}},{"type":"Feature","geometry":{"type":"Point","coordinates":[-122.56103515625,49.205715179443]},"properties":{"id":555335,"datetime":"2026-09-28T20:20:59.000000Z","filename":"https://olm-s3.s3.eu-west-1.amazonaws.com/2026/09/28/G9Cv3MlPCtOjrO2RLcwn4fj1FOUiFlvQEEskgsgM.jpg","tags":[{"type":"standard","category":"other","item":"plastic","quantity":1}],"objects":[{"status":"OK","on_map":true,"group":"Piece","subgroup":"","layer":"Plastic Piece","full_name":"Piece \u2013 Plastic Piece","olm_key":"other/plastic","quantity":1,"picked_up":true}],"groups":["litter"],"has_litter":true,"has_pet_waste":false,"has_substances":false,"zone":"cottonwood_zone_E","zone_edge_m":34.0,"nbhd_edge_m":null}},{"type":"Feature","geometry":{"type":"Point","coordinates":[-122.56103515625,49.205715179443]},"properties":{"id":555334,"datetime":"2026-09-28T20:21:12.000000Z","filename":"https://olm-s3.s3.eu-west-1.amazonaws.com/2026/09/28/K3mtkpf9qEU47cU9SFiHcHOmO9UAo58f0ais84SE.jpg","tags":[{"type":"standard","category":"food","item":"straw","quantity":1}],"objects":[{"status":"OK","on_map":true,"group":"Household","subgroup":"","layer":"Plastic Straws","full_name":"Household \u2013 Plastic Straws","olm_key":"food/straw","quantity":1,"picked_up":true}],"groups":["litter"],"has_litter":true,"has_pet_waste":false,"has_substances":false,"zone":"cottonwood_zone_E","zone_edge_m":34.0,"nbhd_edge_m":null}},{"type":"Feature","geometry":{"type":"Point","coordinates":[-122.56103515625,49.205715179443]},"properties":{"id":555333,"datetime":"2026-09-28T20:21:18.000000Z","filename":"https://olm-s3.s3.eu-west-1.amazonaws.com/2026/09/28/Y6BgaSjrTwMAc3rQT8RWaCf80osIAON6C8y3htfJ.jpg","tags":[{"type":"standard","category":"other","item":"paper","quantity":1},{"type":"material","category":"material","item":"paper","quantity":1,"parent_category":"other","parent_item":"paper"},{"type":"standard","category":"smoking","item":"butts","quantity":3}],"objects":[{"status":"OK","on_map":true,"group":"Piece","subgroup":"","layer":"Paper Piece","full_name":"Piece \u2013 Paper Piece","olm_key":"other/paper","quantity":1,"picked_up":true},{"status":"OK","on_map":true,"group":"Smoking","subgroup":"","layer":"Cigarette Butts","full_name":"Smoking \u2013 Cigarette Butts","olm_key":"smoking/butts","quantity":3,"picked_up":true}],"groups":["litter","substances"],"has_litter":true,"has_pet_waste":false,"has_substances":true,"zone":"cottonwood_zone_E","zone_edge_m":34.0,"nbhd_edge_m":null}},{"type":"Feature","geometry":{"type":"Point","coordinates":[-122.56103515625,49.205715179443]},"properties":{"id":555332,"datetime":"2026-09-28T20:21:32.000000Z","filename":"https://olm-s3.s3.eu-west-1.amazonaws.com/2026/09/28/USBg34GLHTTEEk29DSThNjxRProqT9jatspck1zt.jpg","tags":[{"type":"standard","category":"other","item":"plastic","quantity":1}],"objects":[{"status":"OK","on_map":true,"group":"Piece","subgroup":"","layer":"Plastic Piece","full_name":"Piece \u2013 Plastic Piece","olm_key":"other/plastic","quantity":1,"picked_up":true}],"groups":["litter"],"has_litter":true,"has_pet_waste":false,"has_substances":false,"zone":"cottonwood_zone_E","zone_edge_m":34.0,"nbhd_edge_m":null}},{"type":"Feature","geometry":{"type":"Point","coordinates":[-122.56103515625,49.205715179443]},"properties":{"id":555331,"datetime":"2026-09-28T20:21:43.000000Z","filename":"https://olm-s3.s3.eu-west-1.amazonaws.com/2026/09/28/89I5vqaTNpqCRY1HjmEB7hFeaqdIjl70QnNXgVkt.jpg","tags":[{"type":"standard","category":"smoking","item":"butts","quantity":1}],"objects":[{"status":"OK","on_map":true,"group":"Smoking","subgroup":"","layer":"Cigarette Butts","full_name":"Smoking \u2013 Cigarette Butts","olm_key":"smoking/butts","quantity":1,"picked_up":true}],"groups":["substances"],"has_litter":false,"has_pet_waste":false,"has_substances":true,"zone":"cottonwood_zone_E","zone_edge_m":34.0,"nbhd_edge_m":null}},{"type":"Feature","geometry":{"type":"Point","coordinates":[-122.56103515625,49.205715179443]},"properties":{"id":555330,"datetime":"2026-09-28T20:21:54.000000Z","filename":"https://olm-s3.s3.eu-west-1.amazonaws.com/2026/09/28/dyg2BGqmXPFhMli1uUGbLS3ZHjxilSUIhlTs3QXS.jpg","tags":[{"type":"standard","category":"other","item":"plastic","quantity":1}],"objects":[{"status":"OK","on_map":true,"group":"Piece","subgroup":"","layer":"Plastic Piece","full_name":"Piece \u2013 Plastic Piece","olm_key":"other/plastic","quantity":1,"picked_up":true}],"groups":["litter"],"has_litter":true,"has_pet_waste":false,"has_substances":false,"zone":"cottonwood_zone_E","zone_edge_m":34.0,"nbhd_edge_m":null}},{"type":"Feature","geometry":{"type":"Point","coordinates":[-122.56103515625,49.205715179443]},"properties":{"id":555329,"datetime":"2026-09-28T20:22:00.000000Z","filename":"https://olm-s3.s3.eu-west-1.amazonaws.com/2026/09/28/8ki23x4dGAujAajbyOvHX7IkdeFfLsjkDajsryeV.jpg","tags":[{"type":"standard","category":"smoking","item":"butts","quantity":1}],"objects":[{"status":"OK","on_map":true,"group":"Smoking","subgroup":"","layer":"Cigarette Butts","full_name":"Smoking \u2013 Cigarette Butts","olm_key":"smoking/butts","quantity":1,"picked_up":true}],"groups":["substances"],"has_litter":false,"has_pet_waste":false,"has_substances":true,"zone":"cottonwood_zone_E","zone_edge_m":34.0,"nbhd_edge_m":null}},{"type":"Feature","geometry":{"type":"Point","coordinates":[-122.56103515625,49.205715179443]},"properties":{"id":555328,"datetime":"2026-09-28T20:22:12.000000Z","filename":"https://olm-s3.s3.eu-west-1.amazonaws.com/2026/09/28/Zyfv1BytMAQKmlq8VoGVnEA9gdeZT2EkeRHzC9pu.jpg","tags":[{"type":"standard","category":"smoking","item":"butts","quantity":1}],"objects":[{"status":"OK","on_map":true,"group":"Smoking","subgroup":"","layer":"Cigarette Butts","full_name":"Smoking \u2013 Cigarette Butts","olm_key":"smoking/butts","quantity":1,"picked_up":true}],"groups":["substances"],"has_litter":false,"has_pet_waste":false,"has_substances":true,"zone":"cottonwood_zone_E","zone_edge_m":34.0,"nbhd_edge_m":null}},{"type":"Feature","geometry":{"type":"Point","coordinates":[-122.56103515625,49.205715179443]},"properties":{"id":555327,"datetime":"2026-09-28T20:22:15.000000Z","filename":"https://olm-s3.s3.eu-west-1.amazonaws.com/2026/09/28/8wUqWhRr6NFmeRxVnXcPoKVNwAeAoVSbS0Akpty4.jpg","tags":[{"type":"standard","category":"smoking","item":"butts","quantity":1}],"objects":[{"status":"OK","on_map":true,"group":"Smoking","subgroup":"","layer":"Cigarette Butts","full_name":"Smoking \u2013 Cigarette Butts","olm_key":"smoking/butts","quantity":1,"picked_up":true}],"groups":["substances"],"has_litter":false,"has_pet_waste":false,"has_substances":true,"zone":"cottonwood_zone_E","zone_edge_m":34.0,"nbhd_edge_m":null}},{"type":"Feature","geometry":{"type":"Point","coordinates":[-122.56103515625,49.205715179443]},"properties":{"id":555326,"datetime":"2026-09-28T20:22:43.000000Z","filename":"https://olm-s3.s3.eu-west-1.amazonaws.com/2026/09/28/Si8vefX0e1bYEjqbunQi4ujrz1PRcqwj5cQ6AkMK.jpg","tags":[{"type":"standard","category":"smoking","item":"butts","quantity":1}],"objects":[{"status":"OK","on_map":true,"group":"Smoking","subgroup":"","layer":"Cigarette Butts","full_name":"Smoking \u2013 Cigarette Butts","olm_key":"smoking/butts","quantity":1,"picked_up":true}],"groups":["substances"],"has_litter":false,"has_pet_waste":false,"has_substances":true,"zone":"cottonwood_zone_E","zone_edge_m":34.0,"nbhd_edge_m":null}},{"type":"Feature","geometry":{"type":"Point","coordinates":[-122.56103515625,49.205715179443]},"properties":{"id":555325,"datetime":"2026-09-28T20:22:48.000000Z","filename":"https://olm-s3.s3.eu-west-1.amazonaws.com/2026/09/28/324n0dNeH2GRrwgvBxxel9JCIfjVshmB0Y6uwfgG.jpg","tags":[{"type":"standard","category":"other","item":"paper","quantity":1},{"type":"material","category":"material","item":"paper","quantity":1,"parent_category":"other","parent_item":"paper"}],"objects":[{"status":"OK","on_map":true,"group":"Piece","subgroup":"","layer":"Paper Piece","full_name":"Piece \u2013 Paper Piece","olm_key":"other/paper","quantity":1,"picked_up":true}],"groups":["litter"],"has_litter":true,"has_pet_waste":false,"has_substances":false,"zone":"cottonwood_zone_E","zone_edge_m":34.0,"nbhd_edge_m":null}},{"type":"Feature","geometry":{"type":"Point","coordinates":[-122.56103515625,49.205715179443]},"properties":{"id":555324,"datetime":"2026-09-28T20:22:54.000000Z","filename":"https://olm-s3.s3.eu-west-1.amazonaws.com/2026/09/28/g0yRQQhHLAuFLzkqBDcMN04sJjqdNut9KVmG1wlf.jpg","tags":[{"type":"standard","category":"other","item":"paper","quantity":1},{"type":"material","category":"material","item":"paper","quantity":1,"parent_category":"other","parent_item":"paper"}],"objects":[{"status":"OK","on_map":true,"group":"Piece","subgroup":"","layer":"Paper Piece","full_name":"Piece \u2013 Paper Piece","olm_key":"other/paper","quantity":1,"picked_up":true}],"groups":["litter"],"has_litter":true,"has_pet_waste":false,"has_substances":false,"zone":"cottonwood_zone_E","zone_edge_m":34.0,"nbhd_edge_m":null}},{"type":"Feature","geometry":{"type":"Point","coordinates":[-122.56103515625,49.205715179443]},"properties":{"id":555323,"datetime":"2026-09-28T20:23:04.000000Z","filename":"https://olm-s3.s3.eu-west-1.amazonaws.com/2026/09/28/Q1Kq7q7YTJwJMT7xoXzBXx24YiBMqaMetLSm2s93.jpg","tags":[{"type":"standard","category":"smoking","item":"butts","quantity":1}],"objects":[{"status":"OK","on_map":true,"group":"Smoking","subgroup":"","layer":"Cigarette Butts","full_name":"Smoking \u2013 Cigarette Butts","olm_key":"smoking/butts","quantity":1,"picked_up":true}],"groups":["substances"],"has_litter":false,"has_pet_waste":false,"has_substances":true,"zone":"cottonwood_zone_E","zone_edge_m":34.0,"nbhd_edge_m":null}},{"type":"Feature","geometry":{"type":"Point","coordinates":[-122.56103515625,49.205715179443]},"properties":{"id":555322,"datetime":"2026-09-28T20:23:11.000000Z","filename":"https://olm-s3.s3.eu-west-1.amazonaws.com/2026/09/28/cNA9KuGeBdP30e6XIokTb0iyCl0CZat0d8mbUYxT.jpg","tags":[{"type":"standard","category":"smoking","item":"butts","quantity":3}],"objects":[{"status":"OK","on_map":true,"group":"Smoking","subgroup":"","layer":"Cigarette Butts","full_name":"Smoking \u2013 Cigarette Butts","olm_key":"smoking/butts","quantity":3,"picked_up":true}],"groups":["substances"],"has_litter":false,"has_pet_waste":false,"has_substances":true,"zone":"cottonwood_zone_E","zone_edge_m":34.0,"nbhd_edge_m":null}},{"type":"Feature","geometry":{"type":"Point","coordinates":[-122.56103515625,49.205715179443]},"properties":{"id":555321,"datetime":"2026-09-28T20:23:22.000000Z","filename":"https://olm-s3.s3.eu-west-1.amazonaws.com/2026/09/28/F54iWt10xQr6x0bZQEBe86y5qulxxw9CbcyGwDVf.jpg","tags":[{"type":"standard","category":"other","item":"plastic","quantity":1}],"objects":[{"status":"OK","on_map":true,"group":"Piece","subgroup":"","layer":"Plastic Piece","full_name":"Piece \u2013 Plastic Piece","olm_key":"other/plastic","quantity":1,"picked_up":true}],"groups":["litter"],"has_litter":true,"has_pet_waste":false,"has_substances":false,"zone":"cottonwood_zone_E","zone_edge_m":34.0,"nbhd_edge_m":null}},{"type":"Feature","geometry":{"type":"Point","coordinates":[-122.56103515625,49.205715179443]},"properties":{"id":555320,"datetime":"2026-09-28T20:23:25.000000Z","filename":"https://olm-s3.s3.eu-west-1.amazonaws.com/2026/09/28/GVSUHVBegJNmDorNaNmNR1QOEwyZmMS2p34hPGee.jpg","tags":[{"type":"standard","category":"smoking","item":"butts","quantity":1}],"objects":[{"status":"OK","on_map":true,"group":"Smoking","subgroup":"","layer":"Cigarette Butts","full_name":"Smoking \u2013 Cigarette Butts","olm_key":"smoking/butts","quantity":1,"picked_up":true}],"groups":["substances"],"has_litter":false,"has_pet_waste":false,"has_substances":true,"zone":"cottonwood_zone_E","zone_edge_m":34.0,"nbhd_edge_m":null}},{"type":"Feature","geometry":{"type":"Point","coordinates":[-122.56103515625,49.205715179443]},"properties":{"id":555319,"datetime":"2026-09-28T20:23:31.000000Z","filename":"https://olm-s3.s3.eu-west-1.amazonaws.com/2026/09/28/qGAiUT6OPbVZN1xI29FlRaU2adX7eVXYEqqKQCQ0.jpg","tags":[{"type":"standard","category":"food","item":"tinfoil","quantity":1}],"objects":[{"status":"OK","on_map":true,"group":"Piece","subgroup":"","layer":"Foil Piece","full_name":"Piece \u2013 Foil Piece","olm_key":"food/tinfoil","quantity":1,"picked_up":true}],"groups":["litter"],"has_litter":true,"has_pet_waste":false,"has_substances":false,"zone":"cottonwood_zone_E","zone_edge_m":34.0,"nbhd_edge_m":null}},{"type":"Feature","geometry":{"type":"Point","coordinates":[-122.56103515625,49.205715179443]},"properties":{"id":555318,"datetime":"2026-09-28T20:23:39.000000Z","filename":"https://olm-s3.s3.eu-west-1.amazonaws.com/2026/09/28/0pKk0wu6rBRHXqsFY8LqxlCDsUP3CWl8iC5y0g3g.jpg","tags":[{"type":"standard","category":"smoking","item":"butts","quantity":3}],"objects":[{"status":"OK","on_map":true,"group":"Smoking","subgroup":"","layer":"Cigarette Butts","full_name":"Smoking \u2013 Cigarette Butts","olm_key":"smoking/butts","quantity":3,"picked_up":true}],"groups":["substances"],"has_litter":false,"has_pet_waste":false,"has_substances":true,"zone":"cottonwood_zone_E","zone_edge_m":34.0,"nbhd_edge_m":null}},{"type":"Feature","geometry":{"type":"Point","coordinates":[-122.56103515625,49.205715179443]},"properties":{"id":555317,"datetime":"2026-09-28T20:23:52.000000Z","filename":"https://olm-s3.s3.eu-west-1.amazonaws.com/2026/09/28/l7wx3a2IQqd7Ipmw4iyyX3bWGbX3ZdcfjoNxSrgP.jpg","tags":[{"type":"standard","category":"smoking","item":"packaging","quantity":1}],"objects":[{"status":"OK","on_map":true,"group":"Smoking","subgroup":"","layer":"Nicotine Packaging","full_name":"Smoking \u2013 Nicotine Packaging","olm_key":"smoking/packaging","quantity":1,"picked_up":true}],"groups":["substances"],"has_litter":false,"has_pet_waste":false,"has_substances":true,"zone":"cottonwood_zone_E","zone_edge_m":34.0,"nbhd_edge_m":null}},{"type":"Feature","geometry":{"type":"Point","coordinates":[-122.56103515625,49.205715179443]},"properties":{"id":555316,"datetime":"2026-09-28T20:24:58.000000Z","filename":"https://olm-s3.s3.eu-west-1.amazonaws.com/2026/09/28/yRdWOm46qK677rrDRJnp9Rnyg9deKXmficmFTZa3.jpg","tags":[{"type":"standard","category":"other","item":"paper","quantity":1},{"type":"material","category":"material","item":"paper","quantity":1,"parent_category":"other","parent_item":"paper"}],"objects":[{"status":"OK","on_map":true,"group":"Piece","subgroup":"","layer":"Paper Piece","full_name":"Piece \u2013 Paper Piece","olm_key":"other/paper","quantity":1,"picked_up":true}],"groups":["litter"],"has_litter":true,"has_pet_waste":false,"has_substances":false,"zone":"cottonwood_zone_E","zone_edge_m":34.0,"nbhd_edge_m":null}},{"type":"Feature","geometry":{"type":"Point","coordinates":[-122.56103515625,49.205715179443]},"properties":{"id":555315,"datetime":"2026-09-28T20:25:10.000000Z","filename":"https://olm-s3.s3.eu-west-1.amazonaws.com/2026/09/28/OxQmHWXay00YynBCS5lXajRiOsmUhchxN9hdHmdy.jpg","tags":[{"type":"standard","category":"other","item":"plastic","quantity":1}],"objects":[{"status":"OK","on_map":true,"group":"Piece","subgroup":"","layer":"Plastic Piece","full_name":"Piece \u2013 Plastic Piece","olm_key":"other/plastic","quantity":1,"picked_up":true}],"groups":["litter"],"has_litter":true,"has_pet_waste":false,"has_substances":false,"zone":"cottonwood_zone_E","zone_edge_m":34.0,"nbhd_edge_m":null}},{"type":"Feature","geometry":{"type":"Point","coordinates":[-122.56103515625,49.205715179443]},"properties":{"id":555314,"datetime":"2026-09-28T20:25:13.000000Z","filename":"https://olm-s3.s3.eu-west-1.amazonaws.com/2026/09/28/wSMEr13D8GF08d0moTjLOfxqueDtrB18deWvziDP.jpg","tags":[{"type":"standard","category":"food","item":"gum","quantity":1}],"objects":[{"status":"OK","on_map":true,"group":"Convenient Food Drink","subgroup":"Snack","layer":"Chewed Gum","full_name":"Convenient Food Drink \u2013 Snack \u2013 Chewed Gum","olm_key":"food/gum","quantity":1,"picked_up":true}],"groups":["litter"],"has_litter":true,"has_pet_waste":false,"has_substances":false,"zone":"cottonwood_zone_E","zone_edge_m":34.0,"nbhd_edge_m":null}},{"type":"Feature","geometry":{"type":"Point","coordinates":[-122.56103515625,49.205715179443]},"properties":{"id":555313,"datetime":"2026-09-28T20:25:24.000000Z","filename":"https://olm-s3.s3.eu-west-1.amazonaws.com/2026/09/28/5IBjsEO0TnQGtyAONW1xtlAyo63dtULlTpZHCMMX.jpg","tags":[{"type":"standard","category":"food","item":"gum","quantity":1}],"objects":[{"status":"OK","on_map":true,"group":"Convenient Food Drink","subgroup":"Snack","layer":"Chewed Gum","full_name":"Convenient Food Drink \u2013 Snack \u2013 Chewed Gum","olm_key":"food/gum","quantity":1,"picked_up":true}],"groups":["litter"],"has_litter":true,"has_pet_waste":false,"has_substances":false,"zone":"cottonwood_zone_E","zone_edge_m":34.0,"nbhd_edge_m":null}},{"type":"Feature","geometry":{"type":"Point","coordinates":[-122.56103515625,49.205715179443]},"properties":{"id":555312,"datetime":"2026-09-28T20:25:29.000000Z","filename":"https://olm-s3.s3.eu-west-1.amazonaws.com/2026/09/28/Lvwzripx5I5MxdIVqiARSJ7eAqPDWThGPubQEOhi.jpg","tags":[{"type":"standard","category":"alcohol","item":"packaging","quantity":1}],"objects":[{"status":"OK","on_map":true,"group":"Household","subgroup":"Liquor","layer":"Liquor Packaging","full_name":"Household \u2013 Liquor \u2013 Liquor Packaging","olm_key":"alcohol/packaging","quantity":1,"picked_up":true}],"groups":["substances"],"has_litter":false,"has_pet_waste":false,"has_substances":true,"zone":"cottonwood_zone_E","zone_edge_m":34.0,"nbhd_edge_m":null}},{"type":"Feature","geometry":{"type":"Point","coordinates":[-122.56103515625,49.205715179443]},"properties":{"id":555311,"datetime":"2026-09-28T20:25:38.000000Z","filename":"https://olm-s3.s3.eu-west-1.amazonaws.com/2026/09/28/a6P8k8f4mWx5GtIHjFrPi5BbTdeBRPU6TE9qVJ0w.jpg","tags":[{"type":"standard","category":"other","item":"paper","quantity":1},{"type":"material","category":"material","item":"paper","quantity":1,"parent_category":"other","parent_item":"paper"}],"objects":[{"status":"OK","on_map":true,"group":"Piece","subgroup":"","layer":"Paper Piece","full_name":"Piece \u2013 Paper Piece","olm_key":"other/paper","quantity":1,"picked_up":true}],"groups":["litter"],"has_litter":true,"has_pet_waste":false,"has_substances":false,"zone":"cottonwood_zone_E","zone_edge_m":34.0,"nbhd_edge_m":null}},{"type":"Feature","geometry":{"type":"Point","coordinates":[-122.56036376953,49.206245422363]},"properties":{"id":555310,"datetime":"2026-09-28T20:26:00.000000Z","filename":"https://olm-s3.s3.eu-west-1.amazonaws.com/2026/09/28/GnJWNzK0GFVYpcYsOO7eQWv34UY2w3qWPG75QyfO.jpg","tags":[{"type":"standard","category":"smoking","item":"packaging","quantity":1}],"objects":[{"status":"OK","on_map":true,"group":"Smoking","subgroup":"","layer":"Nicotine Packaging","full_name":"Smoking \u2013 Nicotine Packaging","olm_key":"smoking/packaging","quantity":1,"picked_up":true}],"groups":["substances"],"has_litter":false,"has_pet_waste":false,"has_substances":true,"zone":"cottonwood_zone_E","zone_edge_m":93.0,"nbhd_edge_m":null}},{"type":"Feature","geometry":{"type":"Point","coordinates":[-122.56036376953,49.206245422363]},"properties":{"id":555309,"datetime":"2026-09-28T20:26:14.000000Z","filename":"https://olm-s3.s3.eu-west-1.amazonaws.com/2026/09/28/dSgSEb7Fl6hOs1SWF80u9k7eVUgoov8kEoqrBeaV.jpg","tags":[{"type":"standard","category":"other","item":"plastic","quantity":1},{"type":"standard","category":"pets","item":"dogshit_in_bag","quantity":1}],"objects":[{"status":"OK","on_map":true,"group":"Piece","subgroup":"","layer":"Plastic Piece","full_name":"Piece \u2013 Plastic Piece","olm_key":"other/plastic","quantity":1,"picked_up":true},{"status":"OK","on_map":true,"group":"Fecal","subgroup":"","layer":"Pet Waste Bagged","full_name":"Fecal \u2013 Pet Waste Bagged","olm_key":"pets/dogshit_in_bag","quantity":1,"picked_up":false}],"groups":["litter","pet_waste"],"has_litter":true,"has_pet_waste":true,"has_substances":false,"zone":"cottonwood_zone_E","zone_edge_m":93.0,"nbhd_edge_m":null}},{"type":"Feature","geometry":{"type":"Point","coordinates":[-122.56037139893,49.206314086914]},"properties":{"id":555308,"datetime":"2026-09-28T20:26:34.000000Z","filename":"https://olm-s3.s3.eu-west-1.amazonaws.com/2026/09/28/ETAifTDVPSse1XBG6YDsu6ypsXcigQxSdshb0HxB.jpg","tags":[{"type":"standard","category":"other","item":"paper","quantity":1},{"type":"material","category":"material","item":"paper","quantity":1,"parent_category":"other","parent_item":"paper"}],"objects":[{"status":"OK","on_map":true,"group":"Piece","subgroup":"","layer":"Paper Piece","full_name":"Piece \u2013 Paper Piece","olm_key":"other/paper","quantity":1,"picked_up":true}],"groups":["litter"],"has_litter":true,"has_pet_waste":false,"has_substances":false,"zone":"cottonwood_zone_E","zone_edge_m":100.6,"nbhd_edge_m":null}},{"type":"Feature","geometry":{"type":"Point","coordinates":[-122.56037139893,49.206310272217]},"properties":{"id":555307,"datetime":"2026-09-28T20:26:37.000000Z","filename":"https://olm-s3.s3.eu-west-1.amazonaws.com/2026/09/28/Q6uG9WbgBKjf0o58ia5dmYoZ5vvTOGo4SQVisQ7t.jpg","tags":[{"type":"standard","category":"other","item":"paper","quantity":1},{"type":"material","category":"material","item":"paper","quantity":1,"parent_category":"other","parent_item":"paper"}],"objects":[{"status":"OK","on_map":true,"group":"Piece","subgroup":"","layer":"Paper Piece","full_name":"Piece \u2013 Paper Piece","olm_key":"other/paper","quantity":1,"picked_up":true}],"groups":["litter"],"has_litter":true,"has_pet_waste":false,"has_substances":false,"zone":"cottonwood_zone_E","zone_edge_m":100.2,"nbhd_edge_m":null}},{"type":"Feature","geometry":{"type":"Point","coordinates":[-122.56035614014,49.206317901611]},"properties":{"id":555306,"datetime":"2026-09-28T20:27:10.000000Z","filename":"https://olm-s3.s3.eu-west-1.amazonaws.com/2026/09/28/Vtwp58Ud6kC7LpDM15IlMZcNJ2AA19Xby3wd49r4.jpg","tags":[{"type":"standard","category":"other","item":"other","quantity":1}],"objects":[{"status":"OK","on_map":true,"group":"Household","subgroup":"","layer":"Household misc","full_name":"Household \u2013 Household misc","olm_key":"other/other","quantity":1,"picked_up":true}],"groups":["litter"],"has_litter":true,"has_pet_waste":false,"has_substances":false,"zone":"cottonwood_zone_E","zone_edge_m":101.1,"nbhd_edge_m":null}},{"type":"Feature","geometry":{"type":"Point","coordinates":[-122.56035614014,49.206317901611]},"properties":{"id":555305,"datetime":"2026-09-28T20:27:30.000000Z","filename":"https://olm-s3.s3.eu-west-1.amazonaws.com/2026/09/28/8WwPGSSencNPOkjm5BIjoxcTblXQsEM1nGVjx1oC.jpg","tags":[{"type":"standard","category":"other","item":"paper","quantity":1},{"type":"material","category":"material","item":"paper","quantity":1,"parent_category":"other","parent_item":"paper"}],"objects":[{"status":"OK","on_map":true,"group":"Piece","subgroup":"","layer":"Paper Piece","full_name":"Piece \u2013 Paper Piece","olm_key":"other/paper","quantity":1,"picked_up":true}],"groups":["litter"],"has_litter":true,"has_pet_waste":false,"has_substances":false,"zone":"cottonwood_zone_E","zone_edge_m":101.1,"nbhd_edge_m":null}},{"type":"Feature","geometry":{"type":"Point","coordinates":[-122.56035614014,49.206317901611]},"properties":{"id":555304,"datetime":"2026-09-28T20:27:48.000000Z","filename":"https://olm-s3.s3.eu-west-1.amazonaws.com/2026/09/28/5tNbD2cTqQOja12OvZNcKhjojvzx1fSnxKYaGEBv.jpg","tags":[{"type":"standard","category":"smoking","item":"butts","quantity":1}],"objects":[{"status":"OK","on_map":true,"group":"Smoking","subgroup":"","layer":"Cigarette Butts","full_name":"Smoking \u2013 Cigarette Butts","olm_key":"smoking/butts","quantity":1,"picked_up":true}],"groups":["substances"],"has_litter":false,"has_pet_waste":false,"has_substances":true,"zone":"cottonwood_zone_E","zone_edge_m":101.1,"nbhd_edge_m":null}},{"type":"Feature","geometry":{"type":"Point","coordinates":[-122.56035614014,49.206317901611]},"properties":{"id":555303,"datetime":"2026-09-28T20:28:33.000000Z","filename":"https://olm-s3.s3.eu-west-1.amazonaws.com/2026/09/28/Ku98gqyQYH8q3ZXK8wqEgsYkT0m6kPUbugEVk5QR.jpg","tags":[{"type":"standard","category":"other","item":"paper","quantity":1},{"type":"material","category":"material","item":"paper","quantity":1,"parent_category":"other","parent_item":"paper"}],"objects":[{"status":"OK","on_map":true,"group":"Piece","subgroup":"","layer":"Paper Piece","full_name":"Piece \u2013 Paper Piece","olm_key":"other/paper","quantity":1,"picked_up":true}],"groups":["litter"],"has_litter":true,"has_pet_waste":false,"has_substances":false,"zone":"cottonwood_zone_E","zone_edge_m":101.1,"nbhd_edge_m":null}},{"type":"Feature","geometry":{"type":"Point","coordinates":[-122.56113433838,49.206645965576]},"properties":{"id":555302,"datetime":"2026-09-28T20:28:59.000000Z","filename":"https://olm-s3.s3.eu-west-1.amazonaws.com/2026/09/28/jqDdfPv1s6CLHdGxKSE5vlUrNid3zCNzCzMlMZNw.jpg","tags":[{"type":"standard","category":"other","item":"plastic","quantity":1}],"objects":[{"status":"OK","on_map":true,"group":"Piece","subgroup":"","layer":"Plastic Piece","full_name":"Piece \u2013 Plastic Piece","olm_key":"other/plastic","quantity":1,"picked_up":true}],"groups":["litter"],"has_litter":true,"has_pet_waste":false,"has_substances":false,"zone":"cottonwood_zone_E","zone_edge_m":137.6,"nbhd_edge_m":null}},{"type":"Feature","geometry":{"type":"Point","coordinates":[-122.56113433838,49.206645965576]},"properties":{"id":555301,"datetime":"2026-09-28T20:29:04.000000Z","filename":"https://olm-s3.s3.eu-west-1.amazonaws.com/2026/09/28/Opx6kMsRDDTnHJEWnzLkoXUAlUYgYYDrqewNTHnI.jpg","tags":[{"type":"standard","category":"other","item":"plastic","quantity":1}],"objects":[{"status":"OK","on_map":true,"group":"Piece","subgroup":"","layer":"Plastic Piece","full_name":"Piece \u2013 Plastic Piece","olm_key":"other/plastic","quantity":1,"picked_up":true}],"groups":["litter"],"has_litter":true,"has_pet_waste":false,"has_substances":false,"zone":"cottonwood_zone_E","zone_edge_m":137.6,"nbhd_edge_m":null}},{"type":"Feature","geometry":{"type":"Point","coordinates":[-122.56113433838,49.206645965576]},"properties":{"id":555300,"datetime":"2026-09-28T20:29:37.000000Z","filename":"https://olm-s3.s3.eu-west-1.amazonaws.com/2026/09/28/wfFu1xD62GcDoRzZpsbFgX4BsITKJA44c2DoBAX7.jpg","tags":[{"type":"standard","category":"smoking","item":"butts","quantity":1}],"objects":[{"status":"OK","on_map":true,"group":"Smoking","subgroup":"","layer":"Cigarette Butts","full_name":"Smoking \u2013 Cigarette Butts","olm_key":"smoking/butts","quantity":1,"picked_up":true}],"groups":["substances"],"has_litter":false,"has_pet_waste":false,"has_substances":true,"zone":"cottonwood_zone_E","zone_edge_m":137.6,"nbhd_edge_m":null}},{"type":"Feature","geometry":{"type":"Point","coordinates":[-122.56113433838,49.206645965576]},"properties":{"id":555299,"datetime":"2026-09-28T20:30:19.000000Z","filename":"https://olm-s3.s3.eu-west-1.amazonaws.com/2026/09/28/71Vq4QHPVck5oXJNSCRdqY8GP9liYyocXiX3l72g.jpg","tags":[{"type":"standard","category":"food","item":"bag","quantity":1}],"objects":[{"status":"OK","on_map":true,"group":"Household","subgroup":"","layer":"Plastic (#4) or Paper Food Bag","full_name":"Household \u2013 Plastic (#4) or Paper Food Bag","olm_key":"food/bag","quantity":1,"picked_up":true}],"groups":["litter"],"has_litter":true,"has_pet_waste":false,"has_substances":false,"zone":"cottonwood_zone_E","zone_edge_m":137.6,"nbhd_edge_m":null}},{"type":"Feature","geometry":{"type":"Point","coordinates":[-122.56113433838,49.206645965576]},"properties":{"id":555298,"datetime":"2026-09-28T20:30:45.000000Z","filename":"https://olm-s3.s3.eu-west-1.amazonaws.com/2026/09/28/Y49W2wHKwpllA3wuYNucgVAims7KjpW5nwUlWxhV.jpg","tags":[{"type":"standard","category":"other","item":"other","quantity":1}],"objects":[{"status":"OK","on_map":true,"group":"Household","subgroup":"","layer":"Household misc","full_name":"Household \u2013 Household misc","olm_key":"other/other","quantity":1,"picked_up":true}],"groups":["litter"],"has_litter":true,"has_pet_waste":false,"has_substances":false,"zone":"cottonwood_zone_E","zone_edge_m":137.6,"nbhd_edge_m":null}},{"type":"Feature","geometry":{"type":"Point","coordinates":[-122.56172180176,49.206951141357]},"properties":{"id":555297,"datetime":"2026-09-28T20:31:43.000000Z","filename":"https://olm-s3.s3.eu-west-1.amazonaws.com/2026/09/28/ZeHEuCy76i7CI2dngbnMyRUDnowwDzHYccfNXc7d.jpg","tags":[{"type":"standard","category":"other","item":"plastic","quantity":1}],"objects":[{"status":"OK","on_map":true,"group":"Piece","subgroup":"","layer":"Plastic Piece","full_name":"Piece \u2013 Plastic Piece","olm_key":"other/plastic","quantity":1,"picked_up":true}],"groups":["litter"],"has_litter":true,"has_pet_waste":false,"has_substances":false,"zone":"cottonwood_zone_E","zone_edge_m":146.8,"nbhd_edge_m":null}},{"type":"Feature","geometry":{"type":"Point","coordinates":[-122.56172180176,49.206951141357]},"properties":{"id":555296,"datetime":"2026-09-28T20:32:07.000000Z","filename":"https://olm-s3.s3.eu-west-1.amazonaws.com/2026/09/28/Kxn9d72rXOmbd143rgmowJEZoeNCEeEKK3ttJpz8.jpg","tags":[{"type":"standard","category":"other","item":"other","quantity":1}],"objects":[{"status":"OK","on_map":true,"group":"Household","subgroup":"","layer":"Household misc","full_name":"Household \u2013 Household misc","olm_key":"other/other","quantity":1,"picked_up":true}],"groups":["litter"],"has_litter":true,"has_pet_waste":false,"has_substances":false,"zone":"cottonwood_zone_E","zone_edge_m":146.8,"nbhd_edge_m":null}},{"type":"Feature","geometry":{"type":"Point","coordinates":[-122.56172180176,49.206951141357]},"properties":{"id":555295,"datetime":"2026-09-28T20:32:13.000000Z","filename":"https://olm-s3.s3.eu-west-1.amazonaws.com/2026/09/28/Ag8EeUhPnALHz4gnrsRZpiele0jqskM3WqnmM2S6.jpg","tags":[{"type":"standard","category":"other","item":"plastic","quantity":1}],"objects":[{"status":"OK","on_map":true,"group":"Piece","subgroup":"","layer":"Plastic Piece","full_name":"Piece \u2013 Plastic Piece","olm_key":"other/plastic","quantity":1,"picked_up":true}],"groups":["litter"],"has_litter":true,"has_pet_waste":false,"has_substances":false,"zone":"cottonwood_zone_E","zone_edge_m":146.8,"nbhd_edge_m":null}},{"type":"Feature","geometry":{"type":"Point","coordinates":[-122.56172180176,49.206951141357]},"properties":{"id":555294,"datetime":"2026-09-28T20:32:20.000000Z","filename":"https://olm-s3.s3.eu-west-1.amazonaws.com/2026/09/28/Q14JQdDBea47xbiys8Uyd4R1JtH1yGUayKfCcTKG.jpg","tags":[{"type":"standard","category":"other","item":"plastic","quantity":1}],"objects":[{"status":"OK","on_map":true,"group":"Piece","subgroup":"","layer":"Plastic Piece","full_name":"Piece \u2013 Plastic Piece","olm_key":"other/plastic","quantity":1,"picked_up":true}],"groups":["litter"],"has_litter":true,"has_pet_waste":false,"has_substances":false,"zone":"cottonwood_zone_E","zone_edge_m":146.8,"nbhd_edge_m":null}},{"type":"Feature","geometry":{"type":"Point","coordinates":[-122.56172180176,49.206951141357]},"properties":{"id":555293,"datetime":"2026-09-28T20:32:30.000000Z","filename":"https://olm-s3.s3.eu-west-1.amazonaws.com/2026/09/28/VlSJhO2MyaHJJu3ZIQVpYM6K6HGxCM6lQpG8AEKp.jpg","tags":[{"type":"standard","category":"other","item":"plastic","quantity":1}],"objects":[{"status":"OK","on_map":true,"group":"Piece","subgroup":"","layer":"Plastic Piece","full_name":"Piece \u2013 Plastic Piece","olm_key":"other/plastic","quantity":1,"picked_up":true}],"groups":["litter"],"has_litter":true,"has_pet_waste":false,"has_substances":false,"zone":"cottonwood_zone_E","zone_edge_m":146.8,"nbhd_edge_m":null}},{"type":"Feature","geometry":{"type":"Point","coordinates":[-122.56172180176,49.206951141357]},"properties":{"id":555292,"datetime":"2026-09-28T20:32:40.000000Z","filename":"https://olm-s3.s3.eu-west-1.amazonaws.com/2026/09/28/nzaYPMVzL3UI85LDImkeyvrIIG56XE8hwBHCfcRT.jpg","tags":[{"type":"standard","category":"other","item":"paper","quantity":1},{"type":"material","category":"material","item":"paper","quantity":1,"parent_category":"other","parent_item":"paper"}],"objects":[{"status":"OK","on_map":true,"group":"Piece","subgroup":"","layer":"Paper Piece","full_name":"Piece \u2013 Paper Piece","olm_key":"other/paper","quantity":1,"picked_up":true}],"groups":["litter"],"has_litter":true,"has_pet_waste":false,"has_substances":false,"zone":"cottonwood_zone_E","zone_edge_m":146.8,"nbhd_edge_m":null}},{"type":"Feature","geometry":{"type":"Point","coordinates":[-122.56172180176,49.206951141357]},"properties":{"id":555291,"datetime":"2026-09-28T20:32:47.000000Z","filename":"https://olm-s3.s3.eu-west-1.amazonaws.com/2026/09/28/KHccBlEGljil2Jh18UwbESOcZQiUMjmus73xTt4y.jpg","tags":[{"type":"standard","category":"other","item":"other","quantity":1}],"objects":[{"status":"OK","on_map":true,"group":"Household","subgroup":"","layer":"Household misc","full_name":"Household \u2013 Household misc","olm_key":"other/other","quantity":1,"picked_up":true}],"groups":["litter"],"has_litter":true,"has_pet_waste":false,"has_substances":false,"zone":"cottonwood_zone_E","zone_edge_m":146.8,"nbhd_edge_m":null}},{"type":"Feature","geometry":{"type":"Point","coordinates":[-122.56172180176,49.206951141357]},"properties":{"id":555290,"datetime":"2026-09-28T20:32:58.000000Z","filename":"https://olm-s3.s3.eu-west-1.amazonaws.com/2026/09/28/xm7uixg4zazNXrHimVx0mxj867oHKztWMQkKHeRs.jpg","tags":[{"type":"standard","category":"other","item":"paper","quantity":1},{"type":"material","category":"material","item":"paper","quantity":1,"parent_category":"other","parent_item":"paper"}],"objects":[{"status":"OK","on_map":true,"group":"Piece","subgroup":"","layer":"Paper Piece","full_name":"Piece \u2013 Paper Piece","olm_key":"other/paper","quantity":1,"picked_up":true}],"groups":["litter"],"has_litter":true,"has_pet_waste":false,"has_substances":false,"zone":"cottonwood_zone_E","zone_edge_m":146.8,"nbhd_edge_m":null}},{"type":"Feature","geometry":{"type":"Point","coordinates":[-122.56223297119,49.207523345947]},"properties":{"id":555289,"datetime":"2026-09-28T20:33:03.000000Z","filename":"https://olm-s3.s3.eu-west-1.amazonaws.com/2026/09/28/8f4SdrNxCAk20ujEsnkxop3vbfFB2VCu1JMmoKpq.jpg","tags":[{"type":"standard","category":"other","item":"paper","quantity":1},{"type":"material","category":"material","item":"paper","quantity":1,"parent_category":"other","parent_item":"paper"}],"objects":[{"status":"OK","on_map":true,"group":"Piece","subgroup":"","layer":"Paper Piece","full_name":"Piece \u2013 Paper Piece","olm_key":"other/paper","quantity":1,"picked_up":true}],"groups":["litter"],"has_litter":true,"has_pet_waste":false,"has_substances":false,"zone":"cottonwood_zone_E","zone_edge_m":83.1,"nbhd_edge_m":null}},{"type":"Feature","geometry":{"type":"Point","coordinates":[-122.56223297119,49.207523345947]},"properties":{"id":555288,"datetime":"2026-09-28T20:33:19.000000Z","filename":"https://olm-s3.s3.eu-west-1.amazonaws.com/2026/09/28/qJ8xob2yx6pgx5i7N2Caft6ItCL6GUKK6zlF2fA0.jpg","tags":[{"type":"standard","category":"softdrinks","item":"cup","quantity":1,"object_type":"soda"},{"type":"material","category":"material","item":"plastic","quantity":1,"parent_category":"softdrinks","parent_item":"cup"},{"type":"brand","category":"brand","item":"7 Eleven","quantity":1,"parent_category":"softdrinks","parent_item":"cup"},{"type":"standard","category":"softdrinks","item":"lid","quantity":1},{"type":"standard","category":"softdrinks","item":"straw","quantity":1}],"objects":[{"status":"OK","on_map":true,"group":"Convenient Food Drink","subgroup":"Drink","layer":"Cold Beverage Cup","full_name":"Convenient Food Drink \u2013 Drink \u2013 Cold Beverage Cup","olm_key":"softdrinks/cup","quantity":1,"picked_up":true},{"status":"OK","on_map":true,"group":"Convenient Food Drink","subgroup":"Drink","layer":"Cold Beverage Lid","full_name":"Convenient Food Drink \u2013 Drink \u2013 Cold Beverage Lid","olm_key":"softdrinks/lid","quantity":1,"picked_up":true},{"status":"OK","on_map":true,"group":"Convenient Food Drink","subgroup":"Drink","layer":"Paper Drink Straws","full_name":"Convenient Food Drink \u2013 Drink \u2013 Paper Drink Straws","olm_key":"softdrinks/straw","quantity":1,"picked_up":true}],"groups":["litter"],"has_litter":true,"has_pet_waste":false,"has_substances":false,"zone":"cottonwood_zone_E","zone_edge_m":83.1,"nbhd_edge_m":null}},{"type":"Feature","geometry":{"type":"Point","coordinates":[-122.56223297119,49.207523345947]},"properties":{"id":555287,"datetime":"2026-09-28T20:33:35.000000Z","filename":"https://olm-s3.s3.eu-west-1.amazonaws.com/2026/09/28/5y0iPVq4ldbtd8S5y3ZLyQyhXdcP9mLdN1pI0vuz.jpg","tags":[{"type":"standard","category":"other","item":"plastic","quantity":1}],"objects":[{"status":"OK","on_map":true,"group":"Piece","subgroup":"","layer":"Plastic Piece","full_name":"Piece \u2013 Plastic Piece","olm_key":"other/plastic","quantity":1,"picked_up":true}],"groups":["litter"],"has_litter":true,"has_pet_waste":false,"has_substances":false,"zone":"cottonwood_zone_E","zone_edge_m":83.1,"nbhd_edge_m":null}},{"type":"Feature","geometry":{"type":"Point","coordinates":[-122.56223297119,49.207523345947]},"properties":{"id":555286,"datetime":"2026-09-28T20:33:48.000000Z","filename":"https://olm-s3.s3.eu-west-1.amazonaws.com/2026/09/28/4fGVj52gTLtkKjgR4OQWhul3hfKuTKIA2rDTnTh2.jpg","tags":[{"type":"standard","category":"food","item":"napkins","quantity":1},{"type":"material","category":"material","item":"paper","quantity":1,"parent_category":"food","parent_item":"napkins"}],"objects":[{"status":"OK","on_map":true,"group":"Convenient Food Drink","subgroup":"Take-out","layer":"Napkins","full_name":"Convenient Food Drink \u2013 Take-out \u2013 Napkins","olm_key":"food/napkins","quantity":1,"picked_up":true}],"groups":["litter"],"has_litter":true,"has_pet_waste":false,"has_substances":false,"zone":"cottonwood_zone_E","zone_edge_m":83.1,"nbhd_edge_m":null}},{"type":"Feature","geometry":{"type":"Point","coordinates":[-122.56223297119,49.207523345947]},"properties":{"id":555285,"datetime":"2026-09-28T20:33:58.000000Z","filename":"https://olm-s3.s3.eu-west-1.amazonaws.com/2026/09/28/LyiyH1F3fEK98ifAotNrHWAIskb3aUusWP3lhhbZ.jpg","tags":[{"type":"standard","category":"food","item":"container","quantity":1},{"type":"material","category":"material","item":"paper","quantity":1,"parent_category":"food","parent_item":"container"}],"objects":[{"status":"OK","on_map":true,"group":"Household","subgroup":"","layer":"Food Container - Plastic, Paper, Foam","full_name":"Household \u2013 Food Container - Plastic, Paper, Foam","olm_key":"food/container","quantity":1,"picked_up":true}],"groups":["litter"],"has_litter":true,"has_pet_waste":false,"has_substances":false,"zone":"cottonwood_zone_E","zone_edge_m":83.1,"nbhd_edge_m":null}},{"type":"Feature","geometry":{"type":"Point","coordinates":[-122.56223297119,49.207523345947]},"properties":{"id":555284,"datetime":"2026-09-28T20:34:03.000000Z","filename":"https://olm-s3.s3.eu-west-1.amazonaws.com/2026/09/28/qkmYh9IWZMclk2tv4CgMnfAREsEcplGcEwZmBFN5.jpg","tags":[{"type":"standard","category":"other","item":"balloon","quantity":2},{"type":"custom_tag","category":"custom_tag","item":"tinsel","quantity":1,"parent_category":"other","parent_item":"balloon"}],"objects":[{"status":"OK","on_map":true,"group":"Household","subgroup":"","layer":"Party Litter","full_name":"Household \u2013 Party Litter","olm_key":"other/balloon","quantity":2,"picked_up":true}],"groups":["litter"],"has_litter":true,"has_pet_waste":false,"has_substances":false,"zone":"cottonwood_zone_E","zone_edge_m":83.1,"nbhd_edge_m":null}},{"type":"Feature","geometry":{"type":"Point","coordinates":[-122.56223297119,49.207523345947]},"properties":{"id":555283,"datetime":"2026-09-28T20:34:09.000000Z","filename":"https://olm-s3.s3.eu-west-1.amazonaws.com/2026/09/28/iNuVZA7UObfCD1QMEtWSa0Bhqb7gYYCVMVDUMKjS.jpg","tags":[{"type":"standard","category":"sanitary","item":"wipes","quantity":2}],"objects":[{"status":"OK","on_map":true,"group":"Household","subgroup":"","layer":"Wet Wipes","full_name":"Household \u2013 Wet Wipes","olm_key":"sanitary/wipes","quantity":2,"picked_up":true}],"groups":["litter"],"has_litter":true,"has_pet_waste":false,"has_substances":false,"zone":"cottonwood_zone_E","zone_edge_m":83.1,"nbhd_edge_m":null}},{"type":"Feature","geometry":{"type":"Point","coordinates":[-122.56223297119,49.207523345947]},"properties":{"id":555282,"datetime":"2026-09-28T20:34:37.000000Z","filename":"https://olm-s3.s3.eu-west-1.amazonaws.com/2026/09/28/H8CtY55TL6OlbMeoz518ITarU1x5hAz8krTJszFV.jpg","tags":[{"type":"standard","category":"other","item":"other","quantity":1},{"type":"standard","category":"other","item":"plastic","quantity":1}],"objects":[{"status":"OK","on_map":true,"group":"Household","subgroup":"","layer":"Household misc","full_name":"Household \u2013 Household misc","olm_key":"other/other","quantity":1,"picked_up":true},{"status":"OK","on_map":true,"group":"Piece","subgroup":"","layer":"Plastic Piece","full_name":"Piece \u2013 Plastic Piece","olm_key":"other/plastic","quantity":1,"picked_up":true}],"groups":["litter"],"has_litter":true,"has_pet_waste":false,"has_substances":false,"zone":"cottonwood_zone_E","zone_edge_m":83.1,"nbhd_edge_m":null}},{"type":"Feature","geometry":{"type":"Point","coordinates":[-122.56223297119,49.207523345947]},"properties":{"id":555281,"datetime":"2026-09-28T20:34:53.000000Z","filename":"https://olm-s3.s3.eu-west-1.amazonaws.com/2026/09/28/HXheKPiMp7r0P2SInbXHYi8kMmoP99PIlsqVM2ak.jpg","tags":[{"type":"standard","category":"other","item":"paper","quantity":1},{"type":"material","category":"material","item":"paper","quantity":1,"parent_category":"other","parent_item":"paper"}],"objects":[{"status":"OK","on_map":true,"group":"Piece","subgroup":"","layer":"Paper Piece","full_name":"Piece \u2013 Paper Piece","olm_key":"other/paper","quantity":1,"picked_up":true}],"groups":["litter"],"has_litter":true,"has_pet_waste":false,"has_substances":false,"zone":"cottonwood_zone_E","zone_edge_m":83.1,"nbhd_edge_m":null}},{"type":"Feature","geometry":{"type":"Point","coordinates":[-122.56204986572,49.207679748535]},"properties":{"id":555280,"datetime":"2026-09-28T20:35:02.000000Z","filename":"https://olm-s3.s3.eu-west-1.amazonaws.com/2026/09/28/dCeejITTZuWfIaeRYY9lNvIUDNgpTVtgEa499POg.jpg","tags":[{"type":"standard","category":"other","item":"clothing","quantity":1}],"objects":[{"status":"OK","on_map":true,"group":"Household","subgroup":"","layer":"Abandoned Textile Apparel","full_name":"Household \u2013 Abandoned Textile Apparel","olm_key":"other/clothing","quantity":1,"picked_up":true}],"groups":["litter"],"has_litter":true,"has_pet_waste":false,"has_substances":false,"zone":"cottonwood_zone_E","zone_edge_m":65.7,"nbhd_edge_m":null}},{"type":"Feature","geometry":{"type":"Point","coordinates":[-122.56204986572,49.207679748535]},"properties":{"id":555279,"datetime":"2026-09-28T20:35:19.000000Z","filename":"https://olm-s3.s3.eu-west-1.amazonaws.com/2026/09/28/nQMLGsPStNyk5TANw6UYELtexpzkQgSVnClnepg2.jpg","tags":[{"type":"standard","category":"softdrinks","item":"bottle","quantity":1,"object_type":"juice"},{"type":"brand","category":"brand","item":"oasis","quantity":1,"parent_category":"softdrinks","parent_item":"bottle"}],"objects":[{"status":"OK","on_map":true,"group":"Convenient Food Drink","subgroup":"Drink","layer":"Plastic or Glass Drink Bottle","full_name":"Convenient Food Drink \u2013 Drink \u2013 Plastic or Glass Drink Bottle","olm_key":"softdrinks/bottle","quantity":1,"picked_up":true}],"groups":["litter"],"has_litter":true,"has_pet_waste":false,"has_substances":false,"zone":"cottonwood_zone_E","zone_edge_m":65.7,"nbhd_edge_m":null}},{"type":"Feature","geometry":{"type":"Point","coordinates":[-122.56204986572,49.207679748535]},"properties":{"id":555278,"datetime":"2026-09-28T20:35:32.000000Z","filename":"https://olm-s3.s3.eu-west-1.amazonaws.com/2026/09/28/XKdtWl0QrXyknUGXkQ9NgUFczmig1NmI6gOSMf0P.jpg","tags":[{"type":"standard","category":"food","item":"wrapper","quantity":1},{"type":"material","category":"material","item":"plastic","quantity":1,"parent_category":"food","parent_item":"wrapper"}],"objects":[{"status":"OK","on_map":true,"group":"Convenient Food Drink","subgroup":"Snack","layer":"Foil / Plastic Film Snack Wrapper","full_name":"Convenient Food Drink \u2013 Snack \u2013 Foil / Plastic Film Snack Wrapper","olm_key":"food/wrapper","quantity":1,"picked_up":true}],"groups":["litter"],"has_litter":true,"has_pet_waste":false,"has_substances":false,"zone":"cottonwood_zone_E","zone_edge_m":65.7,"nbhd_edge_m":null}},{"type":"Feature","geometry":{"type":"Point","coordinates":[-122.56204986572,49.207679748535]},"properties":{"id":555277,"datetime":"2026-09-28T20:35:40.000000Z","filename":"https://olm-s3.s3.eu-west-1.amazonaws.com/2026/09/28/ib2xZ6Zbzno3LpGw3LUcNDIy4YUFqdsHbPrKKSb5.jpg","tags":[{"type":"standard","category":"softdrinks","item":"bottle","quantity":1,"object_type":"juice"},{"type":"brand","category":"brand","item":"oasis","quantity":1,"parent_category":"softdrinks","parent_item":"bottle"}],"objects":[{"status":"OK","on_map":true,"group":"Convenient Food Drink","subgroup":"Drink","layer":"Plastic or Glass Drink Bottle","full_name":"Convenient Food Drink \u2013 Drink \u2013 Plastic or Glass Drink Bottle","olm_key":"softdrinks/bottle","quantity":1,"picked_up":true}],"groups":["litter"],"has_litter":true,"has_pet_waste":false,"has_substances":false,"zone":"cottonwood_zone_E","zone_edge_m":65.7,"nbhd_edge_m":null}},{"type":"Feature","geometry":{"type":"Point","coordinates":[-122.56204986572,49.207679748535]},"properties":{"id":555276,"datetime":"2026-09-28T20:35:48.000000Z","filename":"https://olm-s3.s3.eu-west-1.amazonaws.com/2026/09/28/X19CrQ3aeCEHCrTDJDHX5iiIB8WTGETlYcrXRLQf.jpg","tags":[{"type":"standard","category":"other","item":"plastic","quantity":1}],"objects":[{"status":"OK","on_map":true,"group":"Piece","subgroup":"","layer":"Plastic Piece","full_name":"Piece \u2013 Plastic Piece","olm_key":"other/plastic","quantity":1,"picked_up":true}],"groups":["litter"],"has_litter":true,"has_pet_waste":false,"has_substances":false,"zone":"cottonwood_zone_E","zone_edge_m":65.7,"nbhd_edge_m":null}},{"type":"Feature","geometry":{"type":"Point","coordinates":[-122.56204986572,49.207679748535]},"properties":{"id":555275,"datetime":"2026-09-28T20:35:52.000000Z","filename":"https://olm-s3.s3.eu-west-1.amazonaws.com/2026/09/28/XAS7kK5moPCpa5RBQF0KQUxdZFQyNfFLyxXq0lS5.jpg","tags":[{"type":"standard","category":"other","item":"plastic","quantity":1}],"objects":[{"status":"OK","on_map":true,"group":"Piece","subgroup":"","layer":"Plastic Piece","full_name":"Piece \u2013 Plastic Piece","olm_key":"other/plastic","quantity":1,"picked_up":true}],"groups":["litter"],"has_litter":true,"has_pet_waste":false,"has_substances":false,"zone":"cottonwood_zone_E","zone_edge_m":65.7,"nbhd_edge_m":null}},{"type":"Feature","geometry":{"type":"Point","coordinates":[-122.56204986572,49.207679748535]},"properties":{"id":555274,"datetime":"2026-09-28T20:36:33.000000Z","filename":"https://olm-s3.s3.eu-west-1.amazonaws.com/2026/09/28/PGAqGk5M1eYdc0HgkWfja2kqXILwIdX1bNB8yx2I.jpg","tags":[{"type":"standard","category":"medical","item":"bandage","quantity":1}],"objects":[{"status":"OK","on_map":true,"group":"Household","subgroup":"","layer":"Medical Bandages","full_name":"Household \u2013 Medical Bandages","olm_key":"medical/bandage","quantity":1,"picked_up":true}],"groups":["litter"],"has_litter":true,"has_pet_waste":false,"has_substances":false,"zone":"cottonwood_zone_E","zone_edge_m":65.7,"nbhd_edge_m":null}},{"type":"Feature","geometry":{"type":"Point","coordinates":[-122.56204986572,49.207679748535]},"properties":{"id":555273,"datetime":"2026-09-28T20:36:43.000000Z","filename":"https://olm-s3.s3.eu-west-1.amazonaws.com/2026/09/28/UwBxMHOYSrFim0XUAbgM08YbOfEerpjKNWsvVzjs.jpg","tags":[{"type":"standard","category":"other","item":"other","quantity":1},{"type":"material","category":"material","item":"plastic","quantity":1,"parent_category":"other","parent_item":"other"},{"type":"custom_tag","category":"custom_tag","item":"Piece","quantity":1,"parent_category":"other","parent_item":"other"}],"objects":[{"status":"OK","on_map":true,"group":"Household","subgroup":"","layer":"Household misc","full_name":"Household \u2013 Household misc","olm_key":"other/other","quantity":1,"picked_up":true}],"groups":["litter"],"has_litter":true,"has_pet_waste":false,"has_substances":false,"zone":"cottonwood_zone_E","zone_edge_m":65.7,"nbhd_edge_m":null}},{"type":"Feature","geometry":{"type":"Point","coordinates":[-122.56204986572,49.207679748535]},"properties":{"id":555272,"datetime":"2026-09-28T20:36:49.000000Z","filename":"https://olm-s3.s3.eu-west-1.amazonaws.com/2026/09/28/vfI4vkE6BrO0yo7qkhIbha3eU8NmnPQgEKYdxnHL.jpg","tags":[{"type":"standard","category":"other","item":"plastic","quantity":1}],"objects":[{"status":"OK","on_map":true,"group":"Piece","subgroup":"","layer":"Plastic Piece","full_name":"Piece \u2013 Plastic Piece","olm_key":"other/plastic","quantity":1,"picked_up":true}],"groups":["litter"],"has_litter":true,"has_pet_waste":false,"has_substances":false,"zone":"cottonwood_zone_E","zone_edge_m":65.7,"nbhd_edge_m":null}},{"type":"Feature","geometry":{"type":"Point","coordinates":[-122.56233215332,49.20777130127]},"properties":{"id":555271,"datetime":"2026-09-28T20:37:21.000000Z","filename":"https://olm-s3.s3.eu-west-1.amazonaws.com/2026/09/28/nIxB13tQMw4mYsWI9tM5HYvSMakvMwLwQRfAfLT4.jpg","tags":[{"type":"standard","category":"smoking","item":"packaging","quantity":1}],"objects":[{"status":"OK","on_map":true,"group":"Smoking","subgroup":"","layer":"Nicotine Packaging","full_name":"Smoking \u2013 Nicotine Packaging","olm_key":"smoking/packaging","quantity":1,"picked_up":true}],"groups":["substances"],"has_litter":false,"has_pet_waste":false,"has_substances":true,"zone":"cottonwood_zone_E","zone_edge_m":55.5,"nbhd_edge_m":null}},{"type":"Feature","geometry":{"type":"Point","coordinates":[-122.56233215332,49.20777130127]},"properties":{"id":555270,"datetime":"2026-09-28T20:37:26.000000Z","filename":"https://olm-s3.s3.eu-west-1.amazonaws.com/2026/09/28/mgnMkUazFC9zNcBg4Y0EazH2sAfMV0CStTisnPDe.jpg","tags":[{"type":"standard","category":"smoking","item":"butts","quantity":2}],"objects":[{"status":"OK","on_map":true,"group":"Smoking","subgroup":"","layer":"Cigarette Butts","full_name":"Smoking \u2013 Cigarette Butts","olm_key":"smoking/butts","quantity":2,"picked_up":true}],"groups":["substances"],"has_litter":false,"has_pet_waste":false,"has_substances":true,"zone":"cottonwood_zone_E","zone_edge_m":55.5,"nbhd_edge_m":null}},{"type":"Feature","geometry":{"type":"Point","coordinates":[-122.56233215332,49.20777130127]},"properties":{"id":555269,"datetime":"2026-09-28T20:37:30.000000Z","filename":"https://olm-s3.s3.eu-west-1.amazonaws.com/2026/09/28/F8aec6ByrrgwTas2ViyyK5xD0GZ5Bcea4SfsKJXF.jpg","tags":[{"type":"standard","category":"smoking","item":"butts","quantity":2}],"objects":[{"status":"OK","on_map":true,"group":"Smoking","subgroup":"","layer":"Cigarette Butts","full_name":"Smoking \u2013 Cigarette Butts","olm_key":"smoking/butts","quantity":2,"picked_up":true}],"groups":["substances"],"has_litter":false,"has_pet_waste":false,"has_substances":true,"zone":"cottonwood_zone_E","zone_edge_m":55.5,"nbhd_edge_m":null}},{"type":"Feature","geometry":{"type":"Point","coordinates":[-122.56233215332,49.20777130127]},"properties":{"id":555268,"datetime":"2026-09-28T20:37:39.000000Z","filename":"https://olm-s3.s3.eu-west-1.amazonaws.com/2026/09/28/XT43ce9eNUObbfdbxooIanHMTmHeVrxmD8dg1BHQ.jpg","tags":[{"type":"standard","category":"smoking","item":"butts","quantity":1}],"objects":[{"status":"OK","on_map":true,"group":"Smoking","subgroup":"","layer":"Cigarette Butts","full_name":"Smoking \u2013 Cigarette Butts","olm_key":"smoking/butts","quantity":1,"picked_up":true}],"groups":["substances"],"has_litter":false,"has_pet_waste":false,"has_substances":true,"zone":"cottonwood_zone_E","zone_edge_m":55.5,"nbhd_edge_m":null}},{"type":"Feature","geometry":{"type":"Point","coordinates":[-122.5620803833,49.207569122314]},"properties":{"id":555267,"datetime":"2026-09-28T20:37:53.000000Z","filename":"https://olm-s3.s3.eu-west-1.amazonaws.com/2026/09/28/g4cJgZawUZXkwWCAYvuu8N2KwvY6v9FasKrFxjOB.jpg","tags":[{"type":"standard","category":"sanitary","item":"wipes","quantity":1}],"objects":[{"status":"OK","on_map":true,"group":"Household","subgroup":"","layer":"Wet Wipes","full_name":"Household \u2013 Wet Wipes","olm_key":"sanitary/wipes","quantity":1,"picked_up":true}],"groups":["litter"],"has_litter":true,"has_pet_waste":false,"has_substances":false,"zone":"cottonwood_zone_E","zone_edge_m":78.0,"nbhd_edge_m":null}},{"type":"Feature","geometry":{"type":"Point","coordinates":[-122.5620803833,49.207569122314]},"properties":{"id":555266,"datetime":"2026-09-28T20:37:58.000000Z","filename":"https://olm-s3.s3.eu-west-1.amazonaws.com/2026/09/28/8SGnaelwsA57qgcrXSgDOaMlHUl9iQeMkgc7iWSp.jpg","tags":[{"type":"standard","category":"other","item":"plastic","quantity":1}],"objects":[{"status":"OK","on_map":true,"group":"Piece","subgroup":"","layer":"Plastic Piece","full_name":"Piece \u2013 Plastic Piece","olm_key":"other/plastic","quantity":1,"picked_up":true}],"groups":["litter"],"has_litter":true,"has_pet_waste":false,"has_substances":false,"zone":"cottonwood_zone_E","zone_edge_m":78.0,"nbhd_edge_m":null}},{"type":"Feature","geometry":{"type":"Point","coordinates":[-122.56214141846,49.207618713379]},"properties":{"id":555265,"datetime":"2026-09-28T20:38:20.000000Z","filename":"https://olm-s3.s3.eu-west-1.amazonaws.com/2026/09/28/RelBg6ctde2EtBMfAPNjoerQCw8U2pOj1aVFZ5As.jpg","tags":[{"type":"standard","category":"other","item":"balloon","quantity":1},{"type":"custom_tag","category":"custom_tag","item":"tinsel","quantity":1,"parent_category":"other","parent_item":"balloon"}],"objects":[{"status":"OK","on_map":true,"group":"Household","subgroup":"","layer":"Party Litter","full_name":"Household \u2013 Party Litter","olm_key":"other/balloon","quantity":1,"picked_up":true}],"groups":["litter"],"has_litter":true,"has_pet_waste":false,"has_substances":false,"zone":"cottonwood_zone_E","zone_edge_m":72.5,"nbhd_edge_m":null}},{"type":"Feature","geometry":{"type":"Point","coordinates":[-122.56214141846,49.207618713379]},"properties":{"id":555264,"datetime":"2026-09-28T20:38:31.000000Z","filename":"https://olm-s3.s3.eu-west-1.amazonaws.com/2026/09/28/nWjLRsnVIoKi28wjXkLJk61E9w4eYWXKBNHz7oTw.jpg","tags":[{"type":"standard","category":"softdrinks","item":"bottle_cap","quantity":1},{"type":"material","category":"material","item":"plastic","quantity":1,"parent_category":"softdrinks","parent_item":"bottle_cap"}],"objects":[{"status":"OK","on_map":true,"group":"Convenient Food Drink","subgroup":"Drink","layer":"Drink Bottle Cap","full_name":"Convenient Food Drink \u2013 Drink \u2013 Drink Bottle Cap","olm_key":"softdrinks/bottle_cap","quantity":1,"picked_up":true}],"groups":["litter"],"has_litter":true,"has_pet_waste":false,"has_substances":false,"zone":"cottonwood_zone_E","zone_edge_m":72.5,"nbhd_edge_m":null}},{"type":"Feature","geometry":{"type":"Point","coordinates":[-122.56214141846,49.207618713379]},"properties":{"id":555263,"datetime":"2026-09-28T20:38:36.000000Z","filename":"https://olm-s3.s3.eu-west-1.amazonaws.com/2026/09/28/h1DO65XxraEZjYAwBA4iiPuiILVSfp4x5mS2jdgt.jpg","tags":[{"type":"standard","category":"other","item":"balloon","quantity":2},{"type":"custom_tag","category":"custom_tag","item":"tinsel","quantity":1,"parent_category":"other","parent_item":"balloon"}],"objects":[{"status":"OK","on_map":true,"group":"Household","subgroup":"","layer":"Party Litter","full_name":"Household \u2013 Party Litter","olm_key":"other/balloon","quantity":2,"picked_up":true}],"groups":["litter"],"has_litter":true,"has_pet_waste":false,"has_substances":false,"zone":"cottonwood_zone_E","zone_edge_m":72.5,"nbhd_edge_m":null}},{"type":"Feature","geometry":{"type":"Point","coordinates":[-122.56214141846,49.207618713379]},"properties":{"id":555262,"datetime":"2026-09-28T20:39:02.000000Z","filename":"https://olm-s3.s3.eu-west-1.amazonaws.com/2026/09/28/fJEC4a0cFeCoePNw7XDtj6ZNz7rGZbljyyadLvYT.jpg","tags":[{"type":"standard","category":"food","item":"wrapper","quantity":1},{"type":"material","category":"material","item":"plastic","quantity":1,"parent_category":"food","parent_item":"wrapper"}],"objects":[{"status":"OK","on_map":true,"group":"Convenient Food Drink","subgroup":"Snack","layer":"Foil / Plastic Film Snack Wrapper","full_name":"Convenient Food Drink \u2013 Snack \u2013 Foil / Plastic Film Snack Wrapper","olm_key":"food/wrapper","quantity":1,"picked_up":true}],"groups":["litter"],"has_litter":true,"has_pet_waste":false,"has_substances":false,"zone":"cottonwood_zone_E","zone_edge_m":72.5,"nbhd_edge_m":null}},{"type":"Feature","geometry":{"type":"Point","coordinates":[-122.56177520752,49.208045959473]},"properties":{"id":555261,"datetime":"2026-09-28T20:40:48.000000Z","filename":"https://olm-s3.s3.eu-west-1.amazonaws.com/2026/09/28/mojC5D17Y1NBykCiYylHEw1EgbSymz9DzzZ235og.jpg","tags":[{"type":"standard","category":"other","item":"plastic","quantity":1}],"objects":[{"status":"OK","on_map":true,"group":"Piece","subgroup":"","layer":"Plastic Piece","full_name":"Piece \u2013 Plastic Piece","olm_key":"other/plastic","quantity":1,"picked_up":true}],"groups":["litter"],"has_litter":true,"has_pet_waste":false,"has_substances":false,"zone":"cottonwood_zone_E","zone_edge_m":24.9,"nbhd_edge_m":null}},{"type":"Feature","geometry":{"type":"Point","coordinates":[-122.56177520752,49.208045959473]},"properties":{"id":555260,"datetime":"2026-09-28T20:40:54.000000Z","filename":"https://olm-s3.s3.eu-west-1.amazonaws.com/2026/09/28/UrM9z9f0h5BQ9MvoqCGsfv2WgLYWIrJTH2yBVCjB.jpg","tags":[{"type":"standard","category":"other","item":"plastic","quantity":2}],"objects":[{"status":"OK","on_map":true,"group":"Piece","subgroup":"","layer":"Plastic Piece","full_name":"Piece \u2013 Plastic Piece","olm_key":"other/plastic","quantity":2,"picked_up":true}],"groups":["litter"],"has_litter":true,"has_pet_waste":false,"has_substances":false,"zone":"cottonwood_zone_E","zone_edge_m":24.9,"nbhd_edge_m":null}},{"type":"Feature","geometry":{"type":"Point","coordinates":[-122.56140136719,49.209449768066]},"properties":{"id":555259,"datetime":"2026-09-28T20:42:36.000000Z","filename":"https://olm-s3.s3.eu-west-1.amazonaws.com/2026/09/28/1zarAtOuoDlN0aqU6MirfDwus0lMkbboHLD0lQLc.jpg","tags":[{"type":"standard","category":"other","item":"plastic","quantity":1}],"objects":[{"status":"OK","on_map":true,"group":"Piece","subgroup":"","layer":"Plastic Piece","full_name":"Piece \u2013 Plastic Piece","olm_key":"other/plastic","quantity":1,"picked_up":true}],"groups":["litter"],"has_litter":true,"has_pet_waste":false,"has_substances":false,"zone":"cottonwood_zone_D","zone_edge_m":36.8,"nbhd_edge_m":null}},{"type":"Feature","geometry":{"type":"Point","coordinates":[-122.56140136719,49.209449768066]},"properties":{"id":555258,"datetime":"2026-09-28T20:42:43.000000Z","filename":"https://olm-s3.s3.eu-west-1.amazonaws.com/2026/09/28/cOHybK9U2PcjQthcE6eQDlUa1lywLXgEnTCC4pe5.jpg","tags":[{"type":"standard","category":"food","item":"wrapper","quantity":1},{"type":"material","category":"material","item":"plastic","quantity":1,"parent_category":"food","parent_item":"wrapper"}],"objects":[{"status":"OK","on_map":true,"group":"Convenient Food Drink","subgroup":"Snack","layer":"Foil / Plastic Film Snack Wrapper","full_name":"Convenient Food Drink \u2013 Snack \u2013 Foil / Plastic Film Snack Wrapper","olm_key":"food/wrapper","quantity":1,"picked_up":true}],"groups":["litter"],"has_litter":true,"has_pet_waste":false,"has_substances":false,"zone":"cottonwood_zone_D","zone_edge_m":36.8,"nbhd_edge_m":null}},{"type":"Feature","geometry":{"type":"Point","coordinates":[-122.56140136719,49.209449768066]},"properties":{"id":555257,"datetime":"2026-09-28T20:42:49.000000Z","filename":"https://olm-s3.s3.eu-west-1.amazonaws.com/2026/09/28/vnu9xBxchtQrAXkhf1OlO3VYdBwzCY3t2lkS6bpG.jpg","tags":[{"type":"standard","category":"medical","item":"bandage","quantity":2}],"objects":[{"status":"OK","on_map":true,"group":"Household","subgroup":"","layer":"Medical Bandages","full_name":"Household \u2013 Medical Bandages","olm_key":"medical/bandage","quantity":2,"picked_up":true}],"groups":["litter"],"has_litter":true,"has_pet_waste":false,"has_substances":false,"zone":"cottonwood_zone_D","zone_edge_m":36.8,"nbhd_edge_m":null}},{"type":"Feature","geometry":{"type":"Point","coordinates":[-122.56140136719,49.209449768066]},"properties":{"id":555256,"datetime":"2026-09-28T20:42:57.000000Z","filename":"https://olm-s3.s3.eu-west-1.amazonaws.com/2026/09/28/y0T684i1wWPXr3F6VocjLRXy4dcHxjukBWblTzxc.jpg","tags":[{"type":"standard","category":"other","item":"paper","quantity":1},{"type":"material","category":"material","item":"paper","quantity":1,"parent_category":"other","parent_item":"paper"}],"objects":[{"status":"OK","on_map":true,"group":"Piece","subgroup":"","layer":"Paper Piece","full_name":"Piece \u2013 Paper Piece","olm_key":"other/paper","quantity":1,"picked_up":true}],"groups":["litter"],"has_litter":true,"has_pet_waste":false,"has_substances":false,"zone":"cottonwood_zone_D","zone_edge_m":36.8,"nbhd_edge_m":null}},{"type":"Feature","geometry":{"type":"Point","coordinates":[-122.56169633008,49.206037377]},"properties":{"id":555255,"datetime":"2026-09-28T19:35:34.000000Z","filename":"https://olm-s3.s3.eu-west-1.amazonaws.com/2026/09/28/DlQNDUEpYR4DOg4ATYu1VN7ywdlXXRJxh3VmAocM.jpg","tags":[{"type":"standard","category":"smoking","item":"packaging","quantity":2},{"type":"custom_tag","category":"custom_tag","item":"THC","quantity":1,"parent_category":"smoking","parent_item":"packaging"}],"objects":[{"status":"OK","on_map":true,"group":"Smoking","subgroup":"","layer":"Cannabis Packaging","full_name":"Smoking \u2013 Cannabis Packaging","olm_key":"smoking/packaging","quantity":2,"picked_up":true}],"groups":["substances"],"has_litter":false,"has_pet_waste":false,"has_substances":true,"zone":"cottonwood_zone_E","zone_edge_m":69.8,"nbhd_edge_m":null}},{"type":"Feature","geometry":{"type":"Point","coordinates":[-122.56114196777,49.210117340088]},"properties":{"id":555210,"datetime":"2026-09-26T16:58:06.000000Z","filename":"https://olm-s3.s3.eu-west-1.amazonaws.com/2026/09/26/FV9twypPfc7nReIKu91bOMDINpCWC2dW1go4XLHB.jpg","tags":[{"type":"standard","category":"other","item":"balloon","quantity":1}],"objects":[{"status":"OK","on_map":true,"group":"Household","subgroup":"","layer":"Party Litter","full_name":"Household \u2013 Party Litter","olm_key":"other/balloon","quantity":1,"picked_up":true}],"groups":["litter"],"has_litter":true,"has_pet_waste":false,"has_substances":false,"zone":"cottonwood_zone_C","zone_edge_m":37.6,"nbhd_edge_m":null}},{"type":"Feature","geometry":{"type":"Point","coordinates":[-122.56114196777,49.210117340088]},"properties":{"id":555209,"datetime":"2026-09-26T16:58:39.000000Z","filename":"https://olm-s3.s3.eu-west-1.amazonaws.com/2026/09/26/vi2c9QLwaEoMgHQLbJV8LuTxJJ7dXPZAicd6J8I2.jpg","tags":[{"type":"standard","category":"other","item":"paper","quantity":1},{"type":"material","category":"material","item":"paper","quantity":1,"parent_category":"other","parent_item":"paper"}],"objects":[{"status":"OK","on_map":true,"group":"Piece","subgroup":"","layer":"Paper Piece","full_name":"Piece \u2013 Paper Piece","olm_key":"other/paper","quantity":1,"picked_up":true}],"groups":["litter"],"has_litter":true,"has_pet_waste":false,"has_substances":false,"zone":"cottonwood_zone_C","zone_edge_m":37.6,"nbhd_edge_m":null}},{"type":"Feature","geometry":{"type":"Point","coordinates":[-122.56114196777,49.210117340088]},"properties":{"id":555208,"datetime":"2026-09-26T16:59:25.000000Z","filename":"https://olm-s3.s3.eu-west-1.amazonaws.com/2026/09/26/anPH5wWM9yydhpBhSIiQYreS3iozlBlQoJFWF0SN.jpg","tags":[{"type":"standard","category":"other","item":"paper","quantity":1},{"type":"material","category":"material","item":"paper","quantity":1,"parent_category":"other","parent_item":"paper"}],"objects":[{"status":"OK","on_map":true,"group":"Piece","subgroup":"","layer":"Paper Piece","full_name":"Piece \u2013 Paper Piece","olm_key":"other/paper","quantity":1,"picked_up":true}],"groups":["litter"],"has_litter":true,"has_pet_waste":false,"has_substances":false,"zone":"cottonwood_zone_C","zone_edge_m":37.6,"nbhd_edge_m":null}},{"type":"Feature","geometry":{"type":"Point","coordinates":[-122.56114196777,49.210117340088]},"properties":{"id":555207,"datetime":"2026-09-26T16:59:52.000000Z","filename":"https://olm-s3.s3.eu-west-1.amazonaws.com/2026/09/26/eP1CxMI3pEcwmZFWZVc3BAm3830eyJbIEQJhXAI2.jpg","tags":[{"type":"standard","category":"food","item":"wrapper","quantity":1},{"type":"material","category":"material","item":"foil","quantity":1,"parent_category":"food","parent_item":"wrapper"},{"type":"material","category":"material","item":"plastic","quantity":1,"parent_category":"food","parent_item":"wrapper"}],"objects":[{"status":"OK","on_map":true,"group":"Convenient Food Drink","subgroup":"Snack","layer":"Foil / Plastic Film Snack Wrapper","full_name":"Convenient Food Drink \u2013 Snack \u2013 Foil / Plastic Film Snack Wrapper","olm_key":"food/wrapper","quantity":1,"picked_up":true}],"groups":["litter"],"has_litter":true,"has_pet_waste":false,"has_substances":false,"zone":"cottonwood_zone_C","zone_edge_m":37.6,"nbhd_edge_m":null}},{"type":"Feature","geometry":{"type":"Point","coordinates":[-122.56114196777,49.210117340088]},"properties":{"id":555206,"datetime":"2026-09-26T17:00:17.000000Z","filename":"https://olm-s3.s3.eu-west-1.amazonaws.com/2026/09/26/mo5Q2R0lEDJUPijn9ZGsPbK4ASQOtBPZj23rSV8W.jpg","tags":[{"type":"standard","category":"other","item":"plastic","quantity":1}],"objects":[{"status":"OK","on_map":true,"group":"Piece","subgroup":"","layer":"Plastic Piece","full_name":"Piece \u2013 Plastic Piece","olm_key":"other/plastic","quantity":1,"picked_up":true}],"groups":["litter"],"has_litter":true,"has_pet_waste":false,"has_substances":false,"zone":"cottonwood_zone_C","zone_edge_m":37.6,"nbhd_edge_m":null}},{"type":"Feature","geometry":{"type":"Point","coordinates":[-122.56114196777,49.210117340088]},"properties":{"id":555205,"datetime":"2026-09-26T17:01:12.000000Z","filename":"https://olm-s3.s3.eu-west-1.amazonaws.com/2026/09/26/Yu34r1qbu9QnL1qzEnMR0VfmwiFnof6PCk5q5Gfd.jpg","tags":[{"type":"standard","category":"other","item":"plastic","quantity":1}],"objects":[{"status":"OK","on_map":true,"group":"Piece","subgroup":"","layer":"Plastic Piece","full_name":"Piece \u2013 Plastic Piece","olm_key":"other/plastic","quantity":1,"picked_up":true}],"groups":["litter"],"has_litter":true,"has_pet_waste":false,"has_substances":false,"zone":"cottonwood_zone_C","zone_edge_m":37.6,"nbhd_edge_m":null}},{"type":"Feature","geometry":{"type":"Point","coordinates":[-122.56114196777,49.210117340088]},"properties":{"id":555204,"datetime":"2026-09-26T17:02:23.000000Z","filename":"https://olm-s3.s3.eu-west-1.amazonaws.com/2026/09/26/s7LiVJtIhBhbnurcnj9XYIVwbGEumModKsnPpl6k.jpg","tags":[{"type":"standard","category":"smoking","item":"butts","quantity":1}],"objects":[{"status":"OK","on_map":true,"group":"Smoking","subgroup":"","layer":"Cigarette Butts","full_name":"Smoking \u2013 Cigarette Butts","olm_key":"smoking/butts","quantity":1,"picked_up":true}],"groups":["substances"],"has_litter":false,"has_pet_waste":false,"has_substances":true,"zone":"cottonwood_zone_C","zone_edge_m":37.6,"nbhd_edge_m":null}},{"type":"Feature","geometry":{"type":"Point","coordinates":[-122.56114196777,49.210117340088]},"properties":{"id":555203,"datetime":"2026-09-26T17:02:44.000000Z","filename":"https://olm-s3.s3.eu-west-1.amazonaws.com/2026/09/26/vqKdBxEguBZZNPHcBvWHSrhFKhxgARrgAqtwSn1u.jpg","tags":[{"type":"standard","category":"sanitary","item":"wipes","quantity":2}],"objects":[{"status":"OK","on_map":true,"group":"Household","subgroup":"","layer":"Wet Wipes","full_name":"Household \u2013 Wet Wipes","olm_key":"sanitary/wipes","quantity":2,"picked_up":true}],"groups":["litter"],"has_litter":true,"has_pet_waste":false,"has_substances":false,"zone":"cottonwood_zone_C","zone_edge_m":37.6,"nbhd_edge_m":null}},{"type":"Feature","geometry":{"type":"Point","coordinates":[-122.56159210205,49.209465026855]},"properties":{"id":555202,"datetime":"2026-09-26T17:03:53.000000Z","filename":"https://olm-s3.s3.eu-west-1.amazonaws.com/2026/09/26/msUBuVDljrRJSX5y5yfY2oVNWwgJv1IFNhcVe2Pm.jpg","tags":[{"type":"standard","category":"other","item":"paper","quantity":1},{"type":"material","category":"material","item":"paper","quantity":1,"parent_category":"other","parent_item":"paper"}],"objects":[{"status":"OK","on_map":true,"group":"Piece","subgroup":"","layer":"Paper Piece","full_name":"Piece \u2013 Paper Piece","olm_key":"other/paper","quantity":1,"picked_up":true}],"groups":["litter"],"has_litter":true,"has_pet_waste":false,"has_substances":false,"zone":"cottonwood_zone_D","zone_edge_m":35.1,"nbhd_edge_m":null}},{"type":"Feature","geometry":{"type":"Point","coordinates":[-122.56159210205,49.209465026855]},"properties":{"id":555201,"datetime":"2026-09-26T17:04:22.000000Z","filename":"https://olm-s3.s3.eu-west-1.amazonaws.com/2026/09/26/NVFLE6ZqEDpf70x9kHpCvigQoRDevMtlAAYG3MKH.jpg","tags":[{"type":"standard","category":"other","item":"paper","quantity":1},{"type":"material","category":"material","item":"paper","quantity":1,"parent_category":"other","parent_item":"paper"}],"objects":[{"status":"OK","on_map":true,"group":"Piece","subgroup":"","layer":"Paper Piece","full_name":"Piece \u2013 Paper Piece","olm_key":"other/paper","quantity":1,"picked_up":true}],"groups":["litter"],"has_litter":true,"has_pet_waste":false,"has_substances":false,"zone":"cottonwood_zone_D","zone_edge_m":35.1,"nbhd_edge_m":null}},{"type":"Feature","geometry":{"type":"Point","coordinates":[-122.56159210205,49.209465026855]},"properties":{"id":555200,"datetime":"2026-09-26T17:04:28.000000Z","filename":"https://olm-s3.s3.eu-west-1.amazonaws.com/2026/09/26/FwIJaZ6EhFzQL4WTozBAJvJ5Qaf1u2BUlWG3qkCx.jpg","tags":[{"type":"standard","category":"food","item":"tinfoil","quantity":2}],"objects":[{"status":"OK","on_map":true,"group":"Piece","subgroup":"","layer":"Foil Piece","full_name":"Piece \u2013 Foil Piece","olm_key":"food/tinfoil","quantity":2,"picked_up":true}],"groups":["litter"],"has_litter":true,"has_pet_waste":false,"has_substances":false,"zone":"cottonwood_zone_D","zone_edge_m":35.1,"nbhd_edge_m":null}},{"type":"Feature","geometry":{"type":"Point","coordinates":[-122.56159210205,49.209465026855]},"properties":{"id":555199,"datetime":"2026-09-26T17:04:32.000000Z","filename":"https://olm-s3.s3.eu-west-1.amazonaws.com/2026/09/26/6mVFkVQu3soGccYumErwh04jSwjvfLmQl06Fbhnd.jpg","tags":[{"type":"standard","category":"other","item":"paper","quantity":1},{"type":"material","category":"material","item":"paper","quantity":1,"parent_category":"other","parent_item":"paper"}],"objects":[{"status":"OK","on_map":true,"group":"Piece","subgroup":"","layer":"Paper Piece","full_name":"Piece \u2013 Paper Piece","olm_key":"other/paper","quantity":1,"picked_up":true}],"groups":["litter"],"has_litter":true,"has_pet_waste":false,"has_substances":false,"zone":"cottonwood_zone_D","zone_edge_m":35.1,"nbhd_edge_m":null}},{"type":"Feature","geometry":{"type":"Point","coordinates":[-122.56219482422,49.20783996582]},"properties":{"id":555198,"datetime":"2026-09-26T17:04:37.000000Z","filename":"https://olm-s3.s3.eu-west-1.amazonaws.com/2026/09/26/9r0tHszJFoQNMJHNPtGZPwi5ClthGLti2YHJeGhc.jpg","tags":[{"type":"standard","category":"food","item":"tinfoil","quantity":1}],"objects":[{"status":"OK","on_map":true,"group":"Piece","subgroup":"","layer":"Foil Piece","full_name":"Piece \u2013 Foil Piece","olm_key":"food/tinfoil","quantity":1,"picked_up":true}],"groups":["litter"],"has_litter":true,"has_pet_waste":false,"has_substances":false,"zone":"cottonwood_zone_E","zone_edge_m":47.9,"nbhd_edge_m":null}},{"type":"Feature","geometry":{"type":"Point","coordinates":[-122.56220245361,49.207904815674]},"properties":{"id":555197,"datetime":"2026-09-26T17:04:42.000000Z","filename":"https://olm-s3.s3.eu-west-1.amazonaws.com/2026/09/26/vIhYlO4VRH5HrJyPKOPe8nxoNGzvN4MFLKDdgc2n.jpg","tags":[{"type":"standard","category":"food","item":"tinfoil","quantity":3}],"objects":[{"status":"OK","on_map":true,"group":"Piece","subgroup":"","layer":"Foil Piece","full_name":"Piece \u2013 Foil Piece","olm_key":"food/tinfoil","quantity":3,"picked_up":true}],"groups":["litter"],"has_litter":true,"has_pet_waste":false,"has_substances":false,"zone":"cottonwood_zone_E","zone_edge_m":40.7,"nbhd_edge_m":null}},{"type":"Feature","geometry":{"type":"Point","coordinates":[-122.56220245361,49.207904815674]},"properties":{"id":555196,"datetime":"2026-09-26T17:04:53.000000Z","filename":"https://olm-s3.s3.eu-west-1.amazonaws.com/2026/09/26/PwMGLp2u1HBMcaC2ew5TF3xBTtw1HunOqX8pok6k.jpg","tags":[{"type":"standard","category":"food","item":"tinfoil","quantity":1}],"objects":[{"status":"OK","on_map":true,"group":"Piece","subgroup":"","layer":"Foil Piece","full_name":"Piece \u2013 Foil Piece","olm_key":"food/tinfoil","quantity":1,"picked_up":true}],"groups":["litter"],"has_litter":true,"has_pet_waste":false,"has_substances":false,"zone":"cottonwood_zone_E","zone_edge_m":40.7,"nbhd_edge_m":null}},{"type":"Feature","geometry":{"type":"Point","coordinates":[-122.56220245361,49.207904815674]},"properties":{"id":555195,"datetime":"2026-09-26T17:04:59.000000Z","filename":"https://olm-s3.s3.eu-west-1.amazonaws.com/2026/09/26/iLrAuUmXLhGmxuF7vqRz4PahIN9f0wdel8Q2bMlc.jpg","tags":[{"type":"standard","category":"food","item":"tinfoil","quantity":1}],"objects":[{"status":"OK","on_map":true,"group":"Piece","subgroup":"","layer":"Foil Piece","full_name":"Piece \u2013 Foil Piece","olm_key":"food/tinfoil","quantity":1,"picked_up":true}],"groups":["litter"],"has_litter":true,"has_pet_waste":false,"has_substances":false,"zone":"cottonwood_zone_E","zone_edge_m":40.7,"nbhd_edge_m":null}},{"type":"Feature","geometry":{"type":"Point","coordinates":[-122.56220245361,49.207904815674]},"properties":{"id":555194,"datetime":"2026-09-26T17:05:11.000000Z","filename":"https://olm-s3.s3.eu-west-1.amazonaws.com/2026/09/26/EhFesHMH4l3K7ldTH4WMPf6Voudzezx388JkKaWk.jpg","tags":[{"type":"standard","category":"food","item":"tinfoil","quantity":2}],"objects":[{"status":"OK","on_map":true,"group":"Piece","subgroup":"","layer":"Foil Piece","full_name":"Piece \u2013 Foil Piece","olm_key":"food/tinfoil","quantity":2,"picked_up":true}],"groups":["litter"],"has_litter":true,"has_pet_waste":false,"has_substances":false,"zone":"cottonwood_zone_E","zone_edge_m":40.7,"nbhd_edge_m":null}},{"type":"Feature","geometry":{"type":"Point","coordinates":[-122.56232452393,49.207717895508]},"properties":{"id":555193,"datetime":"2026-09-26T17:05:54.000000Z","filename":"https://olm-s3.s3.eu-west-1.amazonaws.com/2026/09/26/nyc9IIFSgca5iY2ht9P0RiKieTslzV79pR2GIeH0.jpg","tags":[{"type":"standard","category":"smoking","item":"butts","quantity":1}],"objects":[{"status":"OK","on_map":true,"group":"Smoking","subgroup":"","layer":"Cigarette Butts","full_name":"Smoking \u2013 Cigarette Butts","olm_key":"smoking/butts","quantity":1,"picked_up":true}],"groups":["substances"],"has_litter":false,"has_pet_waste":false,"has_substances":true,"zone":"cottonwood_zone_E","zone_edge_m":61.5,"nbhd_edge_m":null}},{"type":"Feature","geometry":{"type":"Point","coordinates":[-122.56232452393,49.207717895508]},"properties":{"id":555192,"datetime":"2026-09-26T17:06:00.000000Z","filename":"https://olm-s3.s3.eu-west-1.amazonaws.com/2026/09/26/6KNstcXEgJ87PEDiMttp6Q7kn747Yvm28zh9rgYn.jpg","tags":[{"type":"standard","category":"other","item":"plastic","quantity":1}],"objects":[{"status":"OK","on_map":true,"group":"Piece","subgroup":"","layer":"Plastic Piece","full_name":"Piece \u2013 Plastic Piece","olm_key":"other/plastic","quantity":1,"picked_up":true}],"groups":["litter"],"has_litter":true,"has_pet_waste":false,"has_substances":false,"zone":"cottonwood_zone_E","zone_edge_m":61.5,"nbhd_edge_m":null}},{"type":"Feature","geometry":{"type":"Point","coordinates":[-122.56232452393,49.207717895508]},"properties":{"id":555191,"datetime":"2026-09-26T17:06:12.000000Z","filename":"https://olm-s3.s3.eu-west-1.amazonaws.com/2026/09/26/5L80o7aORIAVfP2wMSivgRGM6hsTpv3QWuAIfFdO.jpg","tags":[{"type":"standard","category":"other","item":"plastic","quantity":2}],"objects":[{"status":"OK","on_map":true,"group":"Piece","subgroup":"","layer":"Plastic Piece","full_name":"Piece \u2013 Plastic Piece","olm_key":"other/plastic","quantity":2,"picked_up":true}],"groups":["litter"],"has_litter":true,"has_pet_waste":false,"has_substances":false,"zone":"cottonwood_zone_E","zone_edge_m":61.5,"nbhd_edge_m":null}},{"type":"Feature","geometry":{"type":"Point","coordinates":[-122.56232452393,49.207717895508]},"properties":{"id":555190,"datetime":"2026-09-26T17:06:30.000000Z","filename":"https://olm-s3.s3.eu-west-1.amazonaws.com/2026/09/26/QH2XAP1JVk7iW6c2BoCSOnVWTFSSBGAMh7tjsUY9.jpg","tags":[{"type":"standard","category":"other","item":"paper","quantity":1},{"type":"material","category":"material","item":"paper","quantity":1,"parent_category":"other","parent_item":"paper"}],"objects":[{"status":"OK","on_map":true,"group":"Piece","subgroup":"","layer":"Paper Piece","full_name":"Piece \u2013 Paper Piece","olm_key":"other/paper","quantity":1,"picked_up":true}],"groups":["litter"],"has_litter":true,"has_pet_waste":false,"has_substances":false,"zone":"cottonwood_zone_E","zone_edge_m":61.5,"nbhd_edge_m":null}},{"type":"Feature","geometry":{"type":"Point","coordinates":[-122.56232452393,49.207717895508]},"properties":{"id":555189,"datetime":"2026-09-26T17:06:43.000000Z","filename":"https://olm-s3.s3.eu-west-1.amazonaws.com/2026/09/26/i9XiUOO3POzofiEspWtABH6NQThSIMAN7ah8MqTM.jpg","tags":[{"type":"standard","category":"other","item":"paper","quantity":1},{"type":"material","category":"material","item":"paper","quantity":1,"parent_category":"other","parent_item":"paper"}],"objects":[{"status":"OK","on_map":true,"group":"Piece","subgroup":"","layer":"Paper Piece","full_name":"Piece \u2013 Paper Piece","olm_key":"other/paper","quantity":1,"picked_up":true}],"groups":["litter"],"has_litter":true,"has_pet_waste":false,"has_substances":false,"zone":"cottonwood_zone_E","zone_edge_m":61.5,"nbhd_edge_m":null}},{"type":"Feature","geometry":{"type":"Point","coordinates":[-122.56232452393,49.207717895508]},"properties":{"id":555188,"datetime":"2026-09-26T17:06:59.000000Z","filename":"https://olm-s3.s3.eu-west-1.amazonaws.com/2026/09/26/yJHw9HtKdG1boRcbav0vYxNVm6qraTchauDvxnrP.jpg","tags":[{"type":"standard","category":"smoking","item":"butts","quantity":1}],"objects":[{"status":"OK","on_map":true,"group":"Smoking","subgroup":"","layer":"Cigarette Butts","full_name":"Smoking \u2013 Cigarette Butts","olm_key":"smoking/butts","quantity":1,"picked_up":true}],"groups":["substances"],"has_litter":false,"has_pet_waste":false,"has_substances":true,"zone":"cottonwood_zone_E","zone_edge_m":61.5,"nbhd_edge_m":null}},{"type":"Feature","geometry":{"type":"Point","coordinates":[-122.56246185303,49.207527160645]},"properties":{"id":555187,"datetime":"2026-09-26T17:07:13.000000Z","filename":"https://olm-s3.s3.eu-west-1.amazonaws.com/2026/09/26/eWJo7U8WkM2nTHeigvYYN6hOeW1w2FRnMhPtZieZ.jpg","tags":[{"type":"standard","category":"other","item":"paper","quantity":1},{"type":"material","category":"material","item":"paper","quantity":1,"parent_category":"other","parent_item":"paper"}],"objects":[{"status":"OK","on_map":true,"group":"Piece","subgroup":"","layer":"Paper Piece","full_name":"Piece \u2013 Paper Piece","olm_key":"other/paper","quantity":1,"picked_up":true}],"groups":["litter"],"has_litter":true,"has_pet_waste":false,"has_substances":false,"zone":"cottonwood_zone_E","zone_edge_m":82.7,"nbhd_edge_m":null}},{"type":"Feature","geometry":{"type":"Point","coordinates":[-122.56248474121,49.207473754883]},"properties":{"id":555186,"datetime":"2026-09-26T17:07:46.000000Z","filename":"https://olm-s3.s3.eu-west-1.amazonaws.com/2026/09/26/yV7TSStGCnnGhw4dcAP1l90zumAuHJbkb8OjUru6.jpg","tags":[{"type":"standard","category":"softdrinks","item":"straw","quantity":1}],"objects":[{"status":"OK","on_map":true,"group":"Convenient Food Drink","subgroup":"Drink","layer":"Paper Drink Straws","full_name":"Convenient Food Drink \u2013 Drink \u2013 Paper Drink Straws","olm_key":"softdrinks/straw","quantity":1,"picked_up":true}],"groups":["litter"],"has_litter":true,"has_pet_waste":false,"has_substances":false,"zone":"cottonwood_zone_E","zone_edge_m":88.6,"nbhd_edge_m":null}},{"type":"Feature","geometry":{"type":"Point","coordinates":[-122.56248474121,49.207473754883]},"properties":{"id":555185,"datetime":"2026-09-26T17:07:52.000000Z","filename":"https://olm-s3.s3.eu-west-1.amazonaws.com/2026/09/26/9GwjOn9njsQ7YeObjORoHQvPGPUP8m6BkkE2KqZL.jpg","tags":[{"type":"standard","category":"other","item":"plastic","quantity":1}],"objects":[{"status":"OK","on_map":true,"group":"Piece","subgroup":"","layer":"Plastic Piece","full_name":"Piece \u2013 Plastic Piece","olm_key":"other/plastic","quantity":1,"picked_up":true}],"groups":["litter"],"has_litter":true,"has_pet_waste":false,"has_substances":false,"zone":"cottonwood_zone_E","zone_edge_m":88.6,"nbhd_edge_m":null}},{"type":"Feature","geometry":{"type":"Point","coordinates":[-122.56248474121,49.207473754883]},"properties":{"id":555184,"datetime":"2026-09-26T17:08:04.000000Z","filename":"https://olm-s3.s3.eu-west-1.amazonaws.com/2026/09/26/1WXG1qsoLqZqmQX5HIImfFGZ7Zb4BdTzSWYVc3dP.jpg","tags":[{"type":"standard","category":"other","item":"plastic","quantity":1}],"objects":[{"status":"OK","on_map":true,"group":"Piece","subgroup":"","layer":"Plastic Piece","full_name":"Piece \u2013 Plastic Piece","olm_key":"other/plastic","quantity":1,"picked_up":true}],"groups":["litter"],"has_litter":true,"has_pet_waste":false,"has_substances":false,"zone":"cottonwood_zone_E","zone_edge_m":88.6,"nbhd_edge_m":null}},{"type":"Feature","geometry":{"type":"Point","coordinates":[-122.56248474121,49.207473754883]},"properties":{"id":555183,"datetime":"2026-09-26T17:08:19.000000Z","filename":"https://olm-s3.s3.eu-west-1.amazonaws.com/2026/09/26/SsCOATKL9A5QlLUfhrzoEsaRSKZ1TnjjqFvsBtIG.jpg","tags":[{"type":"standard","category":"other","item":"paper","quantity":1},{"type":"material","category":"material","item":"paper","quantity":1,"parent_category":"other","parent_item":"paper"}],"objects":[{"status":"OK","on_map":true,"group":"Piece","subgroup":"","layer":"Paper Piece","full_name":"Piece \u2013 Paper Piece","olm_key":"other/paper","quantity":1,"picked_up":true}],"groups":["litter"],"has_litter":true,"has_pet_waste":false,"has_substances":false,"zone":"cottonwood_zone_E","zone_edge_m":88.6,"nbhd_edge_m":null}},{"type":"Feature","geometry":{"type":"Point","coordinates":[-122.56248474121,49.207473754883]},"properties":{"id":555182,"datetime":"2026-09-26T17:08:36.000000Z","filename":"https://olm-s3.s3.eu-west-1.amazonaws.com/2026/09/26/efeHMRDDNKEu0ttxeEyk68Yi2GQSI8JXhPIBkUpo.jpg","tags":[{"type":"standard","category":"other","item":"paper","quantity":10},{"type":"material","category":"material","item":"paper","quantity":1,"parent_category":"other","parent_item":"paper"}],"objects":[{"status":"OK","on_map":true,"group":"Piece","subgroup":"","layer":"Paper Piece","full_name":"Piece \u2013 Paper Piece","olm_key":"other/paper","quantity":10,"picked_up":false}],"groups":["litter"],"has_litter":true,"has_pet_waste":false,"has_substances":false,"zone":"cottonwood_zone_E","zone_edge_m":88.6,"nbhd_edge_m":null}},{"type":"Feature","geometry":{"type":"Point","coordinates":[-122.56248474121,49.207473754883]},"properties":{"id":555181,"datetime":"2026-09-26T17:08:43.000000Z","filename":"https://olm-s3.s3.eu-west-1.amazonaws.com/2026/09/26/mAZfFQdwmtLaHpkSEBD3Yp4bHoID8tWyTHg9MpNQ.jpg","tags":[{"type":"standard","category":"softdrinks","item":"lid","quantity":1}],"objects":[{"status":"OK","on_map":true,"group":"Convenient Food Drink","subgroup":"Drink","layer":"Cold Beverage Lid","full_name":"Convenient Food Drink \u2013 Drink \u2013 Cold Beverage Lid","olm_key":"softdrinks/lid","quantity":1,"picked_up":true}],"groups":["litter"],"has_litter":true,"has_pet_waste":false,"has_substances":false,"zone":"cottonwood_zone_E","zone_edge_m":88.6,"nbhd_edge_m":null}},{"type":"Feature","geometry":{"type":"Point","coordinates":[-122.56248474121,49.207473754883]},"properties":{"id":555180,"datetime":"2026-09-26T17:09:03.000000Z","filename":"https://olm-s3.s3.eu-west-1.amazonaws.com/2026/09/26/NEG0eUC2o1idmDNZAZtiEZP4ZrZ0QbCYPkP1qdDO.jpg","tags":[{"type":"standard","category":"other","item":"plastic","quantity":1}],"objects":[{"status":"OK","on_map":true,"group":"Piece","subgroup":"","layer":"Plastic Piece","full_name":"Piece \u2013 Plastic Piece","olm_key":"other/plastic","quantity":1,"picked_up":true}],"groups":["litter"],"has_litter":true,"has_pet_waste":false,"has_substances":false,"zone":"cottonwood_zone_E","zone_edge_m":88.6,"nbhd_edge_m":null}},{"type":"Feature","geometry":{"type":"Point","coordinates":[-122.56248474121,49.207473754883]},"properties":{"id":555179,"datetime":"2026-09-26T17:09:14.000000Z","filename":"https://olm-s3.s3.eu-west-1.amazonaws.com/2026/09/26/qmzU8K8sOqWUgT30y0jAUfwK3G7UTPy4ajYWWkFZ.jpg","tags":[{"type":"standard","category":"other","item":"paper","quantity":1},{"type":"material","category":"material","item":"paper","quantity":1,"parent_category":"other","parent_item":"paper"}],"objects":[{"status":"OK","on_map":true,"group":"Piece","subgroup":"","layer":"Paper Piece","full_name":"Piece \u2013 Paper Piece","olm_key":"other/paper","quantity":1,"picked_up":true}],"groups":["litter"],"has_litter":true,"has_pet_waste":false,"has_substances":false,"zone":"cottonwood_zone_E","zone_edge_m":88.6,"nbhd_edge_m":null}},{"type":"Feature","geometry":{"type":"Point","coordinates":[-122.56248474121,49.207473754883]},"properties":{"id":555178,"datetime":"2026-09-26T17:09:24.000000Z","filename":"https://olm-s3.s3.eu-west-1.amazonaws.com/2026/09/26/WLmAEAK98aF2AqB6izvyuGZhQCgW2UmzI9fUKdWr.jpg","tags":[{"type":"standard","category":"other","item":"plastic","quantity":1}],"objects":[{"status":"OK","on_map":true,"group":"Piece","subgroup":"","layer":"Plastic Piece","full_name":"Piece \u2013 Plastic Piece","olm_key":"other/plastic","quantity":1,"picked_up":true}],"groups":["litter"],"has_litter":true,"has_pet_waste":false,"has_substances":false,"zone":"cottonwood_zone_E","zone_edge_m":88.6,"nbhd_edge_m":null}},{"type":"Feature","geometry":{"type":"Point","coordinates":[-122.56248474121,49.207473754883]},"properties":{"id":555177,"datetime":"2026-09-26T17:09:40.000000Z","filename":"https://olm-s3.s3.eu-west-1.amazonaws.com/2026/09/26/zSAZkBMFPT6bek4K46ZUMKxXAuk7Cn9fpAhl08Cy.jpg","tags":[{"type":"standard","category":"food","item":"other","quantity":1}],"objects":[{"status":"OK","on_map":true,"group":"Household","subgroup":"","layer":"Organic Debris, Misc.","full_name":"Household \u2013 Organic Debris, Misc.","olm_key":"food/other","quantity":1,"picked_up":true}],"groups":["litter"],"has_litter":true,"has_pet_waste":false,"has_substances":false,"zone":"cottonwood_zone_E","zone_edge_m":88.6,"nbhd_edge_m":null}},{"type":"Feature","geometry":{"type":"Point","coordinates":[-122.56248474121,49.207473754883]},"properties":{"id":555176,"datetime":"2026-09-26T17:09:55.000000Z","filename":"https://olm-s3.s3.eu-west-1.amazonaws.com/2026/09/26/RZadYYMefCJklMRtjd8fVyBCsluvOKdU3V8RTOVb.jpg","tags":[{"type":"standard","category":"other","item":"plastic","quantity":1}],"objects":[{"status":"OK","on_map":true,"group":"Piece","subgroup":"","layer":"Plastic Piece","full_name":"Piece \u2013 Plastic Piece","olm_key":"other/plastic","quantity":1,"picked_up":true}],"groups":["litter"],"has_litter":true,"has_pet_waste":false,"has_substances":false,"zone":"cottonwood_zone_E","zone_edge_m":88.6,"nbhd_edge_m":null}},{"type":"Feature","geometry":{"type":"Point","coordinates":[-122.56248474121,49.207473754883]},"properties":{"id":555175,"datetime":"2026-09-26T17:10:01.000000Z","filename":"https://olm-s3.s3.eu-west-1.amazonaws.com/2026/09/26/J1EIV4lX7wxanjBFl6g3thyi5d3QyJZAITMX644R.jpg","tags":[{"type":"standard","category":"other","item":"plastic","quantity":1}],"objects":[{"status":"OK","on_map":true,"group":"Piece","subgroup":"","layer":"Plastic Piece","full_name":"Piece \u2013 Plastic Piece","olm_key":"other/plastic","quantity":1,"picked_up":true}],"groups":["litter"],"has_litter":true,"has_pet_waste":false,"has_substances":false,"zone":"cottonwood_zone_E","zone_edge_m":88.6,"nbhd_edge_m":null}},{"type":"Feature","geometry":{"type":"Point","coordinates":[-122.56248474121,49.207473754883]},"properties":{"id":555174,"datetime":"2026-09-26T17:10:21.000000Z","filename":"https://olm-s3.s3.eu-west-1.amazonaws.com/2026/09/26/jpY7zCzQGWAJw8LRtFl0d5DheDgQkrxqq0vMSbiB.jpg","tags":[{"type":"standard","category":"other","item":"paper","quantity":1},{"type":"material","category":"material","item":"paper","quantity":1,"parent_category":"other","parent_item":"paper"}],"objects":[{"status":"OK","on_map":true,"group":"Piece","subgroup":"","layer":"Paper Piece","full_name":"Piece \u2013 Paper Piece","olm_key":"other/paper","quantity":1,"picked_up":true}],"groups":["litter"],"has_litter":true,"has_pet_waste":false,"has_substances":false,"zone":"cottonwood_zone_E","zone_edge_m":88.6,"nbhd_edge_m":null}},{"type":"Feature","geometry":{"type":"Point","coordinates":[-122.56248474121,49.207473754883]},"properties":{"id":555173,"datetime":"2026-09-26T17:10:32.000000Z","filename":"https://olm-s3.s3.eu-west-1.amazonaws.com/2026/09/26/klHFPGCCgu5lR1ICTwmzRLCKs6aGLs6ioD56lTsL.jpg","tags":[{"type":"standard","category":"other","item":"paper","quantity":1},{"type":"material","category":"material","item":"paper","quantity":1,"parent_category":"other","parent_item":"paper"}],"objects":[{"status":"OK","on_map":true,"group":"Piece","subgroup":"","layer":"Paper Piece","full_name":"Piece \u2013 Paper Piece","olm_key":"other/paper","quantity":1,"picked_up":true}],"groups":["litter"],"has_litter":true,"has_pet_waste":false,"has_substances":false,"zone":"cottonwood_zone_E","zone_edge_m":88.6,"nbhd_edge_m":null}},{"type":"Feature","geometry":{"type":"Point","coordinates":[-122.56248474121,49.207473754883]},"properties":{"id":555172,"datetime":"2026-09-26T17:11:19.000000Z","filename":"https://olm-s3.s3.eu-west-1.amazonaws.com/2026/09/26/WyGwE7ghiYzdsRQbaMStrcRtjxz3Wwx44CNHHOs5.jpg","tags":[{"type":"standard","category":"smoking","item":"packaging","quantity":1}],"objects":[{"status":"OK","on_map":true,"group":"Smoking","subgroup":"","layer":"Nicotine Packaging","full_name":"Smoking \u2013 Nicotine Packaging","olm_key":"smoking/packaging","quantity":1,"picked_up":true}],"groups":["substances"],"has_litter":false,"has_pet_waste":false,"has_substances":true,"zone":"cottonwood_zone_E","zone_edge_m":88.6,"nbhd_edge_m":null}},{"type":"Feature","geometry":{"type":"Point","coordinates":[-122.56248474121,49.207473754883]},"properties":{"id":555171,"datetime":"2026-09-26T17:12:22.000000Z","filename":"https://olm-s3.s3.eu-west-1.amazonaws.com/2026/09/26/mV1Atc4s8RYOKrbQ0B8qluBN1HLiLeAjwCztKyNt.jpg","tags":[{"type":"standard","category":"other","item":"paper","quantity":1},{"type":"material","category":"material","item":"paper","quantity":1,"parent_category":"other","parent_item":"paper"}],"objects":[{"status":"OK","on_map":true,"group":"Piece","subgroup":"","layer":"Paper Piece","full_name":"Piece \u2013 Paper Piece","olm_key":"other/paper","quantity":1,"picked_up":true}],"groups":["litter"],"has_litter":true,"has_pet_waste":false,"has_substances":false,"zone":"cottonwood_zone_E","zone_edge_m":88.6,"nbhd_edge_m":null}},{"type":"Feature","geometry":{"type":"Point","coordinates":[-122.56248474121,49.207473754883]},"properties":{"id":555170,"datetime":"2026-09-26T17:12:39.000000Z","filename":"https://olm-s3.s3.eu-west-1.amazonaws.com/2026/09/26/HDHQjvtpAEhhm9B5v99afuRtzGLKR9Ti8St2zBcK.jpg","tags":[{"type":"standard","category":"other","item":"plastic","quantity":1}],"objects":[{"status":"OK","on_map":true,"group":"Piece","subgroup":"","layer":"Plastic Piece","full_name":"Piece \u2013 Plastic Piece","olm_key":"other/plastic","quantity":1,"picked_up":true}],"groups":["litter"],"has_litter":true,"has_pet_waste":false,"has_substances":false,"zone":"cottonwood_zone_E","zone_edge_m":88.6,"nbhd_edge_m":null}},{"type":"Feature","geometry":{"type":"Point","coordinates":[-122.56248474121,49.207473754883]},"properties":{"id":555169,"datetime":"2026-09-26T17:12:52.000000Z","filename":"https://olm-s3.s3.eu-west-1.amazonaws.com/2026/09/26/4phVGMzdXbVH4pvvcaiEx60m1HpnqSmK5n3527uf.jpg","tags":[{"type":"standard","category":"other","item":"plastic","quantity":1}],"objects":[{"status":"OK","on_map":true,"group":"Piece","subgroup":"","layer":"Plastic Piece","full_name":"Piece \u2013 Plastic Piece","olm_key":"other/plastic","quantity":1,"picked_up":true}],"groups":["litter"],"has_litter":true,"has_pet_waste":false,"has_substances":false,"zone":"cottonwood_zone_E","zone_edge_m":88.6,"nbhd_edge_m":null}},{"type":"Feature","geometry":{"type":"Point","coordinates":[-122.56224822998,49.20601272583]},"properties":{"id":555168,"datetime":"2026-09-26T17:13:05.000000Z","filename":"https://olm-s3.s3.eu-west-1.amazonaws.com/2026/09/26/754bnsin0CBwk4Ny9FIvNLZrJKuqMLSP3k6kIOaI.jpg","tags":[{"type":"standard","category":"other","item":"other","quantity":1}],"objects":[{"status":"OK","on_map":true,"group":"Household","subgroup":"","layer":"Household misc","full_name":"Household \u2013 Household misc","olm_key":"other/other","quantity":1,"picked_up":true}],"groups":["litter"],"has_litter":true,"has_pet_waste":false,"has_substances":false,"zone":"cottonwood_zone_E","zone_edge_m":67.1,"nbhd_edge_m":null}},{"type":"Feature","geometry":{"type":"Point","coordinates":[-122.56216430664,49.206020355225]},"properties":{"id":555167,"datetime":"2026-09-26T17:13:20.000000Z","filename":"https://olm-s3.s3.eu-west-1.amazonaws.com/2026/09/26/VOMLDfZxtB3dFFEqiVYdygE0ZCQf5RmXK0dqBvPL.jpg","tags":[{"type":"standard","category":"other","item":"plastic","quantity":10}],"objects":[{"status":"OK","on_map":true,"group":"Piece","subgroup":"","layer":"Plastic Piece","full_name":"Piece \u2013 Plastic Piece","olm_key":"other/plastic","quantity":10,"picked_up":true}],"groups":["litter"],"has_litter":true,"has_pet_waste":false,"has_substances":false,"zone":"cottonwood_zone_E","zone_edge_m":67.9,"nbhd_edge_m":null}},{"type":"Feature","geometry":{"type":"Point","coordinates":[-122.56217193604,49.206020355225]},"properties":{"id":555166,"datetime":"2026-09-26T17:13:48.000000Z","filename":"https://olm-s3.s3.eu-west-1.amazonaws.com/2026/09/26/fj8Uj9OrqfgF0LUPfnPCRXMwUX0I1aAOgRLI1sYs.jpg","tags":[{"type":"standard","category":"other","item":"plastic","quantity":1}],"objects":[{"status":"OK","on_map":true,"group":"Piece","subgroup":"","layer":"Plastic Piece","full_name":"Piece \u2013 Plastic Piece","olm_key":"other/plastic","quantity":1,"picked_up":true}],"groups":["litter"],"has_litter":true,"has_pet_waste":false,"has_substances":false,"zone":"cottonwood_zone_E","zone_edge_m":67.9,"nbhd_edge_m":null}},{"type":"Feature","geometry":{"type":"Point","coordinates":[-122.56217193604,49.206020355225]},"properties":{"id":555165,"datetime":"2026-09-26T17:13:54.000000Z","filename":"https://olm-s3.s3.eu-west-1.amazonaws.com/2026/09/26/piPCaYG13waf0d2YvdZ0kOxvs1MvKH5AvW9DRqyO.jpg","tags":[{"type":"standard","category":"other","item":"plastic","quantity":1},{"type":"custom_tag","category":"custom_tag","item":"tinsel","quantity":1,"parent_category":"other","parent_item":"plastic"}],"objects":[{"status":"OK","on_map":true,"group":"Piece","subgroup":"","layer":"Plastic Piece","full_name":"Piece \u2013 Plastic Piece","olm_key":"other/plastic","quantity":1,"picked_up":true}],"groups":["litter"],"has_litter":true,"has_pet_waste":false,"has_substances":false,"zone":"cottonwood_zone_E","zone_edge_m":67.9,"nbhd_edge_m":null}},{"type":"Feature","geometry":{"type":"Point","coordinates":[-122.56217193604,49.206020355225]},"properties":{"id":555164,"datetime":"2026-09-26T17:14:17.000000Z","filename":"https://olm-s3.s3.eu-west-1.amazonaws.com/2026/09/26/vfVnNdqCpNSjFXcmsHC5GLR0wF97TnJcTqvGUBN0.jpg","tags":[{"type":"standard","category":"other","item":"paper","quantity":1},{"type":"material","category":"material","item":"paper","quantity":1,"parent_category":"other","parent_item":"paper"}],"objects":[{"status":"OK","on_map":true,"group":"Piece","subgroup":"","layer":"Paper Piece","full_name":"Piece \u2013 Paper Piece","olm_key":"other/paper","quantity":1,"picked_up":true}],"groups":["litter"],"has_litter":true,"has_pet_waste":false,"has_substances":false,"zone":"cottonwood_zone_E","zone_edge_m":67.9,"nbhd_edge_m":null}},{"type":"Feature","geometry":{"type":"Point","coordinates":[-122.56217193604,49.206020355225]},"properties":{"id":555163,"datetime":"2026-09-26T17:14:26.000000Z","filename":"https://olm-s3.s3.eu-west-1.amazonaws.com/2026/09/26/eJuFYBu9AAnx5biKzxgd5SxJWaUkRsqLmcwXJyVY.jpg","tags":[{"type":"standard","category":"other","item":"paper","quantity":1},{"type":"material","category":"material","item":"paper","quantity":1,"parent_category":"other","parent_item":"paper"}],"objects":[{"status":"OK","on_map":true,"group":"Piece","subgroup":"","layer":"Paper Piece","full_name":"Piece \u2013 Paper Piece","olm_key":"other/paper","quantity":1,"picked_up":true}],"groups":["litter"],"has_litter":true,"has_pet_waste":false,"has_substances":false,"zone":"cottonwood_zone_E","zone_edge_m":67.9,"nbhd_edge_m":null}},{"type":"Feature","geometry":{"type":"Point","coordinates":[-122.56217193604,49.206020355225]},"properties":{"id":555162,"datetime":"2026-09-26T17:14:40.000000Z","filename":"https://olm-s3.s3.eu-west-1.amazonaws.com/2026/09/26/6FK6DWqVmHLqHSfuVAOyGKw3XScEEWVkTdQnWkzN.jpg","tags":[{"type":"standard","category":"other","item":"plastic","quantity":1}],"objects":[{"status":"OK","on_map":true,"group":"Piece","subgroup":"","layer":"Plastic Piece","full_name":"Piece \u2013 Plastic Piece","olm_key":"other/plastic","quantity":1,"picked_up":true}],"groups":["litter"],"has_litter":true,"has_pet_waste":false,"has_substances":false,"zone":"cottonwood_zone_E","zone_edge_m":67.9,"nbhd_edge_m":null}},{"type":"Feature","geometry":{"type":"Point","coordinates":[-122.56217193604,49.206020355225]},"properties":{"id":555161,"datetime":"2026-09-26T17:14:57.000000Z","filename":"https://olm-s3.s3.eu-west-1.amazonaws.com/2026/09/26/73FMfTH7vCYPiidPwqHqwZTm3fm4eOngLSLKcgir.jpg","tags":[{"type":"standard","category":"medical","item":"gloves","quantity":1}],"objects":[{"status":"OK","on_map":true,"group":"Household","subgroup":"","layer":"Latex / Nitrile Glove","full_name":"Household \u2013 Latex / Nitrile Glove","olm_key":"medical/gloves","quantity":1,"picked_up":true}],"groups":["litter"],"has_litter":true,"has_pet_waste":false,"has_substances":false,"zone":"cottonwood_zone_E","zone_edge_m":67.9,"nbhd_edge_m":null}},{"type":"Feature","geometry":{"type":"Point","coordinates":[-122.56217193604,49.206020355225]},"properties":{"id":555160,"datetime":"2026-09-26T17:15:47.000000Z","filename":"https://olm-s3.s3.eu-west-1.amazonaws.com/2026/09/26/QduxGTyoRUtyBczRfG8B7ycoqwKR3FcO4p30FvoB.jpg","tags":[{"type":"standard","category":"softdrinks","item":"straw_wrapper","quantity":1}],"objects":[{"status":"OK","on_map":true,"group":"Convenient Food Drink","subgroup":"Drink","layer":"Drink Straw Wrapper","full_name":"Convenient Food Drink \u2013 Drink \u2013 Drink Straw Wrapper","olm_key":"softdrinks/straw_wrapper","quantity":1,"picked_up":true}],"groups":["litter"],"has_litter":true,"has_pet_waste":false,"has_substances":false,"zone":"cottonwood_zone_E","zone_edge_m":67.9,"nbhd_edge_m":null}},{"type":"Feature","geometry":{"type":"Point","coordinates":[-122.56217193604,49.206020355225]},"properties":{"id":555159,"datetime":"2026-09-26T17:16:08.000000Z","filename":"https://olm-s3.s3.eu-west-1.amazonaws.com/2026/09/26/uB5KWufE8Jop9Ok91EMGBxvB86H2oLDPe4TgwxaA.jpg","tags":[{"type":"standard","category":"food","item":"wrapper","quantity":1},{"type":"material","category":"material","item":"foil","quantity":1,"parent_category":"food","parent_item":"wrapper"},{"type":"material","category":"material","item":"plastic","quantity":1,"parent_category":"food","parent_item":"wrapper"}],"objects":[{"status":"OK","on_map":true,"group":"Convenient Food Drink","subgroup":"Snack","layer":"Foil / Plastic Film Snack Wrapper","full_name":"Convenient Food Drink \u2013 Snack \u2013 Foil / Plastic Film Snack Wrapper","olm_key":"food/wrapper","quantity":1,"picked_up":true}],"groups":["litter"],"has_litter":true,"has_pet_waste":false,"has_substances":false,"zone":"cottonwood_zone_E","zone_edge_m":67.9,"nbhd_edge_m":null}},{"type":"Feature","geometry":{"type":"Point","coordinates":[-122.56217193604,49.206020355225]},"properties":{"id":555158,"datetime":"2026-09-26T17:16:20.000000Z","filename":"https://olm-s3.s3.eu-west-1.amazonaws.com/2026/09/26/LIiue7AVvHkGJVok1SQ85YkFpRzl7P0w2cSonfPl.jpg","tags":[{"type":"standard","category":"other","item":"plastic","quantity":1}],"objects":[{"status":"OK","on_map":true,"group":"Piece","subgroup":"","layer":"Plastic Piece","full_name":"Piece \u2013 Plastic Piece","olm_key":"other/plastic","quantity":1,"picked_up":true}],"groups":["litter"],"has_litter":true,"has_pet_waste":false,"has_substances":false,"zone":"cottonwood_zone_E","zone_edge_m":67.9,"nbhd_edge_m":null}},{"type":"Feature","geometry":{"type":"Point","coordinates":[-122.56217193604,49.206020355225]},"properties":{"id":555157,"datetime":"2026-09-26T17:16:27.000000Z","filename":"https://olm-s3.s3.eu-west-1.amazonaws.com/2026/09/26/8oMsiRmX6r2fFXjNEfoqjEhaXl4dfdTu5S4Ic7w3.jpg","tags":[{"type":"standard","category":"coffee","item":"sleeve","quantity":1}],"objects":[{"status":"OK","on_map":true,"group":"Convenient Food Drink","subgroup":"Drink","layer":"Corrugated Cardboard Cup Sleeve","full_name":"Convenient Food Drink \u2013 Drink \u2013 Corrugated Cardboard Cup Sleeve","olm_key":"coffee/sleeve","quantity":1,"picked_up":true}],"groups":["litter"],"has_litter":true,"has_pet_waste":false,"has_substances":false,"zone":"cottonwood_zone_E","zone_edge_m":67.9,"nbhd_edge_m":null}},{"type":"Feature","geometry":{"type":"Point","coordinates":[-122.56217193604,49.206020355225]},"properties":{"id":555156,"datetime":"2026-09-26T17:16:38.000000Z","filename":"https://olm-s3.s3.eu-west-1.amazonaws.com/2026/09/26/a1dbDeHTBzBLGs4qwmN9F1J3YxlhfY9ztLF9l0NG.jpg","tags":[{"type":"standard","category":"other","item":"plastic","quantity":2},{"type":"custom_tag","category":"custom_tag","item":"tinsel","quantity":1,"parent_category":"other","parent_item":"plastic"}],"objects":[{"status":"OK","on_map":true,"group":"Piece","subgroup":"","layer":"Plastic Piece","full_name":"Piece \u2013 Plastic Piece","olm_key":"other/plastic","quantity":2,"picked_up":true}],"groups":["litter"],"has_litter":true,"has_pet_waste":false,"has_substances":false,"zone":"cottonwood_zone_E","zone_edge_m":67.9,"nbhd_edge_m":null}},{"type":"Feature","geometry":{"type":"Point","coordinates":[-122.56217193604,49.206020355225]},"properties":{"id":555155,"datetime":"2026-09-26T17:17:04.000000Z","filename":"https://olm-s3.s3.eu-west-1.amazonaws.com/2026/09/26/cjQFSSumoAVx8dh4xlGuKWFccZXNGKp6QdrPNvmX.jpg","tags":[{"type":"standard","category":"food","item":"wrapper","quantity":1},{"type":"material","category":"material","item":"foil","quantity":1,"parent_category":"food","parent_item":"wrapper"},{"type":"material","category":"material","item":"plastic","quantity":1,"parent_category":"food","parent_item":"wrapper"},{"type":"standard","category":"other","item":"paper","quantity":1},{"type":"material","category":"material","item":"paper","quantity":1,"parent_category":"other","parent_item":"paper"}],"objects":[{"status":"OK","on_map":true,"group":"Convenient Food Drink","subgroup":"Snack","layer":"Foil / Plastic Film Snack Wrapper","full_name":"Convenient Food Drink \u2013 Snack \u2013 Foil / Plastic Film Snack Wrapper","olm_key":"food/wrapper","quantity":1,"picked_up":true},{"status":"OK","on_map":true,"group":"Piece","subgroup":"","layer":"Paper Piece","full_name":"Piece \u2013 Paper Piece","olm_key":"other/paper","quantity":1,"picked_up":true}],"groups":["litter"],"has_litter":true,"has_pet_waste":false,"has_substances":false,"zone":"cottonwood_zone_E","zone_edge_m":67.9,"nbhd_edge_m":null}},{"type":"Feature","geometry":{"type":"Point","coordinates":[-122.56217193604,49.206020355225]},"properties":{"id":555154,"datetime":"2026-09-26T17:17:16.000000Z","filename":"https://olm-s3.s3.eu-west-1.amazonaws.com/2026/09/26/nIrTdZJDkHMbFb2y2gfgDxpAPWoThMyXnRJ4iabG.jpg","tags":[{"type":"standard","category":"smoking","item":"butts","quantity":1}],"objects":[{"status":"OK","on_map":true,"group":"Smoking","subgroup":"","layer":"Cigarette Butts","full_name":"Smoking \u2013 Cigarette Butts","olm_key":"smoking/butts","quantity":1,"picked_up":true}],"groups":["substances"],"has_litter":false,"has_pet_waste":false,"has_substances":true,"zone":"cottonwood_zone_E","zone_edge_m":67.9,"nbhd_edge_m":null}},{"type":"Feature","geometry":{"type":"Point","coordinates":[-122.56217193604,49.206020355225]},"properties":{"id":555153,"datetime":"2026-09-26T17:17:35.000000Z","filename":"https://olm-s3.s3.eu-west-1.amazonaws.com/2026/09/26/OSLO7llmnRnA7WMfNqLODBGpsWVz65sf5hlwqJuP.jpg","tags":[{"type":"standard","category":"food","item":"straw","quantity":1}],"objects":[{"status":"OK","on_map":true,"group":"Household","subgroup":"","layer":"Plastic Straws","full_name":"Household \u2013 Plastic Straws","olm_key":"food/straw","quantity":1,"picked_up":true}],"groups":["litter"],"has_litter":true,"has_pet_waste":false,"has_substances":false,"zone":"cottonwood_zone_E","zone_edge_m":67.9,"nbhd_edge_m":null}},{"type":"Feature","geometry":{"type":"Point","coordinates":[-122.56217193604,49.206020355225]},"properties":{"id":555152,"datetime":"2026-09-26T17:18:14.000000Z","filename":"https://olm-s3.s3.eu-west-1.amazonaws.com/2026/09/26/3PsaB98Luk0jJ4boa473ZPE0n9S8guaOlrWw9fOO.jpg","tags":[{"type":"standard","category":"other","item":"plastic","quantity":1}],"objects":[{"status":"OK","on_map":true,"group":"Piece","subgroup":"","layer":"Plastic Piece","full_name":"Piece \u2013 Plastic Piece","olm_key":"other/plastic","quantity":1,"picked_up":true}],"groups":["litter"],"has_litter":true,"has_pet_waste":false,"has_substances":false,"zone":"cottonwood_zone_E","zone_edge_m":67.9,"nbhd_edge_m":null}},{"type":"Feature","geometry":{"type":"Point","coordinates":[-122.56217193604,49.206020355225]},"properties":{"id":555151,"datetime":"2026-09-26T17:18:21.000000Z","filename":"https://olm-s3.s3.eu-west-1.amazonaws.com/2026/09/26/17MIP79immEQOmskXHxTu2gDw7KnnjXEYkS1H339.jpg","tags":[{"type":"standard","category":"other","item":"paper","quantity":1},{"type":"material","category":"material","item":"paper","quantity":1,"parent_category":"other","parent_item":"paper"}],"objects":[{"status":"OK","on_map":true,"group":"Piece","subgroup":"","layer":"Paper Piece","full_name":"Piece \u2013 Paper Piece","olm_key":"other/paper","quantity":1,"picked_up":true}],"groups":["litter"],"has_litter":true,"has_pet_waste":false,"has_substances":false,"zone":"cottonwood_zone_E","zone_edge_m":67.9,"nbhd_edge_m":null}},{"type":"Feature","geometry":{"type":"Point","coordinates":[-122.56217193604,49.206020355225]},"properties":{"id":555150,"datetime":"2026-09-26T17:18:47.000000Z","filename":"https://olm-s3.s3.eu-west-1.amazonaws.com/2026/09/26/6OfWxIz73eD9WaF4wthyrIcG5LJw57DOgdC1n9Dl.jpg","tags":[{"type":"standard","category":"medical","item":"bandage","quantity":1}],"objects":[{"status":"OK","on_map":true,"group":"Household","subgroup":"","layer":"Medical Bandages","full_name":"Household \u2013 Medical Bandages","olm_key":"medical/bandage","quantity":1,"picked_up":true}],"groups":["litter"],"has_litter":true,"has_pet_waste":false,"has_substances":false,"zone":"cottonwood_zone_E","zone_edge_m":67.9,"nbhd_edge_m":null}},{"type":"Feature","geometry":{"type":"Point","coordinates":[-122.56105041504,49.205619812012]},"properties":{"id":555149,"datetime":"2026-09-26T17:19:09.000000Z","filename":"https://olm-s3.s3.eu-west-1.amazonaws.com/2026/09/26/qAz5dUucAU0Car49lJRl9hkwhd9aFhki7F0AWIch.jpg","tags":[{"type":"standard","category":"other","item":"paper","quantity":1},{"type":"material","category":"material","item":"paper","quantity":1,"parent_category":"other","parent_item":"paper"}],"objects":[{"status":"OK","on_map":true,"group":"Piece","subgroup":"","layer":"Paper Piece","full_name":"Piece \u2013 Paper Piece","olm_key":"other/paper","quantity":1,"picked_up":true}],"groups":["litter"],"has_litter":true,"has_pet_waste":false,"has_substances":false,"zone":"cottonwood_zone_E","zone_edge_m":23.4,"nbhd_edge_m":null}},{"type":"Feature","geometry":{"type":"Point","coordinates":[-122.56105041504,49.205619812012]},"properties":{"id":555148,"datetime":"2026-09-26T17:19:21.000000Z","filename":"https://olm-s3.s3.eu-west-1.amazonaws.com/2026/09/26/o1XUmN4QHnTSWCMz1FMIU1CW7pEcGZdg5PpDCTfJ.jpg","tags":[{"type":"standard","category":"other","item":"other","quantity":1}],"objects":[{"status":"OK","on_map":true,"group":"Household","subgroup":"","layer":"Household misc","full_name":"Household \u2013 Household misc","olm_key":"other/other","quantity":1,"picked_up":true}],"groups":["litter"],"has_litter":true,"has_pet_waste":false,"has_substances":false,"zone":"cottonwood_zone_E","zone_edge_m":23.4,"nbhd_edge_m":null}},{"type":"Feature","geometry":{"type":"Point","coordinates":[-122.56105041504,49.205619812012]},"properties":{"id":555147,"datetime":"2026-09-26T17:19:29.000000Z","filename":"https://olm-s3.s3.eu-west-1.amazonaws.com/2026/09/26/foGw5bRg5Z96wgSAxYaMGXKeK2ggEaBHW5KzsCxw.jpg","tags":[{"type":"standard","category":"coffee","item":"lid","quantity":1}],"objects":[{"status":"OK","on_map":true,"group":"Convenient Food Drink","subgroup":"Drink","layer":"Hot Beverage Cup Lid","full_name":"Convenient Food Drink \u2013 Drink \u2013 Hot Beverage Cup Lid","olm_key":"coffee/lid","quantity":1,"picked_up":true}],"groups":["litter"],"has_litter":true,"has_pet_waste":false,"has_substances":false,"zone":"cottonwood_zone_E","zone_edge_m":23.4,"nbhd_edge_m":null}},{"type":"Feature","geometry":{"type":"Point","coordinates":[-122.56105041504,49.205619812012]},"properties":{"id":555146,"datetime":"2026-09-26T17:19:42.000000Z","filename":"https://olm-s3.s3.eu-west-1.amazonaws.com/2026/09/26/3QT6oWvYpN0FBsIjOl3ywBGpLHWfZ3uY1WFv1Pbf.jpg","tags":[{"type":"standard","category":"other","item":"paper","quantity":1},{"type":"material","category":"material","item":"paper","quantity":1,"parent_category":"other","parent_item":"paper"}],"objects":[{"status":"OK","on_map":true,"group":"Piece","subgroup":"","layer":"Paper Piece","full_name":"Piece \u2013 Paper Piece","olm_key":"other/paper","quantity":1,"picked_up":true}],"groups":["litter"],"has_litter":true,"has_pet_waste":false,"has_substances":false,"zone":"cottonwood_zone_E","zone_edge_m":23.4,"nbhd_edge_m":null}},{"type":"Feature","geometry":{"type":"Point","coordinates":[-122.56105041504,49.205619812012]},"properties":{"id":555145,"datetime":"2026-09-26T17:19:48.000000Z","filename":"https://olm-s3.s3.eu-west-1.amazonaws.com/2026/09/26/Dk73YlCgkeV1XHokHaYoIV8Liujn8r3XgBAzGSLe.jpg","tags":[{"type":"standard","category":"other","item":"plastic","quantity":1}],"objects":[{"status":"OK","on_map":true,"group":"Piece","subgroup":"","layer":"Plastic Piece","full_name":"Piece \u2013 Plastic Piece","olm_key":"other/plastic","quantity":1,"picked_up":true}],"groups":["litter"],"has_litter":true,"has_pet_waste":false,"has_substances":false,"zone":"cottonwood_zone_E","zone_edge_m":23.4,"nbhd_edge_m":null}},{"type":"Feature","geometry":{"type":"Point","coordinates":[-122.56074523926,49.205703735352]},"properties":{"id":555144,"datetime":"2026-09-26T17:20:19.000000Z","filename":"https://olm-s3.s3.eu-west-1.amazonaws.com/2026/09/26/LprEECNovDfLQBTsUbadNNfpbXEnlGx21vx0u8LE.jpg","tags":[{"type":"standard","category":"food","item":"tinfoil","quantity":1}],"objects":[{"status":"OK","on_map":true,"group":"Piece","subgroup":"","layer":"Foil Piece","full_name":"Piece \u2013 Foil Piece","olm_key":"food/tinfoil","quantity":1,"picked_up":true}],"groups":["litter"],"has_litter":true,"has_pet_waste":false,"has_substances":false,"zone":"cottonwood_zone_E","zone_edge_m":32.7,"nbhd_edge_m":null}},{"type":"Feature","geometry":{"type":"Point","coordinates":[-122.56074523926,49.205711364746]},"properties":{"id":555143,"datetime":"2026-09-26T17:20:36.000000Z","filename":"https://olm-s3.s3.eu-west-1.amazonaws.com/2026/09/26/LVb6DrfAgbhQoswv1SWorl6ZlIS0SyIP6nn39Ymz.jpg","tags":[{"type":"standard","category":"pets","item":"dogshit","quantity":1}],"objects":[{"status":"OK","on_map":true,"group":"Fecal","subgroup":"","layer":"Pet Waste Unbagged","full_name":"Fecal \u2013 Pet Waste Unbagged","olm_key":"pets/dogshit","quantity":1,"picked_up":false}],"groups":["pet_waste"],"has_litter":false,"has_pet_waste":true,"has_substances":false,"zone":"cottonwood_zone_E","zone_edge_m":33.5,"nbhd_edge_m":null}},{"type":"Feature","geometry":{"type":"Point","coordinates":[-122.56074523926,49.205711364746]},"properties":{"id":555142,"datetime":"2026-09-26T17:20:42.000000Z","filename":"https://olm-s3.s3.eu-west-1.amazonaws.com/2026/09/26/TqBAzZS6lBMi8Sl1SnrTFEwWxdFiPj5odpAxE0iY.jpg","tags":[{"type":"standard","category":"smoking","item":"butts","quantity":1}],"objects":[{"status":"OK","on_map":true,"group":"Smoking","subgroup":"","layer":"Cigarette Butts","full_name":"Smoking \u2013 Cigarette Butts","olm_key":"smoking/butts","quantity":1,"picked_up":true}],"groups":["substances"],"has_litter":false,"has_pet_waste":false,"has_substances":true,"zone":"cottonwood_zone_E","zone_edge_m":33.5,"nbhd_edge_m":null}},{"type":"Feature","geometry":{"type":"Point","coordinates":[-122.56074523926,49.205711364746]},"properties":{"id":555141,"datetime":"2026-09-26T17:20:58.000000Z","filename":"https://olm-s3.s3.eu-west-1.amazonaws.com/2026/09/26/d6gfPPULUK5Z6YyiTD3DEqeIf56IFIWCSBvsF8UY.jpg","tags":[{"type":"standard","category":"other","item":"plastic","quantity":1}],"objects":[{"status":"OK","on_map":true,"group":"Piece","subgroup":"","layer":"Plastic Piece","full_name":"Piece \u2013 Plastic Piece","olm_key":"other/plastic","quantity":1,"picked_up":true}],"groups":["litter"],"has_litter":true,"has_pet_waste":false,"has_substances":false,"zone":"cottonwood_zone_E","zone_edge_m":33.5,"nbhd_edge_m":null}},{"type":"Feature","geometry":{"type":"Point","coordinates":[-122.56074523926,49.205711364746]},"properties":{"id":555140,"datetime":"2026-09-26T17:21:03.000000Z","filename":"https://olm-s3.s3.eu-west-1.amazonaws.com/2026/09/26/8lFuxItAjBv3UmrOa47j61tYekpoLGggwSkPFu9I.jpg","tags":[{"type":"standard","category":"food","item":"tinfoil","quantity":1}],"objects":[{"status":"OK","on_map":true,"group":"Piece","subgroup":"","layer":"Foil Piece","full_name":"Piece \u2013 Foil Piece","olm_key":"food/tinfoil","quantity":1,"picked_up":true}],"groups":["litter"],"has_litter":true,"has_pet_waste":false,"has_substances":false,"zone":"cottonwood_zone_E","zone_edge_m":33.5,"nbhd_edge_m":null}},{"type":"Feature","geometry":{"type":"Point","coordinates":[-122.56074523926,49.205711364746]},"properties":{"id":555139,"datetime":"2026-09-26T17:21:27.000000Z","filename":"https://olm-s3.s3.eu-west-1.amazonaws.com/2026/09/26/gtF2DPht7DVnV6v35myMUI80TmBJvawU4hxKQt6u.jpg","tags":[{"type":"standard","category":"food","item":"wrapper","quantity":1},{"type":"material","category":"material","item":"plastic","quantity":1,"parent_category":"food","parent_item":"wrapper"}],"objects":[{"status":"OK","on_map":true,"group":"Convenient Food Drink","subgroup":"Snack","layer":"Foil / Plastic Film Snack Wrapper","full_name":"Convenient Food Drink \u2013 Snack \u2013 Foil / Plastic Film Snack Wrapper","olm_key":"food/wrapper","quantity":1,"picked_up":true}],"groups":["litter"],"has_litter":true,"has_pet_waste":false,"has_substances":false,"zone":"cottonwood_zone_E","zone_edge_m":33.5,"nbhd_edge_m":null}},{"type":"Feature","geometry":{"type":"Point","coordinates":[-122.56074523926,49.205711364746]},"properties":{"id":555138,"datetime":"2026-09-26T17:21:39.000000Z","filename":"https://olm-s3.s3.eu-west-1.amazonaws.com/2026/09/26/kRdqbaLLvoinTEIi2TCS61gWBFeIjlL5fKljPUxg.jpg","tags":[{"type":"standard","category":"smoking","item":"packaging","quantity":1},{"type":"custom_tag","category":"custom_tag","item":"THC","quantity":1,"parent_category":"smoking","parent_item":"packaging"}],"objects":[{"status":"OK","on_map":true,"group":"Smoking","subgroup":"","layer":"Cannabis Packaging","full_name":"Smoking \u2013 Cannabis Packaging","olm_key":"smoking/packaging","quantity":1,"picked_up":true}],"groups":["substances"],"has_litter":false,"has_pet_waste":false,"has_substances":true,"zone":"cottonwood_zone_E","zone_edge_m":33.5,"nbhd_edge_m":null}},{"type":"Feature","geometry":{"type":"Point","coordinates":[-122.56074523926,49.205711364746]},"properties":{"id":555137,"datetime":"2026-09-26T17:21:45.000000Z","filename":"https://olm-s3.s3.eu-west-1.amazonaws.com/2026/09/26/LdQwMqO3EBSD7px232BVBoNukh7S7TJe8CvmK0dc.jpg","tags":[{"type":"standard","category":"smoking","item":"butts","quantity":1}],"objects":[{"status":"OK","on_map":true,"group":"Smoking","subgroup":"","layer":"Cigarette Butts","full_name":"Smoking \u2013 Cigarette Butts","olm_key":"smoking/butts","quantity":1,"picked_up":true}],"groups":["substances"],"has_litter":false,"has_pet_waste":false,"has_substances":true,"zone":"cottonwood_zone_E","zone_edge_m":33.5,"nbhd_edge_m":null}},{"type":"Feature","geometry":{"type":"Point","coordinates":[-122.56074523926,49.205711364746]},"properties":{"id":555136,"datetime":"2026-09-26T17:22:00.000000Z","filename":"https://olm-s3.s3.eu-west-1.amazonaws.com/2026/09/26/z2NFnKbqErW8sC5cDnhDoMjEYDTm9jhtauR9fi0i.jpg","tags":[{"type":"standard","category":"softdrinks","item":"bottle","quantity":1,"object_type":"energy"}],"objects":[{"status":"OK","on_map":true,"group":"Convenient Food Drink","subgroup":"Drink","layer":"Plastic or Glass Drink Bottle","full_name":"Convenient Food Drink \u2013 Drink \u2013 Plastic or Glass Drink Bottle","olm_key":"softdrinks/bottle","quantity":1,"picked_up":true}],"groups":["litter"],"has_litter":true,"has_pet_waste":false,"has_substances":false,"zone":"cottonwood_zone_E","zone_edge_m":33.5,"nbhd_edge_m":null}},{"type":"Feature","geometry":{"type":"Point","coordinates":[-122.56074523926,49.205711364746]},"properties":{"id":555135,"datetime":"2026-09-26T17:22:08.000000Z","filename":"https://olm-s3.s3.eu-west-1.amazonaws.com/2026/09/26/500FnDWDcWsYdK8uFJBEYMbK3Ll1GtxVu2Ih2Bto.jpg","tags":[{"type":"standard","category":"smoking","item":"butts","quantity":1}],"objects":[{"status":"OK","on_map":true,"group":"Smoking","subgroup":"","layer":"Cigarette Butts","full_name":"Smoking \u2013 Cigarette Butts","olm_key":"smoking/butts","quantity":1,"picked_up":true}],"groups":["substances"],"has_litter":false,"has_pet_waste":false,"has_substances":true,"zone":"cottonwood_zone_E","zone_edge_m":33.5,"nbhd_edge_m":null}},{"type":"Feature","geometry":{"type":"Point","coordinates":[-122.56074523926,49.205711364746]},"properties":{"id":555134,"datetime":"2026-09-26T17:22:12.000000Z","filename":"https://olm-s3.s3.eu-west-1.amazonaws.com/2026/09/26/gyaNNjmqcNiNAIMLqrRTvqj7dR4356n3ZXzIaVSY.jpg","tags":[{"type":"standard","category":"smoking","item":"butts","quantity":1}],"objects":[{"status":"OK","on_map":true,"group":"Smoking","subgroup":"","layer":"Cigarette Butts","full_name":"Smoking \u2013 Cigarette Butts","olm_key":"smoking/butts","quantity":1,"picked_up":true}],"groups":["substances"],"has_litter":false,"has_pet_waste":false,"has_substances":true,"zone":"cottonwood_zone_E","zone_edge_m":33.5,"nbhd_edge_m":null}},{"type":"Feature","geometry":{"type":"Point","coordinates":[-122.56062316895,49.206146240234]},"properties":{"id":555133,"datetime":"2026-09-26T17:22:37.000000Z","filename":"https://olm-s3.s3.eu-west-1.amazonaws.com/2026/09/26/Mupbj6YnLtw52BW70enoVcUr0ZmgJzrmOV1rDTp2.jpg","tags":[{"type":"standard","category":"other","item":"plastic","quantity":1}],"objects":[{"status":"OK","on_map":true,"group":"Piece","subgroup":"","layer":"Plastic Piece","full_name":"Piece \u2013 Plastic Piece","olm_key":"other/plastic","quantity":1,"picked_up":true}],"groups":["litter"],"has_litter":true,"has_pet_waste":false,"has_substances":false,"zone":"cottonwood_zone_E","zone_edge_m":82.0,"nbhd_edge_m":null}},{"type":"Feature","geometry":{"type":"Point","coordinates":[-122.56062316895,49.206146240234]},"properties":{"id":555132,"datetime":"2026-09-26T17:22:58.000000Z","filename":"https://olm-s3.s3.eu-west-1.amazonaws.com/2026/09/26/j0RAjNh9X5LMH6c7F7V8JwtUjn9WUa4C7TjGM4Ca.jpg","tags":[{"type":"standard","category":"food","item":"packaging","quantity":1},{"type":"brand","category":"brand","item":"mcdonalds","quantity":1,"parent_category":"food","parent_item":"packaging"}],"objects":[{"status":"OK","on_map":true,"group":"Convenient Food Drink","subgroup":"Take-out","layer":"Food Packaging","full_name":"Convenient Food Drink \u2013 Take-out \u2013 Food Packaging","olm_key":"food/packaging","quantity":1,"picked_up":true}],"groups":["litter"],"has_litter":true,"has_pet_waste":false,"has_substances":false,"zone":"cottonwood_zone_E","zone_edge_m":82.0,"nbhd_edge_m":null}},{"type":"Feature","geometry":{"type":"Point","coordinates":[-122.56014251709,49.205825805664]},"properties":{"id":555131,"datetime":"2026-09-26T17:23:14.000000Z","filename":"https://olm-s3.s3.eu-west-1.amazonaws.com/2026/09/26/TXObvbHk0kjI6BzzIlBFfqQJBNT6dn8PLSfvfiyp.jpg","tags":[{"type":"standard","category":"smoking","item":"butts","quantity":1}],"objects":[{"status":"OK","on_map":true,"group":"Smoking","subgroup":"","layer":"Cigarette Butts","full_name":"Smoking \u2013 Cigarette Butts","olm_key":"smoking/butts","quantity":1,"picked_up":true}],"groups":["substances"],"has_litter":false,"has_pet_waste":false,"has_substances":true,"zone":"cottonwood_zone_E","zone_edge_m":46.3,"nbhd_edge_m":null}},{"type":"Feature","geometry":{"type":"Point","coordinates":[-122.56018066406,49.205856323242]},"properties":{"id":555130,"datetime":"2026-09-26T17:23:27.000000Z","filename":"https://olm-s3.s3.eu-west-1.amazonaws.com/2026/09/26/Rb8vsvoAaQYAtRXoHks7ZROJDoZIfLJnFBC6ZzUp.jpg","tags":[{"type":"standard","category":"food","item":"wrapper","quantity":1},{"type":"material","category":"material","item":"foil","quantity":1,"parent_category":"food","parent_item":"wrapper"},{"type":"material","category":"material","item":"plastic","quantity":1,"parent_category":"food","parent_item":"wrapper"}],"objects":[{"status":"OK","on_map":true,"group":"Convenient Food Drink","subgroup":"Snack","layer":"Foil / Plastic Film Snack Wrapper","full_name":"Convenient Food Drink \u2013 Snack \u2013 Foil / Plastic Film Snack Wrapper","olm_key":"food/wrapper","quantity":1,"picked_up":true}],"groups":["litter"],"has_litter":true,"has_pet_waste":false,"has_substances":false,"zone":"cottonwood_zone_E","zone_edge_m":49.7,"nbhd_edge_m":null}},{"type":"Feature","geometry":{"type":"Point","coordinates":[-122.56018066406,49.205852508545]},"properties":{"id":555129,"datetime":"2026-09-26T17:23:35.000000Z","filename":"https://olm-s3.s3.eu-west-1.amazonaws.com/2026/09/26/VMh8ENrRWWftEMa3OgXAHUA0deHz7fP9BUKdo40K.jpg","tags":[{"type":"standard","category":"smoking","item":"butts","quantity":1}],"objects":[{"status":"OK","on_map":true,"group":"Smoking","subgroup":"","layer":"Cigarette Butts","full_name":"Smoking \u2013 Cigarette Butts","olm_key":"smoking/butts","quantity":1,"picked_up":true}],"groups":["substances"],"has_litter":false,"has_pet_waste":false,"has_substances":true,"zone":"cottonwood_zone_E","zone_edge_m":49.3,"nbhd_edge_m":null}},{"type":"Feature","geometry":{"type":"Point","coordinates":[-122.56018066406,49.205852508545]},"properties":{"id":555128,"datetime":"2026-09-26T17:23:49.000000Z","filename":"https://olm-s3.s3.eu-west-1.amazonaws.com/2026/09/26/1s6gyP2J3yL1Nr1myupf9XpUE4OGxRwv9zICdYyD.jpg","tags":[{"type":"standard","category":"medical","item":"gloves","quantity":1},{"type":"standard","category":"pets","item":"dogshit_in_bag","quantity":1}],"objects":[{"status":"OK","on_map":true,"group":"Household","subgroup":"","layer":"Latex / Nitrile Glove","full_name":"Household \u2013 Latex / Nitrile Glove","olm_key":"medical/gloves","quantity":1,"picked_up":true},{"status":"OK","on_map":true,"group":"Fecal","subgroup":"","layer":"Pet Waste Bagged","full_name":"Fecal \u2013 Pet Waste Bagged","olm_key":"pets/dogshit_in_bag","quantity":1,"picked_up":false}],"groups":["litter","pet_waste"],"has_litter":true,"has_pet_waste":true,"has_substances":false,"zone":"cottonwood_zone_E","zone_edge_m":49.3,"nbhd_edge_m":null}},{"type":"Feature","geometry":{"type":"Point","coordinates":[-122.56018066406,49.205852508545]},"properties":{"id":555127,"datetime":"2026-09-26T17:24:06.000000Z","filename":"https://olm-s3.s3.eu-west-1.amazonaws.com/2026/09/26/EmAelxLHl6Fdj7qgxlp5r3mDc57KSEOANzlVJORA.jpg","tags":[{"type":"standard","category":"smoking","item":"butts","quantity":1}],"objects":[{"status":"OK","on_map":true,"group":"Smoking","subgroup":"","layer":"Cigarette Butts","full_name":"Smoking \u2013 Cigarette Butts","olm_key":"smoking/butts","quantity":1,"picked_up":true}],"groups":["substances"],"has_litter":false,"has_pet_waste":false,"has_substances":true,"zone":"cottonwood_zone_E","zone_edge_m":49.3,"nbhd_edge_m":null}},{"type":"Feature","geometry":{"type":"Point","coordinates":[-122.56018066406,49.205852508545]},"properties":{"id":555126,"datetime":"2026-09-26T17:24:13.000000Z","filename":"https://olm-s3.s3.eu-west-1.amazonaws.com/2026/09/26/gA9abF4QiwcUhxYkUow0wU0GvMzno77fmwxkyB2N.jpg","tags":[{"type":"standard","category":"smoking","item":"butts","quantity":1}],"objects":[{"status":"OK","on_map":true,"group":"Smoking","subgroup":"","layer":"Cigarette Butts","full_name":"Smoking \u2013 Cigarette Butts","olm_key":"smoking/butts","quantity":1,"picked_up":true}],"groups":["substances"],"has_litter":false,"has_pet_waste":false,"has_substances":true,"zone":"cottonwood_zone_E","zone_edge_m":49.3,"nbhd_edge_m":null}},{"type":"Feature","geometry":{"type":"Point","coordinates":[-122.56018066406,49.205852508545]},"properties":{"id":555125,"datetime":"2026-09-26T17:24:37.000000Z","filename":"https://olm-s3.s3.eu-west-1.amazonaws.com/2026/09/26/UcBnb5mNHFi7PFXjgCa6wnCRKL92Tu5S9Vaxs9wb.jpg","tags":[{"type":"standard","category":"smoking","item":"butts","quantity":1}],"objects":[{"status":"OK","on_map":true,"group":"Smoking","subgroup":"","layer":"Cigarette Butts","full_name":"Smoking \u2013 Cigarette Butts","olm_key":"smoking/butts","quantity":1,"picked_up":true}],"groups":["substances"],"has_litter":false,"has_pet_waste":false,"has_substances":true,"zone":"cottonwood_zone_E","zone_edge_m":49.3,"nbhd_edge_m":null}},{"type":"Feature","geometry":{"type":"Point","coordinates":[-122.56018066406,49.205852508545]},"properties":{"id":555124,"datetime":"2026-09-26T17:24:44.000000Z","filename":"https://olm-s3.s3.eu-west-1.amazonaws.com/2026/09/26/QcvT7HlGbh8tFnSqoYvpsBw7QtFpsbbNv6CUzx6w.jpg","tags":[{"type":"standard","category":"other","item":"other","quantity":1},{"type":"custom_tag","category":"custom_tag","item":"E-waste","quantity":1,"parent_category":"other","parent_item":"other"}],"objects":[{"status":"OK","on_map":true,"group":"Household","subgroup":"","layer":"E-waste Piece","full_name":"Household \u2013 E-waste Piece","olm_key":"other/other","quantity":1,"picked_up":true}],"groups":["litter"],"has_litter":true,"has_pet_waste":false,"has_substances":false,"zone":"cottonwood_zone_E","zone_edge_m":49.3,"nbhd_edge_m":null}},{"type":"Feature","geometry":{"type":"Point","coordinates":[-122.56018066406,49.205852508545]},"properties":{"id":555123,"datetime":"2026-09-26T17:24:49.000000Z","filename":"https://olm-s3.s3.eu-west-1.amazonaws.com/2026/09/26/Yx7jbTl0qccLi5X6fHWGMQUCSTDcDZHga3CdNHE2.jpg","tags":[{"type":"standard","category":"other","item":"other","quantity":1},{"type":"custom_tag","category":"custom_tag","item":"E-waste","quantity":1,"parent_category":"other","parent_item":"other"}],"objects":[{"status":"OK","on_map":true,"group":"Household","subgroup":"","layer":"E-waste Piece","full_name":"Household \u2013 E-waste Piece","olm_key":"other/other","quantity":1,"picked_up":true}],"groups":["litter"],"has_litter":true,"has_pet_waste":false,"has_substances":false,"zone":"cottonwood_zone_E","zone_edge_m":49.3,"nbhd_edge_m":null}},{"type":"Feature","geometry":{"type":"Point","coordinates":[-122.56018066406,49.205852508545]},"properties":{"id":555122,"datetime":"2026-09-26T17:24:56.000000Z","filename":"https://olm-s3.s3.eu-west-1.amazonaws.com/2026/09/26/uvgZeQX0sRa2hrWMZ032KzPO2yZ6R2gjPRja2Qtd.jpg","tags":[{"type":"standard","category":"smoking","item":"butts","quantity":1}],"objects":[{"status":"OK","on_map":true,"group":"Smoking","subgroup":"","layer":"Cigarette Butts","full_name":"Smoking \u2013 Cigarette Butts","olm_key":"smoking/butts","quantity":1,"picked_up":true}],"groups":["substances"],"has_litter":false,"has_pet_waste":false,"has_substances":true,"zone":"cottonwood_zone_E","zone_edge_m":49.3,"nbhd_edge_m":null}},{"type":"Feature","geometry":{"type":"Point","coordinates":[-122.56018066406,49.205852508545]},"properties":{"id":555121,"datetime":"2026-09-26T17:25:26.000000Z","filename":"https://olm-s3.s3.eu-west-1.amazonaws.com/2026/09/26/yqNuSGBtZrfQOBwdr3j3WjnYV6BFnRxsJBWR43ed.jpg","tags":[{"type":"standard","category":"other","item":"paper","quantity":1},{"type":"material","category":"material","item":"paper","quantity":1,"parent_category":"other","parent_item":"paper"}],"objects":[{"status":"OK","on_map":true,"group":"Piece","subgroup":"","layer":"Paper Piece","full_name":"Piece \u2013 Paper Piece","olm_key":"other/paper","quantity":1,"picked_up":true}],"groups":["litter"],"has_litter":true,"has_pet_waste":false,"has_substances":false,"zone":"cottonwood_zone_E","zone_edge_m":49.3,"nbhd_edge_m":null}},{"type":"Feature","geometry":{"type":"Point","coordinates":[-122.56018066406,49.205852508545]},"properties":{"id":555120,"datetime":"2026-09-26T17:25:35.000000Z","filename":"https://olm-s3.s3.eu-west-1.amazonaws.com/2026/09/26/T2JJSjAqOFFtUqrjPDFrHWlnjDpZD2UB4GyJEHJg.jpg","tags":[{"type":"standard","category":"smoking","item":"butts","quantity":1}],"objects":[{"status":"OK","on_map":true,"group":"Smoking","subgroup":"","layer":"Cigarette Butts","full_name":"Smoking \u2013 Cigarette Butts","olm_key":"smoking/butts","quantity":1,"picked_up":true}],"groups":["substances"],"has_litter":false,"has_pet_waste":false,"has_substances":true,"zone":"cottonwood_zone_E","zone_edge_m":49.3,"nbhd_edge_m":null}},{"type":"Feature","geometry":{"type":"Point","coordinates":[-122.56018066406,49.205852508545]},"properties":{"id":555119,"datetime":"2026-09-26T17:25:45.000000Z","filename":"https://olm-s3.s3.eu-west-1.amazonaws.com/2026/09/26/jkcMlX8uQWqsV2Tfiwfdw31mZdXcTfYvhX8O3jl7.jpg","tags":[{"type":"standard","category":"food","item":"other","quantity":1},{"type":"standard","category":"food","item":"wrapper","quantity":1},{"type":"material","category":"material","item":"foil","quantity":1,"parent_category":"food","parent_item":"wrapper"},{"type":"material","category":"material","item":"plastic","quantity":1,"parent_category":"food","parent_item":"wrapper"}],"objects":[{"status":"OK","on_map":true,"group":"Household","subgroup":"","layer":"Organic Debris, Misc.","full_name":"Household \u2013 Organic Debris, Misc.","olm_key":"food/other","quantity":1,"picked_up":true},{"status":"OK","on_map":true,"group":"Convenient Food Drink","subgroup":"Snack","layer":"Foil / Plastic Film Snack Wrapper","full_name":"Convenient Food Drink \u2013 Snack \u2013 Foil / Plastic Film Snack Wrapper","olm_key":"food/wrapper","quantity":1,"picked_up":true}],"groups":["litter"],"has_litter":true,"has_pet_waste":false,"has_substances":false,"zone":"cottonwood_zone_E","zone_edge_m":49.3,"nbhd_edge_m":null}},{"type":"Feature","geometry":{"type":"Point","coordinates":[-122.56010437012,49.205921173096]},"properties":{"id":555118,"datetime":"2026-09-26T17:26:54.000000Z","filename":"https://olm-s3.s3.eu-west-1.amazonaws.com/2026/09/26/QODUvwOIEvQetapHNLYnNGoRIK1OX90mGkVvK0dU.jpg","tags":[{"type":"standard","category":"other","item":"plastic","quantity":1},{"type":"standard","category":"pets","item":"dogshit_in_bag","quantity":1}],"objects":[{"status":"OK","on_map":true,"group":"Piece","subgroup":"","layer":"Plastic Piece","full_name":"Piece \u2013 Plastic Piece","olm_key":"other/plastic","quantity":1,"picked_up":true},{"status":"OK","on_map":true,"group":"Fecal","subgroup":"","layer":"Pet Waste Bagged","full_name":"Fecal \u2013 Pet Waste Bagged","olm_key":"pets/dogshit_in_bag","quantity":1,"picked_up":false}],"groups":["litter","pet_waste"],"has_litter":true,"has_pet_waste":true,"has_substances":false,"zone":"cottonwood_zone_E","zone_edge_m":56.9,"nbhd_edge_m":null}},{"type":"Feature","geometry":{"type":"Point","coordinates":[-122.56010437012,49.205921173096]},"properties":{"id":555117,"datetime":"2026-09-26T17:27:14.000000Z","filename":"https://olm-s3.s3.eu-west-1.amazonaws.com/2026/09/26/LZXVmAy2aP8bjyKl2ZgEsFNKqsdWfY6SbNLsmt28.jpg","tags":[{"type":"standard","category":"other","item":"other","quantity":1}],"objects":[{"status":"OK","on_map":true,"group":"Household","subgroup":"","layer":"Household misc","full_name":"Household \u2013 Household misc","olm_key":"other/other","quantity":1,"picked_up":true}],"groups":["litter"],"has_litter":true,"has_pet_waste":false,"has_substances":false,"zone":"cottonwood_zone_E","zone_edge_m":56.9,"nbhd_edge_m":null}},{"type":"Feature","geometry":{"type":"Point","coordinates":[-122.56010437012,49.205921173096]},"properties":{"id":555116,"datetime":"2026-09-26T17:27:37.000000Z","filename":"https://olm-s3.s3.eu-west-1.amazonaws.com/2026/09/26/AtYjW1zKOTxMtTSmRX1BzH3BfSQ8ZHNTVca139Co.jpg","tags":[{"type":"standard","category":"other","item":"other","quantity":1}],"objects":[{"status":"OK","on_map":true,"group":"Household","subgroup":"","layer":"Household misc","full_name":"Household \u2013 Household misc","olm_key":"other/other","quantity":1,"picked_up":true}],"groups":["litter"],"has_litter":true,"has_pet_waste":false,"has_substances":false,"zone":"cottonwood_zone_E","zone_edge_m":56.9,"nbhd_edge_m":null}},{"type":"Feature","geometry":{"type":"Point","coordinates":[-122.56010437012,49.205921173096]},"properties":{"id":555115,"datetime":"2026-09-26T17:27:57.000000Z","filename":"https://olm-s3.s3.eu-west-1.amazonaws.com/2026/09/26/zF9sBTRNNjreRZvvZapyjV3btRd05FPptQ2uP4iJ.jpg","tags":[{"type":"standard","category":"other","item":"plastic","quantity":1}],"objects":[{"status":"OK","on_map":true,"group":"Piece","subgroup":"","layer":"Plastic Piece","full_name":"Piece \u2013 Plastic Piece","olm_key":"other/plastic","quantity":1,"picked_up":true}],"groups":["litter"],"has_litter":true,"has_pet_waste":false,"has_substances":false,"zone":"cottonwood_zone_E","zone_edge_m":56.9,"nbhd_edge_m":null}},{"type":"Feature","geometry":{"type":"Point","coordinates":[-122.56010437012,49.205921173096]},"properties":{"id":555114,"datetime":"2026-09-26T17:28:04.000000Z","filename":"https://olm-s3.s3.eu-west-1.amazonaws.com/2026/09/26/wUIBd60ahNovkezIGuoka7tnk9HWH8mW5o0vp6tK.jpg","tags":[{"type":"standard","category":"pets","item":"dogshit_in_bag","quantity":1}],"objects":[{"status":"OK","on_map":true,"group":"Fecal","subgroup":"","layer":"Pet Waste Bagged","full_name":"Fecal \u2013 Pet Waste Bagged","olm_key":"pets/dogshit_in_bag","quantity":1,"picked_up":false}],"groups":["pet_waste"],"has_litter":false,"has_pet_waste":true,"has_substances":false,"zone":"cottonwood_zone_E","zone_edge_m":56.9,"nbhd_edge_m":null}},{"type":"Feature","geometry":{"type":"Point","coordinates":[-122.56010437012,49.205921173096]},"properties":{"id":555113,"datetime":"2026-09-26T17:28:06.000000Z","filename":"https://olm-s3.s3.eu-west-1.amazonaws.com/2026/09/26/0Fn2638t14vvdPyCrUWyIARITvNU5gInv2LiDybc.jpg","tags":[{"type":"standard","category":"food","item":"container","quantity":1}],"objects":[{"status":"OK","on_map":true,"group":"Household","subgroup":"","layer":"Food Container - Plastic, Paper, Foam","full_name":"Household \u2013 Food Container - Plastic, Paper, Foam","olm_key":"food/container","quantity":1,"picked_up":true}],"groups":["litter"],"has_litter":true,"has_pet_waste":false,"has_substances":false,"zone":"cottonwood_zone_E","zone_edge_m":56.9,"nbhd_edge_m":null}},{"type":"Feature","geometry":{"type":"Point","coordinates":[-122.56010437012,49.205921173096]},"properties":{"id":555112,"datetime":"2026-09-26T17:28:16.000000Z","filename":"https://olm-s3.s3.eu-west-1.amazonaws.com/2026/09/26/fhC6r4YSslMQ44WVnYRitbugt1RIlzGE1O74eItE.jpg","tags":[{"type":"standard","category":"pets","item":"dogshit_in_bag","quantity":1}],"objects":[{"status":"OK","on_map":true,"group":"Fecal","subgroup":"","layer":"Pet Waste Bagged","full_name":"Fecal \u2013 Pet Waste Bagged","olm_key":"pets/dogshit_in_bag","quantity":1,"picked_up":false}],"groups":["pet_waste"],"has_litter":false,"has_pet_waste":true,"has_substances":false,"zone":"cottonwood_zone_E","zone_edge_m":56.9,"nbhd_edge_m":null}},{"type":"Feature","geometry":{"type":"Point","coordinates":[-122.56010437012,49.205921173096]},"properties":{"id":555111,"datetime":"2026-09-26T17:28:37.000000Z","filename":"https://olm-s3.s3.eu-west-1.amazonaws.com/2026/09/26/qCEHWCvwuXXfUxGLvmYFg0gi7PVEkq3yH2VIlAiQ.jpg","tags":[{"type":"standard","category":"other","item":"paper","quantity":1},{"type":"material","category":"material","item":"paper","quantity":1,"parent_category":"other","parent_item":"paper"}],"objects":[{"status":"OK","on_map":true,"group":"Piece","subgroup":"","layer":"Paper Piece","full_name":"Piece \u2013 Paper Piece","olm_key":"other/paper","quantity":1,"picked_up":true}],"groups":["litter"],"has_litter":true,"has_pet_waste":false,"has_substances":false,"zone":"cottonwood_zone_E","zone_edge_m":56.9,"nbhd_edge_m":null}},{"type":"Feature","geometry":{"type":"Point","coordinates":[-122.55944061279,49.206127166748]},"properties":{"id":555110,"datetime":"2026-09-26T17:28:58.000000Z","filename":"https://olm-s3.s3.eu-west-1.amazonaws.com/2026/09/26/N6uGtpoFJezcY2EyxSH7K2yGJ5sWiRCSbt8tv5yl.jpg","tags":[{"type":"standard","category":"other","item":"plastic","quantity":1}],"objects":[{"status":"OK","on_map":true,"group":"Piece","subgroup":"","layer":"Plastic Piece","full_name":"Piece \u2013 Plastic Piece","olm_key":"other/plastic","quantity":1,"picked_up":true}],"groups":["litter"],"has_litter":true,"has_pet_waste":false,"has_substances":false,"zone":"cottonwood_zone_E","zone_edge_m":79.8,"nbhd_edge_m":null}},{"type":"Feature","geometry":{"type":"Point","coordinates":[-122.55944061279,49.206127166748]},"properties":{"id":555109,"datetime":"2026-09-26T17:29:09.000000Z","filename":"https://olm-s3.s3.eu-west-1.amazonaws.com/2026/09/26/gCbo6VqXdIliUYLXTkYDl6UhelyTvz1s4xbe0X9g.jpg","tags":[{"type":"standard","category":"alcohol","item":"packaging","quantity":1}],"objects":[{"status":"OK","on_map":true,"group":"Household","subgroup":"Liquor","layer":"Liquor Packaging","full_name":"Household \u2013 Liquor \u2013 Liquor Packaging","olm_key":"alcohol/packaging","quantity":1,"picked_up":true}],"groups":["substances"],"has_litter":false,"has_pet_waste":false,"has_substances":true,"zone":"cottonwood_zone_E","zone_edge_m":79.8,"nbhd_edge_m":null}},{"type":"Feature","geometry":{"type":"Point","coordinates":[-122.55944061279,49.206127166748]},"properties":{"id":555108,"datetime":"2026-09-26T17:29:15.000000Z","filename":"https://olm-s3.s3.eu-west-1.amazonaws.com/2026/09/26/eRKtjooKaayGJliyBxnXxYD6naMwOyGKDaTgiurS.jpg","tags":[{"type":"standard","category":"smoking","item":"butts","quantity":1}],"objects":[{"status":"OK","on_map":true,"group":"Smoking","subgroup":"","layer":"Cigarette Butts","full_name":"Smoking \u2013 Cigarette Butts","olm_key":"smoking/butts","quantity":1,"picked_up":true}],"groups":["substances"],"has_litter":false,"has_pet_waste":false,"has_substances":true,"zone":"cottonwood_zone_E","zone_edge_m":79.8,"nbhd_edge_m":null}},{"type":"Feature","geometry":{"type":"Point","coordinates":[-122.55944061279,49.206127166748]},"properties":{"id":555107,"datetime":"2026-09-26T17:29:19.000000Z","filename":"https://olm-s3.s3.eu-west-1.amazonaws.com/2026/09/26/SmZhRDZrh3h6BwYaU2ULOSlteiWq0uPUMMzyzBpP.jpg","tags":[{"type":"standard","category":"smoking","item":"butts","quantity":1}],"objects":[{"status":"OK","on_map":true,"group":"Smoking","subgroup":"","layer":"Cigarette Butts","full_name":"Smoking \u2013 Cigarette Butts","olm_key":"smoking/butts","quantity":1,"picked_up":true}],"groups":["substances"],"has_litter":false,"has_pet_waste":false,"has_substances":true,"zone":"cottonwood_zone_E","zone_edge_m":79.8,"nbhd_edge_m":null}},{"type":"Feature","geometry":{"type":"Point","coordinates":[-122.55944061279,49.206127166748]},"properties":{"id":555106,"datetime":"2026-09-26T17:30:17.000000Z","filename":"https://olm-s3.s3.eu-west-1.amazonaws.com/2026/09/26/bbiPXLkmuSoUMCHaaRjMbhrxeE09POrxoaxg9zJ8.jpg","tags":[{"type":"standard","category":"smoking","item":"butts","quantity":1}],"objects":[{"status":"OK","on_map":true,"group":"Smoking","subgroup":"","layer":"Cigarette Butts","full_name":"Smoking \u2013 Cigarette Butts","olm_key":"smoking/butts","quantity":1,"picked_up":true}],"groups":["substances"],"has_litter":false,"has_pet_waste":false,"has_substances":true,"zone":"cottonwood_zone_E","zone_edge_m":79.8,"nbhd_edge_m":null}},{"type":"Feature","geometry":{"type":"Point","coordinates":[-122.55944061279,49.206127166748]},"properties":{"id":555105,"datetime":"2026-09-26T17:30:40.000000Z","filename":"https://olm-s3.s3.eu-west-1.amazonaws.com/2026/09/26/sbXaItDAXPBIhcKMTATnrxVkqkqFWwhJhGDCXaof.jpg","tags":[{"type":"standard","category":"other","item":"paper","quantity":1},{"type":"material","category":"material","item":"paper","quantity":1,"parent_category":"other","parent_item":"paper"},{"type":"custom_tag","category":"custom_tag","item":"Soiled","quantity":1,"parent_category":"other","parent_item":"paper"}],"objects":[{"status":"OK","on_map":true,"group":"Piece","subgroup":"","layer":"Paper Piece","full_name":"Piece \u2013 Paper Piece","olm_key":"other/paper","quantity":1,"picked_up":false}],"groups":["litter"],"has_litter":true,"has_pet_waste":false,"has_substances":false,"zone":"cottonwood_zone_E","zone_edge_m":79.8,"nbhd_edge_m":null}},{"type":"Feature","geometry":{"type":"Point","coordinates":[-122.55944061279,49.206127166748]},"properties":{"id":555104,"datetime":"2026-09-26T17:30:43.000000Z","filename":"https://olm-s3.s3.eu-west-1.amazonaws.com/2026/09/26/04TnYempAva7IL7MsF3upxcwRzWANdwB0cBWCy9n.jpg","tags":[{"type":"standard","category":"other","item":"paper","quantity":1},{"type":"material","category":"material","item":"paper","quantity":1,"parent_category":"other","parent_item":"paper"},{"type":"custom_tag","category":"custom_tag","item":"Soiled","quantity":1,"parent_category":"other","parent_item":"paper"}],"objects":[{"status":"OK","on_map":true,"group":"Piece","subgroup":"","layer":"Paper Piece","full_name":"Piece \u2013 Paper Piece","olm_key":"other/paper","quantity":1,"picked_up":false}],"groups":["litter"],"has_litter":true,"has_pet_waste":false,"has_substances":false,"zone":"cottonwood_zone_E","zone_edge_m":79.8,"nbhd_edge_m":null}},{"type":"Feature","geometry":{"type":"Point","coordinates":[-122.56044006348,49.206615447998]},"properties":{"id":555103,"datetime":"2026-09-26T17:31:36.000000Z","filename":"https://olm-s3.s3.eu-west-1.amazonaws.com/2026/09/26/0U5w1xvQ9OuSXCKqajO74w8MQR9G2NF9rWsXa2UE.jpg","tags":[{"type":"standard","category":"other","item":"paper","quantity":1},{"type":"material","category":"material","item":"paper","quantity":1,"parent_category":"other","parent_item":"paper"}],"objects":[{"status":"OK","on_map":true,"group":"Piece","subgroup":"","layer":"Paper Piece","full_name":"Piece \u2013 Paper Piece","olm_key":"other/paper","quantity":1,"picked_up":true}],"groups":["litter"],"has_litter":true,"has_pet_waste":false,"has_substances":false,"zone":"cottonwood_zone_E","zone_edge_m":134.2,"nbhd_edge_m":null}},{"type":"Feature","geometry":{"type":"Point","coordinates":[-122.56044006348,49.206615447998]},"properties":{"id":555102,"datetime":"2026-09-26T17:32:03.000000Z","filename":"https://olm-s3.s3.eu-west-1.amazonaws.com/2026/09/26/Xn2D7rHzmPfWfxUO60qz5RImI0jqOiVFWa8579U7.jpg","tags":[{"type":"standard","category":"food","item":"wrapper","quantity":1},{"type":"material","category":"material","item":"plastic","quantity":1,"parent_category":"food","parent_item":"wrapper"}],"objects":[{"status":"OK","on_map":true,"group":"Convenient Food Drink","subgroup":"Snack","layer":"Foil / Plastic Film Snack Wrapper","full_name":"Convenient Food Drink \u2013 Snack \u2013 Foil / Plastic Film Snack Wrapper","olm_key":"food/wrapper","quantity":1,"picked_up":true}],"groups":["litter"],"has_litter":true,"has_pet_waste":false,"has_substances":false,"zone":"cottonwood_zone_E","zone_edge_m":134.2,"nbhd_edge_m":null}},{"type":"Feature","geometry":{"type":"Point","coordinates":[-122.56044006348,49.206615447998]},"properties":{"id":555101,"datetime":"2026-09-26T17:32:28.000000Z","filename":"https://olm-s3.s3.eu-west-1.amazonaws.com/2026/09/26/mfpA5X8akL6HJ3PFdY81jNfFZoLpp5fjtnigsfrW.jpg","tags":[{"type":"standard","category":"industrial","item":"tape","quantity":1}],"objects":[{"status":"OK","on_map":true,"group":"Industrial","subgroup":"","layer":"Flagging Tape","full_name":"Industrial \u2013 Flagging Tape","olm_key":"industrial/tape","quantity":1,"picked_up":true}],"groups":["litter"],"has_litter":true,"has_pet_waste":false,"has_substances":false,"zone":"cottonwood_zone_E","zone_edge_m":134.2,"nbhd_edge_m":null}},{"type":"Feature","geometry":{"type":"Point","coordinates":[-122.56044006348,49.206615447998]},"properties":{"id":555100,"datetime":"2026-09-26T17:32:49.000000Z","filename":"https://olm-s3.s3.eu-west-1.amazonaws.com/2026/09/26/hYWokf2ulFL49qoOyIURlORrIOUe5vsSSPGOKksM.jpg","tags":[{"type":"standard","category":"pets","item":"dogshit","quantity":1}],"objects":[{"status":"OK","on_map":true,"group":"Fecal","subgroup":"","layer":"Pet Waste Unbagged","full_name":"Fecal \u2013 Pet Waste Unbagged","olm_key":"pets/dogshit","quantity":1,"picked_up":false}],"groups":["pet_waste"],"has_litter":false,"has_pet_waste":true,"has_substances":false,"zone":"cottonwood_zone_E","zone_edge_m":134.2,"nbhd_edge_m":null}},{"type":"Feature","geometry":{"type":"Point","coordinates":[-122.56044006348,49.206615447998]},"properties":{"id":555099,"datetime":"2026-09-26T17:33:06.000000Z","filename":"https://olm-s3.s3.eu-west-1.amazonaws.com/2026/09/26/5JuZdIuDiDTcPSydFL8ZaPuj8K6cE5kQpW30DCmx.jpg","tags":[{"type":"standard","category":"other","item":"paper","quantity":1},{"type":"material","category":"material","item":"paper","quantity":1,"parent_category":"other","parent_item":"paper"}],"objects":[{"status":"OK","on_map":true,"group":"Piece","subgroup":"","layer":"Paper Piece","full_name":"Piece \u2013 Paper Piece","olm_key":"other/paper","quantity":1,"picked_up":true}],"groups":["litter"],"has_litter":true,"has_pet_waste":false,"has_substances":false,"zone":"cottonwood_zone_E","zone_edge_m":134.2,"nbhd_edge_m":null}},{"type":"Feature","geometry":{"type":"Point","coordinates":[-122.56044006348,49.206615447998]},"properties":{"id":555098,"datetime":"2026-09-26T17:33:15.000000Z","filename":"https://olm-s3.s3.eu-west-1.amazonaws.com/2026/09/26/ANLJokboUTeaDygYja0VSmjBiVDxat2A69rezfi0.jpg","tags":[{"type":"standard","category":"other","item":"paper","quantity":1},{"type":"material","category":"material","item":"paper","quantity":1,"parent_category":"other","parent_item":"paper"}],"objects":[{"status":"OK","on_map":true,"group":"Piece","subgroup":"","layer":"Paper Piece","full_name":"Piece \u2013 Paper Piece","olm_key":"other/paper","quantity":1,"picked_up":true}],"groups":["litter"],"has_litter":true,"has_pet_waste":false,"has_substances":false,"zone":"cottonwood_zone_E","zone_edge_m":134.2,"nbhd_edge_m":null}},{"type":"Feature","geometry":{"type":"Point","coordinates":[-122.56044006348,49.206615447998]},"properties":{"id":555097,"datetime":"2026-09-26T17:33:33.000000Z","filename":"https://olm-s3.s3.eu-west-1.amazonaws.com/2026/09/26/vLbcNiZ321koRhdFrCqILX7qO2korcJ7o0XqwLNg.jpg","tags":[{"type":"standard","category":"softdrinks","item":"cup","quantity":1},{"type":"brand","category":"brand","item":"seven_eleven","quantity":1,"parent_category":"softdrinks","parent_item":"cup"}],"objects":[{"status":"OK","on_map":true,"group":"Convenient Food Drink","subgroup":"Drink","layer":"Cold Beverage Cup","full_name":"Convenient Food Drink \u2013 Drink \u2013 Cold Beverage Cup","olm_key":"softdrinks/cup","quantity":1,"picked_up":true}],"groups":["litter"],"has_litter":true,"has_pet_waste":false,"has_substances":false,"zone":"cottonwood_zone_E","zone_edge_m":134.2,"nbhd_edge_m":null}},{"type":"Feature","geometry":{"type":"Point","coordinates":[-122.56044006348,49.206615447998]},"properties":{"id":555096,"datetime":"2026-09-26T17:33:59.000000Z","filename":"https://olm-s3.s3.eu-west-1.amazonaws.com/2026/09/26/ATepmhukGgKQ3Ah8Xy7YitAAzn7bRiPPofvXADnn.jpg","tags":[{"type":"standard","category":"other","item":"plastic","quantity":3}],"objects":[{"status":"OK","on_map":true,"group":"Piece","subgroup":"","layer":"Plastic Piece","full_name":"Piece \u2013 Plastic Piece","olm_key":"other/plastic","quantity":3,"picked_up":true}],"groups":["litter"],"has_litter":true,"has_pet_waste":false,"has_substances":false,"zone":"cottonwood_zone_E","zone_edge_m":134.2,"nbhd_edge_m":null}},{"type":"Feature","geometry":{"type":"Point","coordinates":[-122.56044006348,49.206615447998]},"properties":{"id":555095,"datetime":"2026-09-26T17:34:41.000000Z","filename":"https://olm-s3.s3.eu-west-1.amazonaws.com/2026/09/26/ZJARvuFMLOIIV449uBIyoqCOqaGamQUsTTayzlay.jpg","tags":[{"type":"standard","category":"pets","item":"dogshit","quantity":1}],"objects":[{"status":"OK","on_map":true,"group":"Fecal","subgroup":"","layer":"Pet Waste Unbagged","full_name":"Fecal \u2013 Pet Waste Unbagged","olm_key":"pets/dogshit","quantity":1,"picked_up":false}],"groups":["pet_waste"],"has_litter":false,"has_pet_waste":true,"has_substances":false,"zone":"cottonwood_zone_E","zone_edge_m":134.2,"nbhd_edge_m":null}},{"type":"Feature","geometry":{"type":"Point","coordinates":[-122.56044006348,49.206615447998]},"properties":{"id":555094,"datetime":"2026-09-26T17:34:59.000000Z","filename":"https://olm-s3.s3.eu-west-1.amazonaws.com/2026/09/26/i8mvYUe7F2FQ1ImvrOjVdo8nwf2SGDP8M3PTtZOl.jpg","tags":[{"type":"standard","category":"other","item":"plastic","quantity":1}],"objects":[{"status":"OK","on_map":true,"group":"Piece","subgroup":"","layer":"Plastic Piece","full_name":"Piece \u2013 Plastic Piece","olm_key":"other/plastic","quantity":1,"picked_up":true}],"groups":["litter"],"has_litter":true,"has_pet_waste":false,"has_substances":false,"zone":"cottonwood_zone_E","zone_edge_m":134.2,"nbhd_edge_m":null}},{"type":"Feature","geometry":{"type":"Point","coordinates":[-122.56044006348,49.206615447998]},"properties":{"id":555093,"datetime":"2026-09-26T17:35:34.000000Z","filename":"https://olm-s3.s3.eu-west-1.amazonaws.com/2026/09/26/vRmBOg2upJgjisrUwavVBlB0XdvQzMLWDnjPHDoM.jpg","tags":[{"type":"standard","category":"food","item":"wrapper","quantity":1},{"type":"material","category":"material","item":"foil","quantity":1,"parent_category":"food","parent_item":"wrapper"},{"type":"material","category":"material","item":"plastic","quantity":1,"parent_category":"food","parent_item":"wrapper"},{"type":"standard","category":"other","item":"plastic","quantity":1}],"objects":[{"status":"OK","on_map":true,"group":"Convenient Food Drink","subgroup":"Snack","layer":"Foil / Plastic Film Snack Wrapper","full_name":"Convenient Food Drink \u2013 Snack \u2013 Foil / Plastic Film Snack Wrapper","olm_key":"food/wrapper","quantity":1,"picked_up":true},{"status":"OK","on_map":true,"group":"Piece","subgroup":"","layer":"Plastic Piece","full_name":"Piece \u2013 Plastic Piece","olm_key":"other/plastic","quantity":1,"picked_up":true}],"groups":["litter"],"has_litter":true,"has_pet_waste":false,"has_substances":false,"zone":"cottonwood_zone_E","zone_edge_m":134.2,"nbhd_edge_m":null}},{"type":"Feature","geometry":{"type":"Point","coordinates":[-122.56044006348,49.206615447998]},"properties":{"id":555092,"datetime":"2026-09-26T17:35:46.000000Z","filename":"https://olm-s3.s3.eu-west-1.amazonaws.com/2026/09/26/mJph5rb2uGCEyWSOwRXWucDgGFZyFR2RnKcj2q8B.jpg","tags":[{"type":"standard","category":"food","item":"wrapper","quantity":1},{"type":"material","category":"material","item":"plastic","quantity":1,"parent_category":"food","parent_item":"wrapper"}],"objects":[{"status":"OK","on_map":true,"group":"Convenient Food Drink","subgroup":"Snack","layer":"Foil / Plastic Film Snack Wrapper","full_name":"Convenient Food Drink \u2013 Snack \u2013 Foil / Plastic Film Snack Wrapper","olm_key":"food/wrapper","quantity":1,"picked_up":true}],"groups":["litter"],"has_litter":true,"has_pet_waste":false,"has_substances":false,"zone":"cottonwood_zone_E","zone_edge_m":134.2,"nbhd_edge_m":null}},{"type":"Feature","geometry":{"type":"Point","coordinates":[-122.56044006348,49.206615447998]},"properties":{"id":555091,"datetime":"2026-09-26T17:36:08.000000Z","filename":"https://olm-s3.s3.eu-west-1.amazonaws.com/2026/09/26/lHR8WTcKfXknuYJRENPYYGBt1gJUJzyiKnX7jY5o.jpg","tags":[{"type":"standard","category":"softdrinks","item":"bottle","quantity":1,"object_type":"juice"},{"type":"material","category":"material","item":"plastic","quantity":1,"parent_category":"softdrinks","parent_item":"bottle"}],"objects":[{"status":"OK","on_map":true,"group":"Convenient Food Drink","subgroup":"Drink","layer":"Plastic or Glass Drink Bottle","full_name":"Convenient Food Drink \u2013 Drink \u2013 Plastic or Glass Drink Bottle","olm_key":"softdrinks/bottle","quantity":1,"picked_up":true}],"groups":["litter"],"has_litter":true,"has_pet_waste":false,"has_substances":false,"zone":"cottonwood_zone_E","zone_edge_m":134.2,"nbhd_edge_m":null}},{"type":"Feature","geometry":{"type":"Point","coordinates":[-122.56044006348,49.206615447998]},"properties":{"id":555090,"datetime":"2026-09-26T17:36:41.000000Z","filename":"https://olm-s3.s3.eu-west-1.amazonaws.com/2026/09/26/lifED8OCm0FPlIMl7ltBJP5YCAXc3E7QGxHOIg4y.jpg","tags":[{"type":"standard","category":"pets","item":"dogshit","quantity":1}],"objects":[{"status":"OK","on_map":true,"group":"Fecal","subgroup":"","layer":"Pet Waste Unbagged","full_name":"Fecal \u2013 Pet Waste Unbagged","olm_key":"pets/dogshit","quantity":1,"picked_up":false}],"groups":["pet_waste"],"has_litter":false,"has_pet_waste":true,"has_substances":false,"zone":"cottonwood_zone_E","zone_edge_m":134.2,"nbhd_edge_m":null}},{"type":"Feature","geometry":{"type":"Point","coordinates":[-122.56212615967,49.207458496094]},"properties":{"id":555089,"datetime":"2026-09-26T17:37:16.000000Z","filename":"https://olm-s3.s3.eu-west-1.amazonaws.com/2026/09/26/VigDsN0QqoWY8ie1hlqUHmUpjgdCRbrAQ2D2a0fU.jpg","tags":[{"type":"standard","category":"other","item":"paper","quantity":1},{"type":"material","category":"material","item":"paper","quantity":1,"parent_category":"other","parent_item":"paper"}],"objects":[{"status":"OK","on_map":true,"group":"Piece","subgroup":"","layer":"Paper Piece","full_name":"Piece \u2013 Paper Piece","olm_key":"other/paper","quantity":1,"picked_up":true}],"groups":["litter"],"has_litter":true,"has_pet_waste":false,"has_substances":false,"zone":"cottonwood_zone_E","zone_edge_m":90.3,"nbhd_edge_m":null}},{"type":"Feature","geometry":{"type":"Point","coordinates":[-122.56212615967,49.207458496094]},"properties":{"id":555088,"datetime":"2026-09-26T17:37:21.000000Z","filename":"https://olm-s3.s3.eu-west-1.amazonaws.com/2026/09/26/9q9hpwXhBXEByYvm924e2SUgp2QOXnNPtuT98Y2n.jpg","tags":[{"type":"standard","category":"other","item":"plastic","quantity":1}],"objects":[{"status":"OK","on_map":true,"group":"Piece","subgroup":"","layer":"Plastic Piece","full_name":"Piece \u2013 Plastic Piece","olm_key":"other/plastic","quantity":1,"picked_up":true}],"groups":["litter"],"has_litter":true,"has_pet_waste":false,"has_substances":false,"zone":"cottonwood_zone_E","zone_edge_m":90.3,"nbhd_edge_m":null}},{"type":"Feature","geometry":{"type":"Point","coordinates":[-122.56212615967,49.207458496094]},"properties":{"id":555087,"datetime":"2026-09-26T17:37:34.000000Z","filename":"https://olm-s3.s3.eu-west-1.amazonaws.com/2026/09/26/JnOloMm2ZCCJdRjNwK5NvzJBF3iet3rt5ol8cjOJ.jpg","tags":[{"type":"standard","category":"other","item":"plastic","quantity":1}],"objects":[{"status":"OK","on_map":true,"group":"Piece","subgroup":"","layer":"Plastic Piece","full_name":"Piece \u2013 Plastic Piece","olm_key":"other/plastic","quantity":1,"picked_up":true}],"groups":["litter"],"has_litter":true,"has_pet_waste":false,"has_substances":false,"zone":"cottonwood_zone_E","zone_edge_m":90.3,"nbhd_edge_m":null}},{"type":"Feature","geometry":{"type":"Point","coordinates":[-122.56212615967,49.207458496094]},"properties":{"id":555086,"datetime":"2026-09-26T17:37:55.000000Z","filename":"https://olm-s3.s3.eu-west-1.amazonaws.com/2026/09/26/CjmLDNtTHIwk73aWJWWH4JfxX3krsuVSgH4HGPdR.jpg","tags":[{"type":"standard","category":"other","item":"plastic","quantity":1},{"type":"custom_tag","category":"custom_tag","item":"tinsel","quantity":1,"parent_category":"other","parent_item":"plastic"}],"objects":[{"status":"OK","on_map":true,"group":"Piece","subgroup":"","layer":"Plastic Piece","full_name":"Piece \u2013 Plastic Piece","olm_key":"other/plastic","quantity":1,"picked_up":true}],"groups":["litter"],"has_litter":true,"has_pet_waste":false,"has_substances":false,"zone":"cottonwood_zone_E","zone_edge_m":90.3,"nbhd_edge_m":null}},{"type":"Feature","geometry":{"type":"Point","coordinates":[-122.56212615967,49.207458496094]},"properties":{"id":555085,"datetime":"2026-09-26T17:38:10.000000Z","filename":"https://olm-s3.s3.eu-west-1.amazonaws.com/2026/09/26/Dw1IM4710z9AiYWWa2n83hHk7epihGTrjJpWaa0C.jpg","tags":[{"type":"standard","category":"food","item":"tinfoil","quantity":1}],"objects":[{"status":"OK","on_map":true,"group":"Piece","subgroup":"","layer":"Foil Piece","full_name":"Piece \u2013 Foil Piece","olm_key":"food/tinfoil","quantity":1,"picked_up":true}],"groups":["litter"],"has_litter":true,"has_pet_waste":false,"has_substances":false,"zone":"cottonwood_zone_E","zone_edge_m":90.3,"nbhd_edge_m":null}},{"type":"Feature","geometry":{"type":"Point","coordinates":[-122.56212615967,49.207458496094]},"properties":{"id":555084,"datetime":"2026-09-26T17:38:15.000000Z","filename":"https://olm-s3.s3.eu-west-1.amazonaws.com/2026/09/26/zpyNsFnsgH7RAVP03vY78eldmZ4GES9YYhvcaR4g.jpg","tags":[{"type":"standard","category":"other","item":"paper","quantity":1},{"type":"material","category":"material","item":"paper","quantity":1,"parent_category":"other","parent_item":"paper"}],"objects":[{"status":"OK","on_map":true,"group":"Piece","subgroup":"","layer":"Paper Piece","full_name":"Piece \u2013 Paper Piece","olm_key":"other/paper","quantity":1,"picked_up":true}],"groups":["litter"],"has_litter":true,"has_pet_waste":false,"has_substances":false,"zone":"cottonwood_zone_E","zone_edge_m":90.3,"nbhd_edge_m":null}},{"type":"Feature","geometry":{"type":"Point","coordinates":[-122.56212615967,49.207458496094]},"properties":{"id":555083,"datetime":"2026-09-26T17:38:23.000000Z","filename":"https://olm-s3.s3.eu-west-1.amazonaws.com/2026/09/26/4tyXFH74U8sn7drXPPanFZlHceEDglcwb1uMlFqr.jpg","tags":[{"type":"standard","category":"other","item":"paper","quantity":1},{"type":"material","category":"material","item":"paper","quantity":1,"parent_category":"other","parent_item":"paper"}],"objects":[{"status":"OK","on_map":true,"group":"Piece","subgroup":"","layer":"Paper Piece","full_name":"Piece \u2013 Paper Piece","olm_key":"other/paper","quantity":1,"picked_up":true}],"groups":["litter"],"has_litter":true,"has_pet_waste":false,"has_substances":false,"zone":"cottonwood_zone_E","zone_edge_m":90.3,"nbhd_edge_m":null}},{"type":"Feature","geometry":{"type":"Point","coordinates":[-122.56212615967,49.207458496094]},"properties":{"id":555082,"datetime":"2026-09-26T17:38:28.000000Z","filename":"https://olm-s3.s3.eu-west-1.amazonaws.com/2026/09/26/g3axVwUoZUaDDfTssOSf27y93CLMAadl1XVDhhjp.jpg","tags":[{"type":"standard","category":"food","item":"tinfoil","quantity":1}],"objects":[{"status":"OK","on_map":true,"group":"Piece","subgroup":"","layer":"Foil Piece","full_name":"Piece \u2013 Foil Piece","olm_key":"food/tinfoil","quantity":1,"picked_up":true}],"groups":["litter"],"has_litter":true,"has_pet_waste":false,"has_substances":false,"zone":"cottonwood_zone_E","zone_edge_m":90.3,"nbhd_edge_m":null}},{"type":"Feature","geometry":{"type":"Point","coordinates":[-122.56212615967,49.207458496094]},"properties":{"id":555081,"datetime":"2026-09-26T17:38:34.000000Z","filename":"https://olm-s3.s3.eu-west-1.amazonaws.com/2026/09/26/pkB5dEKaUXAbziZmKlcQQJOYQQlTQKwCPRWFEgPb.jpg","tags":[{"type":"standard","category":"food","item":"tinfoil","quantity":2}],"objects":[{"status":"OK","on_map":true,"group":"Piece","subgroup":"","layer":"Foil Piece","full_name":"Piece \u2013 Foil Piece","olm_key":"food/tinfoil","quantity":2,"picked_up":true}],"groups":["litter"],"has_litter":true,"has_pet_waste":false,"has_substances":false,"zone":"cottonwood_zone_E","zone_edge_m":90.3,"nbhd_edge_m":null}},{"type":"Feature","geometry":{"type":"Point","coordinates":[-122.56212615967,49.207458496094]},"properties":{"id":555080,"datetime":"2026-09-26T17:38:44.000000Z","filename":"https://olm-s3.s3.eu-west-1.amazonaws.com/2026/09/26/UqxWW3JLErs8lF0zakFDaBqFAFBbF7FZ87qR4CmI.jpg","tags":[{"type":"standard","category":"food","item":"tinfoil","quantity":1}],"objects":[{"status":"OK","on_map":true,"group":"Piece","subgroup":"","layer":"Foil Piece","full_name":"Piece \u2013 Foil Piece","olm_key":"food/tinfoil","quantity":1,"picked_up":true}],"groups":["litter"],"has_litter":true,"has_pet_waste":false,"has_substances":false,"zone":"cottonwood_zone_E","zone_edge_m":90.3,"nbhd_edge_m":null}},{"type":"Feature","geometry":{"type":"Point","coordinates":[-122.56212615967,49.207458496094]},"properties":{"id":555079,"datetime":"2026-09-26T17:38:53.000000Z","filename":"https://olm-s3.s3.eu-west-1.amazonaws.com/2026/09/26/v627eY2tZdoqSIk2RwBglAICeEXJIAC1LULg5WRj.jpg","tags":[{"type":"standard","category":"other","item":"plastic","quantity":1}],"objects":[{"status":"OK","on_map":true,"group":"Piece","subgroup":"","layer":"Plastic Piece","full_name":"Piece \u2013 Plastic Piece","olm_key":"other/plastic","quantity":1,"picked_up":true}],"groups":["litter"],"has_litter":true,"has_pet_waste":false,"has_substances":false,"zone":"cottonwood_zone_E","zone_edge_m":90.3,"nbhd_edge_m":null}},{"type":"Feature","geometry":{"type":"Point","coordinates":[-122.56212615967,49.207458496094]},"properties":{"id":555078,"datetime":"2026-09-26T17:39:08.000000Z","filename":"https://olm-s3.s3.eu-west-1.amazonaws.com/2026/09/26/uwh96eqjyyw5clZtB9palvIbyrbvTeKedUX129fL.jpg","tags":[{"type":"standard","category":"food","item":"tinfoil","quantity":2},{"type":"standard","category":"other","item":"plastic","quantity":1}],"objects":[{"status":"OK","on_map":true,"group":"Piece","subgroup":"","layer":"Foil Piece","full_name":"Piece \u2013 Foil Piece","olm_key":"food/tinfoil","quantity":2,"picked_up":true},{"status":"OK","on_map":true,"group":"Piece","subgroup":"","layer":"Plastic Piece","full_name":"Piece \u2013 Plastic Piece","olm_key":"other/plastic","quantity":1,"picked_up":true}],"groups":["litter"],"has_litter":true,"has_pet_waste":false,"has_substances":false,"zone":"cottonwood_zone_E","zone_edge_m":90.3,"nbhd_edge_m":null}},{"type":"Feature","geometry":{"type":"Point","coordinates":[-122.56212615967,49.207458496094]},"properties":{"id":555077,"datetime":"2026-09-26T17:39:23.000000Z","filename":"https://olm-s3.s3.eu-west-1.amazonaws.com/2026/09/26/JEtDwtnK3D4yUejK8nnivOTJb6zKltK6Yn8lmgi1.jpg","tags":[{"type":"standard","category":"softdrinks","item":"juice_pouch","quantity":1}],"objects":[{"status":"OK","on_map":true,"group":"Convenient Food Drink","subgroup":"Drink","layer":"Drink Box Pouch","full_name":"Convenient Food Drink \u2013 Drink \u2013 Drink Box Pouch","olm_key":"softdrinks/juice_pouch","quantity":1,"picked_up":true}],"groups":["litter"],"has_litter":true,"has_pet_waste":false,"has_substances":false,"zone":"cottonwood_zone_E","zone_edge_m":90.3,"nbhd_edge_m":null}},{"type":"Feature","geometry":{"type":"Point","coordinates":[-122.56212615967,49.207458496094]},"properties":{"id":555076,"datetime":"2026-09-26T17:39:53.000000Z","filename":"https://olm-s3.s3.eu-west-1.amazonaws.com/2026/09/26/j2G8JbS44ULzuNbiQLDBXyvEAyLqphcGzMISR9pm.jpg","tags":[{"type":"standard","category":"other","item":"plastic","quantity":1}],"objects":[{"status":"OK","on_map":true,"group":"Piece","subgroup":"","layer":"Plastic Piece","full_name":"Piece \u2013 Plastic Piece","olm_key":"other/plastic","quantity":1,"picked_up":true}],"groups":["litter"],"has_litter":true,"has_pet_waste":false,"has_substances":false,"zone":"cottonwood_zone_E","zone_edge_m":90.3,"nbhd_edge_m":null}},{"type":"Feature","geometry":{"type":"Point","coordinates":[-122.56212615967,49.207458496094]},"properties":{"id":555075,"datetime":"2026-09-26T17:40:01.000000Z","filename":"https://olm-s3.s3.eu-west-1.amazonaws.com/2026/09/26/FSDzsvFfXXuUeqN3oNgmRHi1PvsxVVEJslwJPYaV.jpg","tags":[{"type":"standard","category":"other","item":"plastic","quantity":1}],"objects":[{"status":"OK","on_map":true,"group":"Piece","subgroup":"","layer":"Plastic Piece","full_name":"Piece \u2013 Plastic Piece","olm_key":"other/plastic","quantity":1,"picked_up":true}],"groups":["litter"],"has_litter":true,"has_pet_waste":false,"has_substances":false,"zone":"cottonwood_zone_E","zone_edge_m":90.3,"nbhd_edge_m":null}},{"type":"Feature","geometry":{"type":"Point","coordinates":[-122.56212615967,49.207458496094]},"properties":{"id":555074,"datetime":"2026-09-26T17:40:10.000000Z","filename":"https://olm-s3.s3.eu-west-1.amazonaws.com/2026/09/26/SpqK4SxKN2lqtogIzB8Ljg4JG87I02pkGB3iqrM9.jpg","tags":[{"type":"standard","category":"other","item":"paper","quantity":1},{"type":"material","category":"material","item":"paper","quantity":1,"parent_category":"other","parent_item":"paper"},{"type":"standard","category":"smoking","item":"butts","quantity":1}],"objects":[{"status":"OK","on_map":true,"group":"Piece","subgroup":"","layer":"Paper Piece","full_name":"Piece \u2013 Paper Piece","olm_key":"other/paper","quantity":1,"picked_up":true},{"status":"OK","on_map":true,"group":"Smoking","subgroup":"","layer":"Cigarette Butts","full_name":"Smoking \u2013 Cigarette Butts","olm_key":"smoking/butts","quantity":1,"picked_up":true}],"groups":["litter","substances"],"has_litter":true,"has_pet_waste":false,"has_substances":true,"zone":"cottonwood_zone_E","zone_edge_m":90.3,"nbhd_edge_m":null}},{"type":"Feature","geometry":{"type":"Point","coordinates":[-122.56212615967,49.207458496094]},"properties":{"id":555073,"datetime":"2026-09-26T17:40:16.000000Z","filename":"https://olm-s3.s3.eu-west-1.amazonaws.com/2026/09/26/mcPzm1mAFIWO5ihR5J6apOzoYY9Lg1FO93owfqzu.jpg","tags":[{"type":"standard","category":"other","item":"paper","quantity":1},{"type":"material","category":"material","item":"paper","quantity":1,"parent_category":"other","parent_item":"paper"}],"objects":[{"status":"OK","on_map":true,"group":"Piece","subgroup":"","layer":"Paper Piece","full_name":"Piece \u2013 Paper Piece","olm_key":"other/paper","quantity":1,"picked_up":true}],"groups":["litter"],"has_litter":true,"has_pet_waste":false,"has_substances":false,"zone":"cottonwood_zone_E","zone_edge_m":90.3,"nbhd_edge_m":null}},{"type":"Feature","geometry":{"type":"Point","coordinates":[-122.56212615967,49.207458496094]},"properties":{"id":555072,"datetime":"2026-09-26T17:40:22.000000Z","filename":"https://olm-s3.s3.eu-west-1.amazonaws.com/2026/09/26/bZLBEQPDdNdttQMANpVht418FSbK7OlIjNuBFtfP.jpg","tags":[{"type":"standard","category":"other","item":"paper","quantity":1},{"type":"material","category":"material","item":"paper","quantity":1,"parent_category":"other","parent_item":"paper"}],"objects":[{"status":"OK","on_map":true,"group":"Piece","subgroup":"","layer":"Paper Piece","full_name":"Piece \u2013 Paper Piece","olm_key":"other/paper","quantity":1,"picked_up":true}],"groups":["litter"],"has_litter":true,"has_pet_waste":false,"has_substances":false,"zone":"cottonwood_zone_E","zone_edge_m":90.3,"nbhd_edge_m":null}},{"type":"Feature","geometry":{"type":"Point","coordinates":[-122.56212615967,49.207458496094]},"properties":{"id":555071,"datetime":"2026-09-26T17:40:44.000000Z","filename":"https://olm-s3.s3.eu-west-1.amazonaws.com/2026/09/26/JqkfwjNNoUDX5O9DjwSLkIgLi9Hg40RT9EOdFEBH.jpg","tags":[{"type":"standard","category":"smoking","item":"butts","quantity":1}],"objects":[{"status":"OK","on_map":true,"group":"Smoking","subgroup":"","layer":"Cigarette Butts","full_name":"Smoking \u2013 Cigarette Butts","olm_key":"smoking/butts","quantity":1,"picked_up":true}],"groups":["substances"],"has_litter":false,"has_pet_waste":false,"has_substances":true,"zone":"cottonwood_zone_E","zone_edge_m":90.3,"nbhd_edge_m":null}},{"type":"Feature","geometry":{"type":"Point","coordinates":[-122.56212615967,49.207458496094]},"properties":{"id":555070,"datetime":"2026-09-26T17:41:05.000000Z","filename":"https://olm-s3.s3.eu-west-1.amazonaws.com/2026/09/26/34EwjYkjX1lAnQKznsZgacxPDzL4QU62fAX10obc.jpg","tags":[{"type":"standard","category":"other","item":"plastic","quantity":3}],"objects":[{"status":"OK","on_map":true,"group":"Piece","subgroup":"","layer":"Plastic Piece","full_name":"Piece \u2013 Plastic Piece","olm_key":"other/plastic","quantity":3,"picked_up":true}],"groups":["litter"],"has_litter":true,"has_pet_waste":false,"has_substances":false,"zone":"cottonwood_zone_E","zone_edge_m":90.3,"nbhd_edge_m":null}},{"type":"Feature","geometry":{"type":"Point","coordinates":[-122.56212615967,49.207458496094]},"properties":{"id":555069,"datetime":"2026-09-26T17:41:23.000000Z","filename":"https://olm-s3.s3.eu-west-1.amazonaws.com/2026/09/26/6tQCW0EDvhUuqtVnWAL5gWhhlhoV7ObiwdpQDNVA.jpg","tags":[{"type":"standard","category":"other","item":"other","quantity":1}],"objects":[{"status":"OK","on_map":true,"group":"Household","subgroup":"","layer":"Household misc","full_name":"Household \u2013 Household misc","olm_key":"other/other","quantity":1,"picked_up":true}],"groups":["litter"],"has_litter":true,"has_pet_waste":false,"has_substances":false,"zone":"cottonwood_zone_E","zone_edge_m":90.3,"nbhd_edge_m":null}},{"type":"Feature","geometry":{"type":"Point","coordinates":[-122.56212615967,49.207458496094]},"properties":{"id":555068,"datetime":"2026-09-26T17:41:51.000000Z","filename":"https://olm-s3.s3.eu-west-1.amazonaws.com/2026/09/26/vKqDjSatGZn7RLwT1IO4bwBjrAgEbV3K1adY2zvK.jpg","tags":[{"type":"standard","category":"smoking","item":"butts","quantity":1}],"objects":[{"status":"OK","on_map":true,"group":"Smoking","subgroup":"","layer":"Cigarette Butts","full_name":"Smoking \u2013 Cigarette Butts","olm_key":"smoking/butts","quantity":1,"picked_up":true}],"groups":["substances"],"has_litter":false,"has_pet_waste":false,"has_substances":true,"zone":"cottonwood_zone_E","zone_edge_m":90.3,"nbhd_edge_m":null}},{"type":"Feature","geometry":{"type":"Point","coordinates":[-122.56212615967,49.207458496094]},"properties":{"id":555067,"datetime":"2026-09-26T17:42:00.000000Z","filename":"https://olm-s3.s3.eu-west-1.amazonaws.com/2026/09/26/10Z72NVUYmJGtqbjel38M2agLAuCnf6tT3ZDxFhp.jpg","tags":[{"type":"standard","category":"other","item":"plastic","quantity":1}],"objects":[{"status":"OK","on_map":true,"group":"Piece","subgroup":"","layer":"Plastic Piece","full_name":"Piece \u2013 Plastic Piece","olm_key":"other/plastic","quantity":1,"picked_up":true}],"groups":["litter"],"has_litter":true,"has_pet_waste":false,"has_substances":false,"zone":"cottonwood_zone_E","zone_edge_m":90.3,"nbhd_edge_m":null}},{"type":"Feature","geometry":{"type":"Point","coordinates":[-122.56212615967,49.207458496094]},"properties":{"id":555066,"datetime":"2026-09-26T17:42:18.000000Z","filename":"https://olm-s3.s3.eu-west-1.amazonaws.com/2026/09/26/Ooh1WznKsZiLG9ACZRxjhvwkLEJZqlneLcEQJsck.jpg","tags":[{"type":"standard","category":"softdrinks","item":"bottle_cap","quantity":1},{"type":"material","category":"material","item":"plastic","quantity":1,"parent_category":"softdrinks","parent_item":"bottle_cap"}],"objects":[{"status":"OK","on_map":true,"group":"Convenient Food Drink","subgroup":"Drink","layer":"Drink Bottle Cap","full_name":"Convenient Food Drink \u2013 Drink \u2013 Drink Bottle Cap","olm_key":"softdrinks/bottle_cap","quantity":1,"picked_up":true}],"groups":["litter"],"has_litter":true,"has_pet_waste":false,"has_substances":false,"zone":"cottonwood_zone_E","zone_edge_m":90.3,"nbhd_edge_m":null}},{"type":"Feature","geometry":{"type":"Point","coordinates":[-122.56198120117,49.207607269287]},"properties":{"id":555065,"datetime":"2026-09-26T17:42:49.000000Z","filename":"https://olm-s3.s3.eu-west-1.amazonaws.com/2026/09/26/DMbyhQiAhgjOd4la4I64ijcM6LNysx8Hbh36xBH3.jpg","tags":[{"type":"standard","category":"other","item":"plastic","quantity":1}],"objects":[{"status":"OK","on_map":true,"group":"Piece","subgroup":"","layer":"Plastic Piece","full_name":"Piece \u2013 Plastic Piece","olm_key":"other/plastic","quantity":1,"picked_up":true}],"groups":["litter"],"has_litter":true,"has_pet_waste":false,"has_substances":false,"zone":"cottonwood_zone_E","zone_edge_m":73.8,"nbhd_edge_m":null}},{"type":"Feature","geometry":{"type":"Point","coordinates":[-122.56198120117,49.207607269287]},"properties":{"id":555064,"datetime":"2026-09-26T17:43:00.000000Z","filename":"https://olm-s3.s3.eu-west-1.amazonaws.com/2026/09/26/v18F2G9g3rIDSnDRNLhmaH9eXHzuo0DCaxpsUh2H.jpg","tags":[{"type":"standard","category":"other","item":"other","quantity":1}],"objects":[{"status":"OK","on_map":true,"group":"Household","subgroup":"","layer":"Household misc","full_name":"Household \u2013 Household misc","olm_key":"other/other","quantity":1,"picked_up":true}],"groups":["litter"],"has_litter":true,"has_pet_waste":false,"has_substances":false,"zone":"cottonwood_zone_E","zone_edge_m":73.8,"nbhd_edge_m":null}},{"type":"Feature","geometry":{"type":"Point","coordinates":[-122.56198120117,49.207607269287]},"properties":{"id":555063,"datetime":"2026-09-26T17:43:17.000000Z","filename":"https://olm-s3.s3.eu-west-1.amazonaws.com/2026/09/26/nBCXGY38HntSKD8f6v9S4iLxbxSXf9RfSLrDQyhm.jpg","tags":[{"type":"standard","category":"other","item":"other","quantity":1}],"objects":[{"status":"OK","on_map":true,"group":"Household","subgroup":"","layer":"Household misc","full_name":"Household \u2013 Household misc","olm_key":"other/other","quantity":1,"picked_up":true}],"groups":["litter"],"has_litter":true,"has_pet_waste":false,"has_substances":false,"zone":"cottonwood_zone_E","zone_edge_m":73.8,"nbhd_edge_m":null}},{"type":"Feature","geometry":{"type":"Point","coordinates":[-122.56198120117,49.207607269287]},"properties":{"id":555062,"datetime":"2026-09-26T17:44:06.000000Z","filename":"https://olm-s3.s3.eu-west-1.amazonaws.com/2026/09/26/T199kvE4wFoRyeP8XwhX32u1UZKs2b59FTVWDuHc.jpg","tags":[{"type":"standard","category":"other","item":"plastic","quantity":1}],"objects":[{"status":"OK","on_map":true,"group":"Piece","subgroup":"","layer":"Plastic Piece","full_name":"Piece \u2013 Plastic Piece","olm_key":"other/plastic","quantity":1,"picked_up":true}],"groups":["litter"],"has_litter":true,"has_pet_waste":false,"has_substances":false,"zone":"cottonwood_zone_E","zone_edge_m":73.8,"nbhd_edge_m":null}},{"type":"Feature","geometry":{"type":"Point","coordinates":[-122.56188201904,49.207614898682]},"properties":{"id":555061,"datetime":"2026-09-26T17:44:44.000000Z","filename":"https://olm-s3.s3.eu-west-1.amazonaws.com/2026/09/26/Aj4KHshpSZ6AfM7rpBMgGJ2sc4FBkb3VS92we7wg.jpg","tags":[{"type":"standard","category":"food","item":"tinfoil","quantity":1}],"objects":[{"status":"OK","on_map":true,"group":"Piece","subgroup":"","layer":"Foil Piece","full_name":"Piece \u2013 Foil Piece","olm_key":"food/tinfoil","quantity":1,"picked_up":true}],"groups":["litter"],"has_litter":true,"has_pet_waste":false,"has_substances":false,"zone":"cottonwood_zone_E","zone_edge_m":72.9,"nbhd_edge_m":null}},{"type":"Feature","geometry":{"type":"Point","coordinates":[-122.56188964844,49.207614898682]},"properties":{"id":555060,"datetime":"2026-09-26T17:44:51.000000Z","filename":"https://olm-s3.s3.eu-west-1.amazonaws.com/2026/09/26/c6GhZvNws7cmQ1Qc2SThLl5O9dCVMP6BxVWiJqAp.jpg","tags":[{"type":"standard","category":"food","item":"tinfoil","quantity":1}],"objects":[{"status":"OK","on_map":true,"group":"Piece","subgroup":"","layer":"Foil Piece","full_name":"Piece \u2013 Foil Piece","olm_key":"food/tinfoil","quantity":1,"picked_up":true}],"groups":["litter"],"has_litter":true,"has_pet_waste":false,"has_substances":false,"zone":"cottonwood_zone_E","zone_edge_m":72.9,"nbhd_edge_m":null}},{"type":"Feature","geometry":{"type":"Point","coordinates":[-122.56188964844,49.207614898682]},"properties":{"id":555059,"datetime":"2026-09-26T17:45:49.000000Z","filename":"https://olm-s3.s3.eu-west-1.amazonaws.com/2026/09/26/z3sPTV6PZCXstLUWQq0VNkMtUPAJ0OkutzZA8FJB.jpg","tags":[{"type":"standard","category":"other","item":"paper","quantity":1},{"type":"material","category":"material","item":"paper","quantity":1,"parent_category":"other","parent_item":"paper"}],"objects":[{"status":"OK","on_map":true,"group":"Piece","subgroup":"","layer":"Paper Piece","full_name":"Piece \u2013 Paper Piece","olm_key":"other/paper","quantity":1,"picked_up":true}],"groups":["litter"],"has_litter":true,"has_pet_waste":false,"has_substances":false,"zone":"cottonwood_zone_E","zone_edge_m":72.9,"nbhd_edge_m":null}},{"type":"Feature","geometry":{"type":"Point","coordinates":[-122.56188964844,49.207614898682]},"properties":{"id":555058,"datetime":"2026-09-26T17:46:00.000000Z","filename":"https://olm-s3.s3.eu-west-1.amazonaws.com/2026/09/26/OM6HY0VNiBp1l0rgcUESYfDXq2az26WHI3QKiAIo.jpg","tags":[{"type":"standard","category":"food","item":"packaging","quantity":1},{"type":"brand","category":"brand","item":"mcdonalds","quantity":1,"parent_category":"food","parent_item":"packaging"}],"objects":[{"status":"OK","on_map":true,"group":"Convenient Food Drink","subgroup":"Take-out","layer":"Food Packaging","full_name":"Convenient Food Drink \u2013 Take-out \u2013 Food Packaging","olm_key":"food/packaging","quantity":1,"picked_up":true}],"groups":["litter"],"has_litter":true,"has_pet_waste":false,"has_substances":false,"zone":"cottonwood_zone_E","zone_edge_m":72.9,"nbhd_edge_m":null}},{"type":"Feature","geometry":{"type":"Point","coordinates":[-122.56188964844,49.207614898682]},"properties":{"id":555057,"datetime":"2026-09-26T17:46:41.000000Z","filename":"https://olm-s3.s3.eu-west-1.amazonaws.com/2026/09/26/A4AOVQgpyxtaO1juwb4qZBGgq59XKO87vxc8I5EA.jpg","tags":[{"type":"standard","category":"food","item":"packaging","quantity":1},{"type":"brand","category":"brand","item":"mcdonalds","quantity":1,"parent_category":"food","parent_item":"packaging"}],"objects":[{"status":"OK","on_map":true,"group":"Convenient Food Drink","subgroup":"Take-out","layer":"Food Packaging","full_name":"Convenient Food Drink \u2013 Take-out \u2013 Food Packaging","olm_key":"food/packaging","quantity":1,"picked_up":true}],"groups":["litter"],"has_litter":true,"has_pet_waste":false,"has_substances":false,"zone":"cottonwood_zone_E","zone_edge_m":72.9,"nbhd_edge_m":null}},{"type":"Feature","geometry":{"type":"Point","coordinates":[-122.56198120117,49.207778930664]},"properties":{"id":555056,"datetime":"2026-09-26T17:47:06.000000Z","filename":"https://olm-s3.s3.eu-west-1.amazonaws.com/2026/09/26/s8AMjzuOb6X3HAp8vDAwL6QhtGy0eVJXCWNeOLZw.jpg","tags":[{"type":"standard","category":"pets","item":"dogshit_in_bag","quantity":1}],"objects":[{"status":"OK","on_map":true,"group":"Fecal","subgroup":"","layer":"Pet Waste Bagged","full_name":"Fecal \u2013 Pet Waste Bagged","olm_key":"pets/dogshit_in_bag","quantity":1,"picked_up":false}],"groups":["pet_waste"],"has_litter":false,"has_pet_waste":true,"has_substances":false,"zone":"cottonwood_zone_E","zone_edge_m":54.7,"nbhd_edge_m":null}},{"type":"Feature","geometry":{"type":"Point","coordinates":[-122.56198120117,49.207778930664]},"properties":{"id":555055,"datetime":"2026-09-26T17:47:14.000000Z","filename":"https://olm-s3.s3.eu-west-1.amazonaws.com/2026/09/26/9Ntda1VWc9Sk01ebHBFu709LRoxZhhaLXEEke0bP.jpg","tags":[{"type":"standard","category":"pets","item":"dogshit_in_bag","quantity":1}],"objects":[{"status":"OK","on_map":true,"group":"Fecal","subgroup":"","layer":"Pet Waste Bagged","full_name":"Fecal \u2013 Pet Waste Bagged","olm_key":"pets/dogshit_in_bag","quantity":1,"picked_up":false}],"groups":["pet_waste"],"has_litter":false,"has_pet_waste":true,"has_substances":false,"zone":"cottonwood_zone_E","zone_edge_m":54.7,"nbhd_edge_m":null}},{"type":"Feature","geometry":{"type":"Point","coordinates":[-122.56201934814,49.207748413086]},"properties":{"id":555054,"datetime":"2026-09-26T17:47:26.000000Z","filename":"https://olm-s3.s3.eu-west-1.amazonaws.com/2026/09/26/J5Rq920X8TYFMEB04BvNfvyMITlDL6rfapy2dMyc.jpg","tags":[{"type":"standard","category":"smoking","item":"packaging","quantity":1},{"type":"custom_tag","category":"custom_tag","item":"THC","quantity":1,"parent_category":"smoking","parent_item":"packaging"}],"objects":[{"status":"OK","on_map":true,"group":"Smoking","subgroup":"","layer":"Cannabis Packaging","full_name":"Smoking \u2013 Cannabis Packaging","olm_key":"smoking/packaging","quantity":1,"picked_up":true}],"groups":["substances"],"has_litter":false,"has_pet_waste":false,"has_substances":true,"zone":"cottonwood_zone_E","zone_edge_m":58.1,"nbhd_edge_m":null}},{"type":"Feature","geometry":{"type":"Point","coordinates":[-122.5620880127,49.20777130127]},"properties":{"id":555053,"datetime":"2026-09-26T17:48:00.000000Z","filename":"https://olm-s3.s3.eu-west-1.amazonaws.com/2026/09/26/K7HHKTnm0aix54OWvua56wJ1OP9znQ4nQ5D98wzh.jpg","tags":[{"type":"standard","category":"food","item":"wrapper","quantity":1},{"type":"material","category":"material","item":"foil","quantity":1,"parent_category":"food","parent_item":"wrapper"},{"type":"material","category":"material","item":"plastic","quantity":1,"parent_category":"food","parent_item":"wrapper"}],"objects":[{"status":"OK","on_map":true,"group":"Convenient Food Drink","subgroup":"Snack","layer":"Foil / Plastic Film Snack Wrapper","full_name":"Convenient Food Drink \u2013 Snack \u2013 Foil / Plastic Film Snack Wrapper","olm_key":"food/wrapper","quantity":1,"picked_up":true}],"groups":["litter"],"has_litter":true,"has_pet_waste":false,"has_substances":false,"zone":"cottonwood_zone_E","zone_edge_m":55.5,"nbhd_edge_m":null}},{"type":"Feature","geometry":{"type":"Point","coordinates":[-122.5620880127,49.20777130127]},"properties":{"id":555052,"datetime":"2026-09-26T17:48:19.000000Z","filename":"https://olm-s3.s3.eu-west-1.amazonaws.com/2026/09/26/sqtcfqWYeEch5jLyu7N2AHZvC0kxBhVKHY1BOqe1.jpg","tags":[{"type":"standard","category":"other","item":"plastic","quantity":1}],"objects":[{"status":"OK","on_map":true,"group":"Piece","subgroup":"","layer":"Plastic Piece","full_name":"Piece \u2013 Plastic Piece","olm_key":"other/plastic","quantity":1,"picked_up":true}],"groups":["litter"],"has_litter":true,"has_pet_waste":false,"has_substances":false,"zone":"cottonwood_zone_E","zone_edge_m":55.5,"nbhd_edge_m":null}},{"type":"Feature","geometry":{"type":"Point","coordinates":[-122.56228637695,49.207832336426]},"properties":{"id":555051,"datetime":"2026-09-26T17:49:08.000000Z","filename":"https://olm-s3.s3.eu-west-1.amazonaws.com/2026/09/26/XYSQzLDcYBPvFMqw9zedPk8ASthVUp58QbTVs7hD.jpg","tags":[{"type":"standard","category":"food","item":"wrapper","quantity":1},{"type":"material","category":"material","item":"paper","quantity":1,"parent_category":"food","parent_item":"wrapper"},{"type":"standard","category":"softdrinks","item":"juice_pouch","quantity":1}],"objects":[{"status":"OK","on_map":true,"group":"Convenient Food Drink","subgroup":"Snack","layer":"Foil / Plastic Film Snack Wrapper","full_name":"Convenient Food Drink \u2013 Snack \u2013 Foil / Plastic Film Snack Wrapper","olm_key":"food/wrapper","quantity":1,"picked_up":true},{"status":"OK","on_map":true,"group":"Convenient Food Drink","subgroup":"Drink","layer":"Drink Box Pouch","full_name":"Convenient Food Drink \u2013 Drink \u2013 Drink Box Pouch","olm_key":"softdrinks/juice_pouch","quantity":1,"picked_up":true}],"groups":["litter"],"has_litter":true,"has_pet_waste":false,"has_substances":false,"zone":"cottonwood_zone_E","zone_edge_m":48.7,"nbhd_edge_m":null}},{"type":"Feature","geometry":{"type":"Point","coordinates":[-122.56228637695,49.207832336426]},"properties":{"id":555050,"datetime":"2026-09-26T17:49:52.000000Z","filename":"https://olm-s3.s3.eu-west-1.amazonaws.com/2026/09/26/0GLX5C8FKgnvS0jEpH1nOdC34htPJu89w68fGR41.jpg","tags":[{"type":"standard","category":"other","item":"plastic","quantity":1}],"objects":[{"status":"OK","on_map":true,"group":"Piece","subgroup":"","layer":"Plastic Piece","full_name":"Piece \u2013 Plastic Piece","olm_key":"other/plastic","quantity":1,"picked_up":true}],"groups":["litter"],"has_litter":true,"has_pet_waste":false,"has_substances":false,"zone":"cottonwood_zone_E","zone_edge_m":48.7,"nbhd_edge_m":null}},{"type":"Feature","geometry":{"type":"Point","coordinates":[-122.56228637695,49.207832336426]},"properties":{"id":555049,"datetime":"2026-09-26T17:49:59.000000Z","filename":"https://olm-s3.s3.eu-west-1.amazonaws.com/2026/09/26/c3p1lNXhrHh57F7an1yWqfXEIBlMipNqvUCtKJOl.jpg","tags":[{"type":"standard","category":"pets","item":"dogshit","quantity":1}],"objects":[{"status":"OK","on_map":true,"group":"Fecal","subgroup":"","layer":"Pet Waste Unbagged","full_name":"Fecal \u2013 Pet Waste Unbagged","olm_key":"pets/dogshit","quantity":1,"picked_up":false}],"groups":["pet_waste"],"has_litter":false,"has_pet_waste":true,"has_substances":false,"zone":"cottonwood_zone_E","zone_edge_m":48.7,"nbhd_edge_m":null}},{"type":"Feature","geometry":{"type":"Point","coordinates":[-122.56228637695,49.207832336426]},"properties":{"id":555048,"datetime":"2026-09-26T17:50:05.000000Z","filename":"https://olm-s3.s3.eu-west-1.amazonaws.com/2026/09/26/J58LcSGBrk6udWDSKtIRa9aDbAiRci2yGWZUFpLf.jpg","tags":[{"type":"standard","category":"food","item":"tinfoil","quantity":2}],"objects":[{"status":"OK","on_map":true,"group":"Piece","subgroup":"","layer":"Foil Piece","full_name":"Piece \u2013 Foil Piece","olm_key":"food/tinfoil","quantity":2,"picked_up":true}],"groups":["litter"],"has_litter":true,"has_pet_waste":false,"has_substances":false,"zone":"cottonwood_zone_E","zone_edge_m":48.7,"nbhd_edge_m":null}},{"type":"Feature","geometry":{"type":"Point","coordinates":[-122.56228637695,49.207832336426]},"properties":{"id":555047,"datetime":"2026-09-26T17:50:35.000000Z","filename":"https://olm-s3.s3.eu-west-1.amazonaws.com/2026/09/26/bFRmjCRksDVSBEPWbgJeFvUv9OVPxxardSZ5zaK8.jpg","tags":[{"type":"standard","category":"other","item":"plastic","quantity":1},{"type":"custom_tag","category":"custom_tag","item":"tinsel","quantity":1,"parent_category":"other","parent_item":"plastic"}],"objects":[{"status":"OK","on_map":true,"group":"Piece","subgroup":"","layer":"Plastic Piece","full_name":"Piece \u2013 Plastic Piece","olm_key":"other/plastic","quantity":1,"picked_up":true}],"groups":["litter"],"has_litter":true,"has_pet_waste":false,"has_substances":false,"zone":"cottonwood_zone_E","zone_edge_m":48.7,"nbhd_edge_m":null}},{"type":"Feature","geometry":{"type":"Point","coordinates":[-122.5622177124,49.207778930664]},"properties":{"id":555046,"datetime":"2026-09-26T17:51:17.000000Z","filename":"https://olm-s3.s3.eu-west-1.amazonaws.com/2026/09/26/rorpGMSeKej3KNxieS76urWgOyI1YnbrKrgzjRUZ.jpg","tags":[{"type":"standard","category":"other","item":"paper","quantity":1},{"type":"material","category":"material","item":"paper","quantity":1,"parent_category":"other","parent_item":"paper"}],"objects":[{"status":"OK","on_map":true,"group":"Piece","subgroup":"","layer":"Paper Piece","full_name":"Piece \u2013 Paper Piece","olm_key":"other/paper","quantity":1,"picked_up":true}],"groups":["litter"],"has_litter":true,"has_pet_waste":false,"has_substances":false,"zone":"cottonwood_zone_E","zone_edge_m":54.7,"nbhd_edge_m":null}},{"type":"Feature","geometry":{"type":"Point","coordinates":[-122.5622177124,49.207778930664]},"properties":{"id":555045,"datetime":"2026-09-26T17:51:22.000000Z","filename":"https://olm-s3.s3.eu-west-1.amazonaws.com/2026/09/26/YfnWcj00LE9cXqacVboTuq6tpSN9jG9hLr3oB4gJ.jpg","tags":[{"type":"standard","category":"other","item":"paper","quantity":1},{"type":"material","category":"material","item":"paper","quantity":1,"parent_category":"other","parent_item":"paper"}],"objects":[{"status":"OK","on_map":true,"group":"Piece","subgroup":"","layer":"Paper Piece","full_name":"Piece \u2013 Paper Piece","olm_key":"other/paper","quantity":1,"picked_up":true}],"groups":["litter"],"has_litter":true,"has_pet_waste":false,"has_substances":false,"zone":"cottonwood_zone_E","zone_edge_m":54.7,"nbhd_edge_m":null}},{"type":"Feature","geometry":{"type":"Point","coordinates":[-122.5622177124,49.207778930664]},"properties":{"id":555044,"datetime":"2026-09-26T17:51:36.000000Z","filename":"https://olm-s3.s3.eu-west-1.amazonaws.com/2026/09/26/9tEg1v19Ir2faSJGdd46Hk65d1qTzZamrb6Tu9Ea.jpg","tags":[{"type":"standard","category":"other","item":"plastic","quantity":2},{"type":"custom_tag","category":"custom_tag","item":"tinsel","quantity":1,"parent_category":"other","parent_item":"plastic"}],"objects":[{"status":"OK","on_map":true,"group":"Piece","subgroup":"","layer":"Plastic Piece","full_name":"Piece \u2013 Plastic Piece","olm_key":"other/plastic","quantity":2,"picked_up":true}],"groups":["litter"],"has_litter":true,"has_pet_waste":false,"has_substances":false,"zone":"cottonwood_zone_E","zone_edge_m":54.7,"nbhd_edge_m":null}},{"type":"Feature","geometry":{"type":"Point","coordinates":[-122.5622177124,49.207778930664]},"properties":{"id":555043,"datetime":"2026-09-26T17:52:15.000000Z","filename":"https://olm-s3.s3.eu-west-1.amazonaws.com/2026/09/26/mqXllKav1ER1GTVa2zvYSUdTw4d6PaaBty52XdZn.jpg","tags":[{"type":"standard","category":"other","item":"plastic","quantity":1}],"objects":[{"status":"OK","on_map":true,"group":"Piece","subgroup":"","layer":"Plastic Piece","full_name":"Piece \u2013 Plastic Piece","olm_key":"other/plastic","quantity":1,"picked_up":true}],"groups":["litter"],"has_litter":true,"has_pet_waste":false,"has_substances":false,"zone":"cottonwood_zone_E","zone_edge_m":54.7,"nbhd_edge_m":null}},{"type":"Feature","geometry":{"type":"Point","coordinates":[-122.5622177124,49.207778930664]},"properties":{"id":555042,"datetime":"2026-09-26T17:52:38.000000Z","filename":"https://olm-s3.s3.eu-west-1.amazonaws.com/2026/09/26/jfpQ4D02Otyh7EWAfNHFIv40X2m1OEb54SEmqxzA.jpg","tags":[{"type":"standard","category":"food","item":"wrapper","quantity":2},{"type":"material","category":"material","item":"foil","quantity":1,"parent_category":"food","parent_item":"wrapper"},{"type":"material","category":"material","item":"plastic","quantity":1,"parent_category":"food","parent_item":"wrapper"}],"objects":[{"status":"OK","on_map":true,"group":"Convenient Food Drink","subgroup":"Snack","layer":"Foil / Plastic Film Snack Wrapper","full_name":"Convenient Food Drink \u2013 Snack \u2013 Foil / Plastic Film Snack Wrapper","olm_key":"food/wrapper","quantity":2,"picked_up":true}],"groups":["litter"],"has_litter":true,"has_pet_waste":false,"has_substances":false,"zone":"cottonwood_zone_E","zone_edge_m":54.7,"nbhd_edge_m":null}},{"type":"Feature","geometry":{"type":"Point","coordinates":[-122.56177520752,49.207344055176]},"properties":{"id":555041,"datetime":"2026-09-26T17:53:46.000000Z","filename":"https://olm-s3.s3.eu-west-1.amazonaws.com/2026/09/26/lsMWzVDEzyjhulJ5cKTYxEEsBBpahjqxlyRdE7v6.jpg","tags":[{"type":"standard","category":"food","item":"tinfoil","quantity":1},{"type":"standard","category":"other","item":"plastic","quantity":1}],"objects":[{"status":"OK","on_map":true,"group":"Piece","subgroup":"","layer":"Foil Piece","full_name":"Piece \u2013 Foil Piece","olm_key":"food/tinfoil","quantity":1,"picked_up":true},{"status":"OK","on_map":true,"group":"Piece","subgroup":"","layer":"Plastic Piece","full_name":"Piece \u2013 Plastic Piece","olm_key":"other/plastic","quantity":1,"picked_up":true}],"groups":["litter"],"has_litter":true,"has_pet_waste":false,"has_substances":false,"zone":"cottonwood_zone_E","zone_edge_m":103.1,"nbhd_edge_m":null}},{"type":"Feature","geometry":{"type":"Point","coordinates":[-122.56177520752,49.207344055176]},"properties":{"id":555040,"datetime":"2026-09-26T17:54:01.000000Z","filename":"https://olm-s3.s3.eu-west-1.amazonaws.com/2026/09/26/SHUIvR1kzqkDiDNOy8Q1NCcleOSjsiYGy57d412b.jpg","tags":[{"type":"standard","category":"other","item":"plastic","quantity":1},{"type":"custom_tag","category":"custom_tag","item":"Piece","quantity":1,"parent_category":"other","parent_item":"plastic"}],"objects":[{"status":"OK","on_map":true,"group":"Piece","subgroup":"","layer":"Plastic Piece","full_name":"Piece \u2013 Plastic Piece","olm_key":"other/plastic","quantity":1,"picked_up":true}],"groups":["litter"],"has_litter":true,"has_pet_waste":false,"has_substances":false,"zone":"cottonwood_zone_E","zone_edge_m":103.1,"nbhd_edge_m":null}},{"type":"Feature","geometry":{"type":"Point","coordinates":[-122.56177520752,49.207344055176]},"properties":{"id":555039,"datetime":"2026-09-26T17:54:16.000000Z","filename":"https://olm-s3.s3.eu-west-1.amazonaws.com/2026/09/26/kjinRVRG47OB6sAZQ6DYepRO67fJOxsHYSC4LzlK.jpg","tags":[{"type":"standard","category":"food","item":"other","quantity":1}],"objects":[{"status":"OK","on_map":true,"group":"Household","subgroup":"","layer":"Organic Debris, Misc.","full_name":"Household \u2013 Organic Debris, Misc.","olm_key":"food/other","quantity":1,"picked_up":true}],"groups":["litter"],"has_litter":true,"has_pet_waste":false,"has_substances":false,"zone":"cottonwood_zone_E","zone_edge_m":103.1,"nbhd_edge_m":null}},{"type":"Feature","geometry":{"type":"Point","coordinates":[-122.56177520752,49.207344055176]},"properties":{"id":555038,"datetime":"2026-09-26T17:54:44.000000Z","filename":"https://olm-s3.s3.eu-west-1.amazonaws.com/2026/09/26/zYjSIQOuED99cuMswf1Xts8X7DMvkazm6hMinnFV.jpg","tags":[{"type":"standard","category":"other","item":"plastic","quantity":1}],"objects":[{"status":"OK","on_map":true,"group":"Piece","subgroup":"","layer":"Plastic Piece","full_name":"Piece \u2013 Plastic Piece","olm_key":"other/plastic","quantity":1,"picked_up":true}],"groups":["litter"],"has_litter":true,"has_pet_waste":false,"has_substances":false,"zone":"cottonwood_zone_E","zone_edge_m":103.1,"nbhd_edge_m":null}},{"type":"Feature","geometry":{"type":"Point","coordinates":[-122.56177520752,49.207344055176]},"properties":{"id":555037,"datetime":"2026-09-26T17:54:49.000000Z","filename":"https://olm-s3.s3.eu-west-1.amazonaws.com/2026/09/26/w64pCqrcUsWVzNnZ4k6K8uEOqTr6YzsT77GltjCf.jpg","tags":[{"type":"standard","category":"other","item":"plastic","quantity":1}],"objects":[{"status":"OK","on_map":true,"group":"Piece","subgroup":"","layer":"Plastic Piece","full_name":"Piece \u2013 Plastic Piece","olm_key":"other/plastic","quantity":1,"picked_up":true}],"groups":["litter"],"has_litter":true,"has_pet_waste":false,"has_substances":false,"zone":"cottonwood_zone_E","zone_edge_m":103.1,"nbhd_edge_m":null}},{"type":"Feature","geometry":{"type":"Point","coordinates":[-122.56177520752,49.207344055176]},"properties":{"id":555036,"datetime":"2026-09-26T17:55:07.000000Z","filename":"https://olm-s3.s3.eu-west-1.amazonaws.com/2026/09/26/spR9Ds7gLWawNV8lwWbic8NRZjBr8jT24Er3iU90.jpg","tags":[{"type":"standard","category":"food","item":"other","quantity":1}],"objects":[{"status":"OK","on_map":true,"group":"Household","subgroup":"","layer":"Organic Debris, Misc.","full_name":"Household \u2013 Organic Debris, Misc.","olm_key":"food/other","quantity":1,"picked_up":true}],"groups":["litter"],"has_litter":true,"has_pet_waste":false,"has_substances":false,"zone":"cottonwood_zone_E","zone_edge_m":103.1,"nbhd_edge_m":null}},{"type":"Feature","geometry":{"type":"Point","coordinates":[-122.56240081787,49.207103729248]},"properties":{"id":555035,"datetime":"2026-09-26T17:55:41.000000Z","filename":"https://olm-s3.s3.eu-west-1.amazonaws.com/2026/09/26/yJlSZ8RUq8gu2d4ECzlziArEAe0m1Mmvd86CY5Px.jpg","tags":[{"type":"standard","category":"other","item":"paper","quantity":1},{"type":"material","category":"material","item":"paper","quantity":1,"parent_category":"other","parent_item":"paper"}],"objects":[{"status":"OK","on_map":true,"group":"Piece","subgroup":"","layer":"Paper Piece","full_name":"Piece \u2013 Paper Piece","olm_key":"other/paper","quantity":1,"picked_up":true}],"groups":["litter"],"has_litter":true,"has_pet_waste":false,"has_substances":false,"zone":"cottonwood_zone_E","zone_edge_m":129.8,"nbhd_edge_m":null}},{"type":"Feature","geometry":{"type":"Point","coordinates":[-122.56240081787,49.207103729248]},"properties":{"id":555034,"datetime":"2026-09-26T17:56:04.000000Z","filename":"https://olm-s3.s3.eu-west-1.amazonaws.com/2026/09/26/0EtnG7rfKX7aGfNCEYEE7EDsj5Y93HBRhKzRnP95.jpg","tags":[{"type":"standard","category":"food","item":"wrapper","quantity":1},{"type":"material","category":"material","item":"plastic","quantity":1,"parent_category":"food","parent_item":"wrapper"}],"objects":[{"status":"OK","on_map":true,"group":"Convenient Food Drink","subgroup":"Snack","layer":"Foil / Plastic Film Snack Wrapper","full_name":"Convenient Food Drink \u2013 Snack \u2013 Foil / Plastic Film Snack Wrapper","olm_key":"food/wrapper","quantity":1,"picked_up":true}],"groups":["litter"],"has_litter":true,"has_pet_waste":false,"has_substances":false,"zone":"cottonwood_zone_E","zone_edge_m":129.8,"nbhd_edge_m":null}},{"type":"Feature","geometry":{"type":"Point","coordinates":[-122.56240081787,49.207103729248]},"properties":{"id":555033,"datetime":"2026-09-26T17:56:25.000000Z","filename":"https://olm-s3.s3.eu-west-1.amazonaws.com/2026/09/26/dz1XbERfDrcu5YdTz5HupNjgmMkF0kjZfcnQQcKZ.jpg","tags":[{"type":"standard","category":"food","item":"crisp_packet","quantity":1},{"type":"material","category":"material","item":"foil","quantity":1,"parent_category":"food","parent_item":"crisp_packet"},{"type":"standard","category":"food","item":"packaging","quantity":1}],"objects":[{"status":"OK","on_map":true,"group":"Convenient Food Drink","subgroup":"Snack","layer":"Metalized Chip Bags","full_name":"Convenient Food Drink \u2013 Snack \u2013 Metalized Chip Bags","olm_key":"food/crisp_packet","quantity":1,"picked_up":true},{"status":"OK","on_map":true,"group":"Convenient Food Drink","subgroup":"Take-out","layer":"Food Packaging","full_name":"Convenient Food Drink \u2013 Take-out \u2013 Food Packaging","olm_key":"food/packaging","quantity":1,"picked_up":true}],"groups":["litter"],"has_litter":true,"has_pet_waste":false,"has_substances":false,"zone":"cottonwood_zone_E","zone_edge_m":129.8,"nbhd_edge_m":null}},{"type":"Feature","geometry":{"type":"Point","coordinates":[-122.56240081787,49.207103729248]},"properties":{"id":555032,"datetime":"2026-09-26T17:56:41.000000Z","filename":"https://olm-s3.s3.eu-west-1.amazonaws.com/2026/09/26/tmHiiIAj0k68j0IkVy7pWKhyYhVFnEX9MjhFTigK.jpg","tags":[{"type":"standard","category":"other","item":"plastic","quantity":1},{"type":"custom_tag","category":"custom_tag","item":"tinsel","quantity":1,"parent_category":"other","parent_item":"plastic"}],"objects":[{"status":"OK","on_map":true,"group":"Piece","subgroup":"","layer":"Plastic Piece","full_name":"Piece \u2013 Plastic Piece","olm_key":"other/plastic","quantity":1,"picked_up":true}],"groups":["litter"],"has_litter":true,"has_pet_waste":false,"has_substances":false,"zone":"cottonwood_zone_E","zone_edge_m":129.8,"nbhd_edge_m":null}},{"type":"Feature","geometry":{"type":"Point","coordinates":[-122.56240081787,49.207103729248]},"properties":{"id":555031,"datetime":"2026-09-26T17:56:47.000000Z","filename":"https://olm-s3.s3.eu-west-1.amazonaws.com/2026/09/26/LU47w4tjoM1aVwpbri7lAu81a2YUVdUfYfaRe3t2.jpg","tags":[{"type":"standard","category":"food","item":"crisp_packet","quantity":1}],"objects":[{"status":"OK","on_map":true,"group":"Convenient Food Drink","subgroup":"Snack","layer":"Metalized Chip Bags","full_name":"Convenient Food Drink \u2013 Snack \u2013 Metalized Chip Bags","olm_key":"food/crisp_packet","quantity":1,"picked_up":true}],"groups":["litter"],"has_litter":true,"has_pet_waste":false,"has_substances":false,"zone":"cottonwood_zone_E","zone_edge_m":129.8,"nbhd_edge_m":null}},{"type":"Feature","geometry":{"type":"Point","coordinates":[-122.56216430664,49.207790374756]},"properties":{"id":555030,"datetime":"2026-09-26T17:57:47.000000Z","filename":"https://olm-s3.s3.eu-west-1.amazonaws.com/2026/09/26/UMcqMzAwTZi31n83J7flom90WoJQQUL9KcY7oCJE.jpg","tags":[{"type":"standard","category":"other","item":"paper","quantity":1},{"type":"material","category":"material","item":"paper","quantity":1,"parent_category":"other","parent_item":"paper"}],"objects":[{"status":"OK","on_map":true,"group":"Piece","subgroup":"","layer":"Paper Piece","full_name":"Piece \u2013 Paper Piece","olm_key":"other/paper","quantity":1,"picked_up":true}],"groups":["litter"],"has_litter":true,"has_pet_waste":false,"has_substances":false,"zone":"cottonwood_zone_E","zone_edge_m":53.4,"nbhd_edge_m":null}},{"type":"Feature","geometry":{"type":"Point","coordinates":[-122.56216430664,49.207790374756]},"properties":{"id":555029,"datetime":"2026-09-26T17:58:12.000000Z","filename":"https://olm-s3.s3.eu-west-1.amazonaws.com/2026/09/26/KyogpevdtzEs0EoYLg5mP9gD3cXwpoQv7vGF7icJ.jpg","tags":[{"type":"standard","category":"food","item":"wrapper","quantity":1},{"type":"material","category":"material","item":"plastic","quantity":1,"parent_category":"food","parent_item":"wrapper"}],"objects":[{"status":"OK","on_map":true,"group":"Convenient Food Drink","subgroup":"Snack","layer":"Foil / Plastic Film Snack Wrapper","full_name":"Convenient Food Drink \u2013 Snack \u2013 Foil / Plastic Film Snack Wrapper","olm_key":"food/wrapper","quantity":1,"picked_up":true}],"groups":["litter"],"has_litter":true,"has_pet_waste":false,"has_substances":false,"zone":"cottonwood_zone_E","zone_edge_m":53.4,"nbhd_edge_m":null}},{"type":"Feature","geometry":{"type":"Point","coordinates":[-122.56216430664,49.207790374756]},"properties":{"id":555028,"datetime":"2026-09-26T17:58:20.000000Z","filename":"https://olm-s3.s3.eu-west-1.amazonaws.com/2026/09/26/G9PLCkMkXTlKfiN3LuDOeeRG9HXmIYdFOLaQFTZi.jpg","tags":[{"type":"standard","category":"food","item":"wrapper","quantity":1},{"type":"custom_tag","category":"custom_tag","item":"material:Waxed Paper","quantity":1,"parent_category":"food","parent_item":"wrapper"}],"objects":[{"status":"OK","on_map":true,"group":"Convenient Food Drink","subgroup":"Snack","layer":"Foil / Plastic Film Snack Wrapper","full_name":"Convenient Food Drink \u2013 Snack \u2013 Foil / Plastic Film Snack Wrapper","olm_key":"food/wrapper","quantity":1,"picked_up":true}],"groups":["litter"],"has_litter":true,"has_pet_waste":false,"has_substances":false,"zone":"cottonwood_zone_E","zone_edge_m":53.4,"nbhd_edge_m":null}},{"type":"Feature","geometry":{"type":"Point","coordinates":[-122.56216430664,49.207790374756]},"properties":{"id":555027,"datetime":"2026-09-26T17:58:42.000000Z","filename":"https://olm-s3.s3.eu-west-1.amazonaws.com/2026/09/26/KyHoP3pYBwMiaM1IbEZrbt2rgal35gV2VRo2VrUm.jpg","tags":[{"type":"standard","category":"sanitary","item":"wipes","quantity":1}],"objects":[{"status":"OK","on_map":true,"group":"Household","subgroup":"","layer":"Wet Wipes","full_name":"Household \u2013 Wet Wipes","olm_key":"sanitary/wipes","quantity":1,"picked_up":true}],"groups":["litter"],"has_litter":true,"has_pet_waste":false,"has_substances":false,"zone":"cottonwood_zone_E","zone_edge_m":53.4,"nbhd_edge_m":null}},{"type":"Feature","geometry":{"type":"Point","coordinates":[-122.56216430664,49.207790374756]},"properties":{"id":555026,"datetime":"2026-09-26T17:59:33.000000Z","filename":"https://olm-s3.s3.eu-west-1.amazonaws.com/2026/09/26/TJB8y7sfZRIXJQsZzjkfdKByyXoh3lsGciFqnSi1.jpg","tags":[{"type":"standard","category":"other","item":"paper","quantity":1},{"type":"material","category":"material","item":"paper","quantity":1,"parent_category":"other","parent_item":"paper"}],"objects":[{"status":"OK","on_map":true,"group":"Piece","subgroup":"","layer":"Paper Piece","full_name":"Piece \u2013 Paper Piece","olm_key":"other/paper","quantity":1,"picked_up":true}],"groups":["litter"],"has_litter":true,"has_pet_waste":false,"has_substances":false,"zone":"cottonwood_zone_E","zone_edge_m":53.4,"nbhd_edge_m":null}},{"type":"Feature","geometry":{"type":"Point","coordinates":[-122.56136322021,49.208690643311]},"properties":{"id":555025,"datetime":"2026-09-26T17:59:47.000000Z","filename":"https://olm-s3.s3.eu-west-1.amazonaws.com/2026/09/26/tqWba0zwf7AUO13ZHDqAfNvwpo8dQo8YY3xoI5E6.jpg","tags":[{"type":"standard","category":"other","item":"plastic","quantity":5},{"type":"material","category":"material","item":"plastic","quantity":1,"parent_category":"other","parent_item":"plastic"}],"objects":[{"status":"OK","on_map":true,"group":"Piece","subgroup":"","layer":"Plastic Piece","full_name":"Piece \u2013 Plastic Piece","olm_key":"other/plastic","quantity":5,"picked_up":true}],"groups":["litter"],"has_litter":true,"has_pet_waste":false,"has_substances":false,"zone":"cottonwood_zone_D","zone_edge_m":46.8,"nbhd_edge_m":null}},{"type":"Feature","geometry":{"type":"Point","coordinates":[-122.56150817871,49.208995819092]},"properties":{"id":555024,"datetime":"2026-09-26T18:00:35.000000Z","filename":"https://olm-s3.s3.eu-west-1.amazonaws.com/2026/09/26/H8vzqjF8GH7STg3ADqW3N3J4b6PmfI4U2sJ4jYsf.jpg","tags":[{"type":"standard","category":"other","item":"other","quantity":1}],"objects":[{"status":"OK","on_map":true,"group":"Household","subgroup":"","layer":"Household misc","full_name":"Household \u2013 Household misc","olm_key":"other/other","quantity":1,"picked_up":true}],"groups":["litter"],"has_litter":true,"has_pet_waste":false,"has_substances":false,"zone":"cottonwood_zone_D","zone_edge_m":80.8,"nbhd_edge_m":null}},{"type":"Feature","geometry":{"type":"Point","coordinates":[-122.56153106689,49.208950042725]},"properties":{"id":555023,"datetime":"2026-09-26T18:00:45.000000Z","filename":"https://olm-s3.s3.eu-west-1.amazonaws.com/2026/09/26/nD6GDUQYIhdr7tarUg8bgtY7dZJeREQVR3H51CT3.jpg","tags":[{"type":"standard","category":"other","item":"paper","quantity":1},{"type":"material","category":"material","item":"paper","quantity":1,"parent_category":"other","parent_item":"paper"}],"objects":[{"status":"OK","on_map":true,"group":"Piece","subgroup":"","layer":"Paper Piece","full_name":"Piece \u2013 Paper Piece","olm_key":"other/paper","quantity":1,"picked_up":true}],"groups":["litter"],"has_litter":true,"has_pet_waste":false,"has_substances":false,"zone":"cottonwood_zone_D","zone_edge_m":75.7,"nbhd_edge_m":null}},{"type":"Feature","geometry":{"type":"Point","coordinates":[-122.56153106689,49.208950042725]},"properties":{"id":555022,"datetime":"2026-09-26T18:02:13.000000Z","filename":"https://olm-s3.s3.eu-west-1.amazonaws.com/2026/09/26/pSrg9RYxhDS1zTTuSBzXKniUyBcgT4dzj799MXBf.jpg","tags":[{"type":"standard","category":"sanitary","item":"dental_floss","quantity":1}],"objects":[{"status":"OK","on_map":true,"group":"Household","subgroup":"","layer":"Dental Waste","full_name":"Household \u2013 Dental Waste","olm_key":"sanitary/dental_floss","quantity":1,"picked_up":true}],"groups":["litter"],"has_litter":true,"has_pet_waste":false,"has_substances":false,"zone":"cottonwood_zone_D","zone_edge_m":75.7,"nbhd_edge_m":null}},{"type":"Feature","geometry":{"type":"Point","coordinates":[-122.56042480469,49.206443786621]},"properties":{"id":554589,"datetime":"2026-09-23T21:50:38.000000Z","filename":"https://olm-s3.s3.eu-west-1.amazonaws.com/2026/09/23/Sm6UdUJgd6NqhRxyx7SkGefWUtHcqKvWThqNyew5.jpg","tags":[{"type":"standard","category":"pets","item":"dogshit_in_bag","quantity":1}],"objects":[{"status":"OK","on_map":true,"group":"Fecal","subgroup":"","layer":"Pet Waste Bagged","full_name":"Fecal \u2013 Pet Waste Bagged","olm_key":"pets/dogshit_in_bag","quantity":1,"picked_up":false}],"groups":["pet_waste"],"has_litter":false,"has_pet_waste":true,"has_substances":false,"zone":"cottonwood_zone_E","zone_edge_m":115.1,"nbhd_edge_m":null}},{"type":"Feature","geometry":{"type":"Point","coordinates":[-122.56128692627,49.206737518311]},"properties":{"id":554588,"datetime":"2026-09-23T21:53:56.000000Z","filename":"https://olm-s3.s3.eu-west-1.amazonaws.com/2026/09/23/G71YjpkJWWUJqNh8wIFtZLSAFCUEaRMHEqGbsxDj.jpg","tags":[{"type":"standard","category":"pets","item":"dogshit","quantity":1}],"objects":[{"status":"OK","on_map":true,"group":"Fecal","subgroup":"","layer":"Pet Waste Unbagged","full_name":"Fecal \u2013 Pet Waste Unbagged","olm_key":"pets/dogshit","quantity":1,"picked_up":false}],"groups":["pet_waste"],"has_litter":false,"has_pet_waste":true,"has_substances":false,"zone":"cottonwood_zone_E","zone_edge_m":147.8,"nbhd_edge_m":null}},{"type":"Feature","geometry":{"type":"Point","coordinates":[-122.56128692627,49.207656860352]},"properties":{"id":554587,"datetime":"2026-09-23T21:55:24.000000Z","filename":"https://olm-s3.s3.eu-west-1.amazonaws.com/2026/09/23/dilmzAJwx21pC6holSStas7kCTrFBXLbR2d2gHYL.jpg","tags":[{"type":"standard","category":"pets","item":"dogshit","quantity":1}],"objects":[{"status":"OK","on_map":true,"group":"Fecal","subgroup":"","layer":"Pet Waste Unbagged","full_name":"Fecal \u2013 Pet Waste Unbagged","olm_key":"pets/dogshit","quantity":1,"picked_up":false}],"groups":["pet_waste"],"has_litter":false,"has_pet_waste":true,"has_substances":false,"zone":"cottonwood_zone_E","zone_edge_m":68.3,"nbhd_edge_m":null}},{"type":"Feature","geometry":{"type":"Point","coordinates":[-122.55945587158,49.205947875977]},"properties":{"id":554586,"datetime":"2026-09-24T17:00:36.000000Z","filename":"https://olm-s3.s3.eu-west-1.amazonaws.com/2026/09/24/Mvv8IxyhGQMbjkev1EGJVhiNErp4K7hNk0sF4i2b.jpg","tags":[{"type":"standard","category":"pets","item":"dogshit","quantity":1}],"objects":[{"status":"OK","on_map":true,"group":"Fecal","subgroup":"","layer":"Pet Waste Unbagged","full_name":"Fecal \u2013 Pet Waste Unbagged","olm_key":"pets/dogshit","quantity":1,"picked_up":false}],"groups":["pet_waste"],"has_litter":false,"has_pet_waste":true,"has_substances":false,"zone":"cottonwood_zone_E","zone_edge_m":59.9,"nbhd_edge_m":null}},{"type":"Feature","geometry":{"type":"Point","coordinates":[-122.55995178223,49.205867767334]},"properties":{"id":554516,"datetime":"2026-09-22T20:40:59.000000Z","filename":"https://olm-s3.s3.eu-west-1.amazonaws.com/2026/09/22/PF1D5X9dhUUUPcY4ipwFwrnuxByDUFKmhW3pdVp2.jpg","tags":[{"type":"standard","category":"pets","item":"dogshit","quantity":1}],"objects":[{"status":"OK","on_map":true,"group":"Fecal","subgroup":"","layer":"Pet Waste Unbagged","full_name":"Fecal \u2013 Pet Waste Unbagged","olm_key":"pets/dogshit","quantity":1,"picked_up":false}],"groups":["pet_waste"],"has_litter":false,"has_pet_waste":true,"has_substances":false,"zone":"cottonwood_zone_E","zone_edge_m":51.0,"nbhd_edge_m":null}},{"type":"Feature","geometry":{"type":"Point","coordinates":[-122.55918884277,49.205680847168]},"properties":{"id":554515,"datetime":"2026-09-22T20:40:00.000000Z","filename":"https://olm-s3.s3.eu-west-1.amazonaws.com/2026/09/22/8pcnMz0OZWkALCNN17FEhLmLgzhwqj32qPmkRwj8.jpg","tags":[{"type":"standard","category":"pets","item":"dogshit","quantity":1}],"objects":[{"status":"OK","on_map":true,"group":"Fecal","subgroup":"","layer":"Pet Waste Unbagged","full_name":"Fecal \u2013 Pet Waste Unbagged","olm_key":"pets/dogshit","quantity":1,"picked_up":false}],"groups":["pet_waste"],"has_litter":false,"has_pet_waste":true,"has_substances":false,"zone":"cottonwood_zone_E","zone_edge_m":30.2,"nbhd_edge_m":null}},{"type":"Feature","geometry":{"type":"Point","coordinates":[-122.5615234375,49.207607269287]},"properties":{"id":554514,"datetime":"2026-09-22T20:35:45.000000Z","filename":"https://olm-s3.s3.eu-west-1.amazonaws.com/2026/09/22/fV0atJMY2e8xRahm7EBBd54H4yvFxlJPe6nzUHQn.jpg","tags":[{"type":"standard","category":"pets","item":"dogshit","quantity":1}],"objects":[{"status":"OK","on_map":true,"group":"Fecal","subgroup":"","layer":"Pet Waste Unbagged","full_name":"Fecal \u2013 Pet Waste Unbagged","olm_key":"pets/dogshit","quantity":1,"picked_up":false}],"groups":["pet_waste"],"has_litter":false,"has_pet_waste":true,"has_substances":false,"zone":"cottonwood_zone_E","zone_edge_m":73.8,"nbhd_edge_m":null}},{"type":"Feature","geometry":{"type":"Point","coordinates":[-122.55829620361,49.205932617188]},"properties":{"id":554478,"datetime":"2026-09-21T18:46:01.000000Z","filename":"https://olm-s3.s3.eu-west-1.amazonaws.com/2026/09/21/TpjpF2ONPyDDCqzfwPttZTmsP3avLaqFa24W2epn.jpg","tags":[{"type":"standard","category":"alcohol","item":"packaging","quantity":1},{"type":"material","category":"material","item":"cardboard","quantity":1,"parent_category":"alcohol","parent_item":"packaging"}],"objects":[{"status":"OK","on_map":true,"group":"Household","subgroup":"Liquor","layer":"Liquor Packaging","full_name":"Household \u2013 Liquor \u2013 Liquor Packaging","olm_key":"alcohol/packaging","quantity":1,"picked_up":false}],"groups":["substances"],"has_litter":false,"has_pet_waste":false,"has_substances":true,"zone":"cottonwood_zone_E","zone_edge_m":58.2,"nbhd_edge_m":null}},{"type":"Feature","geometry":{"type":"Point","coordinates":[-122.56112670898,49.21021270752]},"properties":{"id":554477,"datetime":"2026-09-21T19:17:59.000000Z","filename":"https://olm-s3.s3.eu-west-1.amazonaws.com/2026/09/21/VkcuAGsHTbWNqtidAK3ikW7szMVawyXayvp5Cq5a.jpg","tags":[{"type":"standard","category":"other","item":"paper","quantity":10},{"type":"material","category":"material","item":"paper","quantity":1,"parent_category":"other","parent_item":"paper"},{"type":"custom_tag","category":"custom_tag","item":"Paper20260921A","quantity":1,"parent_category":"other","parent_item":"paper"}],"objects":[{"status":"OK","on_map":true,"group":"Piece","subgroup":"","layer":"Paper Piece","full_name":"Piece \u2013 Paper Piece","olm_key":"other/paper","quantity":10,"picked_up":true}],"groups":["litter"],"has_litter":true,"has_pet_waste":false,"has_substances":false,"zone":"cottonwood_zone_C","zone_edge_m":48.2,"nbhd_edge_m":null}},{"type":"Feature","geometry":{"type":"Point","coordinates":[-122.56065368652,49.209972381592]},"properties":{"id":554476,"datetime":"2026-09-21T19:18:41.000000Z","filename":"https://olm-s3.s3.eu-west-1.amazonaws.com/2026/09/21/OMO3KQ1v0a10QN7sRFeWVv2tUg2Ee5sTdIvBKFLX.jpg","tags":[{"type":"standard","category":"other","item":"paper","quantity":2},{"type":"material","category":"material","item":"paper","quantity":1,"parent_category":"other","parent_item":"paper"},{"type":"custom_tag","category":"custom_tag","item":"Paper20260921A","quantity":1,"parent_category":"other","parent_item":"paper"}],"objects":[{"status":"OK","on_map":true,"group":"Piece","subgroup":"","layer":"Paper Piece","full_name":"Piece \u2013 Paper Piece","olm_key":"other/paper","quantity":2,"picked_up":true}],"groups":["litter"],"has_litter":true,"has_pet_waste":false,"has_substances":false,"zone":"cottonwood_zone_C","zone_edge_m":21.4,"nbhd_edge_m":null}},{"type":"Feature","geometry":{"type":"Point","coordinates":[-122.56062316895,49.210018157959]},"properties":{"id":554475,"datetime":"2026-09-21T19:18:59.000000Z","filename":"https://olm-s3.s3.eu-west-1.amazonaws.com/2026/09/21/nsk4wC32YAy1gL2GvMjcr7ab1VzaF9jQm0XpO6gp.jpg","tags":[{"type":"standard","category":"other","item":"paper","quantity":1},{"type":"material","category":"material","item":"paper","quantity":1,"parent_category":"other","parent_item":"paper"}],"objects":[{"status":"OK","on_map":true,"group":"Piece","subgroup":"","layer":"Paper Piece","full_name":"Piece \u2013 Paper Piece","olm_key":"other/paper","quantity":1,"picked_up":true}],"groups":["litter"],"has_litter":true,"has_pet_waste":false,"has_substances":false,"zone":"cottonwood_zone_C","zone_edge_m":26.5,"nbhd_edge_m":null}},{"type":"Feature","geometry":{"type":"Point","coordinates":[-122.56062316895,49.210018157959]},"properties":{"id":554474,"datetime":"2026-09-21T19:19:06.000000Z","filename":"https://olm-s3.s3.eu-west-1.amazonaws.com/2026/09/21/qVcRZjbwKZHFuEDa8k6jq7Duu4ff5rWQCEc2VLYM.jpg","tags":[{"type":"standard","category":"food","item":"wrapper","quantity":1},{"type":"material","category":"material","item":"foil","quantity":1,"parent_category":"food","parent_item":"wrapper"},{"type":"material","category":"material","item":"plastic","quantity":1,"parent_category":"food","parent_item":"wrapper"},{"type":"brand","category":"brand","item":"Caramilk","quantity":1,"parent_category":"food","parent_item":"wrapper"}],"objects":[{"status":"OK","on_map":true,"group":"Convenient Food Drink","subgroup":"Snack","layer":"Foil / Plastic Film Snack Wrapper","full_name":"Convenient Food Drink \u2013 Snack \u2013 Foil / Plastic Film Snack Wrapper","olm_key":"food/wrapper","quantity":1,"picked_up":true}],"groups":["litter"],"has_litter":true,"has_pet_waste":false,"has_substances":false,"zone":"cottonwood_zone_C","zone_edge_m":26.5,"nbhd_edge_m":null}},{"type":"Feature","geometry":{"type":"Point","coordinates":[-122.56062316895,49.210018157959]},"properties":{"id":554473,"datetime":"2026-09-21T19:19:18.000000Z","filename":"https://olm-s3.s3.eu-west-1.amazonaws.com/2026/09/21/Gs3gjyur5NHEXG8VmR1NufsfgU91c9uPyafAK9jB.jpg","tags":[{"type":"standard","category":"other","item":"plastic","quantity":1}],"objects":[{"status":"OK","on_map":true,"group":"Piece","subgroup":"","layer":"Plastic Piece","full_name":"Piece \u2013 Plastic Piece","olm_key":"other/plastic","quantity":1,"picked_up":true}],"groups":["litter"],"has_litter":true,"has_pet_waste":false,"has_substances":false,"zone":"cottonwood_zone_C","zone_edge_m":26.5,"nbhd_edge_m":null}},{"type":"Feature","geometry":{"type":"Point","coordinates":[-122.56062316895,49.210018157959]},"properties":{"id":554472,"datetime":"2026-09-21T19:19:28.000000Z","filename":"https://olm-s3.s3.eu-west-1.amazonaws.com/2026/09/21/mydOdgK81NvxhSBegoe370bcVylzMQsfQzdtDKUg.jpg","tags":[{"type":"standard","category":"smoking","item":"butts","quantity":1}],"objects":[{"status":"OK","on_map":true,"group":"Smoking","subgroup":"","layer":"Cigarette Butts","full_name":"Smoking \u2013 Cigarette Butts","olm_key":"smoking/butts","quantity":1,"picked_up":true}],"groups":["substances"],"has_litter":false,"has_pet_waste":false,"has_substances":true,"zone":"cottonwood_zone_C","zone_edge_m":26.5,"nbhd_edge_m":null}},{"type":"Feature","geometry":{"type":"Point","coordinates":[-122.56062316895,49.210018157959]},"properties":{"id":554471,"datetime":"2026-09-21T19:19:35.000000Z","filename":"https://olm-s3.s3.eu-west-1.amazonaws.com/2026/09/21/wNAAiaFoyIZtGSsEdpfeqxW0wmz6PkVLthPmUXiI.jpg","tags":[{"type":"standard","category":"smoking","item":"butts","quantity":1}],"objects":[{"status":"OK","on_map":true,"group":"Smoking","subgroup":"","layer":"Cigarette Butts","full_name":"Smoking \u2013 Cigarette Butts","olm_key":"smoking/butts","quantity":1,"picked_up":true}],"groups":["substances"],"has_litter":false,"has_pet_waste":false,"has_substances":true,"zone":"cottonwood_zone_C","zone_edge_m":26.5,"nbhd_edge_m":null}},{"type":"Feature","geometry":{"type":"Point","coordinates":[-122.56062316895,49.210018157959]},"properties":{"id":554470,"datetime":"2026-09-21T19:19:43.000000Z","filename":"https://olm-s3.s3.eu-west-1.amazonaws.com/2026/09/21/mpCPzYXyusePJIwQN8QYPF6KGLLQl0sDyeZheV4B.jpg","tags":[{"type":"standard","category":"smoking","item":"butts","quantity":1}],"objects":[{"status":"OK","on_map":true,"group":"Smoking","subgroup":"","layer":"Cigarette Butts","full_name":"Smoking \u2013 Cigarette Butts","olm_key":"smoking/butts","quantity":1,"picked_up":true}],"groups":["substances"],"has_litter":false,"has_pet_waste":false,"has_substances":true,"zone":"cottonwood_zone_C","zone_edge_m":26.5,"nbhd_edge_m":null}},{"type":"Feature","geometry":{"type":"Point","coordinates":[-122.56062316895,49.210018157959]},"properties":{"id":554469,"datetime":"2026-09-21T19:19:52.000000Z","filename":"https://olm-s3.s3.eu-west-1.amazonaws.com/2026/09/21/CODclTr94pC6TkksJSpI6N6oWym4YCmeqBDYJjrM.jpg","tags":[{"type":"standard","category":"smoking","item":"butts","quantity":3}],"objects":[{"status":"OK","on_map":true,"group":"Smoking","subgroup":"","layer":"Cigarette Butts","full_name":"Smoking \u2013 Cigarette Butts","olm_key":"smoking/butts","quantity":3,"picked_up":true}],"groups":["substances"],"has_litter":false,"has_pet_waste":false,"has_substances":true,"zone":"cottonwood_zone_C","zone_edge_m":26.5,"nbhd_edge_m":null}},{"type":"Feature","geometry":{"type":"Point","coordinates":[-122.56062316895,49.210018157959]},"properties":{"id":554468,"datetime":"2026-09-21T19:20:31.000000Z","filename":"https://olm-s3.s3.eu-west-1.amazonaws.com/2026/09/21/4r5TYhaPR7P09NgBultdKoEmPRVvTycEs7OAwlhJ.jpg","tags":[{"type":"standard","category":"other","item":"plastic","quantity":1}],"objects":[{"status":"OK","on_map":true,"group":"Piece","subgroup":"","layer":"Plastic Piece","full_name":"Piece \u2013 Plastic Piece","olm_key":"other/plastic","quantity":1,"picked_up":true}],"groups":["litter"],"has_litter":true,"has_pet_waste":false,"has_substances":false,"zone":"cottonwood_zone_C","zone_edge_m":26.5,"nbhd_edge_m":null}},{"type":"Feature","geometry":{"type":"Point","coordinates":[-122.56062316895,49.210018157959]},"properties":{"id":554467,"datetime":"2026-09-21T19:20:39.000000Z","filename":"https://olm-s3.s3.eu-west-1.amazonaws.com/2026/09/21/atJSDYXutXXFzWDUhFfuScRf8dqFhjQ6eNt4CEW4.jpg","tags":[{"type":"standard","category":"food","item":"tinfoil","quantity":1}],"objects":[{"status":"OK","on_map":true,"group":"Piece","subgroup":"","layer":"Foil Piece","full_name":"Piece \u2013 Foil Piece","olm_key":"food/tinfoil","quantity":1,"picked_up":true}],"groups":["litter"],"has_litter":true,"has_pet_waste":false,"has_substances":false,"zone":"cottonwood_zone_C","zone_edge_m":26.5,"nbhd_edge_m":null}},{"type":"Feature","geometry":{"type":"Point","coordinates":[-122.56062316895,49.210018157959]},"properties":{"id":554466,"datetime":"2026-09-21T19:21:06.000000Z","filename":"https://olm-s3.s3.eu-west-1.amazonaws.com/2026/09/21/5yfzv5rchhHUEJLQVf6UIwNggnX1errAbYj61ENZ.jpg","tags":[{"type":"standard","category":"other","item":"paper","quantity":2},{"type":"material","category":"material","item":"paper","quantity":1,"parent_category":"other","parent_item":"paper"}],"objects":[{"status":"OK","on_map":true,"group":"Piece","subgroup":"","layer":"Paper Piece","full_name":"Piece \u2013 Paper Piece","olm_key":"other/paper","quantity":2,"picked_up":true}],"groups":["litter"],"has_litter":true,"has_pet_waste":false,"has_substances":false,"zone":"cottonwood_zone_C","zone_edge_m":26.5,"nbhd_edge_m":null}},{"type":"Feature","geometry":{"type":"Point","coordinates":[-122.56062316895,49.210018157959]},"properties":{"id":554465,"datetime":"2026-09-21T19:21:27.000000Z","filename":"https://olm-s3.s3.eu-west-1.amazonaws.com/2026/09/21/MC4uahdevru5A4dIK1Axt12DVfgZmnkuwfWRNKqX.jpg","tags":[{"type":"standard","category":"other","item":"plastic","quantity":1}],"objects":[{"status":"OK","on_map":true,"group":"Piece","subgroup":"","layer":"Plastic Piece","full_name":"Piece \u2013 Plastic Piece","olm_key":"other/plastic","quantity":1,"picked_up":true}],"groups":["litter"],"has_litter":true,"has_pet_waste":false,"has_substances":false,"zone":"cottonwood_zone_C","zone_edge_m":26.5,"nbhd_edge_m":null}},{"type":"Feature","geometry":{"type":"Point","coordinates":[-122.56062316895,49.210018157959]},"properties":{"id":554464,"datetime":"2026-09-21T19:21:32.000000Z","filename":"https://olm-s3.s3.eu-west-1.amazonaws.com/2026/09/21/7T3C9WNagpEn9CfEOoWQi4P2UQIR2Q3O4have4Q1.jpg","tags":[{"type":"standard","category":"other","item":"paper","quantity":1},{"type":"material","category":"material","item":"paper","quantity":1,"parent_category":"other","parent_item":"paper"}],"objects":[{"status":"OK","on_map":true,"group":"Piece","subgroup":"","layer":"Paper Piece","full_name":"Piece \u2013 Paper Piece","olm_key":"other/paper","quantity":1,"picked_up":true}],"groups":["litter"],"has_litter":true,"has_pet_waste":false,"has_substances":false,"zone":"cottonwood_zone_C","zone_edge_m":26.5,"nbhd_edge_m":null}},{"type":"Feature","geometry":{"type":"Point","coordinates":[-122.56062316895,49.210018157959]},"properties":{"id":554463,"datetime":"2026-09-21T19:21:38.000000Z","filename":"https://olm-s3.s3.eu-west-1.amazonaws.com/2026/09/21/eVCpRzydcGbeSoZIjlScuSh0aAHKDlePQPGFrENc.jpg","tags":[{"type":"standard","category":"other","item":"plastic","quantity":1}],"objects":[{"status":"OK","on_map":true,"group":"Piece","subgroup":"","layer":"Plastic Piece","full_name":"Piece \u2013 Plastic Piece","olm_key":"other/plastic","quantity":1,"picked_up":true}],"groups":["litter"],"has_litter":true,"has_pet_waste":false,"has_substances":false,"zone":"cottonwood_zone_C","zone_edge_m":26.5,"nbhd_edge_m":null}},{"type":"Feature","geometry":{"type":"Point","coordinates":[-122.56062316895,49.210018157959]},"properties":{"id":554462,"datetime":"2026-09-21T19:21:46.000000Z","filename":"https://olm-s3.s3.eu-west-1.amazonaws.com/2026/09/21/bnYVimGWzesA0pHwzFJpGqSjrJQ15SfcowwBpFlu.jpg","tags":[{"type":"standard","category":"other","item":"paper","quantity":1},{"type":"material","category":"material","item":"paper","quantity":1,"parent_category":"other","parent_item":"paper"},{"type":"standard","category":"other","item":"plastic","quantity":1}],"objects":[{"status":"OK","on_map":true,"group":"Piece","subgroup":"","layer":"Paper Piece","full_name":"Piece \u2013 Paper Piece","olm_key":"other/paper","quantity":1,"picked_up":true},{"status":"OK","on_map":true,"group":"Piece","subgroup":"","layer":"Plastic Piece","full_name":"Piece \u2013 Plastic Piece","olm_key":"other/plastic","quantity":1,"picked_up":true}],"groups":["litter"],"has_litter":true,"has_pet_waste":false,"has_substances":false,"zone":"cottonwood_zone_C","zone_edge_m":26.5,"nbhd_edge_m":null}},{"type":"Feature","geometry":{"type":"Point","coordinates":[-122.56062316895,49.210018157959]},"properties":{"id":554461,"datetime":"2026-09-21T19:22:05.000000Z","filename":"https://olm-s3.s3.eu-west-1.amazonaws.com/2026/09/21/WBQ2HpdC7JQrFbr16gf9UDPGxEakU4f2J6cVDyaY.jpg","tags":[{"type":"standard","category":"other","item":"clothing","quantity":1}],"objects":[{"status":"OK","on_map":true,"group":"Household","subgroup":"","layer":"Abandoned Textile Apparel","full_name":"Household \u2013 Abandoned Textile Apparel","olm_key":"other/clothing","quantity":1,"picked_up":true}],"groups":["litter"],"has_litter":true,"has_pet_waste":false,"has_substances":false,"zone":"cottonwood_zone_C","zone_edge_m":26.5,"nbhd_edge_m":null}},{"type":"Feature","geometry":{"type":"Point","coordinates":[-122.56062316895,49.210018157959]},"properties":{"id":554460,"datetime":"2026-09-21T19:22:18.000000Z","filename":"https://olm-s3.s3.eu-west-1.amazonaws.com/2026/09/21/VIqxenkdFkoldwsgLWUoipo9WvzAZUlw2hi4R4oV.jpg","tags":[{"type":"standard","category":"food","item":"wrapper","quantity":1},{"type":"material","category":"material","item":"plastic","quantity":1,"parent_category":"food","parent_item":"wrapper"},{"type":"custom_tag","category":"custom_tag","item":"Grocery","quantity":1,"parent_category":"food","parent_item":"wrapper"}],"objects":[{"status":"OK","on_map":true,"group":"Convenient Food Drink","subgroup":"Snack","layer":"Foil / Plastic Film Snack Wrapper","full_name":"Convenient Food Drink \u2013 Snack \u2013 Foil / Plastic Film Snack Wrapper","olm_key":"food/wrapper","quantity":1,"picked_up":true}],"groups":["litter"],"has_litter":true,"has_pet_waste":false,"has_substances":false,"zone":"cottonwood_zone_C","zone_edge_m":26.5,"nbhd_edge_m":null}},{"type":"Feature","geometry":{"type":"Point","coordinates":[-122.56062316895,49.210018157959]},"properties":{"id":554459,"datetime":"2026-09-21T19:22:34.000000Z","filename":"https://olm-s3.s3.eu-west-1.amazonaws.com/2026/09/21/Nf9ppHrqSmolcZlTY4wu0j05LLMZtWglRtKvUXgf.jpg","tags":[{"type":"standard","category":"food","item":"tinfoil","quantity":1}],"objects":[{"status":"OK","on_map":true,"group":"Piece","subgroup":"","layer":"Foil Piece","full_name":"Piece \u2013 Foil Piece","olm_key":"food/tinfoil","quantity":1,"picked_up":true}],"groups":["litter"],"has_litter":true,"has_pet_waste":false,"has_substances":false,"zone":"cottonwood_zone_C","zone_edge_m":26.5,"nbhd_edge_m":null}},{"type":"Feature","geometry":{"type":"Point","coordinates":[-122.56062316895,49.210018157959]},"properties":{"id":554458,"datetime":"2026-09-21T19:22:42.000000Z","filename":"https://olm-s3.s3.eu-west-1.amazonaws.com/2026/09/21/XIKcwx3enm1GtRQabAGeThIvWvWNiqFJro9eL9kN.jpg","tags":[{"type":"standard","category":"other","item":"paper","quantity":1},{"type":"material","category":"material","item":"paper","quantity":1,"parent_category":"other","parent_item":"paper"},{"type":"material","category":"material","item":"foil","quantity":1,"parent_category":"other","parent_item":"paper"}],"objects":[{"status":"OK","on_map":true,"group":"Piece","subgroup":"","layer":"Paper Piece","full_name":"Piece \u2013 Paper Piece","olm_key":"other/paper","quantity":1,"picked_up":true}],"groups":["litter"],"has_litter":true,"has_pet_waste":false,"has_substances":false,"zone":"cottonwood_zone_C","zone_edge_m":26.5,"nbhd_edge_m":null}},{"type":"Feature","geometry":{"type":"Point","coordinates":[-122.55906677246,49.210144042969]},"properties":{"id":554457,"datetime":"2026-09-21T19:23:19.000000Z","filename":"https://olm-s3.s3.eu-west-1.amazonaws.com/2026/09/21/PFru8PwPVHtuQhgkWdofgPud65AwX67nBvXJTeag.jpg","tags":[{"type":"standard","category":"other","item":"plastic","quantity":1}],"objects":[{"status":"OK","on_map":true,"group":"Piece","subgroup":"","layer":"Plastic Piece","full_name":"Piece \u2013 Plastic Piece","olm_key":"other/plastic","quantity":1,"picked_up":true}],"groups":["litter"],"has_litter":true,"has_pet_waste":false,"has_substances":false,"zone":"cottonwood_zone_C","zone_edge_m":40.5,"nbhd_edge_m":null}},{"type":"Feature","geometry":{"type":"Point","coordinates":[-122.55861663818,49.210037231445]},"properties":{"id":554456,"datetime":"2026-09-21T19:23:28.000000Z","filename":"https://olm-s3.s3.eu-west-1.amazonaws.com/2026/09/21/UiDKcN5IfsQIIFLzN1E0pj7dDVnxaipSicOHNxoh.jpg","tags":[{"type":"standard","category":"other","item":"clothing","quantity":1}],"objects":[{"status":"OK","on_map":true,"group":"Household","subgroup":"","layer":"Abandoned Textile Apparel","full_name":"Household \u2013 Abandoned Textile Apparel","olm_key":"other/clothing","quantity":1,"picked_up":true}],"groups":["litter"],"has_litter":true,"has_pet_waste":false,"has_substances":false,"zone":"cottonwood_zone_C","zone_edge_m":28.6,"nbhd_edge_m":null}},{"type":"Feature","geometry":{"type":"Point","coordinates":[-122.55871582031,49.210083007812]},"properties":{"id":554455,"datetime":"2026-09-21T19:23:40.000000Z","filename":"https://olm-s3.s3.eu-west-1.amazonaws.com/2026/09/21/GYXH2De2wSFtS2ZsZne7eeLZcZpGDaj3w7IjiClj.jpg","tags":[{"type":"standard","category":"other","item":"plastic","quantity":1}],"objects":[{"status":"OK","on_map":true,"group":"Piece","subgroup":"","layer":"Plastic Piece","full_name":"Piece \u2013 Plastic Piece","olm_key":"other/plastic","quantity":1,"picked_up":true}],"groups":["litter"],"has_litter":true,"has_pet_waste":false,"has_substances":false,"zone":"cottonwood_zone_C","zone_edge_m":33.7,"nbhd_edge_m":null}},{"type":"Feature","geometry":{"type":"Point","coordinates":[-122.55871582031,49.210083007812]},"properties":{"id":554454,"datetime":"2026-09-21T19:23:45.000000Z","filename":"https://olm-s3.s3.eu-west-1.amazonaws.com/2026/09/21/nukpBAVH7hlzXchZtbzy52cpFXT6LP6Suminvs99.jpg","tags":[{"type":"standard","category":"food","item":"napkins","quantity":1},{"type":"material","category":"material","item":"paper","quantity":1,"parent_category":"food","parent_item":"napkins"},{"type":"brand","category":"brand","item":"tim_hortons","quantity":1,"parent_category":"food","parent_item":"napkins"}],"objects":[{"status":"OK","on_map":true,"group":"Convenient Food Drink","subgroup":"Take-out","layer":"Napkins","full_name":"Convenient Food Drink \u2013 Take-out \u2013 Napkins","olm_key":"food/napkins","quantity":1,"picked_up":true}],"groups":["litter"],"has_litter":true,"has_pet_waste":false,"has_substances":false,"zone":"cottonwood_zone_C","zone_edge_m":33.7,"nbhd_edge_m":null}},{"type":"Feature","geometry":{"type":"Point","coordinates":[-122.55871582031,49.210083007812]},"properties":{"id":554453,"datetime":"2026-09-21T19:23:54.000000Z","filename":"https://olm-s3.s3.eu-west-1.amazonaws.com/2026/09/21/7adGguPFsyDH5Sr7y3dA6lD34xBXh8K1NLG3Zkqn.jpg","tags":[{"type":"standard","category":"smoking","item":"butts","quantity":1}],"objects":[{"status":"OK","on_map":true,"group":"Smoking","subgroup":"","layer":"Cigarette Butts","full_name":"Smoking \u2013 Cigarette Butts","olm_key":"smoking/butts","quantity":1,"picked_up":true}],"groups":["substances"],"has_litter":false,"has_pet_waste":false,"has_substances":true,"zone":"cottonwood_zone_C","zone_edge_m":33.7,"nbhd_edge_m":null}},{"type":"Feature","geometry":{"type":"Point","coordinates":[-122.55871582031,49.210083007812]},"properties":{"id":554452,"datetime":"2026-09-21T19:23:59.000000Z","filename":"https://olm-s3.s3.eu-west-1.amazonaws.com/2026/09/21/tSrNshSosvZvOhED0Lk2qLcPZ7UkThcIwMY9LFBu.jpg","tags":[{"type":"standard","category":"smoking","item":"butts","quantity":1}],"objects":[{"status":"OK","on_map":true,"group":"Smoking","subgroup":"","layer":"Cigarette Butts","full_name":"Smoking \u2013 Cigarette Butts","olm_key":"smoking/butts","quantity":1,"picked_up":true}],"groups":["substances"],"has_litter":false,"has_pet_waste":false,"has_substances":true,"zone":"cottonwood_zone_C","zone_edge_m":33.7,"nbhd_edge_m":null}},{"type":"Feature","geometry":{"type":"Point","coordinates":[-122.55871582031,49.210083007812]},"properties":{"id":554451,"datetime":"2026-09-21T19:24:06.000000Z","filename":"https://olm-s3.s3.eu-west-1.amazonaws.com/2026/09/21/V4L4sCGdSDZd6rmttNvOao8Ay5RnLzKKnFUQfm4i.jpg","tags":[{"type":"standard","category":"smoking","item":"butts","quantity":2}],"objects":[{"status":"OK","on_map":true,"group":"Smoking","subgroup":"","layer":"Cigarette Butts","full_name":"Smoking \u2013 Cigarette Butts","olm_key":"smoking/butts","quantity":2,"picked_up":true}],"groups":["substances"],"has_litter":false,"has_pet_waste":false,"has_substances":true,"zone":"cottonwood_zone_C","zone_edge_m":33.7,"nbhd_edge_m":null}},{"type":"Feature","geometry":{"type":"Point","coordinates":[-122.55871582031,49.210083007812]},"properties":{"id":554450,"datetime":"2026-09-21T19:24:13.000000Z","filename":"https://olm-s3.s3.eu-west-1.amazonaws.com/2026/09/21/fneIKOf6Sfomzg5X19szWR2sLG7JOhEIgdkwQmYW.jpg","tags":[{"type":"standard","category":"smoking","item":"butts","quantity":1}],"objects":[{"status":"OK","on_map":true,"group":"Smoking","subgroup":"","layer":"Cigarette Butts","full_name":"Smoking \u2013 Cigarette Butts","olm_key":"smoking/butts","quantity":1,"picked_up":true}],"groups":["substances"],"has_litter":false,"has_pet_waste":false,"has_substances":true,"zone":"cottonwood_zone_C","zone_edge_m":33.7,"nbhd_edge_m":null}},{"type":"Feature","geometry":{"type":"Point","coordinates":[-122.55871582031,49.210083007812]},"properties":{"id":554449,"datetime":"2026-09-21T19:24:18.000000Z","filename":"https://olm-s3.s3.eu-west-1.amazonaws.com/2026/09/21/zImSwE8FCsSTrvvJegjmVVI00pyBiTSLwbc0vMww.jpg","tags":[{"type":"standard","category":"smoking","item":"butts","quantity":1}],"objects":[{"status":"OK","on_map":true,"group":"Smoking","subgroup":"","layer":"Cigarette Butts","full_name":"Smoking \u2013 Cigarette Butts","olm_key":"smoking/butts","quantity":1,"picked_up":true}],"groups":["substances"],"has_litter":false,"has_pet_waste":false,"has_substances":true,"zone":"cottonwood_zone_C","zone_edge_m":33.7,"nbhd_edge_m":null}},{"type":"Feature","geometry":{"type":"Point","coordinates":[-122.55871582031,49.210083007812]},"properties":{"id":554448,"datetime":"2026-09-21T19:24:26.000000Z","filename":"https://olm-s3.s3.eu-west-1.amazonaws.com/2026/09/21/IYCJi3zI0doyvQ6XPfu4wB6HNCx0nPTfbchnYlBW.jpg","tags":[{"type":"standard","category":"food","item":"wrapper","quantity":1},{"type":"material","category":"material","item":"plastic","quantity":1,"parent_category":"food","parent_item":"wrapper"}],"objects":[{"status":"OK","on_map":true,"group":"Convenient Food Drink","subgroup":"Snack","layer":"Foil / Plastic Film Snack Wrapper","full_name":"Convenient Food Drink \u2013 Snack \u2013 Foil / Plastic Film Snack Wrapper","olm_key":"food/wrapper","quantity":1,"picked_up":true}],"groups":["litter"],"has_litter":true,"has_pet_waste":false,"has_substances":false,"zone":"cottonwood_zone_C","zone_edge_m":33.7,"nbhd_edge_m":null}},{"type":"Feature","geometry":{"type":"Point","coordinates":[-122.55834197998,49.210048675537]},"properties":{"id":554447,"datetime":"2026-09-21T19:25:12.000000Z","filename":"https://olm-s3.s3.eu-west-1.amazonaws.com/2026/09/21/fKCjMCYZvpm2QcsZR9mAHIfRfv8QEVXXyZukcSaY.jpg","tags":[{"type":"standard","category":"other","item":"other","quantity":1},{"type":"custom_tag","category":"custom_tag","item":"PE foam","quantity":1,"parent_category":"other","parent_item":"other"}],"objects":[{"status":"OK","on_map":true,"group":"Household","subgroup":"","layer":"Household misc","full_name":"Household \u2013 Household misc","olm_key":"other/other","quantity":1,"picked_up":true}],"groups":["litter"],"has_litter":true,"has_pet_waste":false,"has_substances":false,"zone":"cottonwood_zone_C","zone_edge_m":29.9,"nbhd_edge_m":null}},{"type":"Feature","geometry":{"type":"Point","coordinates":[-122.55834197998,49.210048675537]},"properties":{"id":554446,"datetime":"2026-09-21T19:25:25.000000Z","filename":"https://olm-s3.s3.eu-west-1.amazonaws.com/2026/09/21/SZVeLU9dIULaME1wihw87x4x4e90EhwTjurlJiOY.jpg","tags":[{"type":"standard","category":"smoking","item":"butts","quantity":1}],"objects":[{"status":"OK","on_map":true,"group":"Smoking","subgroup":"","layer":"Cigarette Butts","full_name":"Smoking \u2013 Cigarette Butts","olm_key":"smoking/butts","quantity":1,"picked_up":true}],"groups":["substances"],"has_litter":false,"has_pet_waste":false,"has_substances":true,"zone":"cottonwood_zone_C","zone_edge_m":29.9,"nbhd_edge_m":null}},{"type":"Feature","geometry":{"type":"Point","coordinates":[-122.55834197998,49.210048675537]},"properties":{"id":554445,"datetime":"2026-09-21T19:25:45.000000Z","filename":"https://olm-s3.s3.eu-west-1.amazonaws.com/2026/09/21/4G7RDov0SfUciNlaQZiCdoEKdrNzZMuPqua3WEl8.jpg","tags":[{"type":"standard","category":"smoking","item":"butts","quantity":2}],"objects":[{"status":"OK","on_map":true,"group":"Smoking","subgroup":"","layer":"Cigarette Butts","full_name":"Smoking \u2013 Cigarette Butts","olm_key":"smoking/butts","quantity":2,"picked_up":true}],"groups":["substances"],"has_litter":false,"has_pet_waste":false,"has_substances":true,"zone":"cottonwood_zone_C","zone_edge_m":29.9,"nbhd_edge_m":null}},{"type":"Feature","geometry":{"type":"Point","coordinates":[-122.55834197998,49.210048675537]},"properties":{"id":554444,"datetime":"2026-09-21T19:26:49.000000Z","filename":"https://olm-s3.s3.eu-west-1.amazonaws.com/2026/09/21/u5WqDIZ9HThf4uCe4sFG3qYDdmRDyV7fDLV4iYf3.jpg","tags":[{"type":"standard","category":"other","item":"paper","quantity":3},{"type":"material","category":"material","item":"paper","quantity":1,"parent_category":"other","parent_item":"paper"},{"type":"custom_tag","category":"custom_tag","item":"Flyers","quantity":1,"parent_category":"other","parent_item":"paper"}],"objects":[{"status":"OK","on_map":true,"group":"Piece","subgroup":"","layer":"Paper Piece","full_name":"Piece \u2013 Paper Piece","olm_key":"other/paper","quantity":3,"picked_up":true}],"groups":["litter"],"has_litter":true,"has_pet_waste":false,"has_substances":false,"zone":"cottonwood_zone_C","zone_edge_m":29.9,"nbhd_edge_m":null}},{"type":"Feature","geometry":{"type":"Point","coordinates":[-122.55767822266,49.210098266602]},"properties":{"id":554443,"datetime":"2026-09-21T19:27:12.000000Z","filename":"https://olm-s3.s3.eu-west-1.amazonaws.com/2026/09/21/Dcn1rpv5JwF8mjJkvLwV1Y8sWpuSretKqHdoQSyd.jpg","tags":[{"type":"standard","category":"smoking","item":"packaging","quantity":1},{"type":"material","category":"material","item":"plastic","quantity":1,"parent_category":"smoking","parent_item":"packaging"},{"type":"custom_tag","category":"custom_tag","item":"THC","quantity":1,"parent_category":"smoking","parent_item":"packaging"}],"objects":[{"status":"OK","on_map":true,"group":"Smoking","subgroup":"","layer":"Cannabis Packaging","full_name":"Smoking \u2013 Cannabis Packaging","olm_key":"smoking/packaging","quantity":1,"picked_up":true}],"groups":["substances"],"has_litter":false,"has_pet_waste":false,"has_substances":true,"zone":"cottonwood_zone_C","zone_edge_m":35.4,"nbhd_edge_m":null}},{"type":"Feature","geometry":{"type":"Point","coordinates":[-122.55767822266,49.210098266602]},"properties":{"id":554442,"datetime":"2026-09-21T19:27:18.000000Z","filename":"https://olm-s3.s3.eu-west-1.amazonaws.com/2026/09/21/VnGAbuexTEijMEIfGNGrjKJVP71onaaJMsXpoZZP.jpg","tags":[{"type":"standard","category":"other","item":"paper","quantity":1},{"type":"material","category":"material","item":"paper","quantity":1,"parent_category":"other","parent_item":"paper"},{"type":"custom_tag","category":"custom_tag","item":"Flyers","quantity":1,"parent_category":"other","parent_item":"paper"}],"objects":[{"status":"OK","on_map":true,"group":"Piece","subgroup":"","layer":"Paper Piece","full_name":"Piece \u2013 Paper Piece","olm_key":"other/paper","quantity":1,"picked_up":true}],"groups":["litter"],"has_litter":true,"has_pet_waste":false,"has_substances":false,"zone":"cottonwood_zone_C","zone_edge_m":35.4,"nbhd_edge_m":null}},{"type":"Feature","geometry":{"type":"Point","coordinates":[-122.55767822266,49.210098266602]},"properties":{"id":554441,"datetime":"2026-09-21T19:27:25.000000Z","filename":"https://olm-s3.s3.eu-west-1.amazonaws.com/2026/09/21/hCv7Cx7Xqe1PkOSLV5NuBYEjubGSV4kUUcRfde0t.jpg","tags":[{"type":"standard","category":"pets","item":"dogshit_in_bag","quantity":1}],"objects":[{"status":"OK","on_map":true,"group":"Fecal","subgroup":"","layer":"Pet Waste Bagged","full_name":"Fecal \u2013 Pet Waste Bagged","olm_key":"pets/dogshit_in_bag","quantity":1,"picked_up":false}],"groups":["pet_waste"],"has_litter":false,"has_pet_waste":true,"has_substances":false,"zone":"cottonwood_zone_C","zone_edge_m":35.4,"nbhd_edge_m":null}},{"type":"Feature","geometry":{"type":"Point","coordinates":[-122.55767822266,49.210098266602]},"properties":{"id":554440,"datetime":"2026-09-21T19:27:33.000000Z","filename":"https://olm-s3.s3.eu-west-1.amazonaws.com/2026/09/21/wUv4qzZTH3y7XFBcKSNEUO2ypwaNwinXr3Yqrd1c.jpg","tags":[{"type":"standard","category":"food","item":"packaging","quantity":1},{"type":"material","category":"material","item":"paper","quantity":1,"parent_category":"food","parent_item":"packaging"},{"type":"brand","category":"brand","item":"mcdonalds","quantity":1,"parent_category":"food","parent_item":"packaging"},{"type":"standard","category":"softdrinks","item":"cup","quantity":1,"object_type":"smoothie"},{"type":"material","category":"material","item":"plastic","quantity":1,"parent_category":"softdrinks","parent_item":"cup"},{"type":"brand","category":"brand","item":"mcdonalds","quantity":1,"parent_category":"softdrinks","parent_item":"cup"},{"type":"standard","category":"softdrinks","item":"lid","quantity":1}],"objects":[{"status":"OK","on_map":true,"group":"Convenient Food Drink","subgroup":"Take-out","layer":"Food Packaging","full_name":"Convenient Food Drink \u2013 Take-out \u2013 Food Packaging","olm_key":"food/packaging","quantity":1,"picked_up":true},{"status":"OK","on_map":true,"group":"Convenient Food Drink","subgroup":"Drink","layer":"Cold Beverage Cup","full_name":"Convenient Food Drink \u2013 Drink \u2013 Cold Beverage Cup","olm_key":"softdrinks/cup","quantity":1,"picked_up":true},{"status":"OK","on_map":true,"group":"Convenient Food Drink","subgroup":"Drink","layer":"Cold Beverage Lid","full_name":"Convenient Food Drink \u2013 Drink \u2013 Cold Beverage Lid","olm_key":"softdrinks/lid","quantity":1,"picked_up":true}],"groups":["litter"],"has_litter":true,"has_pet_waste":false,"has_substances":false,"zone":"cottonwood_zone_C","zone_edge_m":35.4,"nbhd_edge_m":null}},{"type":"Feature","geometry":{"type":"Point","coordinates":[-122.55767822266,49.210098266602]},"properties":{"id":554439,"datetime":"2026-09-21T19:28:05.000000Z","filename":"https://olm-s3.s3.eu-west-1.amazonaws.com/2026/09/21/9pZdpsBXzkMzFD7N13SgxVI752ObOua7TjVVDufH.jpg","tags":[{"type":"standard","category":"other","item":"paper","quantity":1},{"type":"material","category":"material","item":"paper","quantity":1,"parent_category":"other","parent_item":"paper"},{"type":"standard","category":"other","item":"plastic","quantity":1}],"objects":[{"status":"OK","on_map":true,"group":"Piece","subgroup":"","layer":"Paper Piece","full_name":"Piece \u2013 Paper Piece","olm_key":"other/paper","quantity":1,"picked_up":true},{"status":"OK","on_map":true,"group":"Piece","subgroup":"","layer":"Plastic Piece","full_name":"Piece \u2013 Plastic Piece","olm_key":"other/plastic","quantity":1,"picked_up":true}],"groups":["litter"],"has_litter":true,"has_pet_waste":false,"has_substances":false,"zone":"cottonwood_zone_C","zone_edge_m":35.4,"nbhd_edge_m":null}},{"type":"Feature","geometry":{"type":"Point","coordinates":[-122.55767822266,49.210098266602]},"properties":{"id":554438,"datetime":"2026-09-21T19:28:37.000000Z","filename":"https://olm-s3.s3.eu-west-1.amazonaws.com/2026/09/21/Gmz7GwO9HvU8R2vKgYPVmQbZ17yH08NSutZdmqfO.jpg","tags":[{"type":"standard","category":"smoking","item":"butts","quantity":4}],"objects":[{"status":"OK","on_map":true,"group":"Smoking","subgroup":"","layer":"Cigarette Butts","full_name":"Smoking \u2013 Cigarette Butts","olm_key":"smoking/butts","quantity":4,"picked_up":true}],"groups":["substances"],"has_litter":false,"has_pet_waste":false,"has_substances":true,"zone":"cottonwood_zone_C","zone_edge_m":35.4,"nbhd_edge_m":null}},{"type":"Feature","geometry":{"type":"Point","coordinates":[-122.55767822266,49.210098266602]},"properties":{"id":554437,"datetime":"2026-09-21T19:29:12.000000Z","filename":"https://olm-s3.s3.eu-west-1.amazonaws.com/2026/09/21/YLXcA19bcAN1y3WXGUW0osAG6xCbJwlqY6g5fHGP.jpg","tags":[{"type":"standard","category":"smoking","item":"butts","quantity":10}],"objects":[{"status":"OK","on_map":true,"group":"Smoking","subgroup":"","layer":"Cigarette Butts","full_name":"Smoking \u2013 Cigarette Butts","olm_key":"smoking/butts","quantity":10,"picked_up":true}],"groups":["substances"],"has_litter":false,"has_pet_waste":false,"has_substances":true,"zone":"cottonwood_zone_C","zone_edge_m":35.4,"nbhd_edge_m":null}},{"type":"Feature","geometry":{"type":"Point","coordinates":[-122.55767822266,49.210098266602]},"properties":{"id":554436,"datetime":"2026-09-21T19:29:54.000000Z","filename":"https://olm-s3.s3.eu-west-1.amazonaws.com/2026/09/21/t63D1jXzywnm8DEptQlOS2DyOIzFwKQjkQO93WuG.jpg","tags":[{"type":"standard","category":"smoking","item":"butts","quantity":7}],"objects":[{"status":"OK","on_map":true,"group":"Smoking","subgroup":"","layer":"Cigarette Butts","full_name":"Smoking \u2013 Cigarette Butts","olm_key":"smoking/butts","quantity":7,"picked_up":true}],"groups":["substances"],"has_litter":false,"has_pet_waste":false,"has_substances":true,"zone":"cottonwood_zone_C","zone_edge_m":35.4,"nbhd_edge_m":null}},{"type":"Feature","geometry":{"type":"Point","coordinates":[-122.55767822266,49.210098266602]},"properties":{"id":554435,"datetime":"2026-09-21T19:30:21.000000Z","filename":"https://olm-s3.s3.eu-west-1.amazonaws.com/2026/09/21/2IpsmgVNso2OrOBwvRXFLZbDjTgkchL8Mh82kNav.jpg","tags":[{"type":"standard","category":"smoking","item":"butts","quantity":3}],"objects":[{"status":"OK","on_map":true,"group":"Smoking","subgroup":"","layer":"Cigarette Butts","full_name":"Smoking \u2013 Cigarette Butts","olm_key":"smoking/butts","quantity":3,"picked_up":true}],"groups":["substances"],"has_litter":false,"has_pet_waste":false,"has_substances":true,"zone":"cottonwood_zone_C","zone_edge_m":35.4,"nbhd_edge_m":null}},{"type":"Feature","geometry":{"type":"Point","coordinates":[-122.55767822266,49.210098266602]},"properties":{"id":554434,"datetime":"2026-09-21T19:30:50.000000Z","filename":"https://olm-s3.s3.eu-west-1.amazonaws.com/2026/09/21/uPvpna6R9qH0h5kEbLlOCuyiSCpgR2A5SE7Ip97L.jpg","tags":[{"type":"standard","category":"smoking","item":"butts","quantity":2}],"objects":[{"status":"OK","on_map":true,"group":"Smoking","subgroup":"","layer":"Cigarette Butts","full_name":"Smoking \u2013 Cigarette Butts","olm_key":"smoking/butts","quantity":2,"picked_up":true}],"groups":["substances"],"has_litter":false,"has_pet_waste":false,"has_substances":true,"zone":"cottonwood_zone_C","zone_edge_m":35.4,"nbhd_edge_m":null}},{"type":"Feature","geometry":{"type":"Point","coordinates":[-122.55767822266,49.210098266602]},"properties":{"id":554433,"datetime":"2026-09-21T19:31:09.000000Z","filename":"https://olm-s3.s3.eu-west-1.amazonaws.com/2026/09/21/TMkVHJgbiIdKpZnxxyOFjI0ZlBJrjEuq9PdYNgGa.jpg","tags":[{"type":"standard","category":"smoking","item":"butts","quantity":4}],"objects":[{"status":"OK","on_map":true,"group":"Smoking","subgroup":"","layer":"Cigarette Butts","full_name":"Smoking \u2013 Cigarette Butts","olm_key":"smoking/butts","quantity":4,"picked_up":true}],"groups":["substances"],"has_litter":false,"has_pet_waste":false,"has_substances":true,"zone":"cottonwood_zone_C","zone_edge_m":35.4,"nbhd_edge_m":null}},{"type":"Feature","geometry":{"type":"Point","coordinates":[-122.55767822266,49.210098266602]},"properties":{"id":554432,"datetime":"2026-09-21T19:31:20.000000Z","filename":"https://olm-s3.s3.eu-west-1.amazonaws.com/2026/09/21/siN8dTbxTq2gh9QZgKrnyZmxalVaUY6bBzh1VAsS.jpg","tags":[{"type":"standard","category":"other","item":"paper","quantity":1},{"type":"material","category":"material","item":"paper","quantity":1,"parent_category":"other","parent_item":"paper"}],"objects":[{"status":"OK","on_map":true,"group":"Piece","subgroup":"","layer":"Paper Piece","full_name":"Piece \u2013 Paper Piece","olm_key":"other/paper","quantity":1,"picked_up":true}],"groups":["litter"],"has_litter":true,"has_pet_waste":false,"has_substances":false,"zone":"cottonwood_zone_C","zone_edge_m":35.4,"nbhd_edge_m":null}},{"type":"Feature","geometry":{"type":"Point","coordinates":[-122.55767822266,49.210098266602]},"properties":{"id":554431,"datetime":"2026-09-21T19:31:28.000000Z","filename":"https://olm-s3.s3.eu-west-1.amazonaws.com/2026/09/21/Kvv8FvTXZkA3uRi4XQnejVLtS7Js7yScjLpfhTrX.jpg","tags":[{"type":"standard","category":"smoking","item":"butts","quantity":2}],"objects":[{"status":"OK","on_map":true,"group":"Smoking","subgroup":"","layer":"Cigarette Butts","full_name":"Smoking \u2013 Cigarette Butts","olm_key":"smoking/butts","quantity":2,"picked_up":true}],"groups":["substances"],"has_litter":false,"has_pet_waste":false,"has_substances":true,"zone":"cottonwood_zone_C","zone_edge_m":35.4,"nbhd_edge_m":null}},{"type":"Feature","geometry":{"type":"Point","coordinates":[-122.55767822266,49.210098266602]},"properties":{"id":554430,"datetime":"2026-09-21T19:31:37.000000Z","filename":"https://olm-s3.s3.eu-west-1.amazonaws.com/2026/09/21/8SCuagy43lu9iYMyjfw7b2wDXmdi8HJLn832UoRS.jpg","tags":[{"type":"standard","category":"smoking","item":"butts","quantity":2}],"objects":[{"status":"OK","on_map":true,"group":"Smoking","subgroup":"","layer":"Cigarette Butts","full_name":"Smoking \u2013 Cigarette Butts","olm_key":"smoking/butts","quantity":2,"picked_up":true}],"groups":["substances"],"has_litter":false,"has_pet_waste":false,"has_substances":true,"zone":"cottonwood_zone_C","zone_edge_m":35.4,"nbhd_edge_m":null}},{"type":"Feature","geometry":{"type":"Point","coordinates":[-122.55767822266,49.210098266602]},"properties":{"id":554429,"datetime":"2026-09-21T19:31:46.000000Z","filename":"https://olm-s3.s3.eu-west-1.amazonaws.com/2026/09/21/rMGldPtKZEvjLVZdhlwCCTxeZzYhuF5evmnyrEj5.jpg","tags":[{"type":"standard","category":"smoking","item":"butts","quantity":1}],"objects":[{"status":"OK","on_map":true,"group":"Smoking","subgroup":"","layer":"Cigarette Butts","full_name":"Smoking \u2013 Cigarette Butts","olm_key":"smoking/butts","quantity":1,"picked_up":true}],"groups":["substances"],"has_litter":false,"has_pet_waste":false,"has_substances":true,"zone":"cottonwood_zone_C","zone_edge_m":35.4,"nbhd_edge_m":null}},{"type":"Feature","geometry":{"type":"Point","coordinates":[-122.55767822266,49.210098266602]},"properties":{"id":554428,"datetime":"2026-09-21T19:31:51.000000Z","filename":"https://olm-s3.s3.eu-west-1.amazonaws.com/2026/09/21/C6MpTawJuFT2SvXaEsPoc7Olm331bkxgFF3MTN1h.jpg","tags":[{"type":"standard","category":"smoking","item":"butts","quantity":3}],"objects":[{"status":"OK","on_map":true,"group":"Smoking","subgroup":"","layer":"Cigarette Butts","full_name":"Smoking \u2013 Cigarette Butts","olm_key":"smoking/butts","quantity":3,"picked_up":true}],"groups":["substances"],"has_litter":false,"has_pet_waste":false,"has_substances":true,"zone":"cottonwood_zone_C","zone_edge_m":35.4,"nbhd_edge_m":null}},{"type":"Feature","geometry":{"type":"Point","coordinates":[-122.55767822266,49.210098266602]},"properties":{"id":554427,"datetime":"2026-09-21T19:32:03.000000Z","filename":"https://olm-s3.s3.eu-west-1.amazonaws.com/2026/09/21/Oy0xDf9zXhuTDZb6MMmQHuNE6cynSgpPAsWB1G2s.jpg","tags":[{"type":"standard","category":"smoking","item":"butts","quantity":2}],"objects":[{"status":"OK","on_map":true,"group":"Smoking","subgroup":"","layer":"Cigarette Butts","full_name":"Smoking \u2013 Cigarette Butts","olm_key":"smoking/butts","quantity":2,"picked_up":true}],"groups":["substances"],"has_litter":false,"has_pet_waste":false,"has_substances":true,"zone":"cottonwood_zone_C","zone_edge_m":35.4,"nbhd_edge_m":null}},{"type":"Feature","geometry":{"type":"Point","coordinates":[-122.55767822266,49.210098266602]},"properties":{"id":554426,"datetime":"2026-09-21T19:32:13.000000Z","filename":"https://olm-s3.s3.eu-west-1.amazonaws.com/2026/09/21/69Zxr3s1g78Yu4voKK6pnYZRlcoaFavOelh9uAay.jpg","tags":[{"type":"standard","category":"smoking","item":"butts","quantity":2}],"objects":[{"status":"OK","on_map":true,"group":"Smoking","subgroup":"","layer":"Cigarette Butts","full_name":"Smoking \u2013 Cigarette Butts","olm_key":"smoking/butts","quantity":2,"picked_up":true}],"groups":["substances"],"has_litter":false,"has_pet_waste":false,"has_substances":true,"zone":"cottonwood_zone_C","zone_edge_m":35.4,"nbhd_edge_m":null}},{"type":"Feature","geometry":{"type":"Point","coordinates":[-122.55767822266,49.210098266602]},"properties":{"id":554425,"datetime":"2026-09-21T19:32:21.000000Z","filename":"https://olm-s3.s3.eu-west-1.amazonaws.com/2026/09/21/Ye5wpZJukgAkA0rkzoYumrkpqtzYPUWHhbJxLC5J.jpg","tags":[{"type":"standard","category":"other","item":"plastic","quantity":1}],"objects":[{"status":"OK","on_map":true,"group":"Piece","subgroup":"","layer":"Plastic Piece","full_name":"Piece \u2013 Plastic Piece","olm_key":"other/plastic","quantity":1,"picked_up":true}],"groups":["litter"],"has_litter":true,"has_pet_waste":false,"has_substances":false,"zone":"cottonwood_zone_C","zone_edge_m":35.4,"nbhd_edge_m":null}},{"type":"Feature","geometry":{"type":"Point","coordinates":[-122.55767822266,49.210098266602]},"properties":{"id":554424,"datetime":"2026-09-21T19:32:32.000000Z","filename":"https://olm-s3.s3.eu-west-1.amazonaws.com/2026/09/21/faxypQwb2CG6IXQHme1kw33OHAKSQ5E7kAp5ekVG.jpg","tags":[{"type":"standard","category":"food","item":"wrapper","quantity":1},{"type":"material","category":"material","item":"foil","quantity":1,"parent_category":"food","parent_item":"wrapper"},{"type":"material","category":"material","item":"plastic","quantity":1,"parent_category":"food","parent_item":"wrapper"}],"objects":[{"status":"OK","on_map":true,"group":"Convenient Food Drink","subgroup":"Snack","layer":"Foil / Plastic Film Snack Wrapper","full_name":"Convenient Food Drink \u2013 Snack \u2013 Foil / Plastic Film Snack Wrapper","olm_key":"food/wrapper","quantity":1,"picked_up":true}],"groups":["litter"],"has_litter":true,"has_pet_waste":false,"has_substances":false,"zone":"cottonwood_zone_C","zone_edge_m":35.4,"nbhd_edge_m":null}},{"type":"Feature","geometry":{"type":"Point","coordinates":[-122.55695343018,49.210243225098]},"properties":{"id":554423,"datetime":"2026-09-21T19:32:43.000000Z","filename":"https://olm-s3.s3.eu-west-1.amazonaws.com/2026/09/21/796ozSioty7MncvwqXOplZ5GRnDDLmFRK6HZds1T.jpg","tags":[{"type":"standard","category":"smoking","item":"butts","quantity":1}],"objects":[{"status":"OK","on_map":true,"group":"Smoking","subgroup":"","layer":"Cigarette Butts","full_name":"Smoking \u2013 Cigarette Butts","olm_key":"smoking/butts","quantity":1,"picked_up":true}],"groups":["substances"],"has_litter":false,"has_pet_waste":false,"has_substances":true,"zone":"cottonwood_zone_C","zone_edge_m":51.6,"nbhd_edge_m":null}},{"type":"Feature","geometry":{"type":"Point","coordinates":[-122.55695343018,49.210243225098]},"properties":{"id":554422,"datetime":"2026-09-21T19:32:54.000000Z","filename":"https://olm-s3.s3.eu-west-1.amazonaws.com/2026/09/21/munym6Ps5pEGUT8JnvDIU6TOcAEdzjzYEyXCM70B.jpg","tags":[{"type":"standard","category":"smoking","item":"butts","quantity":1}],"objects":[{"status":"OK","on_map":true,"group":"Smoking","subgroup":"","layer":"Cigarette Butts","full_name":"Smoking \u2013 Cigarette Butts","olm_key":"smoking/butts","quantity":1,"picked_up":true}],"groups":["substances"],"has_litter":false,"has_pet_waste":false,"has_substances":true,"zone":"cottonwood_zone_C","zone_edge_m":51.6,"nbhd_edge_m":null}},{"type":"Feature","geometry":{"type":"Point","coordinates":[-122.55695343018,49.210243225098]},"properties":{"id":554421,"datetime":"2026-09-21T19:33:01.000000Z","filename":"https://olm-s3.s3.eu-west-1.amazonaws.com/2026/09/21/dhm409gmGs5qgxbqBc8eOra9utwZ4g5eXknfgGTO.jpg","tags":[{"type":"standard","category":"smoking","item":"butts","quantity":1}],"objects":[{"status":"OK","on_map":true,"group":"Smoking","subgroup":"","layer":"Cigarette Butts","full_name":"Smoking \u2013 Cigarette Butts","olm_key":"smoking/butts","quantity":1,"picked_up":true}],"groups":["substances"],"has_litter":false,"has_pet_waste":false,"has_substances":true,"zone":"cottonwood_zone_C","zone_edge_m":51.6,"nbhd_edge_m":null}},{"type":"Feature","geometry":{"type":"Point","coordinates":[-122.55695343018,49.210243225098]},"properties":{"id":554420,"datetime":"2026-09-21T19:33:10.000000Z","filename":"https://olm-s3.s3.eu-west-1.amazonaws.com/2026/09/21/YBtyyCRh4M7HNcZCQlHLmtl6XM1rFNZQBcVNhmbA.jpg","tags":[{"type":"standard","category":"smoking","item":"butts","quantity":1}],"objects":[{"status":"OK","on_map":true,"group":"Smoking","subgroup":"","layer":"Cigarette Butts","full_name":"Smoking \u2013 Cigarette Butts","olm_key":"smoking/butts","quantity":1,"picked_up":true}],"groups":["substances"],"has_litter":false,"has_pet_waste":false,"has_substances":true,"zone":"cottonwood_zone_C","zone_edge_m":51.6,"nbhd_edge_m":null}},{"type":"Feature","geometry":{"type":"Point","coordinates":[-122.55695343018,49.210243225098]},"properties":{"id":554419,"datetime":"2026-09-21T19:33:27.000000Z","filename":"https://olm-s3.s3.eu-west-1.amazonaws.com/2026/09/21/AypYkDzHoelERkXFkIJmLNhurhEBbiamPAkFwsI6.jpg","tags":[{"type":"standard","category":"smoking","item":"butts","quantity":6}],"objects":[{"status":"OK","on_map":true,"group":"Smoking","subgroup":"","layer":"Cigarette Butts","full_name":"Smoking \u2013 Cigarette Butts","olm_key":"smoking/butts","quantity":6,"picked_up":true}],"groups":["substances"],"has_litter":false,"has_pet_waste":false,"has_substances":true,"zone":"cottonwood_zone_C","zone_edge_m":51.6,"nbhd_edge_m":null}},{"type":"Feature","geometry":{"type":"Point","coordinates":[-122.55695343018,49.210243225098]},"properties":{"id":554418,"datetime":"2026-09-21T19:33:43.000000Z","filename":"https://olm-s3.s3.eu-west-1.amazonaws.com/2026/09/21/NwbuHPBYrZSZwySbkkoKvakW4CAyeuoLdFNIPVq9.jpg","tags":[{"type":"standard","category":"smoking","item":"butts","quantity":1}],"objects":[{"status":"OK","on_map":true,"group":"Smoking","subgroup":"","layer":"Cigarette Butts","full_name":"Smoking \u2013 Cigarette Butts","olm_key":"smoking/butts","quantity":1,"picked_up":true}],"groups":["substances"],"has_litter":false,"has_pet_waste":false,"has_substances":true,"zone":"cottonwood_zone_C","zone_edge_m":51.6,"nbhd_edge_m":null}},{"type":"Feature","geometry":{"type":"Point","coordinates":[-122.55695343018,49.210243225098]},"properties":{"id":554417,"datetime":"2026-09-21T19:33:51.000000Z","filename":"https://olm-s3.s3.eu-west-1.amazonaws.com/2026/09/21/L2iO3Yu6k8BFimJdzKFxkZt1zUiBaiDqxJpfEGLf.jpg","tags":[{"type":"standard","category":"smoking","item":"butts","quantity":2}],"objects":[{"status":"OK","on_map":true,"group":"Smoking","subgroup":"","layer":"Cigarette Butts","full_name":"Smoking \u2013 Cigarette Butts","olm_key":"smoking/butts","quantity":2,"picked_up":true}],"groups":["substances"],"has_litter":false,"has_pet_waste":false,"has_substances":true,"zone":"cottonwood_zone_C","zone_edge_m":51.6,"nbhd_edge_m":null}},{"type":"Feature","geometry":{"type":"Point","coordinates":[-122.55695343018,49.210243225098]},"properties":{"id":554416,"datetime":"2026-09-21T19:34:05.000000Z","filename":"https://olm-s3.s3.eu-west-1.amazonaws.com/2026/09/21/W7YlefxZq0nCSEGT5rPEJsw81Tbi5zlP4aC1Ign9.jpg","tags":[{"type":"standard","category":"smoking","item":"butts","quantity":2}],"objects":[{"status":"OK","on_map":true,"group":"Smoking","subgroup":"","layer":"Cigarette Butts","full_name":"Smoking \u2013 Cigarette Butts","olm_key":"smoking/butts","quantity":2,"picked_up":true}],"groups":["substances"],"has_litter":false,"has_pet_waste":false,"has_substances":true,"zone":"cottonwood_zone_C","zone_edge_m":51.6,"nbhd_edge_m":null}},{"type":"Feature","geometry":{"type":"Point","coordinates":[-122.55695343018,49.210243225098]},"properties":{"id":554415,"datetime":"2026-09-21T19:34:17.000000Z","filename":"https://olm-s3.s3.eu-west-1.amazonaws.com/2026/09/21/ZS4vlmfrF8xqJajrkn3E4YHdVzfUhdffZUqpmETv.jpg","tags":[{"type":"standard","category":"smoking","item":"butts","quantity":2}],"objects":[{"status":"OK","on_map":true,"group":"Smoking","subgroup":"","layer":"Cigarette Butts","full_name":"Smoking \u2013 Cigarette Butts","olm_key":"smoking/butts","quantity":2,"picked_up":true}],"groups":["substances"],"has_litter":false,"has_pet_waste":false,"has_substances":true,"zone":"cottonwood_zone_C","zone_edge_m":51.6,"nbhd_edge_m":null}},{"type":"Feature","geometry":{"type":"Point","coordinates":[-122.55695343018,49.210243225098]},"properties":{"id":554414,"datetime":"2026-09-21T19:34:34.000000Z","filename":"https://olm-s3.s3.eu-west-1.amazonaws.com/2026/09/21/l9jVdj9PFKXCaplPBnwGKutHjRyDcSD9rflBkYnG.jpg","tags":[{"type":"standard","category":"smoking","item":"butts","quantity":3}],"objects":[{"status":"OK","on_map":true,"group":"Smoking","subgroup":"","layer":"Cigarette Butts","full_name":"Smoking \u2013 Cigarette Butts","olm_key":"smoking/butts","quantity":3,"picked_up":true}],"groups":["substances"],"has_litter":false,"has_pet_waste":false,"has_substances":true,"zone":"cottonwood_zone_C","zone_edge_m":51.6,"nbhd_edge_m":null}},{"type":"Feature","geometry":{"type":"Point","coordinates":[-122.55695343018,49.210243225098]},"properties":{"id":554413,"datetime":"2026-09-21T19:34:47.000000Z","filename":"https://olm-s3.s3.eu-west-1.amazonaws.com/2026/09/21/YZwziqLqGtzOSrSZPeDJvN6ds13gegeNG4W17c2H.jpg","tags":[{"type":"standard","category":"smoking","item":"butts","quantity":1}],"objects":[{"status":"OK","on_map":true,"group":"Smoking","subgroup":"","layer":"Cigarette Butts","full_name":"Smoking \u2013 Cigarette Butts","olm_key":"smoking/butts","quantity":1,"picked_up":true}],"groups":["substances"],"has_litter":false,"has_pet_waste":false,"has_substances":true,"zone":"cottonwood_zone_C","zone_edge_m":51.6,"nbhd_edge_m":null}},{"type":"Feature","geometry":{"type":"Point","coordinates":[-122.55695343018,49.210243225098]},"properties":{"id":554412,"datetime":"2026-09-21T19:34:53.000000Z","filename":"https://olm-s3.s3.eu-west-1.amazonaws.com/2026/09/21/zgMxKMfYMDFHs2ZOXHCRhrPUeAgpyFwLcWxJUuW8.jpg","tags":[{"type":"standard","category":"smoking","item":"butts","quantity":1}],"objects":[{"status":"OK","on_map":true,"group":"Smoking","subgroup":"","layer":"Cigarette Butts","full_name":"Smoking \u2013 Cigarette Butts","olm_key":"smoking/butts","quantity":1,"picked_up":true}],"groups":["substances"],"has_litter":false,"has_pet_waste":false,"has_substances":true,"zone":"cottonwood_zone_C","zone_edge_m":51.6,"nbhd_edge_m":null}},{"type":"Feature","geometry":{"type":"Point","coordinates":[-122.55695343018,49.210243225098]},"properties":{"id":554411,"datetime":"2026-09-21T19:34:58.000000Z","filename":"https://olm-s3.s3.eu-west-1.amazonaws.com/2026/09/21/9F41Y0U3BVqCNzEblWqZjIRwKwI20kIW7Bqy0O5b.jpg","tags":[{"type":"standard","category":"smoking","item":"butts","quantity":2}],"objects":[{"status":"OK","on_map":true,"group":"Smoking","subgroup":"","layer":"Cigarette Butts","full_name":"Smoking \u2013 Cigarette Butts","olm_key":"smoking/butts","quantity":2,"picked_up":true}],"groups":["substances"],"has_litter":false,"has_pet_waste":false,"has_substances":true,"zone":"cottonwood_zone_C","zone_edge_m":51.6,"nbhd_edge_m":null}},{"type":"Feature","geometry":{"type":"Point","coordinates":[-122.55695343018,49.210243225098]},"properties":{"id":554410,"datetime":"2026-09-21T19:35:09.000000Z","filename":"https://olm-s3.s3.eu-west-1.amazonaws.com/2026/09/21/MvlITxK5NEVYos3PneLGZI4U9JIjdeuegRkxgeFy.jpg","tags":[{"type":"standard","category":"smoking","item":"butts","quantity":2}],"objects":[{"status":"OK","on_map":true,"group":"Smoking","subgroup":"","layer":"Cigarette Butts","full_name":"Smoking \u2013 Cigarette Butts","olm_key":"smoking/butts","quantity":2,"picked_up":true}],"groups":["substances"],"has_litter":false,"has_pet_waste":false,"has_substances":true,"zone":"cottonwood_zone_C","zone_edge_m":51.6,"nbhd_edge_m":null}},{"type":"Feature","geometry":{"type":"Point","coordinates":[-122.55695343018,49.210243225098]},"properties":{"id":554409,"datetime":"2026-09-21T19:35:15.000000Z","filename":"https://olm-s3.s3.eu-west-1.amazonaws.com/2026/09/21/IWUX3HTTyAQ8m4gLSP56vVc6MkC4C7Rvqd4EKwzv.jpg","tags":[{"type":"standard","category":"smoking","item":"butts","quantity":1}],"objects":[{"status":"OK","on_map":true,"group":"Smoking","subgroup":"","layer":"Cigarette Butts","full_name":"Smoking \u2013 Cigarette Butts","olm_key":"smoking/butts","quantity":1,"picked_up":true}],"groups":["substances"],"has_litter":false,"has_pet_waste":false,"has_substances":true,"zone":"cottonwood_zone_C","zone_edge_m":51.6,"nbhd_edge_m":null}},{"type":"Feature","geometry":{"type":"Point","coordinates":[-122.55695343018,49.210243225098]},"properties":{"id":554408,"datetime":"2026-09-21T19:35:18.000000Z","filename":"https://olm-s3.s3.eu-west-1.amazonaws.com/2026/09/21/tF1enzkPWbkqDzDsWTtC1Qci2Y0YOXP08l1DyjPl.jpg","tags":[{"type":"standard","category":"other","item":"plastic","quantity":1}],"objects":[{"status":"OK","on_map":true,"group":"Piece","subgroup":"","layer":"Plastic Piece","full_name":"Piece \u2013 Plastic Piece","olm_key":"other/plastic","quantity":1,"picked_up":true}],"groups":["litter"],"has_litter":true,"has_pet_waste":false,"has_substances":false,"zone":"cottonwood_zone_C","zone_edge_m":51.6,"nbhd_edge_m":null}},{"type":"Feature","geometry":{"type":"Point","coordinates":[-122.55695343018,49.210243225098]},"properties":{"id":554407,"datetime":"2026-09-21T19:35:27.000000Z","filename":"https://olm-s3.s3.eu-west-1.amazonaws.com/2026/09/21/AVKfoJwuz18D3fVijNOtxDWPpvDyUexfuKej7pyX.jpg","tags":[{"type":"standard","category":"other","item":"plastic","quantity":1},{"type":"standard","category":"smoking","item":"butts","quantity":2}],"objects":[{"status":"OK","on_map":true,"group":"Piece","subgroup":"","layer":"Plastic Piece","full_name":"Piece \u2013 Plastic Piece","olm_key":"other/plastic","quantity":1,"picked_up":true},{"status":"OK","on_map":true,"group":"Smoking","subgroup":"","layer":"Cigarette Butts","full_name":"Smoking \u2013 Cigarette Butts","olm_key":"smoking/butts","quantity":2,"picked_up":true}],"groups":["litter","substances"],"has_litter":true,"has_pet_waste":false,"has_substances":true,"zone":"cottonwood_zone_C","zone_edge_m":51.6,"nbhd_edge_m":null}},{"type":"Feature","geometry":{"type":"Point","coordinates":[-122.55695343018,49.210243225098]},"properties":{"id":554406,"datetime":"2026-09-21T19:35:35.000000Z","filename":"https://olm-s3.s3.eu-west-1.amazonaws.com/2026/09/21/wHFo0ZQJ4S4NU6bqE8WPnk9zZRwWG1osGVG5V9AV.jpg","tags":[{"type":"standard","category":"smoking","item":"butts","quantity":2}],"objects":[{"status":"OK","on_map":true,"group":"Smoking","subgroup":"","layer":"Cigarette Butts","full_name":"Smoking \u2013 Cigarette Butts","olm_key":"smoking/butts","quantity":2,"picked_up":true}],"groups":["substances"],"has_litter":false,"has_pet_waste":false,"has_substances":true,"zone":"cottonwood_zone_C","zone_edge_m":51.6,"nbhd_edge_m":null}},{"type":"Feature","geometry":{"type":"Point","coordinates":[-122.55695343018,49.210243225098]},"properties":{"id":554405,"datetime":"2026-09-21T19:35:42.000000Z","filename":"https://olm-s3.s3.eu-west-1.amazonaws.com/2026/09/21/HvfdpvkT2uGWXUWDzOJXKkkr7UqxPnwqHADVTuMm.jpg","tags":[{"type":"standard","category":"other","item":"plastic","quantity":1}],"objects":[{"status":"OK","on_map":true,"group":"Piece","subgroup":"","layer":"Plastic Piece","full_name":"Piece \u2013 Plastic Piece","olm_key":"other/plastic","quantity":1,"picked_up":true}],"groups":["litter"],"has_litter":true,"has_pet_waste":false,"has_substances":false,"zone":"cottonwood_zone_C","zone_edge_m":51.6,"nbhd_edge_m":null}},{"type":"Feature","geometry":{"type":"Point","coordinates":[-122.55695343018,49.210243225098]},"properties":{"id":554404,"datetime":"2026-09-21T19:35:59.000000Z","filename":"https://olm-s3.s3.eu-west-1.amazonaws.com/2026/09/21/60DcMvvQmGQ3vvrbXywwuLMWIdT7G5Cl8M5mDT38.jpg","tags":[{"type":"standard","category":"pets","item":"dogshit","quantity":1},{"type":"standard","category":"smoking","item":"butts","quantity":1}],"objects":[{"status":"OK","on_map":true,"group":"Fecal","subgroup":"","layer":"Pet Waste Unbagged","full_name":"Fecal \u2013 Pet Waste Unbagged","olm_key":"pets/dogshit","quantity":1,"picked_up":false},{"status":"OK","on_map":true,"group":"Smoking","subgroup":"","layer":"Cigarette Butts","full_name":"Smoking \u2013 Cigarette Butts","olm_key":"smoking/butts","quantity":1,"picked_up":true}],"groups":["pet_waste","substances"],"has_litter":false,"has_pet_waste":true,"has_substances":true,"zone":"cottonwood_zone_C","zone_edge_m":51.6,"nbhd_edge_m":null}},{"type":"Feature","geometry":{"type":"Point","coordinates":[-122.55695343018,49.210243225098]},"properties":{"id":554403,"datetime":"2026-09-21T19:36:06.000000Z","filename":"https://olm-s3.s3.eu-west-1.amazonaws.com/2026/09/21/VrqqWVW9AqjUvojc0Q6VAFxXVMLwTx7CnlyflfOb.jpg","tags":[{"type":"standard","category":"pets","item":"dogshit_in_bag","quantity":1}],"objects":[{"status":"OK","on_map":true,"group":"Fecal","subgroup":"","layer":"Pet Waste Bagged","full_name":"Fecal \u2013 Pet Waste Bagged","olm_key":"pets/dogshit_in_bag","quantity":1,"picked_up":false}],"groups":["pet_waste"],"has_litter":false,"has_pet_waste":true,"has_substances":false,"zone":"cottonwood_zone_C","zone_edge_m":51.6,"nbhd_edge_m":null}},{"type":"Feature","geometry":{"type":"Point","coordinates":[-122.55695343018,49.210243225098]},"properties":{"id":554402,"datetime":"2026-09-21T19:36:27.000000Z","filename":"https://olm-s3.s3.eu-west-1.amazonaws.com/2026/09/21/pyQwiY26JVqrXPmOBjkbjtAHq4GFwVpJHq8nIE7e.jpg","tags":[{"type":"standard","category":"sanitary","item":"ear_swabs","quantity":1}],"objects":[{"status":"OK","on_map":true,"group":"Household","subgroup":"","layer":"Cotton Swabs","full_name":"Household \u2013 Cotton Swabs","olm_key":"sanitary/ear_swabs","quantity":1,"picked_up":true}],"groups":["litter"],"has_litter":true,"has_pet_waste":false,"has_substances":false,"zone":"cottonwood_zone_C","zone_edge_m":51.6,"nbhd_edge_m":null}},{"type":"Feature","geometry":{"type":"Point","coordinates":[-122.55699157715,49.210250854492]},"properties":{"id":554401,"datetime":"2026-09-21T19:36:35.000000Z","filename":"https://olm-s3.s3.eu-west-1.amazonaws.com/2026/09/21/mCod6jwMaMbZtBWce98kbe1KKGZ1FPuQLD1zWBhC.jpg","tags":[{"type":"standard","category":"softdrinks","item":"straw","quantity":1}],"objects":[{"status":"OK","on_map":true,"group":"Convenient Food Drink","subgroup":"Drink","layer":"Paper Drink Straws","full_name":"Convenient Food Drink \u2013 Drink \u2013 Paper Drink Straws","olm_key":"softdrinks/straw","quantity":1,"picked_up":true}],"groups":["litter"],"has_litter":true,"has_pet_waste":false,"has_substances":false,"zone":"cottonwood_zone_C","zone_edge_m":52.4,"nbhd_edge_m":null}},{"type":"Feature","geometry":{"type":"Point","coordinates":[-122.55699157715,49.210250854492]},"properties":{"id":554400,"datetime":"2026-09-21T19:36:45.000000Z","filename":"https://olm-s3.s3.eu-west-1.amazonaws.com/2026/09/21/a3u20ZGlxhLz76OZ69mQ10WSBFYcueCgXhXGp4SB.jpg","tags":[{"type":"standard","category":"other","item":"plastic","quantity":1},{"type":"custom_tag","category":"custom_tag","item":"Poly strapping","quantity":1,"parent_category":"other","parent_item":"plastic"}],"objects":[{"status":"OK","on_map":true,"group":"Piece","subgroup":"","layer":"Plastic Piece","full_name":"Piece \u2013 Plastic Piece","olm_key":"other/plastic","quantity":1,"picked_up":true}],"groups":["litter"],"has_litter":true,"has_pet_waste":false,"has_substances":false,"zone":"cottonwood_zone_C","zone_edge_m":52.4,"nbhd_edge_m":null}},{"type":"Feature","geometry":{"type":"Point","coordinates":[-122.55699157715,49.210250854492]},"properties":{"id":554399,"datetime":"2026-09-21T19:37:03.000000Z","filename":"https://olm-s3.s3.eu-west-1.amazonaws.com/2026/09/21/8N7odyfA5m6Ep5bfLO2TYEUcCoz7F3EpadWanEJT.jpg","tags":[{"type":"standard","category":"other","item":"paper","quantity":1},{"type":"material","category":"material","item":"paper","quantity":1,"parent_category":"other","parent_item":"paper"}],"objects":[{"status":"OK","on_map":true,"group":"Piece","subgroup":"","layer":"Paper Piece","full_name":"Piece \u2013 Paper Piece","olm_key":"other/paper","quantity":1,"picked_up":true}],"groups":["litter"],"has_litter":true,"has_pet_waste":false,"has_substances":false,"zone":"cottonwood_zone_C","zone_edge_m":52.4,"nbhd_edge_m":null}},{"type":"Feature","geometry":{"type":"Point","coordinates":[-122.55699157715,49.210250854492]},"properties":{"id":554398,"datetime":"2026-09-21T19:37:27.000000Z","filename":"https://olm-s3.s3.eu-west-1.amazonaws.com/2026/09/21/QmSAexxZp9sbripkSgWCVckMugJ3Nk6a8d45lfxS.jpg","tags":[{"type":"standard","category":"food","item":"wrapper","quantity":1},{"type":"material","category":"material","item":"foil","quantity":1,"parent_category":"food","parent_item":"wrapper"},{"type":"material","category":"material","item":"plastic","quantity":1,"parent_category":"food","parent_item":"wrapper"},{"type":"standard","category":"softdrinks","item":"cup","quantity":1,"object_type":"soda"},{"type":"material","category":"material","item":"plastic","quantity":1,"parent_category":"softdrinks","parent_item":"cup"},{"type":"brand","category":"brand","item":"7 Eleven","quantity":1,"parent_category":"softdrinks","parent_item":"cup"}],"objects":[{"status":"OK","on_map":true,"group":"Convenient Food Drink","subgroup":"Snack","layer":"Foil / Plastic Film Snack Wrapper","full_name":"Convenient Food Drink \u2013 Snack \u2013 Foil / Plastic Film Snack Wrapper","olm_key":"food/wrapper","quantity":1,"picked_up":true},{"status":"OK","on_map":true,"group":"Convenient Food Drink","subgroup":"Drink","layer":"Cold Beverage Cup","full_name":"Convenient Food Drink \u2013 Drink \u2013 Cold Beverage Cup","olm_key":"softdrinks/cup","quantity":1,"picked_up":true}],"groups":["litter"],"has_litter":true,"has_pet_waste":false,"has_substances":false,"zone":"cottonwood_zone_C","zone_edge_m":52.4,"nbhd_edge_m":null}},{"type":"Feature","geometry":{"type":"Point","coordinates":[-122.55711364746,49.210048675537]},"properties":{"id":554397,"datetime":"2026-09-21T19:37:42.000000Z","filename":"https://olm-s3.s3.eu-west-1.amazonaws.com/2026/09/21/RUBnkYC2yl7FKCbwBbM39oRdXXXzYLeXQKWd4pa3.jpg","tags":[{"type":"standard","category":"other","item":"other","quantity":1},{"type":"custom_tag","category":"custom_tag","item":"Household","quantity":1,"parent_category":"other","parent_item":"other"}],"objects":[{"status":"OK","on_map":true,"group":"Household","subgroup":"","layer":"Household misc","full_name":"Household \u2013 Household misc","olm_key":"other/other","quantity":1,"picked_up":true}],"groups":["litter"],"has_litter":true,"has_pet_waste":false,"has_substances":false,"zone":"cottonwood_zone_C","zone_edge_m":29.9,"nbhd_edge_m":null}},{"type":"Feature","geometry":{"type":"Point","coordinates":[-122.55686187744,49.210079193115]},"properties":{"id":554396,"datetime":"2026-09-21T19:37:58.000000Z","filename":"https://olm-s3.s3.eu-west-1.amazonaws.com/2026/09/21/Qc8xQM5wFEz9Wif67SNhXkxrId475wQtXTyFwHB7.jpg","tags":[{"type":"standard","category":"smoking","item":"butts","quantity":2}],"objects":[{"status":"OK","on_map":true,"group":"Smoking","subgroup":"","layer":"Cigarette Butts","full_name":"Smoking \u2013 Cigarette Butts","olm_key":"smoking/butts","quantity":2,"picked_up":true}],"groups":["substances"],"has_litter":false,"has_pet_waste":false,"has_substances":true,"zone":"cottonwood_zone_C","zone_edge_m":33.3,"nbhd_edge_m":null}},{"type":"Feature","geometry":{"type":"Point","coordinates":[-122.55683135986,49.210056304932]},"properties":{"id":554395,"datetime":"2026-09-21T19:38:11.000000Z","filename":"https://olm-s3.s3.eu-west-1.amazonaws.com/2026/09/21/QCtWToiKAWpwjAXhXEsMnmsf2VQQzQhpktM0qtsb.jpg","tags":[{"type":"standard","category":"smoking","item":"butts","quantity":1},{"type":"standard","category":"vehicles","item":"car_part","quantity":1},{"type":"custom_tag","category":"custom_tag","item":"Car20260921A","quantity":1,"parent_category":"vehicles","parent_item":"car_part"}],"objects":[{"status":"OK","on_map":true,"group":"Smoking","subgroup":"","layer":"Cigarette Butts","full_name":"Smoking \u2013 Cigarette Butts","olm_key":"smoking/butts","quantity":1,"picked_up":true},{"status":"OK","on_map":true,"group":"Piece","subgroup":"","layer":"Motor Vehicle Part Piece","full_name":"Piece \u2013 Motor Vehicle Part Piece","olm_key":"vehicles/car_part","quantity":1,"picked_up":true}],"groups":["litter","substances"],"has_litter":true,"has_pet_waste":false,"has_substances":true,"zone":"cottonwood_zone_C","zone_edge_m":30.8,"nbhd_edge_m":null}},{"type":"Feature","geometry":{"type":"Point","coordinates":[-122.55683135986,49.210056304932]},"properties":{"id":554394,"datetime":"2026-09-21T19:38:24.000000Z","filename":"https://olm-s3.s3.eu-west-1.amazonaws.com/2026/09/21/gnt08unVo20FtONzvLeLq7AQb6PX9SYvdTcizrpu.jpg","tags":[{"type":"standard","category":"vehicles","item":"car_part","quantity":2},{"type":"custom_tag","category":"custom_tag","item":"Car20260921A","quantity":1,"parent_category":"vehicles","parent_item":"car_part"}],"objects":[{"status":"OK","on_map":true,"group":"Piece","subgroup":"","layer":"Motor Vehicle Part Piece","full_name":"Piece \u2013 Motor Vehicle Part Piece","olm_key":"vehicles/car_part","quantity":2,"picked_up":true}],"groups":["litter"],"has_litter":true,"has_pet_waste":false,"has_substances":false,"zone":"cottonwood_zone_C","zone_edge_m":30.8,"nbhd_edge_m":null}},{"type":"Feature","geometry":{"type":"Point","coordinates":[-122.55683135986,49.210056304932]},"properties":{"id":554393,"datetime":"2026-09-21T19:38:32.000000Z","filename":"https://olm-s3.s3.eu-west-1.amazonaws.com/2026/09/21/yAv6YU50IAtRU4Tbm7Lbg4bfVT1rT2Olu7Gb12FG.jpg","tags":[{"type":"standard","category":"vehicles","item":"car_part","quantity":1},{"type":"custom_tag","category":"custom_tag","item":"Car20260921A","quantity":1,"parent_category":"vehicles","parent_item":"car_part"}],"objects":[{"status":"OK","on_map":true,"group":"Piece","subgroup":"","layer":"Motor Vehicle Part Piece","full_name":"Piece \u2013 Motor Vehicle Part Piece","olm_key":"vehicles/car_part","quantity":1,"picked_up":true}],"groups":["litter"],"has_litter":true,"has_pet_waste":false,"has_substances":false,"zone":"cottonwood_zone_C","zone_edge_m":30.8,"nbhd_edge_m":null}},{"type":"Feature","geometry":{"type":"Point","coordinates":[-122.55683135986,49.210056304932]},"properties":{"id":554392,"datetime":"2026-09-21T19:38:42.000000Z","filename":"https://olm-s3.s3.eu-west-1.amazonaws.com/2026/09/21/GHGNdJSl0VFQCZaHRngAvZXSbvpm91VsV5iIzSxJ.jpg","tags":[{"type":"standard","category":"vehicles","item":"car_part","quantity":1},{"type":"custom_tag","category":"custom_tag","item":"Car20260921A","quantity":1,"parent_category":"vehicles","parent_item":"car_part"}],"objects":[{"status":"OK","on_map":true,"group":"Piece","subgroup":"","layer":"Motor Vehicle Part Piece","full_name":"Piece \u2013 Motor Vehicle Part Piece","olm_key":"vehicles/car_part","quantity":1,"picked_up":true}],"groups":["litter"],"has_litter":true,"has_pet_waste":false,"has_substances":false,"zone":"cottonwood_zone_C","zone_edge_m":30.8,"nbhd_edge_m":null}},{"type":"Feature","geometry":{"type":"Point","coordinates":[-122.55683135986,49.210056304932]},"properties":{"id":554391,"datetime":"2026-09-21T19:38:48.000000Z","filename":"https://olm-s3.s3.eu-west-1.amazonaws.com/2026/09/21/ycXYjIWWxHTAtiIKeaGKOuUvsb8nQGftQc3p2WDY.jpg","tags":[{"type":"standard","category":"smoking","item":"butts","quantity":2}],"objects":[{"status":"OK","on_map":true,"group":"Smoking","subgroup":"","layer":"Cigarette Butts","full_name":"Smoking \u2013 Cigarette Butts","olm_key":"smoking/butts","quantity":2,"picked_up":true}],"groups":["substances"],"has_litter":false,"has_pet_waste":false,"has_substances":true,"zone":"cottonwood_zone_C","zone_edge_m":30.8,"nbhd_edge_m":null}},{"type":"Feature","geometry":{"type":"Point","coordinates":[-122.55683135986,49.210056304932]},"properties":{"id":554390,"datetime":"2026-09-21T19:39:00.000000Z","filename":"https://olm-s3.s3.eu-west-1.amazonaws.com/2026/09/21/E4ASc8Xo1nkLqunt9sLU4uDUuu7nuzaj2KLrT8bC.jpg","tags":[{"type":"standard","category":"smoking","item":"packaging","quantity":1},{"type":"custom_tag","category":"custom_tag","item":"THC","quantity":1,"parent_category":"smoking","parent_item":"packaging"}],"objects":[{"status":"OK","on_map":true,"group":"Smoking","subgroup":"","layer":"Cannabis Packaging","full_name":"Smoking \u2013 Cannabis Packaging","olm_key":"smoking/packaging","quantity":1,"picked_up":true}],"groups":["substances"],"has_litter":false,"has_pet_waste":false,"has_substances":true,"zone":"cottonwood_zone_C","zone_edge_m":30.8,"nbhd_edge_m":null}},{"type":"Feature","geometry":{"type":"Point","coordinates":[-122.55683135986,49.210056304932]},"properties":{"id":554389,"datetime":"2026-09-21T19:39:15.000000Z","filename":"https://olm-s3.s3.eu-west-1.amazonaws.com/2026/09/21/zJ2BJjCTNZofG5eYxaECbEeOanv52pEcgtEG92SP.jpg","tags":[{"type":"standard","category":"vehicles","item":"car_part","quantity":1},{"type":"custom_tag","category":"custom_tag","item":"Car20260921A","quantity":1,"parent_category":"vehicles","parent_item":"car_part"}],"objects":[{"status":"OK","on_map":true,"group":"Piece","subgroup":"","layer":"Motor Vehicle Part Piece","full_name":"Piece \u2013 Motor Vehicle Part Piece","olm_key":"vehicles/car_part","quantity":1,"picked_up":true}],"groups":["litter"],"has_litter":true,"has_pet_waste":false,"has_substances":false,"zone":"cottonwood_zone_C","zone_edge_m":30.8,"nbhd_edge_m":null}},{"type":"Feature","geometry":{"type":"Point","coordinates":[-122.55683135986,49.210056304932]},"properties":{"id":554388,"datetime":"2026-09-21T19:39:31.000000Z","filename":"https://olm-s3.s3.eu-west-1.amazonaws.com/2026/09/21/eXctu0brWiWMfBUtaz7cQMK7EAHu4Yu1D2frbqOD.jpg","tags":[{"type":"standard","category":"vehicles","item":"car_part","quantity":3},{"type":"custom_tag","category":"custom_tag","item":"Car20260921A","quantity":1,"parent_category":"vehicles","parent_item":"car_part"}],"objects":[{"status":"OK","on_map":true,"group":"Piece","subgroup":"","layer":"Motor Vehicle Part Piece","full_name":"Piece \u2013 Motor Vehicle Part Piece","olm_key":"vehicles/car_part","quantity":3,"picked_up":true}],"groups":["litter"],"has_litter":true,"has_pet_waste":false,"has_substances":false,"zone":"cottonwood_zone_C","zone_edge_m":30.8,"nbhd_edge_m":null}},{"type":"Feature","geometry":{"type":"Point","coordinates":[-122.55683135986,49.210056304932]},"properties":{"id":554387,"datetime":"2026-09-21T19:39:40.000000Z","filename":"https://olm-s3.s3.eu-west-1.amazonaws.com/2026/09/21/pTMotJTy5UhXZeRCa690TZ9sHnei5BxGrcmPHlFq.jpg","tags":[{"type":"standard","category":"vehicles","item":"car_part","quantity":9},{"type":"custom_tag","category":"custom_tag","item":"Car20260921A","quantity":1,"parent_category":"vehicles","parent_item":"car_part"}],"objects":[{"status":"OK","on_map":true,"group":"Piece","subgroup":"","layer":"Motor Vehicle Part Piece","full_name":"Piece \u2013 Motor Vehicle Part Piece","olm_key":"vehicles/car_part","quantity":9,"picked_up":true}],"groups":["litter"],"has_litter":true,"has_pet_waste":false,"has_substances":false,"zone":"cottonwood_zone_C","zone_edge_m":30.8,"nbhd_edge_m":null}},{"type":"Feature","geometry":{"type":"Point","coordinates":[-122.55683135986,49.210056304932]},"properties":{"id":554386,"datetime":"2026-09-21T19:40:03.000000Z","filename":"https://olm-s3.s3.eu-west-1.amazonaws.com/2026/09/21/O8dvKshIBF3zfzEGnRXRw4Tm7sTEcNgNkaFDhREh.jpg","tags":[{"type":"standard","category":"food","item":"packaging","quantity":1},{"type":"material","category":"material","item":"paper","quantity":1,"parent_category":"food","parent_item":"packaging"}],"objects":[{"status":"OK","on_map":true,"group":"Convenient Food Drink","subgroup":"Take-out","layer":"Food Packaging","full_name":"Convenient Food Drink \u2013 Take-out \u2013 Food Packaging","olm_key":"food/packaging","quantity":1,"picked_up":true}],"groups":["litter"],"has_litter":true,"has_pet_waste":false,"has_substances":false,"zone":"cottonwood_zone_C","zone_edge_m":30.8,"nbhd_edge_m":null}},{"type":"Feature","geometry":{"type":"Point","coordinates":[-122.55683135986,49.210056304932]},"properties":{"id":554385,"datetime":"2026-09-21T19:40:27.000000Z","filename":"https://olm-s3.s3.eu-west-1.amazonaws.com/2026/09/21/gotzNVxbVIg8sy0nACNV3JVCTFtsJOA6f4pP7VQF.jpg","tags":[{"type":"standard","category":"other","item":"plastic","quantity":1},{"type":"standard","category":"other","item":"paper","quantity":1},{"type":"material","category":"material","item":"paper","quantity":1,"parent_category":"other","parent_item":"paper"}],"objects":[{"status":"OK","on_map":true,"group":"Piece","subgroup":"","layer":"Plastic Piece","full_name":"Piece \u2013 Plastic Piece","olm_key":"other/plastic","quantity":1,"picked_up":true},{"status":"OK","on_map":true,"group":"Piece","subgroup":"","layer":"Paper Piece","full_name":"Piece \u2013 Paper Piece","olm_key":"other/paper","quantity":1,"picked_up":true}],"groups":["litter"],"has_litter":true,"has_pet_waste":false,"has_substances":false,"zone":"cottonwood_zone_C","zone_edge_m":30.8,"nbhd_edge_m":null}},{"type":"Feature","geometry":{"type":"Point","coordinates":[-122.55683135986,49.210056304932]},"properties":{"id":554384,"datetime":"2026-09-21T19:40:33.000000Z","filename":"https://olm-s3.s3.eu-west-1.amazonaws.com/2026/09/21/x4Ahdm9m0aZ7h7H8xag6ab1iJ6r0M7Rh5PGdt5tE.jpg","tags":[{"type":"standard","category":"other","item":"paper","quantity":2},{"type":"material","category":"material","item":"paper","quantity":1,"parent_category":"other","parent_item":"paper"}],"objects":[{"status":"OK","on_map":true,"group":"Piece","subgroup":"","layer":"Paper Piece","full_name":"Piece \u2013 Paper Piece","olm_key":"other/paper","quantity":2,"picked_up":true}],"groups":["litter"],"has_litter":true,"has_pet_waste":false,"has_substances":false,"zone":"cottonwood_zone_C","zone_edge_m":30.8,"nbhd_edge_m":null}},{"type":"Feature","geometry":{"type":"Point","coordinates":[-122.55683135986,49.210056304932]},"properties":{"id":554383,"datetime":"2026-09-21T19:40:42.000000Z","filename":"https://olm-s3.s3.eu-west-1.amazonaws.com/2026/09/21/uiTRtBunXW9MeRftNbujasPwaHuVZljgRD2K70og.jpg","tags":[{"type":"standard","category":"vehicles","item":"car_part","quantity":1},{"type":"custom_tag","category":"custom_tag","item":"Car20260921A","quantity":1,"parent_category":"vehicles","parent_item":"car_part"}],"objects":[{"status":"OK","on_map":true,"group":"Piece","subgroup":"","layer":"Motor Vehicle Part Piece","full_name":"Piece \u2013 Motor Vehicle Part Piece","olm_key":"vehicles/car_part","quantity":1,"picked_up":true}],"groups":["litter"],"has_litter":true,"has_pet_waste":false,"has_substances":false,"zone":"cottonwood_zone_C","zone_edge_m":30.8,"nbhd_edge_m":null}},{"type":"Feature","geometry":{"type":"Point","coordinates":[-122.55683135986,49.210056304932]},"properties":{"id":554382,"datetime":"2026-09-21T19:40:54.000000Z","filename":"https://olm-s3.s3.eu-west-1.amazonaws.com/2026/09/21/gibjFNYmHsdITZ0OpAglzqE7Ilef243Kh5ntj4tJ.jpg","tags":[{"type":"standard","category":"sanitary","item":"tissue","quantity":1}],"objects":[{"status":"OK","on_map":true,"group":"Household","subgroup":"","layer":"Hygiene Paper","full_name":"Household \u2013 Hygiene Paper","olm_key":"sanitary/tissue","quantity":1,"picked_up":true}],"groups":["litter"],"has_litter":true,"has_pet_waste":false,"has_substances":false,"zone":"cottonwood_zone_C","zone_edge_m":30.8,"nbhd_edge_m":null}},{"type":"Feature","geometry":{"type":"Point","coordinates":[-122.55683135986,49.210056304932]},"properties":{"id":554381,"datetime":"2026-09-21T19:41:04.000000Z","filename":"https://olm-s3.s3.eu-west-1.amazonaws.com/2026/09/21/uV6qqbXqooRJ8RrPqcdihqpBmNA5DjVCdW3WsSPq.jpg","tags":[{"type":"standard","category":"smoking","item":"butts","quantity":1}],"objects":[{"status":"OK","on_map":true,"group":"Smoking","subgroup":"","layer":"Cigarette Butts","full_name":"Smoking \u2013 Cigarette Butts","olm_key":"smoking/butts","quantity":1,"picked_up":true}],"groups":["substances"],"has_litter":false,"has_pet_waste":false,"has_substances":true,"zone":"cottonwood_zone_C","zone_edge_m":30.8,"nbhd_edge_m":null}},{"type":"Feature","geometry":{"type":"Point","coordinates":[-122.55683135986,49.210056304932]},"properties":{"id":554380,"datetime":"2026-09-21T19:41:28.000000Z","filename":"https://olm-s3.s3.eu-west-1.amazonaws.com/2026/09/21/XGg89rDHsI6P2ZHGOzTbUjxS7ze2hSxBGXEz9bcO.jpg","tags":[{"type":"standard","category":"industrial","item":"other","quantity":1},{"type":"custom_tag","category":"custom_tag","item":"Duct","quantity":1,"parent_category":"industrial","parent_item":"other"}],"objects":[{"status":"OK","on_map":true,"group":"Industrial","subgroup":"","layer":"Industrial Debris","full_name":"Industrial \u2013 Industrial Debris","olm_key":"industrial/other","quantity":1,"picked_up":true}],"groups":["litter"],"has_litter":true,"has_pet_waste":false,"has_substances":false,"zone":"cottonwood_zone_C","zone_edge_m":30.8,"nbhd_edge_m":null}},{"type":"Feature","geometry":{"type":"Point","coordinates":[-122.55683135986,49.210056304932]},"properties":{"id":554379,"datetime":"2026-09-21T19:41:45.000000Z","filename":"https://olm-s3.s3.eu-west-1.amazonaws.com/2026/09/21/lQKUMYa0tsS7JRGlMW21zS9qZFFNTqltFSZtea8c.jpg","tags":[{"type":"standard","category":"pets","item":"dogshit_in_bag","quantity":1}],"objects":[{"status":"OK","on_map":true,"group":"Fecal","subgroup":"","layer":"Pet Waste Bagged","full_name":"Fecal \u2013 Pet Waste Bagged","olm_key":"pets/dogshit_in_bag","quantity":1,"picked_up":false}],"groups":["pet_waste"],"has_litter":false,"has_pet_waste":true,"has_substances":false,"zone":"cottonwood_zone_C","zone_edge_m":30.8,"nbhd_edge_m":null}},{"type":"Feature","geometry":{"type":"Point","coordinates":[-122.55683135986,49.210056304932]},"properties":{"id":554378,"datetime":"2026-09-21T19:41:53.000000Z","filename":"https://olm-s3.s3.eu-west-1.amazonaws.com/2026/09/21/I3w2KLLgMooaea7Lyyo3DDFg37DPDFPC9r6JkDWO.jpg","tags":[{"type":"standard","category":"pets","item":"dogshit_in_bag","quantity":2}],"objects":[{"status":"OK","on_map":true,"group":"Fecal","subgroup":"","layer":"Pet Waste Bagged","full_name":"Fecal \u2013 Pet Waste Bagged","olm_key":"pets/dogshit_in_bag","quantity":2,"picked_up":false}],"groups":["pet_waste"],"has_litter":false,"has_pet_waste":true,"has_substances":false,"zone":"cottonwood_zone_C","zone_edge_m":30.8,"nbhd_edge_m":null}},{"type":"Feature","geometry":{"type":"Point","coordinates":[-122.55680084229,49.209606170654]},"properties":{"id":554377,"datetime":"2026-09-21T19:42:07.000000Z","filename":"https://olm-s3.s3.eu-west-1.amazonaws.com/2026/09/21/OHBeSMGYVztps8zQ9pcGTsngqU0TStALjmEgYEQ4.jpg","tags":[{"type":"standard","category":"food","item":"packaging","quantity":1},{"type":"material","category":"material","item":"paper","quantity":1,"parent_category":"food","parent_item":"packaging"},{"type":"brand","category":"brand","item":"tim_hortons","quantity":1,"parent_category":"food","parent_item":"packaging"},{"type":"standard","category":"industrial","item":"tape","quantity":1},{"type":"material","category":"material","item":"plastic","quantity":1,"parent_category":"industrial","parent_item":"tape"},{"type":"custom_tag","category":"custom_tag","item":"Flagging","quantity":1,"parent_category":"industrial","parent_item":"tape"},{"type":"standard","category":"other","item":"plastic","quantity":1}],"objects":[{"status":"OK","on_map":true,"group":"Convenient Food Drink","subgroup":"Take-out","layer":"Food Packaging","full_name":"Convenient Food Drink \u2013 Take-out \u2013 Food Packaging","olm_key":"food/packaging","quantity":1,"picked_up":true},{"status":"OK","on_map":true,"group":"Industrial","subgroup":"","layer":"Flagging Tape","full_name":"Industrial \u2013 Flagging Tape","olm_key":"industrial/tape","quantity":1,"picked_up":true},{"status":"OK","on_map":true,"group":"Piece","subgroup":"","layer":"Plastic Piece","full_name":"Piece \u2013 Plastic Piece","olm_key":"other/plastic","quantity":1,"picked_up":true}],"groups":["litter"],"has_litter":true,"has_pet_waste":false,"has_substances":false,"zone":"cottonwood_zone_D","zone_edge_m":19.4,"nbhd_edge_m":null}},{"type":"Feature","geometry":{"type":"Point","coordinates":[-122.55680084229,49.209606170654]},"properties":{"id":554376,"datetime":"2026-09-21T19:42:10.000000Z","filename":"https://olm-s3.s3.eu-west-1.amazonaws.com/2026/09/21/WM3y6jbVPIlB8Zv8LHQbMfdRdZtV6j88exjJ940u.jpg","tags":[{"type":"standard","category":"softdrinks","item":"cup","quantity":1,"object_type":"unknown"},{"type":"material","category":"material","item":"plastic","quantity":1,"parent_category":"softdrinks","parent_item":"cup"},{"type":"standard","category":"softdrinks","item":"lid","quantity":1},{"type":"standard","category":"softdrinks","item":"straw","quantity":1}],"objects":[{"status":"OK","on_map":true,"group":"Convenient Food Drink","subgroup":"Drink","layer":"Cold Beverage Cup","full_name":"Convenient Food Drink \u2013 Drink \u2013 Cold Beverage Cup","olm_key":"softdrinks/cup","quantity":1,"picked_up":true},{"status":"OK","on_map":true,"group":"Convenient Food Drink","subgroup":"Drink","layer":"Cold Beverage Lid","full_name":"Convenient Food Drink \u2013 Drink \u2013 Cold Beverage Lid","olm_key":"softdrinks/lid","quantity":1,"picked_up":true},{"status":"OK","on_map":true,"group":"Convenient Food Drink","subgroup":"Drink","layer":"Paper Drink Straws","full_name":"Convenient Food Drink \u2013 Drink \u2013 Paper Drink Straws","olm_key":"softdrinks/straw","quantity":1,"picked_up":true}],"groups":["litter"],"has_litter":true,"has_pet_waste":false,"has_substances":false,"zone":"cottonwood_zone_D","zone_edge_m":19.4,"nbhd_edge_m":null}},{"type":"Feature","geometry":{"type":"Point","coordinates":[-122.55680084229,49.209606170654]},"properties":{"id":554375,"datetime":"2026-09-21T19:43:01.000000Z","filename":"https://olm-s3.s3.eu-west-1.amazonaws.com/2026/09/21/eCT5oWN2t9ne8xavrBlsOnvZDjqdf0uiHElnmkFh.jpg","tags":[{"type":"standard","category":"sanitary","item":"wipes","quantity":2}],"objects":[{"status":"OK","on_map":true,"group":"Household","subgroup":"","layer":"Wet Wipes","full_name":"Household \u2013 Wet Wipes","olm_key":"sanitary/wipes","quantity":2,"picked_up":true}],"groups":["litter"],"has_litter":true,"has_pet_waste":false,"has_substances":false,"zone":"cottonwood_zone_D","zone_edge_m":19.4,"nbhd_edge_m":null}},{"type":"Feature","geometry":{"type":"Point","coordinates":[-122.55680084229,49.209606170654]},"properties":{"id":554374,"datetime":"2026-09-21T19:43:21.000000Z","filename":"https://olm-s3.s3.eu-west-1.amazonaws.com/2026/09/21/hZQ2JLfn3LFEHmgcZuuRAvecW4j7oht4XoGX7uL1.jpg","tags":[{"type":"standard","category":"food","item":"napkins","quantity":2},{"type":"material","category":"material","item":"paper","quantity":1,"parent_category":"food","parent_item":"napkins"}],"objects":[{"status":"OK","on_map":true,"group":"Convenient Food Drink","subgroup":"Take-out","layer":"Napkins","full_name":"Convenient Food Drink \u2013 Take-out \u2013 Napkins","olm_key":"food/napkins","quantity":2,"picked_up":true}],"groups":["litter"],"has_litter":true,"has_pet_waste":false,"has_substances":false,"zone":"cottonwood_zone_D","zone_edge_m":19.4,"nbhd_edge_m":null}},{"type":"Feature","geometry":{"type":"Point","coordinates":[-122.55680084229,49.209606170654]},"properties":{"id":554373,"datetime":"2026-09-21T19:43:30.000000Z","filename":"https://olm-s3.s3.eu-west-1.amazonaws.com/2026/09/21/uLwx5truabo07BpgnMeWUKAWacFHBj46qO58QWpq.jpg","tags":[{"type":"standard","category":"other","item":"plastic","quantity":1}],"objects":[{"status":"OK","on_map":true,"group":"Piece","subgroup":"","layer":"Plastic Piece","full_name":"Piece \u2013 Plastic Piece","olm_key":"other/plastic","quantity":1,"picked_up":true}],"groups":["litter"],"has_litter":true,"has_pet_waste":false,"has_substances":false,"zone":"cottonwood_zone_D","zone_edge_m":19.4,"nbhd_edge_m":null}},{"type":"Feature","geometry":{"type":"Point","coordinates":[-122.55680084229,49.209606170654]},"properties":{"id":554372,"datetime":"2026-09-21T19:43:39.000000Z","filename":"https://olm-s3.s3.eu-west-1.amazonaws.com/2026/09/21/V2Oz1nKdURU2LnQhuoddaR6GI7PoEULhdwZIZsek.jpg","tags":[{"type":"standard","category":"other","item":"plastic","quantity":3}],"objects":[{"status":"OK","on_map":true,"group":"Piece","subgroup":"","layer":"Plastic Piece","full_name":"Piece \u2013 Plastic Piece","olm_key":"other/plastic","quantity":3,"picked_up":true}],"groups":["litter"],"has_litter":true,"has_pet_waste":false,"has_substances":false,"zone":"cottonwood_zone_D","zone_edge_m":19.4,"nbhd_edge_m":null}},{"type":"Feature","geometry":{"type":"Point","coordinates":[-122.55680084229,49.209606170654]},"properties":{"id":554371,"datetime":"2026-09-21T19:43:55.000000Z","filename":"https://olm-s3.s3.eu-west-1.amazonaws.com/2026/09/21/vy18M0iscoRwiDztmBscPgnxyvTh0uwf95nz64V2.jpg","tags":[{"type":"standard","category":"other","item":"paper","quantity":1},{"type":"material","category":"material","item":"paper","quantity":1,"parent_category":"other","parent_item":"paper"},{"type":"custom_tag","category":"custom_tag","item":"receipt","quantity":1,"parent_category":"other","parent_item":"paper"}],"objects":[{"status":"OK","on_map":true,"group":"Piece","subgroup":"","layer":"Paper Piece","full_name":"Piece \u2013 Paper Piece","olm_key":"other/paper","quantity":1,"picked_up":true}],"groups":["litter"],"has_litter":true,"has_pet_waste":false,"has_substances":false,"zone":"cottonwood_zone_D","zone_edge_m":19.4,"nbhd_edge_m":null}},{"type":"Feature","geometry":{"type":"Point","coordinates":[-122.55680084229,49.209606170654]},"properties":{"id":554370,"datetime":"2026-09-21T19:43:58.000000Z","filename":"https://olm-s3.s3.eu-west-1.amazonaws.com/2026/09/21/9nbGdbLHHTeXCNJyVeig2oHg4sdW9wq7yQWsMNam.jpg","tags":[{"type":"standard","category":"smoking","item":"butts","quantity":2}],"objects":[{"status":"OK","on_map":true,"group":"Smoking","subgroup":"","layer":"Cigarette Butts","full_name":"Smoking \u2013 Cigarette Butts","olm_key":"smoking/butts","quantity":2,"picked_up":true}],"groups":["substances"],"has_litter":false,"has_pet_waste":false,"has_substances":true,"zone":"cottonwood_zone_D","zone_edge_m":19.4,"nbhd_edge_m":null}},{"type":"Feature","geometry":{"type":"Point","coordinates":[-122.55680084229,49.209606170654]},"properties":{"id":554369,"datetime":"2026-09-21T19:44:01.000000Z","filename":"https://olm-s3.s3.eu-west-1.amazonaws.com/2026/09/21/JxqP7jXbHgiBEH62AFTYgIQwJ9ELjzGYgONNJxcD.jpg","tags":[{"type":"standard","category":"smoking","item":"butts","quantity":1}],"objects":[{"status":"OK","on_map":true,"group":"Smoking","subgroup":"","layer":"Cigarette Butts","full_name":"Smoking \u2013 Cigarette Butts","olm_key":"smoking/butts","quantity":1,"picked_up":true}],"groups":["substances"],"has_litter":false,"has_pet_waste":false,"has_substances":true,"zone":"cottonwood_zone_D","zone_edge_m":19.4,"nbhd_edge_m":null}},{"type":"Feature","geometry":{"type":"Point","coordinates":[-122.55680084229,49.209606170654]},"properties":{"id":554368,"datetime":"2026-09-21T19:44:12.000000Z","filename":"https://olm-s3.s3.eu-west-1.amazonaws.com/2026/09/21/rebQgmnJcCTYnz278q3BscD6EHZLq2FLdQgfsYCV.jpg","tags":[{"type":"standard","category":"sanitary","item":"tissue","quantity":1},{"type":"standard","category":"smoking","item":"butts","quantity":1}],"objects":[{"status":"OK","on_map":true,"group":"Household","subgroup":"","layer":"Hygiene Paper","full_name":"Household \u2013 Hygiene Paper","olm_key":"sanitary/tissue","quantity":1,"picked_up":true},{"status":"OK","on_map":true,"group":"Smoking","subgroup":"","layer":"Cigarette Butts","full_name":"Smoking \u2013 Cigarette Butts","olm_key":"smoking/butts","quantity":1,"picked_up":true}],"groups":["litter","substances"],"has_litter":true,"has_pet_waste":false,"has_substances":true,"zone":"cottonwood_zone_D","zone_edge_m":19.4,"nbhd_edge_m":null}},{"type":"Feature","geometry":{"type":"Point","coordinates":[-122.55680084229,49.209606170654]},"properties":{"id":554367,"datetime":"2026-09-21T19:44:17.000000Z","filename":"https://olm-s3.s3.eu-west-1.amazonaws.com/2026/09/21/R2juLT96Iz1nbp2p6TVCSSG41jVLXzHEnpruePlV.jpg","tags":[{"type":"standard","category":"smoking","item":"butts","quantity":1}],"objects":[{"status":"OK","on_map":true,"group":"Smoking","subgroup":"","layer":"Cigarette Butts","full_name":"Smoking \u2013 Cigarette Butts","olm_key":"smoking/butts","quantity":1,"picked_up":true}],"groups":["substances"],"has_litter":false,"has_pet_waste":false,"has_substances":true,"zone":"cottonwood_zone_D","zone_edge_m":19.4,"nbhd_edge_m":null}},{"type":"Feature","geometry":{"type":"Point","coordinates":[-122.55680084229,49.209606170654]},"properties":{"id":554366,"datetime":"2026-09-21T19:44:20.000000Z","filename":"https://olm-s3.s3.eu-west-1.amazonaws.com/2026/09/21/uSaXB5IlPJozKQeAv8KigGqZ75C6si7ZV2y9p1DI.jpg","tags":[{"type":"standard","category":"food","item":"wrapper","quantity":1},{"type":"material","category":"material","item":"foil","quantity":1,"parent_category":"food","parent_item":"wrapper"},{"type":"material","category":"material","item":"paper","quantity":1,"parent_category":"food","parent_item":"wrapper"},{"type":"brand","category":"brand","item":"Mentos","quantity":1,"parent_category":"food","parent_item":"wrapper"},{"type":"standard","category":"smoking","item":"butts","quantity":1}],"objects":[{"status":"OK","on_map":true,"group":"Convenient Food Drink","subgroup":"Snack","layer":"Foil / Plastic Film Snack Wrapper","full_name":"Convenient Food Drink \u2013 Snack \u2013 Foil / Plastic Film Snack Wrapper","olm_key":"food/wrapper","quantity":1,"picked_up":true},{"status":"OK","on_map":true,"group":"Smoking","subgroup":"","layer":"Cigarette Butts","full_name":"Smoking \u2013 Cigarette Butts","olm_key":"smoking/butts","quantity":1,"picked_up":true}],"groups":["litter","substances"],"has_litter":true,"has_pet_waste":false,"has_substances":true,"zone":"cottonwood_zone_D","zone_edge_m":19.4,"nbhd_edge_m":null}},{"type":"Feature","geometry":{"type":"Point","coordinates":[-122.55680084229,49.209606170654]},"properties":{"id":554365,"datetime":"2026-09-21T19:44:28.000000Z","filename":"https://olm-s3.s3.eu-west-1.amazonaws.com/2026/09/21/6W5f7mm4tajQC2qlTKBNonvaWB6NLLAZKFS8gNyq.jpg","tags":[{"type":"standard","category":"smoking","item":"butts","quantity":1}],"objects":[{"status":"OK","on_map":true,"group":"Smoking","subgroup":"","layer":"Cigarette Butts","full_name":"Smoking \u2013 Cigarette Butts","olm_key":"smoking/butts","quantity":1,"picked_up":true}],"groups":["substances"],"has_litter":false,"has_pet_waste":false,"has_substances":true,"zone":"cottonwood_zone_D","zone_edge_m":19.4,"nbhd_edge_m":null}},{"type":"Feature","geometry":{"type":"Point","coordinates":[-122.55680084229,49.209606170654]},"properties":{"id":554364,"datetime":"2026-09-21T19:44:33.000000Z","filename":"https://olm-s3.s3.eu-west-1.amazonaws.com/2026/09/21/94L4sWaSUBRsdFN6BOQcZ9lqHOHskK2KgtoOohF5.jpg","tags":[{"type":"standard","category":"other","item":"plastic_bag","quantity":2},{"type":"custom_tag","category":"custom_tag","item":"Small","quantity":1,"parent_category":"other","parent_item":"plastic_bag"}],"objects":[{"status":"OK","on_map":true,"group":"Household","subgroup":"","layer":"Household Plastic Bag","full_name":"Household \u2013 Household Plastic Bag","olm_key":"other/plastic_bag","quantity":2,"picked_up":true}],"groups":["litter"],"has_litter":true,"has_pet_waste":false,"has_substances":false,"zone":"cottonwood_zone_D","zone_edge_m":19.4,"nbhd_edge_m":null}},{"type":"Feature","geometry":{"type":"Point","coordinates":[-122.55680084229,49.209606170654]},"properties":{"id":554363,"datetime":"2026-09-21T19:44:46.000000Z","filename":"https://olm-s3.s3.eu-west-1.amazonaws.com/2026/09/21/A7fKSfpQGxia4WWHsesKZaL48F6uzT7hYBWhwF0y.jpg","tags":[{"type":"standard","category":"coffee","item":"cup","quantity":1},{"type":"brand","category":"brand","item":"tim_hortons","quantity":1,"parent_category":"coffee","parent_item":"cup"},{"type":"standard","category":"coffee","item":"lid","quantity":1},{"type":"material","category":"material","item":"plastic","quantity":1,"parent_category":"coffee","parent_item":"lid"},{"type":"standard","category":"coffee","item":"sleeve","quantity":1}],"objects":[{"status":"OK","on_map":true,"group":"Convenient Food Drink","subgroup":"Drink","layer":"Poly-lined Hot Beverage Cup","full_name":"Convenient Food Drink \u2013 Drink \u2013 Poly-lined Hot Beverage Cup","olm_key":"coffee/cup","quantity":1,"picked_up":true},{"status":"OK","on_map":true,"group":"Convenient Food Drink","subgroup":"Drink","layer":"Hot Beverage Cup Lid","full_name":"Convenient Food Drink \u2013 Drink \u2013 Hot Beverage Cup Lid","olm_key":"coffee/lid","quantity":1,"picked_up":true},{"status":"OK","on_map":true,"group":"Convenient Food Drink","subgroup":"Drink","layer":"Corrugated Cardboard Cup Sleeve","full_name":"Convenient Food Drink \u2013 Drink \u2013 Corrugated Cardboard Cup Sleeve","olm_key":"coffee/sleeve","quantity":1,"picked_up":true}],"groups":["litter"],"has_litter":true,"has_pet_waste":false,"has_substances":false,"zone":"cottonwood_zone_D","zone_edge_m":19.4,"nbhd_edge_m":null}},{"type":"Feature","geometry":{"type":"Point","coordinates":[-122.55680084229,49.209606170654]},"properties":{"id":554362,"datetime":"2026-09-21T19:45:00.000000Z","filename":"https://olm-s3.s3.eu-west-1.amazonaws.com/2026/09/21/QGBryyiwesnsxw88caNZmGQRf2AsW5LjGhn7RkNf.jpg","tags":[{"type":"standard","category":"pets","item":"dogshit_in_bag","quantity":1}],"objects":[{"status":"OK","on_map":true,"group":"Fecal","subgroup":"","layer":"Pet Waste Bagged","full_name":"Fecal \u2013 Pet Waste Bagged","olm_key":"pets/dogshit_in_bag","quantity":1,"picked_up":false}],"groups":["pet_waste"],"has_litter":false,"has_pet_waste":true,"has_substances":false,"zone":"cottonwood_zone_D","zone_edge_m":19.4,"nbhd_edge_m":null}},{"type":"Feature","geometry":{"type":"Point","coordinates":[-122.55680084229,49.209606170654]},"properties":{"id":554361,"datetime":"2026-09-21T19:45:03.000000Z","filename":"https://olm-s3.s3.eu-west-1.amazonaws.com/2026/09/21/7VVY4740QadGgjytXf9JYIyg0cQeVArsSTRIkSct.jpg","tags":[{"type":"standard","category":"coffee","item":"cup","quantity":1},{"type":"standard","category":"coffee","item":"lid","quantity":1},{"type":"material","category":"material","item":"plastic","quantity":1,"parent_category":"coffee","parent_item":"lid"},{"type":"brand","category":"brand","item":"tim_hortons","quantity":1,"parent_category":"coffee","parent_item":"lid"},{"type":"standard","category":"coffee","item":"sleeve","quantity":1},{"type":"material","category":"material","item":"cardboard","quantity":1,"parent_category":"coffee","parent_item":"sleeve"}],"objects":[{"status":"OK","on_map":true,"group":"Convenient Food Drink","subgroup":"Drink","layer":"Poly-lined Hot Beverage Cup","full_name":"Convenient Food Drink \u2013 Drink \u2013 Poly-lined Hot Beverage Cup","olm_key":"coffee/cup","quantity":1,"picked_up":true},{"status":"OK","on_map":true,"group":"Convenient Food Drink","subgroup":"Drink","layer":"Hot Beverage Cup Lid","full_name":"Convenient Food Drink \u2013 Drink \u2013 Hot Beverage Cup Lid","olm_key":"coffee/lid","quantity":1,"picked_up":true},{"status":"OK","on_map":true,"group":"Convenient Food Drink","subgroup":"Drink","layer":"Corrugated Cardboard Cup Sleeve","full_name":"Convenient Food Drink \u2013 Drink \u2013 Corrugated Cardboard Cup Sleeve","olm_key":"coffee/sleeve","quantity":1,"picked_up":true}],"groups":["litter"],"has_litter":true,"has_pet_waste":false,"has_substances":false,"zone":"cottonwood_zone_D","zone_edge_m":19.4,"nbhd_edge_m":null}},{"type":"Feature","geometry":{"type":"Point","coordinates":[-122.55680084229,49.209606170654]},"properties":{"id":554360,"datetime":"2026-09-21T19:45:13.000000Z","filename":"https://olm-s3.s3.eu-west-1.amazonaws.com/2026/09/21/Dpf2PcyM15UNkyZIzZBErW2a3jb8glZEjEogyBKn.jpg","tags":[{"type":"standard","category":"coffee","item":"cup","quantity":1},{"type":"brand","category":"brand","item":"tim_hortons","quantity":1,"parent_category":"coffee","parent_item":"cup"},{"type":"standard","category":"softdrinks","item":"lid","quantity":1},{"type":"standard","category":"softdrinks","item":"can","quantity":1}],"objects":[{"status":"OK","on_map":true,"group":"Convenient Food Drink","subgroup":"Drink","layer":"Poly-lined Hot Beverage Cup","full_name":"Convenient Food Drink \u2013 Drink \u2013 Poly-lined Hot Beverage Cup","olm_key":"coffee/cup","quantity":1,"picked_up":false},{"status":"OK","on_map":true,"group":"Convenient Food Drink","subgroup":"Drink","layer":"Cold Beverage Lid","full_name":"Convenient Food Drink \u2013 Drink \u2013 Cold Beverage Lid","olm_key":"softdrinks/lid","quantity":1,"picked_up":false},{"status":"OK","on_map":true,"group":"Convenient Food Drink","subgroup":"Drink","layer":"Aluminum Drink Cans","full_name":"Convenient Food Drink \u2013 Drink \u2013 Aluminum Drink Cans","olm_key":"softdrinks/can","quantity":1,"picked_up":false}],"groups":["litter"],"has_litter":true,"has_pet_waste":false,"has_substances":false,"zone":"cottonwood_zone_D","zone_edge_m":19.4,"nbhd_edge_m":null}},{"type":"Feature","geometry":{"type":"Point","coordinates":[-122.55680084229,49.209606170654]},"properties":{"id":554359,"datetime":"2026-09-21T19:45:22.000000Z","filename":"https://olm-s3.s3.eu-west-1.amazonaws.com/2026/09/21/lhzpObsvFhnLIBNSzU5v6QVdLSiOgwAy8tnLJJLN.jpg","tags":[{"type":"standard","category":"smoking","item":"butts","quantity":1}],"objects":[{"status":"OK","on_map":true,"group":"Smoking","subgroup":"","layer":"Cigarette Butts","full_name":"Smoking \u2013 Cigarette Butts","olm_key":"smoking/butts","quantity":1,"picked_up":true}],"groups":["substances"],"has_litter":false,"has_pet_waste":false,"has_substances":true,"zone":"cottonwood_zone_D","zone_edge_m":19.4,"nbhd_edge_m":null}},{"type":"Feature","geometry":{"type":"Point","coordinates":[-122.55680084229,49.209606170654]},"properties":{"id":554358,"datetime":"2026-09-21T19:45:34.000000Z","filename":"https://olm-s3.s3.eu-west-1.amazonaws.com/2026/09/21/tiGSMns7qMLJp1vg5H2dPquyTLiQncYhhdMUxKpS.jpg","tags":[{"type":"standard","category":"smoking","item":"butts","quantity":1}],"objects":[{"status":"OK","on_map":true,"group":"Smoking","subgroup":"","layer":"Cigarette Butts","full_name":"Smoking \u2013 Cigarette Butts","olm_key":"smoking/butts","quantity":1,"picked_up":true}],"groups":["substances"],"has_litter":false,"has_pet_waste":false,"has_substances":true,"zone":"cottonwood_zone_D","zone_edge_m":19.4,"nbhd_edge_m":null}},{"type":"Feature","geometry":{"type":"Point","coordinates":[-122.55680084229,49.209606170654]},"properties":{"id":554357,"datetime":"2026-09-21T19:45:41.000000Z","filename":"https://olm-s3.s3.eu-west-1.amazonaws.com/2026/09/21/zT8yj0QKzPgtTUK6iNsX6y2AJYdekqNYIKi5fTWC.jpg","tags":[{"type":"standard","category":"smoking","item":"butts","quantity":1}],"objects":[{"status":"OK","on_map":true,"group":"Smoking","subgroup":"","layer":"Cigarette Butts","full_name":"Smoking \u2013 Cigarette Butts","olm_key":"smoking/butts","quantity":1,"picked_up":true}],"groups":["substances"],"has_litter":false,"has_pet_waste":false,"has_substances":true,"zone":"cottonwood_zone_D","zone_edge_m":19.4,"nbhd_edge_m":null}},{"type":"Feature","geometry":{"type":"Point","coordinates":[-122.55680084229,49.209606170654]},"properties":{"id":554356,"datetime":"2026-09-21T19:45:47.000000Z","filename":"https://olm-s3.s3.eu-west-1.amazonaws.com/2026/09/21/AfqhQ5hUdPhgdTD9zkhXmwTllHB27NfV69Tz2Y1n.jpg","tags":[{"type":"standard","category":"smoking","item":"butts","quantity":1}],"objects":[{"status":"OK","on_map":true,"group":"Smoking","subgroup":"","layer":"Cigarette Butts","full_name":"Smoking \u2013 Cigarette Butts","olm_key":"smoking/butts","quantity":1,"picked_up":true}],"groups":["substances"],"has_litter":false,"has_pet_waste":false,"has_substances":true,"zone":"cottonwood_zone_D","zone_edge_m":19.4,"nbhd_edge_m":null}},{"type":"Feature","geometry":{"type":"Point","coordinates":[-122.55680084229,49.209606170654]},"properties":{"id":554355,"datetime":"2026-09-21T19:45:51.000000Z","filename":"https://olm-s3.s3.eu-west-1.amazonaws.com/2026/09/21/FEifpdioSqavPxOYLothuWINHBqqc2WnE5P8sKBF.jpg","tags":[{"type":"standard","category":"smoking","item":"butts","quantity":1}],"objects":[{"status":"OK","on_map":true,"group":"Smoking","subgroup":"","layer":"Cigarette Butts","full_name":"Smoking \u2013 Cigarette Butts","olm_key":"smoking/butts","quantity":1,"picked_up":true}],"groups":["substances"],"has_litter":false,"has_pet_waste":false,"has_substances":true,"zone":"cottonwood_zone_D","zone_edge_m":19.4,"nbhd_edge_m":null}},{"type":"Feature","geometry":{"type":"Point","coordinates":[-122.55680084229,49.209606170654]},"properties":{"id":554354,"datetime":"2026-09-21T19:45:56.000000Z","filename":"https://olm-s3.s3.eu-west-1.amazonaws.com/2026/09/21/UwhU8UHMmmArtZGCYqz9DkvQpxJBJeBltI31PuPh.jpg","tags":[{"type":"standard","category":"smoking","item":"butts","quantity":1}],"objects":[{"status":"OK","on_map":true,"group":"Smoking","subgroup":"","layer":"Cigarette Butts","full_name":"Smoking \u2013 Cigarette Butts","olm_key":"smoking/butts","quantity":1,"picked_up":true}],"groups":["substances"],"has_litter":false,"has_pet_waste":false,"has_substances":true,"zone":"cottonwood_zone_D","zone_edge_m":19.4,"nbhd_edge_m":null}},{"type":"Feature","geometry":{"type":"Point","coordinates":[-122.55686187744,49.20919418335]},"properties":{"id":554353,"datetime":"2026-09-21T19:46:03.000000Z","filename":"https://olm-s3.s3.eu-west-1.amazonaws.com/2026/09/21/qpjBM44Epx6pI7NkhaFTH9A7YTOYdjO61gWis7d8.jpg","tags":[{"type":"standard","category":"softdrinks","item":"lid","quantity":1}],"objects":[{"status":"OK","on_map":true,"group":"Convenient Food Drink","subgroup":"Drink","layer":"Cold Beverage Lid","full_name":"Convenient Food Drink \u2013 Drink \u2013 Cold Beverage Lid","olm_key":"softdrinks/lid","quantity":1,"picked_up":true}],"groups":["litter"],"has_litter":true,"has_pet_waste":false,"has_substances":false,"zone":"cottonwood_zone_D","zone_edge_m":62.7,"nbhd_edge_m":null}},{"type":"Feature","geometry":{"type":"Point","coordinates":[-122.55686187744,49.20919418335]},"properties":{"id":554352,"datetime":"2026-09-21T19:46:05.000000Z","filename":"https://olm-s3.s3.eu-west-1.amazonaws.com/2026/09/21/5HvDOqmigjqpeIkreVFkzlR8PAxC49R7R8CYjkyv.jpg","tags":[{"type":"standard","category":"smoking","item":"butts","quantity":1}],"objects":[{"status":"OK","on_map":true,"group":"Smoking","subgroup":"","layer":"Cigarette Butts","full_name":"Smoking \u2013 Cigarette Butts","olm_key":"smoking/butts","quantity":1,"picked_up":true}],"groups":["substances"],"has_litter":false,"has_pet_waste":false,"has_substances":true,"zone":"cottonwood_zone_D","zone_edge_m":62.7,"nbhd_edge_m":null}},{"type":"Feature","geometry":{"type":"Point","coordinates":[-122.55686187744,49.20919418335]},"properties":{"id":554351,"datetime":"2026-09-21T19:46:11.000000Z","filename":"https://olm-s3.s3.eu-west-1.amazonaws.com/2026/09/21/FPB27R7xCmGC768kIZqluJrlzvphVuIiq2CuAWgQ.jpg","tags":[{"type":"standard","category":"smoking","item":"butts","quantity":1}],"objects":[{"status":"OK","on_map":true,"group":"Smoking","subgroup":"","layer":"Cigarette Butts","full_name":"Smoking \u2013 Cigarette Butts","olm_key":"smoking/butts","quantity":1,"picked_up":true}],"groups":["substances"],"has_litter":false,"has_pet_waste":false,"has_substances":true,"zone":"cottonwood_zone_D","zone_edge_m":62.7,"nbhd_edge_m":null}},{"type":"Feature","geometry":{"type":"Point","coordinates":[-122.55686187744,49.20919418335]},"properties":{"id":554350,"datetime":"2026-09-21T19:46:14.000000Z","filename":"https://olm-s3.s3.eu-west-1.amazonaws.com/2026/09/21/TEB7axgulTJZFhqfbCRMHOWqad4N8YonxQxgZmpt.jpg","tags":[{"type":"standard","category":"smoking","item":"butts","quantity":2}],"objects":[{"status":"OK","on_map":true,"group":"Smoking","subgroup":"","layer":"Cigarette Butts","full_name":"Smoking \u2013 Cigarette Butts","olm_key":"smoking/butts","quantity":2,"picked_up":true}],"groups":["substances"],"has_litter":false,"has_pet_waste":false,"has_substances":true,"zone":"cottonwood_zone_D","zone_edge_m":62.7,"nbhd_edge_m":null}},{"type":"Feature","geometry":{"type":"Point","coordinates":[-122.55686187744,49.20919418335]},"properties":{"id":554349,"datetime":"2026-09-21T19:46:23.000000Z","filename":"https://olm-s3.s3.eu-west-1.amazonaws.com/2026/09/21/ymcbtdzUTYMUKpOMsMcDxO6HMFanft8KiZ2If1A3.jpg","tags":[{"type":"standard","category":"smoking","item":"butts","quantity":1}],"objects":[{"status":"OK","on_map":true,"group":"Smoking","subgroup":"","layer":"Cigarette Butts","full_name":"Smoking \u2013 Cigarette Butts","olm_key":"smoking/butts","quantity":1,"picked_up":true}],"groups":["substances"],"has_litter":false,"has_pet_waste":false,"has_substances":true,"zone":"cottonwood_zone_D","zone_edge_m":62.7,"nbhd_edge_m":null}},{"type":"Feature","geometry":{"type":"Point","coordinates":[-122.55686187744,49.20919418335]},"properties":{"id":554348,"datetime":"2026-09-21T19:46:28.000000Z","filename":"https://olm-s3.s3.eu-west-1.amazonaws.com/2026/09/21/8dC3ONqtCnhz1mJPWiuX2YfbNLQ3cdEeEng9d4WM.jpg","tags":[{"type":"standard","category":"smoking","item":"butts","quantity":2}],"objects":[{"status":"OK","on_map":true,"group":"Smoking","subgroup":"","layer":"Cigarette Butts","full_name":"Smoking \u2013 Cigarette Butts","olm_key":"smoking/butts","quantity":2,"picked_up":true}],"groups":["substances"],"has_litter":false,"has_pet_waste":false,"has_substances":true,"zone":"cottonwood_zone_D","zone_edge_m":62.7,"nbhd_edge_m":null}},{"type":"Feature","geometry":{"type":"Point","coordinates":[-122.55686187744,49.20919418335]},"properties":{"id":554347,"datetime":"2026-09-21T19:46:40.000000Z","filename":"https://olm-s3.s3.eu-west-1.amazonaws.com/2026/09/21/8HSyxra9D8LSsoHbCGRyNYl9YWRw06OeFZq8c2wL.jpg","tags":[{"type":"standard","category":"smoking","item":"butts","quantity":1},{"type":"standard","category":"softdrinks","item":"straw_wrapper","quantity":1}],"objects":[{"status":"OK","on_map":true,"group":"Smoking","subgroup":"","layer":"Cigarette Butts","full_name":"Smoking \u2013 Cigarette Butts","olm_key":"smoking/butts","quantity":1,"picked_up":true},{"status":"OK","on_map":true,"group":"Convenient Food Drink","subgroup":"Drink","layer":"Drink Straw Wrapper","full_name":"Convenient Food Drink \u2013 Drink \u2013 Drink Straw Wrapper","olm_key":"softdrinks/straw_wrapper","quantity":1,"picked_up":true}],"groups":["litter","substances"],"has_litter":true,"has_pet_waste":false,"has_substances":true,"zone":"cottonwood_zone_D","zone_edge_m":62.7,"nbhd_edge_m":null}},{"type":"Feature","geometry":{"type":"Point","coordinates":[-122.55686187744,49.20919418335]},"properties":{"id":554346,"datetime":"2026-09-21T19:46:45.000000Z","filename":"https://olm-s3.s3.eu-west-1.amazonaws.com/2026/09/21/Wfc5eRHX2bUfifQINx71EB0dVmHpv6ZD2BjrJ6fO.jpg","tags":[{"type":"standard","category":"smoking","item":"butts","quantity":1}],"objects":[{"status":"OK","on_map":true,"group":"Smoking","subgroup":"","layer":"Cigarette Butts","full_name":"Smoking \u2013 Cigarette Butts","olm_key":"smoking/butts","quantity":1,"picked_up":true}],"groups":["substances"],"has_litter":false,"has_pet_waste":false,"has_substances":true,"zone":"cottonwood_zone_D","zone_edge_m":62.7,"nbhd_edge_m":null}},{"type":"Feature","geometry":{"type":"Point","coordinates":[-122.55686187744,49.20919418335]},"properties":{"id":554345,"datetime":"2026-09-21T19:46:51.000000Z","filename":"https://olm-s3.s3.eu-west-1.amazonaws.com/2026/09/21/OD1epXz55numfxSrF61hCxO64FA08hpItNugdHpQ.jpg","tags":[{"type":"standard","category":"pets","item":"dogshit_in_bag","quantity":1}],"objects":[{"status":"OK","on_map":true,"group":"Fecal","subgroup":"","layer":"Pet Waste Bagged","full_name":"Fecal \u2013 Pet Waste Bagged","olm_key":"pets/dogshit_in_bag","quantity":1,"picked_up":false}],"groups":["pet_waste"],"has_litter":false,"has_pet_waste":true,"has_substances":false,"zone":"cottonwood_zone_D","zone_edge_m":62.7,"nbhd_edge_m":null}},{"type":"Feature","geometry":{"type":"Point","coordinates":[-122.55686187744,49.20919418335]},"properties":{"id":554344,"datetime":"2026-09-21T19:46:55.000000Z","filename":"https://olm-s3.s3.eu-west-1.amazonaws.com/2026/09/21/rnbARERqBSR9WteNlY9z2QO4lBhJCLdD3kQv9oFx.jpg","tags":[{"type":"standard","category":"smoking","item":"butts","quantity":4}],"objects":[{"status":"OK","on_map":true,"group":"Smoking","subgroup":"","layer":"Cigarette Butts","full_name":"Smoking \u2013 Cigarette Butts","olm_key":"smoking/butts","quantity":4,"picked_up":true}],"groups":["substances"],"has_litter":false,"has_pet_waste":false,"has_substances":true,"zone":"cottonwood_zone_D","zone_edge_m":62.7,"nbhd_edge_m":null}},{"type":"Feature","geometry":{"type":"Point","coordinates":[-122.55686187744,49.20919418335]},"properties":{"id":554343,"datetime":"2026-09-21T19:47:18.000000Z","filename":"https://olm-s3.s3.eu-west-1.amazonaws.com/2026/09/21/VxKikhlyAQxoKodjvQHNw5X2hhfSvf0sQld5A1IW.jpg","tags":[{"type":"standard","category":"other","item":"plastic","quantity":1}],"objects":[{"status":"OK","on_map":true,"group":"Piece","subgroup":"","layer":"Plastic Piece","full_name":"Piece \u2013 Plastic Piece","olm_key":"other/plastic","quantity":1,"picked_up":true}],"groups":["litter"],"has_litter":true,"has_pet_waste":false,"has_substances":false,"zone":"cottonwood_zone_D","zone_edge_m":62.7,"nbhd_edge_m":null}},{"type":"Feature","geometry":{"type":"Point","coordinates":[-122.55686187744,49.20919418335]},"properties":{"id":554342,"datetime":"2026-09-21T19:47:22.000000Z","filename":"https://olm-s3.s3.eu-west-1.amazonaws.com/2026/09/21/6yVht5aO4FZgXWCeXy3zagPWvA8RHhxxgeGUSQp2.jpg","tags":[{"type":"standard","category":"smoking","item":"butts","quantity":2}],"objects":[{"status":"OK","on_map":true,"group":"Smoking","subgroup":"","layer":"Cigarette Butts","full_name":"Smoking \u2013 Cigarette Butts","olm_key":"smoking/butts","quantity":2,"picked_up":true}],"groups":["substances"],"has_litter":false,"has_pet_waste":false,"has_substances":true,"zone":"cottonwood_zone_D","zone_edge_m":62.7,"nbhd_edge_m":null}},{"type":"Feature","geometry":{"type":"Point","coordinates":[-122.55686187744,49.20919418335]},"properties":{"id":554341,"datetime":"2026-09-21T19:47:37.000000Z","filename":"https://olm-s3.s3.eu-west-1.amazonaws.com/2026/09/21/mNEEt5ElmhEBGBHkrXW4D6c2ZLGBUkHGypeLQ5wK.jpg","tags":[{"type":"standard","category":"food","item":"wrapper","quantity":1},{"type":"material","category":"material","item":"foil","quantity":1,"parent_category":"food","parent_item":"wrapper"},{"type":"material","category":"material","item":"plastic","quantity":1,"parent_category":"food","parent_item":"wrapper"}],"objects":[{"status":"OK","on_map":true,"group":"Convenient Food Drink","subgroup":"Snack","layer":"Foil / Plastic Film Snack Wrapper","full_name":"Convenient Food Drink \u2013 Snack \u2013 Foil / Plastic Film Snack Wrapper","olm_key":"food/wrapper","quantity":1,"picked_up":true}],"groups":["litter"],"has_litter":true,"has_pet_waste":false,"has_substances":false,"zone":"cottonwood_zone_D","zone_edge_m":62.7,"nbhd_edge_m":null}},{"type":"Feature","geometry":{"type":"Point","coordinates":[-122.55686187744,49.20919418335]},"properties":{"id":554340,"datetime":"2026-09-21T19:47:44.000000Z","filename":"https://olm-s3.s3.eu-west-1.amazonaws.com/2026/09/21/5h8ZqzqOUK5sEBVCay1LdrV3XAWxskFnamZ6qYZc.jpg","tags":[{"type":"standard","category":"other","item":"paper","quantity":1},{"type":"material","category":"material","item":"paper","quantity":1,"parent_category":"other","parent_item":"paper"}],"objects":[{"status":"OK","on_map":true,"group":"Piece","subgroup":"","layer":"Paper Piece","full_name":"Piece \u2013 Paper Piece","olm_key":"other/paper","quantity":1,"picked_up":true}],"groups":["litter"],"has_litter":true,"has_pet_waste":false,"has_substances":false,"zone":"cottonwood_zone_D","zone_edge_m":62.7,"nbhd_edge_m":null}},{"type":"Feature","geometry":{"type":"Point","coordinates":[-122.55686187744,49.20919418335]},"properties":{"id":554339,"datetime":"2026-09-21T19:47:52.000000Z","filename":"https://olm-s3.s3.eu-west-1.amazonaws.com/2026/09/21/WW9YfXytpq0lo8nMPrA3LeGBsGrYDyc1thlfO5uE.jpg","tags":[{"type":"standard","category":"other","item":"paper","quantity":1},{"type":"material","category":"material","item":"paper","quantity":1,"parent_category":"other","parent_item":"paper"},{"type":"standard","category":"smoking","item":"butts","quantity":1}],"objects":[{"status":"OK","on_map":true,"group":"Piece","subgroup":"","layer":"Paper Piece","full_name":"Piece \u2013 Paper Piece","olm_key":"other/paper","quantity":1,"picked_up":true},{"status":"OK","on_map":true,"group":"Smoking","subgroup":"","layer":"Cigarette Butts","full_name":"Smoking \u2013 Cigarette Butts","olm_key":"smoking/butts","quantity":1,"picked_up":true}],"groups":["litter","substances"],"has_litter":true,"has_pet_waste":false,"has_substances":true,"zone":"cottonwood_zone_D","zone_edge_m":62.7,"nbhd_edge_m":null}},{"type":"Feature","geometry":{"type":"Point","coordinates":[-122.55686187744,49.20919418335]},"properties":{"id":554338,"datetime":"2026-09-21T19:48:01.000000Z","filename":"https://olm-s3.s3.eu-west-1.amazonaws.com/2026/09/21/asSu8SvP3f1oPur1WXw8Q7JjOZmVqdJI34nlfOKR.jpg","tags":[{"type":"standard","category":"other","item":"plastic","quantity":1},{"type":"standard","category":"other","item":"paper","quantity":1},{"type":"material","category":"material","item":"paper","quantity":1,"parent_category":"other","parent_item":"paper"},{"type":"standard","category":"smoking","item":"butts","quantity":2}],"objects":[{"status":"OK","on_map":true,"group":"Piece","subgroup":"","layer":"Plastic Piece","full_name":"Piece \u2013 Plastic Piece","olm_key":"other/plastic","quantity":1,"picked_up":true},{"status":"OK","on_map":true,"group":"Piece","subgroup":"","layer":"Paper Piece","full_name":"Piece \u2013 Paper Piece","olm_key":"other/paper","quantity":1,"picked_up":true},{"status":"OK","on_map":true,"group":"Smoking","subgroup":"","layer":"Cigarette Butts","full_name":"Smoking \u2013 Cigarette Butts","olm_key":"smoking/butts","quantity":2,"picked_up":true}],"groups":["litter","substances"],"has_litter":true,"has_pet_waste":false,"has_substances":true,"zone":"cottonwood_zone_D","zone_edge_m":62.7,"nbhd_edge_m":null}},{"type":"Feature","geometry":{"type":"Point","coordinates":[-122.55665588379,49.208999633789]},"properties":{"id":554337,"datetime":"2026-09-21T19:48:11.000000Z","filename":"https://olm-s3.s3.eu-west-1.amazonaws.com/2026/09/21/834zhVonitpRezXhSK7L9sgsc32O86Xv1USWKAEO.jpg","tags":[{"type":"standard","category":"smoking","item":"butts","quantity":2}],"objects":[{"status":"OK","on_map":true,"group":"Smoking","subgroup":"","layer":"Cigarette Butts","full_name":"Smoking \u2013 Cigarette Butts","olm_key":"smoking/butts","quantity":2,"picked_up":true}],"groups":["substances"],"has_litter":false,"has_pet_waste":false,"has_substances":true,"zone":"cottonwood_zone_D","zone_edge_m":47.7,"nbhd_edge_m":null}},{"type":"Feature","geometry":{"type":"Point","coordinates":[-122.55665588379,49.208999633789]},"properties":{"id":554336,"datetime":"2026-09-21T19:48:21.000000Z","filename":"https://olm-s3.s3.eu-west-1.amazonaws.com/2026/09/21/kZzV5qJzowdbSIBQu3R0Z75TQ0KzzsM74c4MYz29.jpg","tags":[{"type":"standard","category":"other","item":"paper","quantity":2},{"type":"material","category":"material","item":"paper","quantity":1,"parent_category":"other","parent_item":"paper"},{"type":"standard","category":"smoking","item":"butts","quantity":6}],"objects":[{"status":"OK","on_map":true,"group":"Piece","subgroup":"","layer":"Paper Piece","full_name":"Piece \u2013 Paper Piece","olm_key":"other/paper","quantity":2,"picked_up":true},{"status":"OK","on_map":true,"group":"Smoking","subgroup":"","layer":"Cigarette Butts","full_name":"Smoking \u2013 Cigarette Butts","olm_key":"smoking/butts","quantity":6,"picked_up":true}],"groups":["litter","substances"],"has_litter":true,"has_pet_waste":false,"has_substances":true,"zone":"cottonwood_zone_D","zone_edge_m":47.7,"nbhd_edge_m":null}},{"type":"Feature","geometry":{"type":"Point","coordinates":[-122.55680084229,49.209117889404]},"properties":{"id":554335,"datetime":"2026-09-21T19:48:43.000000Z","filename":"https://olm-s3.s3.eu-west-1.amazonaws.com/2026/09/21/nIuVYYjjtCa5NJGz46uIvIXcugulfuQbWxkxQsXA.jpg","tags":[{"type":"standard","category":"other","item":"paper","quantity":1},{"type":"material","category":"material","item":"paper","quantity":1,"parent_category":"other","parent_item":"paper"}],"objects":[{"status":"OK","on_map":true,"group":"Piece","subgroup":"","layer":"Paper Piece","full_name":"Piece \u2013 Paper Piece","olm_key":"other/paper","quantity":1,"picked_up":true}],"groups":["litter"],"has_litter":true,"has_pet_waste":false,"has_substances":false,"zone":"cottonwood_zone_D","zone_edge_m":58.2,"nbhd_edge_m":null}},{"type":"Feature","geometry":{"type":"Point","coordinates":[-122.55680084229,49.209117889404]},"properties":{"id":554334,"datetime":"2026-09-21T19:48:53.000000Z","filename":"https://olm-s3.s3.eu-west-1.amazonaws.com/2026/09/21/UETTjO19FeGGHggg4FfPROqieAhPUoSMYNaKHcDf.jpg","tags":[{"type":"standard","category":"other","item":"plastic","quantity":1}],"objects":[{"status":"OK","on_map":true,"group":"Piece","subgroup":"","layer":"Plastic Piece","full_name":"Piece \u2013 Plastic Piece","olm_key":"other/plastic","quantity":1,"picked_up":true}],"groups":["litter"],"has_litter":true,"has_pet_waste":false,"has_substances":false,"zone":"cottonwood_zone_D","zone_edge_m":58.2,"nbhd_edge_m":null}},{"type":"Feature","geometry":{"type":"Point","coordinates":[-122.55680084229,49.209117889404]},"properties":{"id":554333,"datetime":"2026-09-21T19:48:59.000000Z","filename":"https://olm-s3.s3.eu-west-1.amazonaws.com/2026/09/21/aR8Kb7tp45XGCd7KVXKscxyDM7NTVuB0TkSpftWB.jpg","tags":[{"type":"standard","category":"other","item":"plastic","quantity":1}],"objects":[{"status":"OK","on_map":true,"group":"Piece","subgroup":"","layer":"Plastic Piece","full_name":"Piece \u2013 Plastic Piece","olm_key":"other/plastic","quantity":1,"picked_up":true}],"groups":["litter"],"has_litter":true,"has_pet_waste":false,"has_substances":false,"zone":"cottonwood_zone_D","zone_edge_m":58.2,"nbhd_edge_m":null}},{"type":"Feature","geometry":{"type":"Point","coordinates":[-122.55680084229,49.209117889404]},"properties":{"id":554332,"datetime":"2026-09-21T19:49:08.000000Z","filename":"https://olm-s3.s3.eu-west-1.amazonaws.com/2026/09/21/jHouhjGNOAGF2oyqt0j1ubig0sLFjCalyjfP45bq.jpg","tags":[{"type":"standard","category":"food","item":"napkins","quantity":1},{"type":"material","category":"material","item":"paper","quantity":1,"parent_category":"food","parent_item":"napkins"}],"objects":[{"status":"OK","on_map":true,"group":"Convenient Food Drink","subgroup":"Take-out","layer":"Napkins","full_name":"Convenient Food Drink \u2013 Take-out \u2013 Napkins","olm_key":"food/napkins","quantity":1,"picked_up":true}],"groups":["litter"],"has_litter":true,"has_pet_waste":false,"has_substances":false,"zone":"cottonwood_zone_D","zone_edge_m":58.2,"nbhd_edge_m":null}},{"type":"Feature","geometry":{"type":"Point","coordinates":[-122.55680084229,49.209117889404]},"properties":{"id":554331,"datetime":"2026-09-21T19:49:16.000000Z","filename":"https://olm-s3.s3.eu-west-1.amazonaws.com/2026/09/21/48cNnwjtBzXjNGTayKf16X3FY9PekvgAex2O4f29.jpg","tags":[{"type":"standard","category":"food","item":"wrapper","quantity":1},{"type":"material","category":"material","item":"foil","quantity":1,"parent_category":"food","parent_item":"wrapper"},{"type":"material","category":"material","item":"plastic","quantity":1,"parent_category":"food","parent_item":"wrapper"}],"objects":[{"status":"OK","on_map":true,"group":"Convenient Food Drink","subgroup":"Snack","layer":"Foil / Plastic Film Snack Wrapper","full_name":"Convenient Food Drink \u2013 Snack \u2013 Foil / Plastic Film Snack Wrapper","olm_key":"food/wrapper","quantity":1,"picked_up":true}],"groups":["litter"],"has_litter":true,"has_pet_waste":false,"has_substances":false,"zone":"cottonwood_zone_D","zone_edge_m":58.2,"nbhd_edge_m":null}},{"type":"Feature","geometry":{"type":"Point","coordinates":[-122.55680084229,49.209117889404]},"properties":{"id":554330,"datetime":"2026-09-21T19:49:41.000000Z","filename":"https://olm-s3.s3.eu-west-1.amazonaws.com/2026/09/21/CgetDl2zf16mWihpGSobkcDu38kiRsNZjPUXl1St.jpg","tags":[{"type":"standard","category":"smoking","item":"butts","quantity":1}],"objects":[{"status":"OK","on_map":true,"group":"Smoking","subgroup":"","layer":"Cigarette Butts","full_name":"Smoking \u2013 Cigarette Butts","olm_key":"smoking/butts","quantity":1,"picked_up":true}],"groups":["substances"],"has_litter":false,"has_pet_waste":false,"has_substances":true,"zone":"cottonwood_zone_D","zone_edge_m":58.2,"nbhd_edge_m":null}},{"type":"Feature","geometry":{"type":"Point","coordinates":[-122.55647277832,49.20902633667]},"properties":{"id":554329,"datetime":"2026-09-21T19:53:50.000000Z","filename":"https://olm-s3.s3.eu-west-1.amazonaws.com/2026/09/21/fV6aqxQ1NrEQFaBnck0ngCrD1wHbuZgG0vaUJSoP.jpg","tags":[{"type":"standard","category":"food","item":"wrapper","quantity":1},{"type":"material","category":"material","item":"foil","quantity":1,"parent_category":"food","parent_item":"wrapper"},{"type":"material","category":"material","item":"plastic","quantity":1,"parent_category":"food","parent_item":"wrapper"},{"type":"standard","category":"other","item":"plastic","quantity":1}],"objects":[{"status":"OK","on_map":true,"group":"Convenient Food Drink","subgroup":"Snack","layer":"Foil / Plastic Film Snack Wrapper","full_name":"Convenient Food Drink \u2013 Snack \u2013 Foil / Plastic Film Snack Wrapper","olm_key":"food/wrapper","quantity":1,"picked_up":true},{"status":"OK","on_map":true,"group":"Piece","subgroup":"","layer":"Plastic Piece","full_name":"Piece \u2013 Plastic Piece","olm_key":"other/plastic","quantity":1,"picked_up":true}],"groups":["litter"],"has_litter":true,"has_pet_waste":false,"has_substances":false,"zone":"cottonwood_zone_D","zone_edge_m":34.4,"nbhd_edge_m":null}},{"type":"Feature","geometry":{"type":"Point","coordinates":[-122.55647277832,49.20902633667]},"properties":{"id":554328,"datetime":"2026-09-21T19:53:59.000000Z","filename":"https://olm-s3.s3.eu-west-1.amazonaws.com/2026/09/21/EsKVUTctCYQauyvJjzZK0A3PiZjfTi6v9vMZCgQY.jpg","tags":[{"type":"standard","category":"other","item":"paper","quantity":1},{"type":"material","category":"material","item":"paper","quantity":1,"parent_category":"other","parent_item":"paper"}],"objects":[{"status":"OK","on_map":true,"group":"Piece","subgroup":"","layer":"Paper Piece","full_name":"Piece \u2013 Paper Piece","olm_key":"other/paper","quantity":1,"picked_up":true}],"groups":["litter"],"has_litter":true,"has_pet_waste":false,"has_substances":false,"zone":"cottonwood_zone_D","zone_edge_m":34.4,"nbhd_edge_m":null}},{"type":"Feature","geometry":{"type":"Point","coordinates":[-122.55647277832,49.20902633667]},"properties":{"id":554327,"datetime":"2026-09-21T19:54:05.000000Z","filename":"https://olm-s3.s3.eu-west-1.amazonaws.com/2026/09/21/uN7WR01AVUn5nWk7Thko6zTzO0k6Ts35w9K1jhYC.jpg","tags":[{"type":"standard","category":"smoking","item":"butts","quantity":1}],"objects":[{"status":"OK","on_map":true,"group":"Smoking","subgroup":"","layer":"Cigarette Butts","full_name":"Smoking \u2013 Cigarette Butts","olm_key":"smoking/butts","quantity":1,"picked_up":true}],"groups":["substances"],"has_litter":false,"has_pet_waste":false,"has_substances":true,"zone":"cottonwood_zone_D","zone_edge_m":34.4,"nbhd_edge_m":null}},{"type":"Feature","geometry":{"type":"Point","coordinates":[-122.55647277832,49.20902633667]},"properties":{"id":554326,"datetime":"2026-09-21T19:54:23.000000Z","filename":"https://olm-s3.s3.eu-west-1.amazonaws.com/2026/09/21/ybmHicPzUkjDH8gYZRSI2woxACM0H3fvmFniAOBC.jpg","tags":[{"type":"standard","category":"smoking","item":"butts","quantity":1}],"objects":[{"status":"OK","on_map":true,"group":"Smoking","subgroup":"","layer":"Cigarette Butts","full_name":"Smoking \u2013 Cigarette Butts","olm_key":"smoking/butts","quantity":1,"picked_up":true}],"groups":["substances"],"has_litter":false,"has_pet_waste":false,"has_substances":true,"zone":"cottonwood_zone_D","zone_edge_m":34.4,"nbhd_edge_m":null}},{"type":"Feature","geometry":{"type":"Point","coordinates":[-122.55647277832,49.20902633667]},"properties":{"id":554325,"datetime":"2026-09-21T19:54:30.000000Z","filename":"https://olm-s3.s3.eu-west-1.amazonaws.com/2026/09/21/wOvnsbtqVt6dBFeRb8xGQDRLEjLg9YUNdNKEhFys.jpg","tags":[{"type":"standard","category":"other","item":"paper","quantity":1},{"type":"material","category":"material","item":"paper","quantity":1,"parent_category":"other","parent_item":"paper"}],"objects":[{"status":"OK","on_map":true,"group":"Piece","subgroup":"","layer":"Paper Piece","full_name":"Piece \u2013 Paper Piece","olm_key":"other/paper","quantity":1,"picked_up":true}],"groups":["litter"],"has_litter":true,"has_pet_waste":false,"has_substances":false,"zone":"cottonwood_zone_D","zone_edge_m":34.4,"nbhd_edge_m":null}},{"type":"Feature","geometry":{"type":"Point","coordinates":[-122.55647277832,49.20902633667]},"properties":{"id":554324,"datetime":"2026-09-21T19:54:38.000000Z","filename":"https://olm-s3.s3.eu-west-1.amazonaws.com/2026/09/21/koHN7I7nmCQQ3OL6vVBXc9mIFHLCplVrIxKbqlOO.jpg","tags":[{"type":"standard","category":"other","item":"other","quantity":1},{"type":"custom_tag","category":"custom_tag","item":"material:PE foam","quantity":1,"parent_category":"other","parent_item":"other"},{"type":"custom_tag","category":"custom_tag","item":"Sheet","quantity":1,"parent_category":"other","parent_item":"other"}],"objects":[{"status":"OK","on_map":true,"group":"Household","subgroup":"","layer":"Household misc","full_name":"Household \u2013 Household misc","olm_key":"other/other","quantity":1,"picked_up":true}],"groups":["litter"],"has_litter":true,"has_pet_waste":false,"has_substances":false,"zone":"cottonwood_zone_D","zone_edge_m":34.4,"nbhd_edge_m":null}},{"type":"Feature","geometry":{"type":"Point","coordinates":[-122.55647277832,49.20902633667]},"properties":{"id":554323,"datetime":"2026-09-21T19:55:06.000000Z","filename":"https://olm-s3.s3.eu-west-1.amazonaws.com/2026/09/21/JoZ7341uFK8L4nG2I9R45cjQzsiEV4kpOUrBPpyV.jpg","tags":[{"type":"standard","category":"softdrinks","item":"straw","quantity":1}],"objects":[{"status":"OK","on_map":true,"group":"Convenient Food Drink","subgroup":"Drink","layer":"Paper Drink Straws","full_name":"Convenient Food Drink \u2013 Drink \u2013 Paper Drink Straws","olm_key":"softdrinks/straw","quantity":1,"picked_up":true}],"groups":["litter"],"has_litter":true,"has_pet_waste":false,"has_substances":false,"zone":"cottonwood_zone_D","zone_edge_m":34.4,"nbhd_edge_m":null}},{"type":"Feature","geometry":{"type":"Point","coordinates":[-122.55647277832,49.20902633667]},"properties":{"id":554322,"datetime":"2026-09-21T19:55:13.000000Z","filename":"https://olm-s3.s3.eu-west-1.amazonaws.com/2026/09/21/4yX2ZCcetmtgh0FOZQDBHsO395UjgKsFGvaBANRd.jpg","tags":[{"type":"standard","category":"other","item":"paper","quantity":1},{"type":"material","category":"material","item":"paper","quantity":1,"parent_category":"other","parent_item":"paper"},{"type":"standard","category":"smoking","item":"butts","quantity":1}],"objects":[{"status":"OK","on_map":true,"group":"Piece","subgroup":"","layer":"Paper Piece","full_name":"Piece \u2013 Paper Piece","olm_key":"other/paper","quantity":1,"picked_up":true},{"status":"OK","on_map":true,"group":"Smoking","subgroup":"","layer":"Cigarette Butts","full_name":"Smoking \u2013 Cigarette Butts","olm_key":"smoking/butts","quantity":1,"picked_up":true}],"groups":["litter","substances"],"has_litter":true,"has_pet_waste":false,"has_substances":true,"zone":"cottonwood_zone_D","zone_edge_m":34.4,"nbhd_edge_m":null}},{"type":"Feature","geometry":{"type":"Point","coordinates":[-122.55647277832,49.20902633667]},"properties":{"id":554321,"datetime":"2026-09-21T19:55:22.000000Z","filename":"https://olm-s3.s3.eu-west-1.amazonaws.com/2026/09/21/qGhG7xaWqVVQ3WCXJExn91FEQazAvK5uVfCJzamt.jpg","tags":[{"type":"standard","category":"other","item":"plastic","quantity":1},{"type":"standard","category":"smoking","item":"butts","quantity":2}],"objects":[{"status":"OK","on_map":true,"group":"Piece","subgroup":"","layer":"Plastic Piece","full_name":"Piece \u2013 Plastic Piece","olm_key":"other/plastic","quantity":1,"picked_up":true},{"status":"OK","on_map":true,"group":"Smoking","subgroup":"","layer":"Cigarette Butts","full_name":"Smoking \u2013 Cigarette Butts","olm_key":"smoking/butts","quantity":2,"picked_up":true}],"groups":["litter","substances"],"has_litter":true,"has_pet_waste":false,"has_substances":true,"zone":"cottonwood_zone_D","zone_edge_m":34.4,"nbhd_edge_m":null}},{"type":"Feature","geometry":{"type":"Point","coordinates":[-122.55647277832,49.20902633667]},"properties":{"id":554320,"datetime":"2026-09-21T19:55:38.000000Z","filename":"https://olm-s3.s3.eu-west-1.amazonaws.com/2026/09/21/9R3tSAr6acRCu0mIVQQlKqyqiuOMZn8S4RA9Fl6y.jpg","tags":[{"type":"standard","category":"smoking","item":"butts","quantity":2}],"objects":[{"status":"OK","on_map":true,"group":"Smoking","subgroup":"","layer":"Cigarette Butts","full_name":"Smoking \u2013 Cigarette Butts","olm_key":"smoking/butts","quantity":2,"picked_up":true}],"groups":["substances"],"has_litter":false,"has_pet_waste":false,"has_substances":true,"zone":"cottonwood_zone_D","zone_edge_m":34.4,"nbhd_edge_m":null}},{"type":"Feature","geometry":{"type":"Point","coordinates":[-122.55647277832,49.20902633667]},"properties":{"id":554319,"datetime":"2026-09-21T19:55:46.000000Z","filename":"https://olm-s3.s3.eu-west-1.amazonaws.com/2026/09/21/1aPcAstyomDQqk7DsiVnHhLyN6Cno0FtWp0n1bAk.jpg","tags":[{"type":"standard","category":"smoking","item":"butts","quantity":1}],"objects":[{"status":"OK","on_map":true,"group":"Smoking","subgroup":"","layer":"Cigarette Butts","full_name":"Smoking \u2013 Cigarette Butts","olm_key":"smoking/butts","quantity":1,"picked_up":true}],"groups":["substances"],"has_litter":false,"has_pet_waste":false,"has_substances":true,"zone":"cottonwood_zone_D","zone_edge_m":34.4,"nbhd_edge_m":null}},{"type":"Feature","geometry":{"type":"Point","coordinates":[-122.55647277832,49.20902633667]},"properties":{"id":554318,"datetime":"2026-09-21T19:55:55.000000Z","filename":"https://olm-s3.s3.eu-west-1.amazonaws.com/2026/09/21/5PMe8TD4MyhgDewiscmNJnIwFKo5bIXELTAEs2z4.jpg","tags":[{"type":"standard","category":"smoking","item":"butts","quantity":1}],"objects":[{"status":"OK","on_map":true,"group":"Smoking","subgroup":"","layer":"Cigarette Butts","full_name":"Smoking \u2013 Cigarette Butts","olm_key":"smoking/butts","quantity":1,"picked_up":true}],"groups":["substances"],"has_litter":false,"has_pet_waste":false,"has_substances":true,"zone":"cottonwood_zone_D","zone_edge_m":34.4,"nbhd_edge_m":null}},{"type":"Feature","geometry":{"type":"Point","coordinates":[-122.55647277832,49.20902633667]},"properties":{"id":554317,"datetime":"2026-09-21T19:56:03.000000Z","filename":"https://olm-s3.s3.eu-west-1.amazonaws.com/2026/09/21/Q9hllTRT0lYE2gZgPSeWa5TwAwO80OcI3udrXab4.jpg","tags":[{"type":"standard","category":"smoking","item":"butts","quantity":1}],"objects":[{"status":"OK","on_map":true,"group":"Smoking","subgroup":"","layer":"Cigarette Butts","full_name":"Smoking \u2013 Cigarette Butts","olm_key":"smoking/butts","quantity":1,"picked_up":true}],"groups":["substances"],"has_litter":false,"has_pet_waste":false,"has_substances":true,"zone":"cottonwood_zone_D","zone_edge_m":34.4,"nbhd_edge_m":null}},{"type":"Feature","geometry":{"type":"Point","coordinates":[-122.55647277832,49.20902633667]},"properties":{"id":554316,"datetime":"2026-09-21T19:56:16.000000Z","filename":"https://olm-s3.s3.eu-west-1.amazonaws.com/2026/09/21/9hkWvtBgkFYcLymqtcTUEXUjDtgMn6UDSzab5qUQ.jpg","tags":[{"type":"standard","category":"softdrinks","item":"cup","quantity":1,"object_type":"smoothie"},{"type":"material","category":"material","item":"plastic","quantity":1,"parent_category":"softdrinks","parent_item":"cup"},{"type":"brand","category":"brand","item":"mcdonalds","quantity":1,"parent_category":"softdrinks","parent_item":"cup"},{"type":"standard","category":"softdrinks","item":"lid","quantity":1}],"objects":[{"status":"OK","on_map":true,"group":"Convenient Food Drink","subgroup":"Drink","layer":"Cold Beverage Cup","full_name":"Convenient Food Drink \u2013 Drink \u2013 Cold Beverage Cup","olm_key":"softdrinks/cup","quantity":1,"picked_up":true},{"status":"OK","on_map":true,"group":"Convenient Food Drink","subgroup":"Drink","layer":"Cold Beverage Lid","full_name":"Convenient Food Drink \u2013 Drink \u2013 Cold Beverage Lid","olm_key":"softdrinks/lid","quantity":1,"picked_up":true}],"groups":["litter"],"has_litter":true,"has_pet_waste":false,"has_substances":false,"zone":"cottonwood_zone_D","zone_edge_m":34.4,"nbhd_edge_m":null}},{"type":"Feature","geometry":{"type":"Point","coordinates":[-122.55647277832,49.20902633667]},"properties":{"id":554315,"datetime":"2026-09-21T19:56:30.000000Z","filename":"https://olm-s3.s3.eu-west-1.amazonaws.com/2026/09/21/R6RepeakOdxA01nqCvkZZvHwccqVPlcB2mAtWeAw.jpg","tags":[{"type":"standard","category":"smoking","item":"butts","quantity":3}],"objects":[{"status":"OK","on_map":true,"group":"Smoking","subgroup":"","layer":"Cigarette Butts","full_name":"Smoking \u2013 Cigarette Butts","olm_key":"smoking/butts","quantity":3,"picked_up":true}],"groups":["substances"],"has_litter":false,"has_pet_waste":false,"has_substances":true,"zone":"cottonwood_zone_D","zone_edge_m":34.4,"nbhd_edge_m":null}},{"type":"Feature","geometry":{"type":"Point","coordinates":[-122.55647277832,49.20902633667]},"properties":{"id":554314,"datetime":"2026-09-21T19:56:42.000000Z","filename":"https://olm-s3.s3.eu-west-1.amazonaws.com/2026/09/21/DHIh1cwYYywfYiJZlauYfncjyFC9BfGmCW8Ya3jv.jpg","tags":[{"type":"standard","category":"smoking","item":"butts","quantity":2}],"objects":[{"status":"OK","on_map":true,"group":"Smoking","subgroup":"","layer":"Cigarette Butts","full_name":"Smoking \u2013 Cigarette Butts","olm_key":"smoking/butts","quantity":2,"picked_up":true}],"groups":["substances"],"has_litter":false,"has_pet_waste":false,"has_substances":true,"zone":"cottonwood_zone_D","zone_edge_m":34.4,"nbhd_edge_m":null}},{"type":"Feature","geometry":{"type":"Point","coordinates":[-122.55647277832,49.20902633667]},"properties":{"id":554313,"datetime":"2026-09-21T19:56:50.000000Z","filename":"https://olm-s3.s3.eu-west-1.amazonaws.com/2026/09/21/PgrjxQK30f5q9czRVS0CdfJR5eS4KfKqjRQnOHon.jpg","tags":[{"type":"standard","category":"smoking","item":"butts","quantity":1}],"objects":[{"status":"OK","on_map":true,"group":"Smoking","subgroup":"","layer":"Cigarette Butts","full_name":"Smoking \u2013 Cigarette Butts","olm_key":"smoking/butts","quantity":1,"picked_up":true}],"groups":["substances"],"has_litter":false,"has_pet_waste":false,"has_substances":true,"zone":"cottonwood_zone_D","zone_edge_m":34.4,"nbhd_edge_m":null}},{"type":"Feature","geometry":{"type":"Point","coordinates":[-122.55647277832,49.20902633667]},"properties":{"id":554312,"datetime":"2026-09-21T19:56:54.000000Z","filename":"https://olm-s3.s3.eu-west-1.amazonaws.com/2026/09/21/MhJ5MjQ0oro21C3uYlaAn4W2THVii8r5wmF7yPBs.jpg","tags":[{"type":"standard","category":"other","item":"paper","quantity":1},{"type":"material","category":"material","item":"paper","quantity":1,"parent_category":"other","parent_item":"paper"}],"objects":[{"status":"OK","on_map":true,"group":"Piece","subgroup":"","layer":"Paper Piece","full_name":"Piece \u2013 Paper Piece","olm_key":"other/paper","quantity":1,"picked_up":true}],"groups":["litter"],"has_litter":true,"has_pet_waste":false,"has_substances":false,"zone":"cottonwood_zone_D","zone_edge_m":34.4,"nbhd_edge_m":null}},{"type":"Feature","geometry":{"type":"Point","coordinates":[-122.55647277832,49.20902633667]},"properties":{"id":554311,"datetime":"2026-09-21T19:57:03.000000Z","filename":"https://olm-s3.s3.eu-west-1.amazonaws.com/2026/09/21/dt87eqEi0As87iRcq9tg7xeHY27blcLCOGQ4RIGE.jpg","tags":[{"type":"standard","category":"food","item":"wrapper","quantity":1},{"type":"material","category":"material","item":"foil","quantity":1,"parent_category":"food","parent_item":"wrapper"},{"type":"material","category":"material","item":"plastic","quantity":1,"parent_category":"food","parent_item":"wrapper"},{"type":"standard","category":"other","item":"paper","quantity":1},{"type":"material","category":"material","item":"paper","quantity":1,"parent_category":"other","parent_item":"paper"},{"type":"standard","category":"smoking","item":"butts","quantity":4}],"objects":[{"status":"OK","on_map":true,"group":"Convenient Food Drink","subgroup":"Snack","layer":"Foil / Plastic Film Snack Wrapper","full_name":"Convenient Food Drink \u2013 Snack \u2013 Foil / Plastic Film Snack Wrapper","olm_key":"food/wrapper","quantity":1,"picked_up":true},{"status":"OK","on_map":true,"group":"Piece","subgroup":"","layer":"Paper Piece","full_name":"Piece \u2013 Paper Piece","olm_key":"other/paper","quantity":1,"picked_up":true},{"status":"OK","on_map":true,"group":"Smoking","subgroup":"","layer":"Cigarette Butts","full_name":"Smoking \u2013 Cigarette Butts","olm_key":"smoking/butts","quantity":4,"picked_up":true}],"groups":["litter","substances"],"has_litter":true,"has_pet_waste":false,"has_substances":true,"zone":"cottonwood_zone_D","zone_edge_m":34.4,"nbhd_edge_m":null}},{"type":"Feature","geometry":{"type":"Point","coordinates":[-122.55647277832,49.20902633667]},"properties":{"id":554310,"datetime":"2026-09-21T19:57:15.000000Z","filename":"https://olm-s3.s3.eu-west-1.amazonaws.com/2026/09/21/CUPeGxT1iSvwgu6bkPqYt0FaPkQZu70n5tkvKM3T.jpg","tags":[{"type":"standard","category":"food","item":"wrapper","quantity":1},{"type":"material","category":"material","item":"foil","quantity":1,"parent_category":"food","parent_item":"wrapper"},{"type":"material","category":"material","item":"plastic","quantity":1,"parent_category":"food","parent_item":"wrapper"}],"objects":[{"status":"OK","on_map":true,"group":"Convenient Food Drink","subgroup":"Snack","layer":"Foil / Plastic Film Snack Wrapper","full_name":"Convenient Food Drink \u2013 Snack \u2013 Foil / Plastic Film Snack Wrapper","olm_key":"food/wrapper","quantity":1,"picked_up":true}],"groups":["litter"],"has_litter":true,"has_pet_waste":false,"has_substances":false,"zone":"cottonwood_zone_D","zone_edge_m":34.4,"nbhd_edge_m":null}},{"type":"Feature","geometry":{"type":"Point","coordinates":[-122.55647277832,49.20902633667]},"properties":{"id":554309,"datetime":"2026-09-21T19:57:22.000000Z","filename":"https://olm-s3.s3.eu-west-1.amazonaws.com/2026/09/21/KaRvSnCm1DjDyr4kF73voRTBNYZjtMLR0mxHxcJk.jpg","tags":[{"type":"standard","category":"smoking","item":"butts","quantity":1}],"objects":[{"status":"OK","on_map":true,"group":"Smoking","subgroup":"","layer":"Cigarette Butts","full_name":"Smoking \u2013 Cigarette Butts","olm_key":"smoking/butts","quantity":1,"picked_up":true}],"groups":["substances"],"has_litter":false,"has_pet_waste":false,"has_substances":true,"zone":"cottonwood_zone_D","zone_edge_m":34.4,"nbhd_edge_m":null}},{"type":"Feature","geometry":{"type":"Point","coordinates":[-122.55647277832,49.20902633667]},"properties":{"id":554308,"datetime":"2026-09-21T19:57:30.000000Z","filename":"https://olm-s3.s3.eu-west-1.amazonaws.com/2026/09/21/RfkN28swxN7S6jNzc6BIhEgQntsqD0kuYqv58WbI.jpg","tags":[{"type":"standard","category":"smoking","item":"butts","quantity":1}],"objects":[{"status":"OK","on_map":true,"group":"Smoking","subgroup":"","layer":"Cigarette Butts","full_name":"Smoking \u2013 Cigarette Butts","olm_key":"smoking/butts","quantity":1,"picked_up":true}],"groups":["substances"],"has_litter":false,"has_pet_waste":false,"has_substances":true,"zone":"cottonwood_zone_D","zone_edge_m":34.4,"nbhd_edge_m":null}},{"type":"Feature","geometry":{"type":"Point","coordinates":[-122.55647277832,49.20902633667]},"properties":{"id":554307,"datetime":"2026-09-21T19:57:35.000000Z","filename":"https://olm-s3.s3.eu-west-1.amazonaws.com/2026/09/21/mpbfbrPK33oA1ncq7MxGPJucL3pT2a3JT4WRFlZO.jpg","tags":[{"type":"standard","category":"other","item":"paper","quantity":1},{"type":"material","category":"material","item":"paper","quantity":1,"parent_category":"other","parent_item":"paper"}],"objects":[{"status":"OK","on_map":true,"group":"Piece","subgroup":"","layer":"Paper Piece","full_name":"Piece \u2013 Paper Piece","olm_key":"other/paper","quantity":1,"picked_up":true}],"groups":["litter"],"has_litter":true,"has_pet_waste":false,"has_substances":false,"zone":"cottonwood_zone_D","zone_edge_m":34.4,"nbhd_edge_m":null}},{"type":"Feature","geometry":{"type":"Point","coordinates":[-122.55647277832,49.20902633667]},"properties":{"id":554306,"datetime":"2026-09-21T19:57:44.000000Z","filename":"https://olm-s3.s3.eu-west-1.amazonaws.com/2026/09/21/3Wbw8IMeakmncsZtfA8aBystVbBie6YklmRaRrgs.jpg","tags":[{"type":"standard","category":"food","item":"napkins","quantity":3},{"type":"material","category":"material","item":"paper","quantity":1,"parent_category":"food","parent_item":"napkins"}],"objects":[{"status":"OK","on_map":true,"group":"Convenient Food Drink","subgroup":"Take-out","layer":"Napkins","full_name":"Convenient Food Drink \u2013 Take-out \u2013 Napkins","olm_key":"food/napkins","quantity":3,"picked_up":true}],"groups":["litter"],"has_litter":true,"has_pet_waste":false,"has_substances":false,"zone":"cottonwood_zone_D","zone_edge_m":34.4,"nbhd_edge_m":null}},{"type":"Feature","geometry":{"type":"Point","coordinates":[-122.55647277832,49.20902633667]},"properties":{"id":554305,"datetime":"2026-09-21T19:57:56.000000Z","filename":"https://olm-s3.s3.eu-west-1.amazonaws.com/2026/09/21/1dhE4RUYNPoHhoGXwpJPhulI9pZ3teONTH7pV0PW.jpg","tags":[{"type":"standard","category":"smoking","item":"butts","quantity":1}],"objects":[{"status":"OK","on_map":true,"group":"Smoking","subgroup":"","layer":"Cigarette Butts","full_name":"Smoking \u2013 Cigarette Butts","olm_key":"smoking/butts","quantity":1,"picked_up":true}],"groups":["substances"],"has_litter":false,"has_pet_waste":false,"has_substances":true,"zone":"cottonwood_zone_D","zone_edge_m":34.4,"nbhd_edge_m":null}},{"type":"Feature","geometry":{"type":"Point","coordinates":[-122.55647277832,49.20902633667]},"properties":{"id":554304,"datetime":"2026-09-21T19:57:59.000000Z","filename":"https://olm-s3.s3.eu-west-1.amazonaws.com/2026/09/21/04vk2iCCn5sGZNZjUDKPZZPUsVImirEnYR7ha3S9.jpg","tags":[{"type":"standard","category":"other","item":"metal","quantity":1},{"type":"material","category":"material","item":"aluminium","quantity":1,"parent_category":"other","parent_item":"metal"},{"type":"custom_tag","category":"custom_tag","item":"Pulltab","quantity":1,"parent_category":"other","parent_item":"metal"}],"objects":[{"status":"OK","on_map":true,"group":"Piece","subgroup":"","layer":"Household or Unknown Metal Piece","full_name":"Piece \u2013 Household or Unknown Metal Piece","olm_key":"other/metal","quantity":1,"picked_up":true}],"groups":["litter"],"has_litter":true,"has_pet_waste":false,"has_substances":false,"zone":"cottonwood_zone_D","zone_edge_m":34.4,"nbhd_edge_m":null}},{"type":"Feature","geometry":{"type":"Point","coordinates":[-122.55647277832,49.20902633667]},"properties":{"id":554303,"datetime":"2026-09-21T19:58:07.000000Z","filename":"https://olm-s3.s3.eu-west-1.amazonaws.com/2026/09/21/YYpsz6TaBZoY8X2vc1MbK9QQZ3CLkcW7kItJXpZj.jpg","tags":[{"type":"standard","category":"softdrinks","item":"straw","quantity":1},{"type":"material","category":"material","item":"paper","quantity":1,"parent_category":"softdrinks","parent_item":"straw"}],"objects":[{"status":"OK","on_map":true,"group":"Convenient Food Drink","subgroup":"Drink","layer":"Paper Drink Straws","full_name":"Convenient Food Drink \u2013 Drink \u2013 Paper Drink Straws","olm_key":"softdrinks/straw","quantity":1,"picked_up":true}],"groups":["litter"],"has_litter":true,"has_pet_waste":false,"has_substances":false,"zone":"cottonwood_zone_D","zone_edge_m":34.4,"nbhd_edge_m":null}},{"type":"Feature","geometry":{"type":"Point","coordinates":[-122.55647277832,49.20902633667]},"properties":{"id":554302,"datetime":"2026-09-21T19:58:16.000000Z","filename":"https://olm-s3.s3.eu-west-1.amazonaws.com/2026/09/21/yDspJhsunbd8RWuUzmwRa1CWDzdcar8PEOGGp8GH.jpg","tags":[{"type":"standard","category":"other","item":"plastic","quantity":1}],"objects":[{"status":"OK","on_map":true,"group":"Piece","subgroup":"","layer":"Plastic Piece","full_name":"Piece \u2013 Plastic Piece","olm_key":"other/plastic","quantity":1,"picked_up":true}],"groups":["litter"],"has_litter":true,"has_pet_waste":false,"has_substances":false,"zone":"cottonwood_zone_D","zone_edge_m":34.4,"nbhd_edge_m":null}},{"type":"Feature","geometry":{"type":"Point","coordinates":[-122.55647277832,49.20902633667]},"properties":{"id":554301,"datetime":"2026-09-21T19:58:31.000000Z","filename":"https://olm-s3.s3.eu-west-1.amazonaws.com/2026/09/21/aUInsUdg18VkPIllthl84iWWNi6mIsLSaTJdZ19N.jpg","tags":[{"type":"standard","category":"other","item":"paper","quantity":1},{"type":"material","category":"material","item":"paper","quantity":1,"parent_category":"other","parent_item":"paper"}],"objects":[{"status":"OK","on_map":true,"group":"Piece","subgroup":"","layer":"Paper Piece","full_name":"Piece \u2013 Paper Piece","olm_key":"other/paper","quantity":1,"picked_up":true}],"groups":["litter"],"has_litter":true,"has_pet_waste":false,"has_substances":false,"zone":"cottonwood_zone_D","zone_edge_m":34.4,"nbhd_edge_m":null}},{"type":"Feature","geometry":{"type":"Point","coordinates":[-122.55647277832,49.20902633667]},"properties":{"id":554300,"datetime":"2026-09-21T19:58:45.000000Z","filename":"https://olm-s3.s3.eu-west-1.amazonaws.com/2026/09/21/HCg8crKG5zFjrA5hi7w7A0c3eURKyq7hTgknOkzG.jpg","tags":[{"type":"standard","category":"medical","item":"gloves","quantity":1}],"objects":[{"status":"OK","on_map":true,"group":"Household","subgroup":"","layer":"Latex / Nitrile Glove","full_name":"Household \u2013 Latex / Nitrile Glove","olm_key":"medical/gloves","quantity":1,"picked_up":true}],"groups":["litter"],"has_litter":true,"has_pet_waste":false,"has_substances":false,"zone":"cottonwood_zone_D","zone_edge_m":34.4,"nbhd_edge_m":null}},{"type":"Feature","geometry":{"type":"Point","coordinates":[-122.55647277832,49.20902633667]},"properties":{"id":554299,"datetime":"2026-09-21T19:58:51.000000Z","filename":"https://olm-s3.s3.eu-west-1.amazonaws.com/2026/09/21/6y3x36GaYHzDTLYq8cuTXmm9BMVt5gAy6dewrfvE.jpg","tags":[{"type":"standard","category":"smoking","item":"butts","quantity":1},{"type":"standard","category":"softdrinks","item":"lid","quantity":1}],"objects":[{"status":"OK","on_map":true,"group":"Smoking","subgroup":"","layer":"Cigarette Butts","full_name":"Smoking \u2013 Cigarette Butts","olm_key":"smoking/butts","quantity":1,"picked_up":true},{"status":"OK","on_map":true,"group":"Convenient Food Drink","subgroup":"Drink","layer":"Cold Beverage Lid","full_name":"Convenient Food Drink \u2013 Drink \u2013 Cold Beverage Lid","olm_key":"softdrinks/lid","quantity":1,"picked_up":true}],"groups":["litter","substances"],"has_litter":true,"has_pet_waste":false,"has_substances":true,"zone":"cottonwood_zone_D","zone_edge_m":34.4,"nbhd_edge_m":null}},{"type":"Feature","geometry":{"type":"Point","coordinates":[-122.55647277832,49.20902633667]},"properties":{"id":554298,"datetime":"2026-09-21T19:58:58.000000Z","filename":"https://olm-s3.s3.eu-west-1.amazonaws.com/2026/09/21/kXwmwhIA98XWrYhsS6tL7js8VuIFfB2imFI6LBjV.jpg","tags":[{"type":"standard","category":"other","item":"paper","quantity":1},{"type":"material","category":"material","item":"paper","quantity":1,"parent_category":"other","parent_item":"paper"}],"objects":[{"status":"OK","on_map":true,"group":"Piece","subgroup":"","layer":"Paper Piece","full_name":"Piece \u2013 Paper Piece","olm_key":"other/paper","quantity":1,"picked_up":true}],"groups":["litter"],"has_litter":true,"has_pet_waste":false,"has_substances":false,"zone":"cottonwood_zone_D","zone_edge_m":34.4,"nbhd_edge_m":null}},{"type":"Feature","geometry":{"type":"Point","coordinates":[-122.55647277832,49.20902633667]},"properties":{"id":554297,"datetime":"2026-09-21T19:59:06.000000Z","filename":"https://olm-s3.s3.eu-west-1.amazonaws.com/2026/09/21/l1qkanFzOmye7HvJ0sNhD3X2ORXQhwB2yFOUpHaA.jpg","tags":[{"type":"standard","category":"smoking","item":"butts","quantity":1}],"objects":[{"status":"OK","on_map":true,"group":"Smoking","subgroup":"","layer":"Cigarette Butts","full_name":"Smoking \u2013 Cigarette Butts","olm_key":"smoking/butts","quantity":1,"picked_up":true}],"groups":["substances"],"has_litter":false,"has_pet_waste":false,"has_substances":true,"zone":"cottonwood_zone_D","zone_edge_m":34.4,"nbhd_edge_m":null}},{"type":"Feature","geometry":{"type":"Point","coordinates":[-122.55647277832,49.20902633667]},"properties":{"id":554296,"datetime":"2026-09-21T19:59:18.000000Z","filename":"https://olm-s3.s3.eu-west-1.amazonaws.com/2026/09/21/CasqVcCvuIs8vwrQ7lZzNonobicum9wjNir7JF8z.jpg","tags":[{"type":"standard","category":"other","item":"paper","quantity":1},{"type":"material","category":"material","item":"paper","quantity":1,"parent_category":"other","parent_item":"paper"}],"objects":[{"status":"OK","on_map":true,"group":"Piece","subgroup":"","layer":"Paper Piece","full_name":"Piece \u2013 Paper Piece","olm_key":"other/paper","quantity":1,"picked_up":true}],"groups":["litter"],"has_litter":true,"has_pet_waste":false,"has_substances":false,"zone":"cottonwood_zone_D","zone_edge_m":34.4,"nbhd_edge_m":null}},{"type":"Feature","geometry":{"type":"Point","coordinates":[-122.55647277832,49.20902633667]},"properties":{"id":554295,"datetime":"2026-09-21T19:59:26.000000Z","filename":"https://olm-s3.s3.eu-west-1.amazonaws.com/2026/09/21/tPieoyllc4ldl5tvEKyT3HsiP4Nx7GFGPZJNg8Lb.jpg","tags":[{"type":"standard","category":"smoking","item":"butts","quantity":1}],"objects":[{"status":"OK","on_map":true,"group":"Smoking","subgroup":"","layer":"Cigarette Butts","full_name":"Smoking \u2013 Cigarette Butts","olm_key":"smoking/butts","quantity":1,"picked_up":true}],"groups":["substances"],"has_litter":false,"has_pet_waste":false,"has_substances":true,"zone":"cottonwood_zone_D","zone_edge_m":34.4,"nbhd_edge_m":null}},{"type":"Feature","geometry":{"type":"Point","coordinates":[-122.55647277832,49.20902633667]},"properties":{"id":554294,"datetime":"2026-09-21T19:59:31.000000Z","filename":"https://olm-s3.s3.eu-west-1.amazonaws.com/2026/09/21/pxketf0TLQjjCLE7oVKWfLlDC0tJprK6YdLqdujZ.jpg","tags":[{"type":"standard","category":"smoking","item":"butts","quantity":1}],"objects":[{"status":"OK","on_map":true,"group":"Smoking","subgroup":"","layer":"Cigarette Butts","full_name":"Smoking \u2013 Cigarette Butts","olm_key":"smoking/butts","quantity":1,"picked_up":true}],"groups":["substances"],"has_litter":false,"has_pet_waste":false,"has_substances":true,"zone":"cottonwood_zone_D","zone_edge_m":34.4,"nbhd_edge_m":null}},{"type":"Feature","geometry":{"type":"Point","coordinates":[-122.55647277832,49.20902633667]},"properties":{"id":554293,"datetime":"2026-09-21T19:59:43.000000Z","filename":"https://olm-s3.s3.eu-west-1.amazonaws.com/2026/09/21/ces5zs5hvp83DKM1CZOhOc7hzPkC4ZxNP0wnrB4g.jpg","tags":[{"type":"standard","category":"other","item":"paper","quantity":1},{"type":"material","category":"material","item":"paper","quantity":1,"parent_category":"other","parent_item":"paper"}],"objects":[{"status":"OK","on_map":true,"group":"Piece","subgroup":"","layer":"Paper Piece","full_name":"Piece \u2013 Paper Piece","olm_key":"other/paper","quantity":1,"picked_up":true}],"groups":["litter"],"has_litter":true,"has_pet_waste":false,"has_substances":false,"zone":"cottonwood_zone_D","zone_edge_m":34.4,"nbhd_edge_m":null}},{"type":"Feature","geometry":{"type":"Point","coordinates":[-122.55703735352,49.208534240723]},"properties":{"id":554292,"datetime":"2026-09-21T19:59:50.000000Z","filename":"https://olm-s3.s3.eu-west-1.amazonaws.com/2026/09/21/91Xm3aXG3e0g4d1qMmkrbSIV17tdurzaAZtYccO5.jpg","tags":[{"type":"standard","category":"pets","item":"dogshit_in_bag","quantity":1}],"objects":[{"status":"OK","on_map":true,"group":"Fecal","subgroup":"","layer":"Pet Waste Bagged","full_name":"Fecal \u2013 Pet Waste Bagged","olm_key":"pets/dogshit_in_bag","quantity":1,"picked_up":false}],"groups":["pet_waste"],"has_litter":false,"has_pet_waste":true,"has_substances":false,"zone":"cottonwood_zone_D","zone_edge_m":29.4,"nbhd_edge_m":null}},{"type":"Feature","geometry":{"type":"Point","coordinates":[-122.55703735352,49.208534240723]},"properties":{"id":554291,"datetime":"2026-09-21T19:59:55.000000Z","filename":"https://olm-s3.s3.eu-west-1.amazonaws.com/2026/09/21/5CWJ8IJkhQimpjyvO7xs4UR8Uki5JfrfrSxnUyoB.jpg","tags":[{"type":"standard","category":"food","item":"packaging","quantity":1},{"type":"material","category":"material","item":"paper","quantity":1,"parent_category":"food","parent_item":"packaging"},{"type":"standard","category":"other","item":"paper","quantity":1},{"type":"material","category":"material","item":"paper","quantity":1,"parent_category":"other","parent_item":"paper"},{"type":"standard","category":"smoking","item":"packaging","quantity":1},{"type":"material","category":"material","item":"paper","quantity":1,"parent_category":"smoking","parent_item":"packaging"},{"type":"material","category":"material","item":"plastic","quantity":1,"parent_category":"smoking","parent_item":"packaging"},{"type":"custom_tag","category":"custom_tag","item":"THC","quantity":1,"parent_category":"smoking","parent_item":"packaging"}],"objects":[{"status":"OK","on_map":true,"group":"Convenient Food Drink","subgroup":"Take-out","layer":"Food Packaging","full_name":"Convenient Food Drink \u2013 Take-out \u2013 Food Packaging","olm_key":"food/packaging","quantity":1,"picked_up":true},{"status":"OK","on_map":true,"group":"Piece","subgroup":"","layer":"Paper Piece","full_name":"Piece \u2013 Paper Piece","olm_key":"other/paper","quantity":1,"picked_up":true},{"status":"OK","on_map":true,"group":"Smoking","subgroup":"","layer":"Cannabis Packaging","full_name":"Smoking \u2013 Cannabis Packaging","olm_key":"smoking/packaging","quantity":1,"picked_up":true}],"groups":["litter","substances"],"has_litter":true,"has_pet_waste":false,"has_substances":true,"zone":"cottonwood_zone_D","zone_edge_m":29.4,"nbhd_edge_m":null}},{"type":"Feature","geometry":{"type":"Point","coordinates":[-122.55703735352,49.208534240723]},"properties":{"id":554290,"datetime":"2026-09-21T20:00:12.000000Z","filename":"https://olm-s3.s3.eu-west-1.amazonaws.com/2026/09/21/uaJRYXkdZ12Cr4ScJn6e7VqjqD0fR8unr3XgQAAN.jpg","tags":[{"type":"standard","category":"smoking","item":"packaging","quantity":1},{"type":"material","category":"material","item":"plastic","quantity":1,"parent_category":"smoking","parent_item":"packaging"},{"type":"custom_tag","category":"custom_tag","item":"THC","quantity":1,"parent_category":"smoking","parent_item":"packaging"}],"objects":[{"status":"OK","on_map":true,"group":"Smoking","subgroup":"","layer":"Cannabis Packaging","full_name":"Smoking \u2013 Cannabis Packaging","olm_key":"smoking/packaging","quantity":1,"picked_up":true}],"groups":["substances"],"has_litter":false,"has_pet_waste":false,"has_substances":true,"zone":"cottonwood_zone_D","zone_edge_m":29.4,"nbhd_edge_m":null}},{"type":"Feature","geometry":{"type":"Point","coordinates":[-122.55703735352,49.208534240723]},"properties":{"id":554289,"datetime":"2026-09-21T20:00:16.000000Z","filename":"https://olm-s3.s3.eu-west-1.amazonaws.com/2026/09/21/JcYcOHK427RDGduTPAYDhnk5qct9n02jREwdhCQg.jpg","tags":[{"type":"standard","category":"pets","item":"dogshit_in_bag","quantity":1}],"objects":[{"status":"OK","on_map":true,"group":"Fecal","subgroup":"","layer":"Pet Waste Bagged","full_name":"Fecal \u2013 Pet Waste Bagged","olm_key":"pets/dogshit_in_bag","quantity":1,"picked_up":false}],"groups":["pet_waste"],"has_litter":false,"has_pet_waste":true,"has_substances":false,"zone":"cottonwood_zone_D","zone_edge_m":29.4,"nbhd_edge_m":null}},{"type":"Feature","geometry":{"type":"Point","coordinates":[-122.55703735352,49.208534240723]},"properties":{"id":554288,"datetime":"2026-09-21T20:00:21.000000Z","filename":"https://olm-s3.s3.eu-west-1.amazonaws.com/2026/09/21/C3K2THeggIPF1izrh3RQIV7xZBzKUQr4GAYUasFd.jpg","tags":[{"type":"standard","category":"other","item":"paper","quantity":1},{"type":"material","category":"material","item":"paper","quantity":1,"parent_category":"other","parent_item":"paper"},{"type":"custom_tag","category":"custom_tag","item":"receipt","quantity":1,"parent_category":"other","parent_item":"paper"}],"objects":[{"status":"OK","on_map":true,"group":"Piece","subgroup":"","layer":"Paper Piece","full_name":"Piece \u2013 Paper Piece","olm_key":"other/paper","quantity":1,"picked_up":true}],"groups":["litter"],"has_litter":true,"has_pet_waste":false,"has_substances":false,"zone":"cottonwood_zone_D","zone_edge_m":29.4,"nbhd_edge_m":null}},{"type":"Feature","geometry":{"type":"Point","coordinates":[-122.55683898926,49.208480834961]},"properties":{"id":554287,"datetime":"2026-09-21T20:01:23.000000Z","filename":"https://olm-s3.s3.eu-west-1.amazonaws.com/2026/09/21/8H2CKrmARSGHMZx3cp8VGf6w58dfa3ZqPeQArfa1.jpg","tags":[{"type":"standard","category":"smoking","item":"butts","quantity":1}],"objects":[{"status":"OK","on_map":true,"group":"Smoking","subgroup":"","layer":"Cigarette Butts","full_name":"Smoking \u2013 Cigarette Butts","olm_key":"smoking/butts","quantity":1,"picked_up":true}],"groups":["substances"],"has_litter":false,"has_pet_waste":false,"has_substances":true,"zone":"cottonwood_zone_D","zone_edge_m":23.5,"nbhd_edge_m":null}},{"type":"Feature","geometry":{"type":"Point","coordinates":[-122.55683898926,49.208480834961]},"properties":{"id":554286,"datetime":"2026-09-21T20:01:40.000000Z","filename":"https://olm-s3.s3.eu-west-1.amazonaws.com/2026/09/21/pQAJFwlQujZnchzzsV0JtKgzUQly5nIbi1dG1F0P.jpg","tags":[{"type":"standard","category":"smoking","item":"butts","quantity":8}],"objects":[{"status":"OK","on_map":true,"group":"Smoking","subgroup":"","layer":"Cigarette Butts","full_name":"Smoking \u2013 Cigarette Butts","olm_key":"smoking/butts","quantity":8,"picked_up":true}],"groups":["substances"],"has_litter":false,"has_pet_waste":false,"has_substances":true,"zone":"cottonwood_zone_D","zone_edge_m":23.5,"nbhd_edge_m":null}},{"type":"Feature","geometry":{"type":"Point","coordinates":[-122.55683898926,49.208480834961]},"properties":{"id":554285,"datetime":"2026-09-21T20:01:54.000000Z","filename":"https://olm-s3.s3.eu-west-1.amazonaws.com/2026/09/21/n1nKtdzm3P1UQKAIBwB5AUQG2rnTHV3abxxmb3a8.jpg","tags":[{"type":"standard","category":"food","item":"wrapper","quantity":1},{"type":"material","category":"material","item":"foil","quantity":1,"parent_category":"food","parent_item":"wrapper"},{"type":"material","category":"material","item":"plastic","quantity":1,"parent_category":"food","parent_item":"wrapper"},{"type":"standard","category":"smoking","item":"butts","quantity":2}],"objects":[{"status":"OK","on_map":true,"group":"Convenient Food Drink","subgroup":"Snack","layer":"Foil / Plastic Film Snack Wrapper","full_name":"Convenient Food Drink \u2013 Snack \u2013 Foil / Plastic Film Snack Wrapper","olm_key":"food/wrapper","quantity":1,"picked_up":true},{"status":"OK","on_map":true,"group":"Smoking","subgroup":"","layer":"Cigarette Butts","full_name":"Smoking \u2013 Cigarette Butts","olm_key":"smoking/butts","quantity":2,"picked_up":true}],"groups":["litter","substances"],"has_litter":true,"has_pet_waste":false,"has_substances":true,"zone":"cottonwood_zone_D","zone_edge_m":23.5,"nbhd_edge_m":null}},{"type":"Feature","geometry":{"type":"Point","coordinates":[-122.55661773682,49.208423614502]},"properties":{"id":554284,"datetime":"2026-09-21T20:02:39.000000Z","filename":"https://olm-s3.s3.eu-west-1.amazonaws.com/2026/09/21/U968vtqwZL47sNQxAsvRwav7Nz157LeCMeoo8G5i.jpg","tags":[{"type":"standard","category":"medical","item":"bandage","quantity":1},{"type":"standard","category":"other","item":"paper","quantity":1},{"type":"material","category":"material","item":"paper","quantity":1,"parent_category":"other","parent_item":"paper"},{"type":"standard","category":"smoking","item":"butts","quantity":2}],"objects":[{"status":"OK","on_map":true,"group":"Household","subgroup":"","layer":"Medical Bandages","full_name":"Household \u2013 Medical Bandages","olm_key":"medical/bandage","quantity":1,"picked_up":true},{"status":"OK","on_map":true,"group":"Piece","subgroup":"","layer":"Paper Piece","full_name":"Piece \u2013 Paper Piece","olm_key":"other/paper","quantity":1,"picked_up":true},{"status":"OK","on_map":true,"group":"Smoking","subgroup":"","layer":"Cigarette Butts","full_name":"Smoking \u2013 Cigarette Butts","olm_key":"smoking/butts","quantity":2,"picked_up":true}],"groups":["litter","substances"],"has_litter":true,"has_pet_waste":false,"has_substances":true,"zone":"cottonwood_zone_D","zone_edge_m":17.1,"nbhd_edge_m":null}},{"type":"Feature","geometry":{"type":"Point","coordinates":[-122.55655670166,49.208423614502]},"properties":{"id":554283,"datetime":"2026-09-21T20:02:51.000000Z","filename":"https://olm-s3.s3.eu-west-1.amazonaws.com/2026/09/21/YMrblMVYdNA6lhxTrZ1o3OhaV26bQFn4sNvEKxP6.jpg","tags":[{"type":"standard","category":"smoking","item":"butts","quantity":1},{"type":"custom_tag","category":"custom_tag","item":"storm drain","quantity":1,"parent_category":"smoking","parent_item":"butts"}],"objects":[{"status":"OK","on_map":true,"group":"Smoking","subgroup":"","layer":"Cigarette Butts","full_name":"Smoking \u2013 Cigarette Butts","olm_key":"smoking/butts","quantity":1,"picked_up":false}],"groups":["substances"],"has_litter":false,"has_pet_waste":false,"has_substances":true,"zone":"cottonwood_zone_D","zone_edge_m":17.1,"nbhd_edge_m":null}},{"type":"Feature","geometry":{"type":"Point","coordinates":[-122.55655670166,49.208423614502]},"properties":{"id":554282,"datetime":"2026-09-21T20:02:57.000000Z","filename":"https://olm-s3.s3.eu-west-1.amazonaws.com/2026/09/21/IUqIQF1TjKkY9nRVsKOmXkl4usaupYVfFrSIR2tV.jpg","tags":[{"type":"standard","category":"smoking","item":"butts","quantity":3}],"objects":[{"status":"OK","on_map":true,"group":"Smoking","subgroup":"","layer":"Cigarette Butts","full_name":"Smoking \u2013 Cigarette Butts","olm_key":"smoking/butts","quantity":3,"picked_up":true}],"groups":["substances"],"has_litter":false,"has_pet_waste":false,"has_substances":true,"zone":"cottonwood_zone_D","zone_edge_m":17.1,"nbhd_edge_m":null}},{"type":"Feature","geometry":{"type":"Point","coordinates":[-122.55655670166,49.208423614502]},"properties":{"id":554281,"datetime":"2026-09-21T20:03:10.000000Z","filename":"https://olm-s3.s3.eu-west-1.amazonaws.com/2026/09/21/LOwDRCfFlH5QG54fdCP7Lv6KDTR8a9ITO0k2wYW7.jpg","tags":[{"type":"standard","category":"softdrinks","item":"juice_pouch","quantity":1},{"type":"custom_tag","category":"custom_tag","item":"material:Tetra","quantity":1,"parent_category":"softdrinks","parent_item":"juice_pouch"}],"objects":[{"status":"OK","on_map":true,"group":"Convenient Food Drink","subgroup":"Drink","layer":"Drink Box Pouch","full_name":"Convenient Food Drink \u2013 Drink \u2013 Drink Box Pouch","olm_key":"softdrinks/juice_pouch","quantity":1,"picked_up":true}],"groups":["litter"],"has_litter":true,"has_pet_waste":false,"has_substances":false,"zone":"cottonwood_zone_D","zone_edge_m":17.1,"nbhd_edge_m":null}},{"type":"Feature","geometry":{"type":"Point","coordinates":[-122.55655670166,49.208423614502]},"properties":{"id":554280,"datetime":"2026-09-21T20:03:26.000000Z","filename":"https://olm-s3.s3.eu-west-1.amazonaws.com/2026/09/21/RiZSsBRycl8KF9stdNnCCgjedQ9iC7VxVoG9JqcR.jpg","tags":[{"type":"standard","category":"other","item":"paper","quantity":1},{"type":"material","category":"material","item":"paper","quantity":1,"parent_category":"other","parent_item":"paper"}],"objects":[{"status":"OK","on_map":true,"group":"Piece","subgroup":"","layer":"Paper Piece","full_name":"Piece \u2013 Paper Piece","olm_key":"other/paper","quantity":1,"picked_up":true}],"groups":["litter"],"has_litter":true,"has_pet_waste":false,"has_substances":false,"zone":"cottonwood_zone_D","zone_edge_m":17.1,"nbhd_edge_m":null}},{"type":"Feature","geometry":{"type":"Point","coordinates":[-122.55655670166,49.208423614502]},"properties":{"id":554279,"datetime":"2026-09-21T20:03:30.000000Z","filename":"https://olm-s3.s3.eu-west-1.amazonaws.com/2026/09/21/zXUIR7lzyQuAq3pr0WTQFSb4ev2wlSqZSDmRFPbW.jpg","tags":[{"type":"standard","category":"smoking","item":"butts","quantity":1}],"objects":[{"status":"OK","on_map":true,"group":"Smoking","subgroup":"","layer":"Cigarette Butts","full_name":"Smoking \u2013 Cigarette Butts","olm_key":"smoking/butts","quantity":1,"picked_up":true}],"groups":["substances"],"has_litter":false,"has_pet_waste":false,"has_substances":true,"zone":"cottonwood_zone_D","zone_edge_m":17.1,"nbhd_edge_m":null}},{"type":"Feature","geometry":{"type":"Point","coordinates":[-122.55655670166,49.208423614502]},"properties":{"id":554278,"datetime":"2026-09-21T20:03:57.000000Z","filename":"https://olm-s3.s3.eu-west-1.amazonaws.com/2026/09/21/v472VKsT51vvgTkUTabZckvU218beYvMFVCjUSME.jpg","tags":[{"type":"standard","category":"softdrinks","item":"lid","quantity":1}],"objects":[{"status":"OK","on_map":true,"group":"Convenient Food Drink","subgroup":"Drink","layer":"Cold Beverage Lid","full_name":"Convenient Food Drink \u2013 Drink \u2013 Cold Beverage Lid","olm_key":"softdrinks/lid","quantity":1,"picked_up":true}],"groups":["litter"],"has_litter":true,"has_pet_waste":false,"has_substances":false,"zone":"cottonwood_zone_D","zone_edge_m":17.1,"nbhd_edge_m":null}},{"type":"Feature","geometry":{"type":"Point","coordinates":[-122.55655670166,49.208423614502]},"properties":{"id":554277,"datetime":"2026-09-21T20:04:00.000000Z","filename":"https://olm-s3.s3.eu-west-1.amazonaws.com/2026/09/21/orEFKtoWDqeVzIic0juMALAjJiuglwbdFadf1roP.jpg","tags":[{"type":"standard","category":"smoking","item":"butts","quantity":1}],"objects":[{"status":"OK","on_map":true,"group":"Smoking","subgroup":"","layer":"Cigarette Butts","full_name":"Smoking \u2013 Cigarette Butts","olm_key":"smoking/butts","quantity":1,"picked_up":true}],"groups":["substances"],"has_litter":false,"has_pet_waste":false,"has_substances":true,"zone":"cottonwood_zone_D","zone_edge_m":17.1,"nbhd_edge_m":null}},{"type":"Feature","geometry":{"type":"Point","coordinates":[-122.55655670166,49.208423614502]},"properties":{"id":554276,"datetime":"2026-09-21T20:04:19.000000Z","filename":"https://olm-s3.s3.eu-west-1.amazonaws.com/2026/09/21/w5hghTG7dLKCCR2xOUbCtu6XwpZEoksRboJ91e3u.jpg","tags":[{"type":"standard","category":"other","item":"plastic","quantity":1}],"objects":[{"status":"OK","on_map":true,"group":"Piece","subgroup":"","layer":"Plastic Piece","full_name":"Piece \u2013 Plastic Piece","olm_key":"other/plastic","quantity":1,"picked_up":true}],"groups":["litter"],"has_litter":true,"has_pet_waste":false,"has_substances":false,"zone":"cottonwood_zone_D","zone_edge_m":17.1,"nbhd_edge_m":null}},{"type":"Feature","geometry":{"type":"Point","coordinates":[-122.55655670166,49.208423614502]},"properties":{"id":554275,"datetime":"2026-09-21T20:04:33.000000Z","filename":"https://olm-s3.s3.eu-west-1.amazonaws.com/2026/09/21/WKrjP9lIDcg2X5RbX8z0NYmFk4iQIGlpdwJIe0Ep.jpg","tags":[{"type":"standard","category":"smoking","item":"butts","quantity":1}],"objects":[{"status":"OK","on_map":true,"group":"Smoking","subgroup":"","layer":"Cigarette Butts","full_name":"Smoking \u2013 Cigarette Butts","olm_key":"smoking/butts","quantity":1,"picked_up":true}],"groups":["substances"],"has_litter":false,"has_pet_waste":false,"has_substances":true,"zone":"cottonwood_zone_D","zone_edge_m":17.1,"nbhd_edge_m":null}},{"type":"Feature","geometry":{"type":"Point","coordinates":[-122.55655670166,49.208423614502]},"properties":{"id":554274,"datetime":"2026-09-21T20:04:40.000000Z","filename":"https://olm-s3.s3.eu-west-1.amazonaws.com/2026/09/21/IMM0oLrBHEqUH8jl0h14ZWuOJvK05dvq1UNsyiJL.jpg","tags":[{"type":"standard","category":"food","item":"packaging","quantity":1},{"type":"material","category":"material","item":"plastic","quantity":1,"parent_category":"food","parent_item":"packaging"}],"objects":[{"status":"OK","on_map":true,"group":"Convenient Food Drink","subgroup":"Take-out","layer":"Food Packaging","full_name":"Convenient Food Drink \u2013 Take-out \u2013 Food Packaging","olm_key":"food/packaging","quantity":1,"picked_up":true}],"groups":["litter"],"has_litter":true,"has_pet_waste":false,"has_substances":false,"zone":"cottonwood_zone_D","zone_edge_m":17.1,"nbhd_edge_m":null}},{"type":"Feature","geometry":{"type":"Point","coordinates":[-122.55655670166,49.208423614502]},"properties":{"id":554273,"datetime":"2026-09-21T20:04:44.000000Z","filename":"https://olm-s3.s3.eu-west-1.amazonaws.com/2026/09/21/1VVgb38geuan106VTAugEphfuwDYyxc49qhdTEMA.jpg","tags":[{"type":"standard","category":"smoking","item":"butts","quantity":1}],"objects":[{"status":"OK","on_map":true,"group":"Smoking","subgroup":"","layer":"Cigarette Butts","full_name":"Smoking \u2013 Cigarette Butts","olm_key":"smoking/butts","quantity":1,"picked_up":true}],"groups":["substances"],"has_litter":false,"has_pet_waste":false,"has_substances":true,"zone":"cottonwood_zone_D","zone_edge_m":17.1,"nbhd_edge_m":null}},{"type":"Feature","geometry":{"type":"Point","coordinates":[-122.55655670166,49.208423614502]},"properties":{"id":554272,"datetime":"2026-09-21T20:05:03.000000Z","filename":"https://olm-s3.s3.eu-west-1.amazonaws.com/2026/09/21/cO9Lb5FJYA8RbPLN6JnjgopHNsvw5d9lUdsLxRUc.jpg","tags":[{"type":"standard","category":"other","item":"clothing","quantity":1}],"objects":[{"status":"OK","on_map":true,"group":"Household","subgroup":"","layer":"Abandoned Textile Apparel","full_name":"Household \u2013 Abandoned Textile Apparel","olm_key":"other/clothing","quantity":1,"picked_up":true}],"groups":["litter"],"has_litter":true,"has_pet_waste":false,"has_substances":false,"zone":"cottonwood_zone_D","zone_edge_m":17.1,"nbhd_edge_m":null}},{"type":"Feature","geometry":{"type":"Point","coordinates":[-122.55655670166,49.208423614502]},"properties":{"id":554271,"datetime":"2026-09-21T20:05:11.000000Z","filename":"https://olm-s3.s3.eu-west-1.amazonaws.com/2026/09/21/kVYBOOzVmgJVMZSGA850CMhFDS2IYwutZqlNSuNd.jpg","tags":[{"type":"standard","category":"smoking","item":"butts","quantity":2}],"objects":[{"status":"OK","on_map":true,"group":"Smoking","subgroup":"","layer":"Cigarette Butts","full_name":"Smoking \u2013 Cigarette Butts","olm_key":"smoking/butts","quantity":2,"picked_up":true}],"groups":["substances"],"has_litter":false,"has_pet_waste":false,"has_substances":true,"zone":"cottonwood_zone_D","zone_edge_m":17.1,"nbhd_edge_m":null}},{"type":"Feature","geometry":{"type":"Point","coordinates":[-122.55655670166,49.208423614502]},"properties":{"id":554270,"datetime":"2026-09-21T20:05:23.000000Z","filename":"https://olm-s3.s3.eu-west-1.amazonaws.com/2026/09/21/w09Rf7ahka99GzEdUHBb3Iw3Du0MHoCUvrRU6KFJ.jpg","tags":[{"type":"standard","category":"other","item":"plastic","quantity":1}],"objects":[{"status":"OK","on_map":true,"group":"Piece","subgroup":"","layer":"Plastic Piece","full_name":"Piece \u2013 Plastic Piece","olm_key":"other/plastic","quantity":1,"picked_up":true}],"groups":["litter"],"has_litter":true,"has_pet_waste":false,"has_substances":false,"zone":"cottonwood_zone_D","zone_edge_m":17.1,"nbhd_edge_m":null}},{"type":"Feature","geometry":{"type":"Point","coordinates":[-122.55655670166,49.208423614502]},"properties":{"id":554269,"datetime":"2026-09-21T20:05:30.000000Z","filename":"https://olm-s3.s3.eu-west-1.amazonaws.com/2026/09/21/ZNWdbQevZ3Yhc4zWqrruyQqit0yWh6QONWL5aEyk.jpg","tags":[{"type":"standard","category":"food","item":"wrapper","quantity":1},{"type":"material","category":"material","item":"foil","quantity":1,"parent_category":"food","parent_item":"wrapper"},{"type":"material","category":"material","item":"plastic","quantity":1,"parent_category":"food","parent_item":"wrapper"},{"type":"standard","category":"smoking","item":"butts","quantity":1}],"objects":[{"status":"OK","on_map":true,"group":"Convenient Food Drink","subgroup":"Snack","layer":"Foil / Plastic Film Snack Wrapper","full_name":"Convenient Food Drink \u2013 Snack \u2013 Foil / Plastic Film Snack Wrapper","olm_key":"food/wrapper","quantity":1,"picked_up":true},{"status":"OK","on_map":true,"group":"Smoking","subgroup":"","layer":"Cigarette Butts","full_name":"Smoking \u2013 Cigarette Butts","olm_key":"smoking/butts","quantity":1,"picked_up":true}],"groups":["litter","substances"],"has_litter":true,"has_pet_waste":false,"has_substances":true,"zone":"cottonwood_zone_D","zone_edge_m":17.1,"nbhd_edge_m":null}},{"type":"Feature","geometry":{"type":"Point","coordinates":[-122.55642700195,49.208671569824]},"properties":{"id":554268,"datetime":"2026-09-21T20:05:36.000000Z","filename":"https://olm-s3.s3.eu-west-1.amazonaws.com/2026/09/21/Wc50vRrk24h9WyJvodhyiFgZjWK5zRr5GhXkLhzY.jpg","tags":[{"type":"standard","category":"smoking","item":"butts","quantity":1}],"objects":[{"status":"OK","on_map":true,"group":"Smoking","subgroup":"","layer":"Cigarette Butts","full_name":"Smoking \u2013 Cigarette Butts","olm_key":"smoking/butts","quantity":1,"picked_up":true}],"groups":["substances"],"has_litter":false,"has_pet_waste":false,"has_substances":true,"zone":"cottonwood_zone_D","zone_edge_m":31.1,"nbhd_edge_m":null}},{"type":"Feature","geometry":{"type":"Point","coordinates":[-122.55642700195,49.208671569824]},"properties":{"id":554267,"datetime":"2026-09-21T20:05:43.000000Z","filename":"https://olm-s3.s3.eu-west-1.amazonaws.com/2026/09/21/UCD5LtFp267bVark61UhFbSbb3zPspIZvDk8ztzK.jpg","tags":[{"type":"standard","category":"other","item":"other","quantity":1},{"type":"material","category":"material","item":"polyester","quantity":1,"parent_category":"other","parent_item":"other"},{"type":"custom_tag","category":"custom_tag","item":"Fiberfill","quantity":1,"parent_category":"other","parent_item":"other"}],"objects":[{"status":"OK","on_map":true,"group":"Household","subgroup":"","layer":"Household misc","full_name":"Household \u2013 Household misc","olm_key":"other/other","quantity":1,"picked_up":true}],"groups":["litter"],"has_litter":true,"has_pet_waste":false,"has_substances":false,"zone":"cottonwood_zone_D","zone_edge_m":31.1,"nbhd_edge_m":null}},{"type":"Feature","geometry":{"type":"Point","coordinates":[-122.55642700195,49.208671569824]},"properties":{"id":554266,"datetime":"2026-09-21T20:05:52.000000Z","filename":"https://olm-s3.s3.eu-west-1.amazonaws.com/2026/09/21/tO7EfO8PVMqWw4BfYG6MNX7GQ0HU7gOsYOcpVBPQ.jpg","tags":[{"type":"standard","category":"smoking","item":"butts","quantity":1}],"objects":[{"status":"OK","on_map":true,"group":"Smoking","subgroup":"","layer":"Cigarette Butts","full_name":"Smoking \u2013 Cigarette Butts","olm_key":"smoking/butts","quantity":1,"picked_up":true}],"groups":["substances"],"has_litter":false,"has_pet_waste":false,"has_substances":true,"zone":"cottonwood_zone_D","zone_edge_m":31.1,"nbhd_edge_m":null}},{"type":"Feature","geometry":{"type":"Point","coordinates":[-122.55642700195,49.208671569824]},"properties":{"id":554265,"datetime":"2026-09-21T20:05:57.000000Z","filename":"https://olm-s3.s3.eu-west-1.amazonaws.com/2026/09/21/o5mdzHHJPwtRjwpg3ar6DXZzprpupYuiAD1h3WrU.jpg","tags":[{"type":"standard","category":"other","item":"paper","quantity":1},{"type":"material","category":"material","item":"paper","quantity":1,"parent_category":"other","parent_item":"paper"}],"objects":[{"status":"OK","on_map":true,"group":"Piece","subgroup":"","layer":"Paper Piece","full_name":"Piece \u2013 Paper Piece","olm_key":"other/paper","quantity":1,"picked_up":true}],"groups":["litter"],"has_litter":true,"has_pet_waste":false,"has_substances":false,"zone":"cottonwood_zone_D","zone_edge_m":31.1,"nbhd_edge_m":null}},{"type":"Feature","geometry":{"type":"Point","coordinates":[-122.55642700195,49.208671569824]},"properties":{"id":554264,"datetime":"2026-09-21T20:06:47.000000Z","filename":"https://olm-s3.s3.eu-west-1.amazonaws.com/2026/09/21/kclthWcUzVaLhUSa3uSo9C1BvQzt0eFrhP6ml2wz.jpg","tags":[{"type":"standard","category":"other","item":"paper","quantity":10},{"type":"material","category":"material","item":"paper","quantity":1,"parent_category":"other","parent_item":"paper"}],"objects":[{"status":"OK","on_map":true,"group":"Piece","subgroup":"","layer":"Paper Piece","full_name":"Piece \u2013 Paper Piece","olm_key":"other/paper","quantity":10,"picked_up":true}],"groups":["litter"],"has_litter":true,"has_pet_waste":false,"has_substances":false,"zone":"cottonwood_zone_D","zone_edge_m":31.1,"nbhd_edge_m":null}},{"type":"Feature","geometry":{"type":"Point","coordinates":[-122.55642700195,49.208671569824]},"properties":{"id":554263,"datetime":"2026-09-21T20:06:52.000000Z","filename":"https://olm-s3.s3.eu-west-1.amazonaws.com/2026/09/21/ek0m8IdlnqWHtVnhLjYLtyKUnevbEBetQqAAqrIT.jpg","tags":[{"type":"standard","category":"other","item":"paper","quantity":10},{"type":"material","category":"material","item":"paper","quantity":1,"parent_category":"other","parent_item":"paper"}],"objects":[{"status":"OK","on_map":true,"group":"Piece","subgroup":"","layer":"Paper Piece","full_name":"Piece \u2013 Paper Piece","olm_key":"other/paper","quantity":10,"picked_up":true}],"groups":["litter"],"has_litter":true,"has_pet_waste":false,"has_substances":false,"zone":"cottonwood_zone_D","zone_edge_m":31.1,"nbhd_edge_m":null}},{"type":"Feature","geometry":{"type":"Point","coordinates":[-122.55642700195,49.208671569824]},"properties":{"id":554262,"datetime":"2026-09-21T20:06:56.000000Z","filename":"https://olm-s3.s3.eu-west-1.amazonaws.com/2026/09/21/h4oAphMOvRhD1be6VYcnGyojH04aKpolqwvtWXJ8.jpg","tags":[{"type":"standard","category":"other","item":"paper","quantity":10},{"type":"material","category":"material","item":"paper","quantity":1,"parent_category":"other","parent_item":"paper"}],"objects":[{"status":"OK","on_map":true,"group":"Piece","subgroup":"","layer":"Paper Piece","full_name":"Piece \u2013 Paper Piece","olm_key":"other/paper","quantity":10,"picked_up":true}],"groups":["litter"],"has_litter":true,"has_pet_waste":false,"has_substances":false,"zone":"cottonwood_zone_D","zone_edge_m":31.1,"nbhd_edge_m":null}},{"type":"Feature","geometry":{"type":"Point","coordinates":[-122.55642700195,49.208671569824]},"properties":{"id":554261,"datetime":"2026-09-21T20:07:03.000000Z","filename":"https://olm-s3.s3.eu-west-1.amazonaws.com/2026/09/21/rr5hbuYvNeOSt9iF6c22IXoq0Hafk3NrfleUkPEo.jpg","tags":[{"type":"standard","category":"other","item":"paper","quantity":1},{"type":"material","category":"material","item":"paper","quantity":1,"parent_category":"other","parent_item":"paper"},{"type":"standard","category":"smoking","item":"butts","quantity":1}],"objects":[{"status":"OK","on_map":true,"group":"Piece","subgroup":"","layer":"Paper Piece","full_name":"Piece \u2013 Paper Piece","olm_key":"other/paper","quantity":1,"picked_up":true},{"status":"OK","on_map":true,"group":"Smoking","subgroup":"","layer":"Cigarette Butts","full_name":"Smoking \u2013 Cigarette Butts","olm_key":"smoking/butts","quantity":1,"picked_up":true}],"groups":["litter","substances"],"has_litter":true,"has_pet_waste":false,"has_substances":true,"zone":"cottonwood_zone_D","zone_edge_m":31.1,"nbhd_edge_m":null}},{"type":"Feature","geometry":{"type":"Point","coordinates":[-122.55642700195,49.208671569824]},"properties":{"id":554260,"datetime":"2026-09-21T20:08:30.000000Z","filename":"https://olm-s3.s3.eu-west-1.amazonaws.com/2026/09/21/yMJm0g2aq9iYXKm3qQVipaPVJboL2DVBFvR78uLX.jpg","tags":[{"type":"standard","category":"other","item":"paper","quantity":1},{"type":"material","category":"material","item":"paper","quantity":1,"parent_category":"other","parent_item":"paper"},{"type":"standard","category":"smoking","item":"butts","quantity":1}],"objects":[{"status":"OK","on_map":true,"group":"Piece","subgroup":"","layer":"Paper Piece","full_name":"Piece \u2013 Paper Piece","olm_key":"other/paper","quantity":1,"picked_up":true},{"status":"OK","on_map":true,"group":"Smoking","subgroup":"","layer":"Cigarette Butts","full_name":"Smoking \u2013 Cigarette Butts","olm_key":"smoking/butts","quantity":1,"picked_up":true}],"groups":["litter","substances"],"has_litter":true,"has_pet_waste":false,"has_substances":true,"zone":"cottonwood_zone_D","zone_edge_m":31.1,"nbhd_edge_m":null}},{"type":"Feature","geometry":{"type":"Point","coordinates":[-122.55642700195,49.208671569824]},"properties":{"id":554259,"datetime":"2026-09-21T20:08:39.000000Z","filename":"https://olm-s3.s3.eu-west-1.amazonaws.com/2026/09/21/KpltoNs35QCOrSCsOZQf42BNPS8K1nf3ji6Gfk8n.jpg","tags":[{"type":"standard","category":"smoking","item":"butts","quantity":1}],"objects":[{"status":"OK","on_map":true,"group":"Smoking","subgroup":"","layer":"Cigarette Butts","full_name":"Smoking \u2013 Cigarette Butts","olm_key":"smoking/butts","quantity":1,"picked_up":true}],"groups":["substances"],"has_litter":false,"has_pet_waste":false,"has_substances":true,"zone":"cottonwood_zone_D","zone_edge_m":31.1,"nbhd_edge_m":null}},{"type":"Feature","geometry":{"type":"Point","coordinates":[-122.55642700195,49.208671569824]},"properties":{"id":554258,"datetime":"2026-09-21T20:08:42.000000Z","filename":"https://olm-s3.s3.eu-west-1.amazonaws.com/2026/09/21/oqWXFG5os0HHIa01E1wUZUSjkzBbJOICg2jEpABC.jpg","tags":[{"type":"standard","category":"smoking","item":"butts","quantity":3}],"objects":[{"status":"OK","on_map":true,"group":"Smoking","subgroup":"","layer":"Cigarette Butts","full_name":"Smoking \u2013 Cigarette Butts","olm_key":"smoking/butts","quantity":3,"picked_up":true}],"groups":["substances"],"has_litter":false,"has_pet_waste":false,"has_substances":true,"zone":"cottonwood_zone_D","zone_edge_m":31.1,"nbhd_edge_m":null}},{"type":"Feature","geometry":{"type":"Point","coordinates":[-122.55642700195,49.208671569824]},"properties":{"id":554257,"datetime":"2026-09-21T20:08:54.000000Z","filename":"https://olm-s3.s3.eu-west-1.amazonaws.com/2026/09/21/2w6OOMHkvEj6r90Bd4dX92qkJ5GVvsb7UKKS8Y0W.jpg","tags":[{"type":"standard","category":"other","item":"plastic","quantity":1},{"type":"material","category":"material","item":"plastic","quantity":1,"parent_category":"other","parent_item":"plastic"},{"type":"custom_tag","category":"custom_tag","item":"Piece","quantity":1,"parent_category":"other","parent_item":"plastic"}],"objects":[{"status":"OK","on_map":true,"group":"Piece","subgroup":"","layer":"Plastic Piece","full_name":"Piece \u2013 Plastic Piece","olm_key":"other/plastic","quantity":1,"picked_up":true}],"groups":["litter"],"has_litter":true,"has_pet_waste":false,"has_substances":false,"zone":"cottonwood_zone_D","zone_edge_m":31.1,"nbhd_edge_m":null}},{"type":"Feature","geometry":{"type":"Point","coordinates":[-122.55642700195,49.208671569824]},"properties":{"id":554256,"datetime":"2026-09-21T20:09:00.000000Z","filename":"https://olm-s3.s3.eu-west-1.amazonaws.com/2026/09/21/KyZ2v5UqsNn2QTn60HBdU2wICH81Ox32M00vnkUH.jpg","tags":[{"type":"standard","category":"smoking","item":"butts","quantity":1}],"objects":[{"status":"OK","on_map":true,"group":"Smoking","subgroup":"","layer":"Cigarette Butts","full_name":"Smoking \u2013 Cigarette Butts","olm_key":"smoking/butts","quantity":1,"picked_up":true}],"groups":["substances"],"has_litter":false,"has_pet_waste":false,"has_substances":true,"zone":"cottonwood_zone_D","zone_edge_m":31.1,"nbhd_edge_m":null}},{"type":"Feature","geometry":{"type":"Point","coordinates":[-122.55642700195,49.208671569824]},"properties":{"id":554255,"datetime":"2026-09-21T20:09:05.000000Z","filename":"https://olm-s3.s3.eu-west-1.amazonaws.com/2026/09/21/d8rtQJWoeOtuahegE0bYUxiaoeKIX9uu7DNSenoU.jpg","tags":[{"type":"standard","category":"smoking","item":"butts","quantity":1}],"objects":[{"status":"OK","on_map":true,"group":"Smoking","subgroup":"","layer":"Cigarette Butts","full_name":"Smoking \u2013 Cigarette Butts","olm_key":"smoking/butts","quantity":1,"picked_up":true}],"groups":["substances"],"has_litter":false,"has_pet_waste":false,"has_substances":true,"zone":"cottonwood_zone_D","zone_edge_m":31.1,"nbhd_edge_m":null}},{"type":"Feature","geometry":{"type":"Point","coordinates":[-122.55642700195,49.208671569824]},"properties":{"id":554254,"datetime":"2026-09-21T20:09:24.000000Z","filename":"https://olm-s3.s3.eu-west-1.amazonaws.com/2026/09/21/y678GvQqVjI3IdlWul7YsEbktxfdGf5leAk30UWC.jpg","tags":[{"type":"standard","category":"other","item":"other","quantity":1},{"type":"material","category":"material","item":"polyester","quantity":1,"parent_category":"other","parent_item":"other"},{"type":"custom_tag","category":"custom_tag","item":"Fiberfill","quantity":1,"parent_category":"other","parent_item":"other"}],"objects":[{"status":"OK","on_map":true,"group":"Household","subgroup":"","layer":"Household misc","full_name":"Household \u2013 Household misc","olm_key":"other/other","quantity":1,"picked_up":true}],"groups":["litter"],"has_litter":true,"has_pet_waste":false,"has_substances":false,"zone":"cottonwood_zone_D","zone_edge_m":31.1,"nbhd_edge_m":null}},{"type":"Feature","geometry":{"type":"Point","coordinates":[-122.55642700195,49.208671569824]},"properties":{"id":554253,"datetime":"2026-09-21T20:09:37.000000Z","filename":"https://olm-s3.s3.eu-west-1.amazonaws.com/2026/09/21/nAYAhu47dyJ78R7xdwygfso6NYBHPezv50cBj5Xq.jpg","tags":[{"type":"standard","category":"smoking","item":"butts","quantity":2}],"objects":[{"status":"OK","on_map":true,"group":"Smoking","subgroup":"","layer":"Cigarette Butts","full_name":"Smoking \u2013 Cigarette Butts","olm_key":"smoking/butts","quantity":2,"picked_up":true}],"groups":["substances"],"has_litter":false,"has_pet_waste":false,"has_substances":true,"zone":"cottonwood_zone_D","zone_edge_m":31.1,"nbhd_edge_m":null}},{"type":"Feature","geometry":{"type":"Point","coordinates":[-122.55642700195,49.208671569824]},"properties":{"id":554252,"datetime":"2026-09-21T20:10:02.000000Z","filename":"https://olm-s3.s3.eu-west-1.amazonaws.com/2026/09/21/lGUs5pl75XAdK4kLh1OeeQoox6kYHxDflZARecLB.jpg","tags":[{"type":"standard","category":"food","item":"napkins","quantity":2},{"type":"material","category":"material","item":"paper","quantity":1,"parent_category":"food","parent_item":"napkins"}],"objects":[{"status":"OK","on_map":true,"group":"Convenient Food Drink","subgroup":"Take-out","layer":"Napkins","full_name":"Convenient Food Drink \u2013 Take-out \u2013 Napkins","olm_key":"food/napkins","quantity":2,"picked_up":true}],"groups":["litter"],"has_litter":true,"has_pet_waste":false,"has_substances":false,"zone":"cottonwood_zone_D","zone_edge_m":31.1,"nbhd_edge_m":null}},{"type":"Feature","geometry":{"type":"Point","coordinates":[-122.55642700195,49.208671569824]},"properties":{"id":554251,"datetime":"2026-09-21T20:10:07.000000Z","filename":"https://olm-s3.s3.eu-west-1.amazonaws.com/2026/09/21/rSgVO5QQi65hEkzyqErXnRwsydJ93dinaZ423568.jpg","tags":[{"type":"standard","category":"smoking","item":"butts","quantity":1}],"objects":[{"status":"OK","on_map":true,"group":"Smoking","subgroup":"","layer":"Cigarette Butts","full_name":"Smoking \u2013 Cigarette Butts","olm_key":"smoking/butts","quantity":1,"picked_up":true}],"groups":["substances"],"has_litter":false,"has_pet_waste":false,"has_substances":true,"zone":"cottonwood_zone_D","zone_edge_m":31.1,"nbhd_edge_m":null}},{"type":"Feature","geometry":{"type":"Point","coordinates":[-122.55642700195,49.208671569824]},"properties":{"id":554250,"datetime":"2026-09-21T20:10:15.000000Z","filename":"https://olm-s3.s3.eu-west-1.amazonaws.com/2026/09/21/yrwCH61UwTMnRlyi66cdQaQKn0LQfy1f5hAMztrw.jpg","tags":[{"type":"standard","category":"other","item":"plastic","quantity":1}],"objects":[{"status":"OK","on_map":true,"group":"Piece","subgroup":"","layer":"Plastic Piece","full_name":"Piece \u2013 Plastic Piece","olm_key":"other/plastic","quantity":1,"picked_up":true}],"groups":["litter"],"has_litter":true,"has_pet_waste":false,"has_substances":false,"zone":"cottonwood_zone_D","zone_edge_m":31.1,"nbhd_edge_m":null}},{"type":"Feature","geometry":{"type":"Point","coordinates":[-122.55642700195,49.208671569824]},"properties":{"id":554249,"datetime":"2026-09-21T20:10:21.000000Z","filename":"https://olm-s3.s3.eu-west-1.amazonaws.com/2026/09/21/oDjfDnWLuJQXT63F38iPACID53VFMRixcUHZt8zG.jpg","tags":[{"type":"standard","category":"other","item":"plastic","quantity":1},{"type":"standard","category":"smoking","item":"butts","quantity":1}],"objects":[{"status":"OK","on_map":true,"group":"Piece","subgroup":"","layer":"Plastic Piece","full_name":"Piece \u2013 Plastic Piece","olm_key":"other/plastic","quantity":1,"picked_up":true},{"status":"OK","on_map":true,"group":"Smoking","subgroup":"","layer":"Cigarette Butts","full_name":"Smoking \u2013 Cigarette Butts","olm_key":"smoking/butts","quantity":1,"picked_up":true}],"groups":["litter","substances"],"has_litter":true,"has_pet_waste":false,"has_substances":true,"zone":"cottonwood_zone_D","zone_edge_m":31.1,"nbhd_edge_m":null}},{"type":"Feature","geometry":{"type":"Point","coordinates":[-122.55642700195,49.208671569824]},"properties":{"id":554248,"datetime":"2026-09-21T20:10:33.000000Z","filename":"https://olm-s3.s3.eu-west-1.amazonaws.com/2026/09/21/sDlHl0pC6ufv1pJlETPniUY2ATF27FKsd6ZeGnxJ.jpg","tags":[{"type":"standard","category":"smoking","item":"butts","quantity":2}],"objects":[{"status":"OK","on_map":true,"group":"Smoking","subgroup":"","layer":"Cigarette Butts","full_name":"Smoking \u2013 Cigarette Butts","olm_key":"smoking/butts","quantity":2,"picked_up":true}],"groups":["substances"],"has_litter":false,"has_pet_waste":false,"has_substances":true,"zone":"cottonwood_zone_D","zone_edge_m":31.1,"nbhd_edge_m":null}},{"type":"Feature","geometry":{"type":"Point","coordinates":[-122.55642700195,49.208671569824]},"properties":{"id":554247,"datetime":"2026-09-21T20:10:45.000000Z","filename":"https://olm-s3.s3.eu-west-1.amazonaws.com/2026/09/21/Izv8enYiCwXjgQRNVLT6AycYwSTBD329SvGcPhta.jpg","tags":[{"type":"standard","category":"other","item":"paper","quantity":1}],"objects":[{"status":"OK","on_map":true,"group":"Piece","subgroup":"","layer":"Paper Piece","full_name":"Piece \u2013 Paper Piece","olm_key":"other/paper","quantity":1,"picked_up":true}],"groups":["litter"],"has_litter":true,"has_pet_waste":false,"has_substances":false,"zone":"cottonwood_zone_D","zone_edge_m":31.1,"nbhd_edge_m":null}},{"type":"Feature","geometry":{"type":"Point","coordinates":[-122.55642700195,49.208671569824]},"properties":{"id":554246,"datetime":"2026-09-21T20:10:52.000000Z","filename":"https://olm-s3.s3.eu-west-1.amazonaws.com/2026/09/21/U9MAzFpflFQuw6HqaAIQIi9FHQX5aQa4M4kD2LFj.jpg","tags":[{"type":"standard","category":"other","item":"plastic","quantity":1}],"objects":[{"status":"OK","on_map":true,"group":"Piece","subgroup":"","layer":"Plastic Piece","full_name":"Piece \u2013 Plastic Piece","olm_key":"other/plastic","quantity":1,"picked_up":true}],"groups":["litter"],"has_litter":true,"has_pet_waste":false,"has_substances":false,"zone":"cottonwood_zone_D","zone_edge_m":31.1,"nbhd_edge_m":null}},{"type":"Feature","geometry":{"type":"Point","coordinates":[-122.55642700195,49.208671569824]},"properties":{"id":554245,"datetime":"2026-09-21T20:11:00.000000Z","filename":"https://olm-s3.s3.eu-west-1.amazonaws.com/2026/09/21/nkqUzacGZHoRUc5AOpGCs3vRrkI87BrW2SostIYZ.jpg","tags":[{"type":"standard","category":"smoking","item":"butts","quantity":2}],"objects":[{"status":"OK","on_map":true,"group":"Smoking","subgroup":"","layer":"Cigarette Butts","full_name":"Smoking \u2013 Cigarette Butts","olm_key":"smoking/butts","quantity":2,"picked_up":true}],"groups":["substances"],"has_litter":false,"has_pet_waste":false,"has_substances":true,"zone":"cottonwood_zone_D","zone_edge_m":31.1,"nbhd_edge_m":null}},{"type":"Feature","geometry":{"type":"Point","coordinates":[-122.55642700195,49.208671569824]},"properties":{"id":554244,"datetime":"2026-09-21T20:11:19.000000Z","filename":"https://olm-s3.s3.eu-west-1.amazonaws.com/2026/09/21/hx0v22YfzzP8TT9cSKXSNHgY2jDKCRjNNpmMTbp1.jpg","tags":[{"type":"standard","category":"other","item":"paper","quantity":2},{"type":"material","category":"material","item":"paper","quantity":1,"parent_category":"other","parent_item":"paper"},{"type":"standard","category":"other","item":"plastic","quantity":1},{"type":"standard","category":"smoking","item":"butts","quantity":2},{"type":"standard","category":"softdrinks","item":"straw","quantity":1}],"objects":[{"status":"OK","on_map":true,"group":"Piece","subgroup":"","layer":"Paper Piece","full_name":"Piece \u2013 Paper Piece","olm_key":"other/paper","quantity":2,"picked_up":true},{"status":"OK","on_map":true,"group":"Piece","subgroup":"","layer":"Plastic Piece","full_name":"Piece \u2013 Plastic Piece","olm_key":"other/plastic","quantity":1,"picked_up":true},{"status":"OK","on_map":true,"group":"Smoking","subgroup":"","layer":"Cigarette Butts","full_name":"Smoking \u2013 Cigarette Butts","olm_key":"smoking/butts","quantity":2,"picked_up":true},{"status":"OK","on_map":true,"group":"Convenient Food Drink","subgroup":"Drink","layer":"Paper Drink Straws","full_name":"Convenient Food Drink \u2013 Drink \u2013 Paper Drink Straws","olm_key":"softdrinks/straw","quantity":1,"picked_up":true}],"groups":["litter","substances"],"has_litter":true,"has_pet_waste":false,"has_substances":true,"zone":"cottonwood_zone_D","zone_edge_m":31.1,"nbhd_edge_m":null}},{"type":"Feature","geometry":{"type":"Point","coordinates":[-122.55642700195,49.208671569824]},"properties":{"id":554243,"datetime":"2026-09-21T20:11:40.000000Z","filename":"https://olm-s3.s3.eu-west-1.amazonaws.com/2026/09/21/bG2DXCUf53Yk5ZNz8D2eoPuyHeNTmw87LBlyv4mL.jpg","tags":[{"type":"standard","category":"smoking","item":"butts","quantity":1}],"objects":[{"status":"OK","on_map":true,"group":"Smoking","subgroup":"","layer":"Cigarette Butts","full_name":"Smoking \u2013 Cigarette Butts","olm_key":"smoking/butts","quantity":1,"picked_up":true}],"groups":["substances"],"has_litter":false,"has_pet_waste":false,"has_substances":true,"zone":"cottonwood_zone_D","zone_edge_m":31.1,"nbhd_edge_m":null}},{"type":"Feature","geometry":{"type":"Point","coordinates":[-122.55648803711,49.208744049072]},"properties":{"id":554242,"datetime":"2026-09-21T20:11:44.000000Z","filename":"https://olm-s3.s3.eu-west-1.amazonaws.com/2026/09/21/WnSywJlbSDR9XC7XTO1YOOI7sseMvAjJTiwuB4YV.jpg","tags":[{"type":"standard","category":"smoking","item":"butts","quantity":2}],"objects":[{"status":"OK","on_map":true,"group":"Smoking","subgroup":"","layer":"Cigarette Butts","full_name":"Smoking \u2013 Cigarette Butts","olm_key":"smoking/butts","quantity":2,"picked_up":true}],"groups":["substances"],"has_litter":false,"has_pet_waste":false,"has_substances":true,"zone":"cottonwood_zone_D","zone_edge_m":35.5,"nbhd_edge_m":null}},{"type":"Feature","geometry":{"type":"Point","coordinates":[-122.55648803711,49.208744049072]},"properties":{"id":554241,"datetime":"2026-09-21T20:11:54.000000Z","filename":"https://olm-s3.s3.eu-west-1.amazonaws.com/2026/09/21/2RZpN5nmeHby157tFhqXSJSalEmJrLtSFphPqWl0.jpg","tags":[{"type":"standard","category":"smoking","item":"butts","quantity":1}],"objects":[{"status":"OK","on_map":true,"group":"Smoking","subgroup":"","layer":"Cigarette Butts","full_name":"Smoking \u2013 Cigarette Butts","olm_key":"smoking/butts","quantity":1,"picked_up":true}],"groups":["substances"],"has_litter":false,"has_pet_waste":false,"has_substances":true,"zone":"cottonwood_zone_D","zone_edge_m":35.5,"nbhd_edge_m":null}},{"type":"Feature","geometry":{"type":"Point","coordinates":[-122.55648803711,49.208744049072]},"properties":{"id":554240,"datetime":"2026-09-21T20:12:02.000000Z","filename":"https://olm-s3.s3.eu-west-1.amazonaws.com/2026/09/21/U5QSj1e9sIy281X0kQUrR4fBshc8wkOzq1ta2HsX.jpg","tags":[{"type":"standard","category":"other","item":"plastic","quantity":1},{"type":"standard","category":"smoking","item":"butts","quantity":1}],"objects":[{"status":"OK","on_map":true,"group":"Piece","subgroup":"","layer":"Plastic Piece","full_name":"Piece \u2013 Plastic Piece","olm_key":"other/plastic","quantity":1,"picked_up":true},{"status":"OK","on_map":true,"group":"Smoking","subgroup":"","layer":"Cigarette Butts","full_name":"Smoking \u2013 Cigarette Butts","olm_key":"smoking/butts","quantity":1,"picked_up":true}],"groups":["litter","substances"],"has_litter":true,"has_pet_waste":false,"has_substances":true,"zone":"cottonwood_zone_D","zone_edge_m":35.5,"nbhd_edge_m":null}},{"type":"Feature","geometry":{"type":"Point","coordinates":[-122.55648803711,49.208744049072]},"properties":{"id":554239,"datetime":"2026-09-21T20:12:08.000000Z","filename":"https://olm-s3.s3.eu-west-1.amazonaws.com/2026/09/21/D1azYUqVQ9iGjTCQdvKLZ7MvnerC6NlAIlNItJ8P.jpg","tags":[{"type":"standard","category":"smoking","item":"butts","quantity":2}],"objects":[{"status":"OK","on_map":true,"group":"Smoking","subgroup":"","layer":"Cigarette Butts","full_name":"Smoking \u2013 Cigarette Butts","olm_key":"smoking/butts","quantity":2,"picked_up":true}],"groups":["substances"],"has_litter":false,"has_pet_waste":false,"has_substances":true,"zone":"cottonwood_zone_D","zone_edge_m":35.5,"nbhd_edge_m":null}},{"type":"Feature","geometry":{"type":"Point","coordinates":[-122.55648803711,49.208744049072]},"properties":{"id":554238,"datetime":"2026-09-21T20:12:15.000000Z","filename":"https://olm-s3.s3.eu-west-1.amazonaws.com/2026/09/21/pHilmfaDoOCBiRhsIOKwLM1MZLPdVngwpB2yEon3.jpg","tags":[{"type":"standard","category":"smoking","item":"butts","quantity":1}],"objects":[{"status":"OK","on_map":true,"group":"Smoking","subgroup":"","layer":"Cigarette Butts","full_name":"Smoking \u2013 Cigarette Butts","olm_key":"smoking/butts","quantity":1,"picked_up":true}],"groups":["substances"],"has_litter":false,"has_pet_waste":false,"has_substances":true,"zone":"cottonwood_zone_D","zone_edge_m":35.5,"nbhd_edge_m":null}},{"type":"Feature","geometry":{"type":"Point","coordinates":[-122.55648803711,49.208744049072]},"properties":{"id":554237,"datetime":"2026-09-21T20:12:23.000000Z","filename":"https://olm-s3.s3.eu-west-1.amazonaws.com/2026/09/21/1RoX3fCO6xekdwggfvA4SL7ixg3NO2gbwPaU7EU5.jpg","tags":[{"type":"standard","category":"smoking","item":"packaging","quantity":1},{"type":"material","category":"material","item":"paper","quantity":1,"parent_category":"smoking","parent_item":"packaging"}],"objects":[{"status":"OK","on_map":true,"group":"Smoking","subgroup":"","layer":"Nicotine Packaging","full_name":"Smoking \u2013 Nicotine Packaging","olm_key":"smoking/packaging","quantity":1,"picked_up":true}],"groups":["substances"],"has_litter":false,"has_pet_waste":false,"has_substances":true,"zone":"cottonwood_zone_D","zone_edge_m":35.5,"nbhd_edge_m":null}},{"type":"Feature","geometry":{"type":"Point","coordinates":[-122.55648803711,49.208744049072]},"properties":{"id":554236,"datetime":"2026-09-21T20:12:28.000000Z","filename":"https://olm-s3.s3.eu-west-1.amazonaws.com/2026/09/21/LSWKB9YzTR6uAc64lG7ssEif8b9zB0VlKqyfBPt6.jpg","tags":[{"type":"standard","category":"smoking","item":"butts","quantity":3}],"objects":[{"status":"OK","on_map":true,"group":"Smoking","subgroup":"","layer":"Cigarette Butts","full_name":"Smoking \u2013 Cigarette Butts","olm_key":"smoking/butts","quantity":3,"picked_up":true}],"groups":["substances"],"has_litter":false,"has_pet_waste":false,"has_substances":true,"zone":"cottonwood_zone_D","zone_edge_m":35.5,"nbhd_edge_m":null}},{"type":"Feature","geometry":{"type":"Point","coordinates":[-122.55648803711,49.208744049072]},"properties":{"id":554235,"datetime":"2026-09-21T20:12:33.000000Z","filename":"https://olm-s3.s3.eu-west-1.amazonaws.com/2026/09/21/5JM14PdflkGQDxLTsg9OprelPg83xNsEUeRlswQT.jpg","tags":[{"type":"standard","category":"smoking","item":"butts","quantity":1}],"objects":[{"status":"OK","on_map":true,"group":"Smoking","subgroup":"","layer":"Cigarette Butts","full_name":"Smoking \u2013 Cigarette Butts","olm_key":"smoking/butts","quantity":1,"picked_up":true}],"groups":["substances"],"has_litter":false,"has_pet_waste":false,"has_substances":true,"zone":"cottonwood_zone_D","zone_edge_m":35.5,"nbhd_edge_m":null}},{"type":"Feature","geometry":{"type":"Point","coordinates":[-122.55648803711,49.208744049072]},"properties":{"id":554234,"datetime":"2026-09-21T20:12:39.000000Z","filename":"https://olm-s3.s3.eu-west-1.amazonaws.com/2026/09/21/RiJIYoTBlPglVqKDYHV2zheaRfwWEE7MSdm5PHqr.jpg","tags":[{"type":"standard","category":"smoking","item":"butts","quantity":1}],"objects":[{"status":"OK","on_map":true,"group":"Smoking","subgroup":"","layer":"Cigarette Butts","full_name":"Smoking \u2013 Cigarette Butts","olm_key":"smoking/butts","quantity":1,"picked_up":true}],"groups":["substances"],"has_litter":false,"has_pet_waste":false,"has_substances":true,"zone":"cottonwood_zone_D","zone_edge_m":35.5,"nbhd_edge_m":null}},{"type":"Feature","geometry":{"type":"Point","coordinates":[-122.55648803711,49.208744049072]},"properties":{"id":554233,"datetime":"2026-09-21T20:12:43.000000Z","filename":"https://olm-s3.s3.eu-west-1.amazonaws.com/2026/09/21/hkSg3tcq0Gzu0qDDOpVInVVXvyDk0mNxhljX5OK4.jpg","tags":[{"type":"standard","category":"smoking","item":"butts","quantity":1}],"objects":[{"status":"OK","on_map":true,"group":"Smoking","subgroup":"","layer":"Cigarette Butts","full_name":"Smoking \u2013 Cigarette Butts","olm_key":"smoking/butts","quantity":1,"picked_up":true}],"groups":["substances"],"has_litter":false,"has_pet_waste":false,"has_substances":true,"zone":"cottonwood_zone_D","zone_edge_m":35.5,"nbhd_edge_m":null}},{"type":"Feature","geometry":{"type":"Point","coordinates":[-122.5564956665,49.208892822266]},"properties":{"id":554232,"datetime":"2026-09-21T20:12:46.000000Z","filename":"https://olm-s3.s3.eu-west-1.amazonaws.com/2026/09/21/jsKWyVL0cLaXlXl2evNFvQb9sv4xX6oV869viVWM.jpg","tags":[{"type":"standard","category":"smoking","item":"butts","quantity":2}],"objects":[{"status":"OK","on_map":true,"group":"Smoking","subgroup":"","layer":"Cigarette Butts","full_name":"Smoking \u2013 Cigarette Butts","olm_key":"smoking/butts","quantity":2,"picked_up":true}],"groups":["substances"],"has_litter":false,"has_pet_waste":false,"has_substances":true,"zone":"cottonwood_zone_D","zone_edge_m":36.0,"nbhd_edge_m":null}},{"type":"Feature","geometry":{"type":"Point","coordinates":[-122.5564956665,49.208892822266]},"properties":{"id":554231,"datetime":"2026-09-21T20:12:53.000000Z","filename":"https://olm-s3.s3.eu-west-1.amazonaws.com/2026/09/21/5P7b7zeE2rWB1ycwwgTaVfBhv8LlnJLcJ67OrJh8.jpg","tags":[{"type":"standard","category":"smoking","item":"butts","quantity":4}],"objects":[{"status":"OK","on_map":true,"group":"Smoking","subgroup":"","layer":"Cigarette Butts","full_name":"Smoking \u2013 Cigarette Butts","olm_key":"smoking/butts","quantity":4,"picked_up":true}],"groups":["substances"],"has_litter":false,"has_pet_waste":false,"has_substances":true,"zone":"cottonwood_zone_D","zone_edge_m":36.0,"nbhd_edge_m":null}},{"type":"Feature","geometry":{"type":"Point","coordinates":[-122.5564956665,49.208892822266]},"properties":{"id":554230,"datetime":"2026-09-21T20:13:02.000000Z","filename":"https://olm-s3.s3.eu-west-1.amazonaws.com/2026/09/21/tZPuFtx3l0YR1AgFShIwlnXuB1JYqSBMxSXvQDDW.jpg","tags":[{"type":"standard","category":"other","item":"plastic","quantity":1}],"objects":[{"status":"OK","on_map":true,"group":"Piece","subgroup":"","layer":"Plastic Piece","full_name":"Piece \u2013 Plastic Piece","olm_key":"other/plastic","quantity":1,"picked_up":true}],"groups":["litter"],"has_litter":true,"has_pet_waste":false,"has_substances":false,"zone":"cottonwood_zone_D","zone_edge_m":36.0,"nbhd_edge_m":null}},{"type":"Feature","geometry":{"type":"Point","coordinates":[-122.5564956665,49.208892822266]},"properties":{"id":554228,"datetime":"2026-09-21T20:13:07.000000Z","filename":"https://olm-s3.s3.eu-west-1.amazonaws.com/2026/09/21/tkBOge3WHN16m2xX85ffe4vxU8VMRbJcFVxxLNvf.jpg","tags":[{"type":"standard","category":"smoking","item":"butts","quantity":1}],"objects":[{"status":"OK","on_map":true,"group":"Smoking","subgroup":"","layer":"Cigarette Butts","full_name":"Smoking \u2013 Cigarette Butts","olm_key":"smoking/butts","quantity":1,"picked_up":true}],"groups":["substances"],"has_litter":false,"has_pet_waste":false,"has_substances":true,"zone":"cottonwood_zone_D","zone_edge_m":36.0,"nbhd_edge_m":null}},{"type":"Feature","geometry":{"type":"Point","coordinates":[-122.5564956665,49.208892822266]},"properties":{"id":554227,"datetime":"2026-09-21T20:13:10.000000Z","filename":"https://olm-s3.s3.eu-west-1.amazonaws.com/2026/09/21/nfi9CFoNVCALvbCN19Kafq9sEvUQ2EpTW4w2E1nq.jpg","tags":[{"type":"standard","category":"smoking","item":"butts","quantity":1}],"objects":[{"status":"OK","on_map":true,"group":"Smoking","subgroup":"","layer":"Cigarette Butts","full_name":"Smoking \u2013 Cigarette Butts","olm_key":"smoking/butts","quantity":1,"picked_up":true}],"groups":["substances"],"has_litter":false,"has_pet_waste":false,"has_substances":true,"zone":"cottonwood_zone_D","zone_edge_m":36.0,"nbhd_edge_m":null}},{"type":"Feature","geometry":{"type":"Point","coordinates":[-122.5564956665,49.208892822266]},"properties":{"id":554226,"datetime":"2026-09-21T20:13:32.000000Z","filename":"https://olm-s3.s3.eu-west-1.amazonaws.com/2026/09/21/Fvzf6bebk7sRaTvSJgj42xFG6DpeUX6QzyYk77Mv.jpg","tags":[{"type":"standard","category":"smoking","item":"butts","quantity":4}],"objects":[{"status":"OK","on_map":true,"group":"Smoking","subgroup":"","layer":"Cigarette Butts","full_name":"Smoking \u2013 Cigarette Butts","olm_key":"smoking/butts","quantity":4,"picked_up":true}],"groups":["substances"],"has_litter":false,"has_pet_waste":false,"has_substances":true,"zone":"cottonwood_zone_D","zone_edge_m":36.0,"nbhd_edge_m":null}},{"type":"Feature","geometry":{"type":"Point","coordinates":[-122.5564956665,49.208892822266]},"properties":{"id":554225,"datetime":"2026-09-21T20:13:47.000000Z","filename":"https://olm-s3.s3.eu-west-1.amazonaws.com/2026/09/21/z2fC85Na7o6XCNem84h8gku9iespSQR5KFZsBzNT.jpg","tags":[{"type":"standard","category":"food","item":"tinfoil","quantity":1},{"type":"standard","category":"other","item":"plastic","quantity":1},{"type":"standard","category":"smoking","item":"butts","quantity":10}],"objects":[{"status":"OK","on_map":true,"group":"Piece","subgroup":"","layer":"Foil Piece","full_name":"Piece \u2013 Foil Piece","olm_key":"food/tinfoil","quantity":1,"picked_up":true},{"status":"OK","on_map":true,"group":"Piece","subgroup":"","layer":"Plastic Piece","full_name":"Piece \u2013 Plastic Piece","olm_key":"other/plastic","quantity":1,"picked_up":true},{"status":"OK","on_map":true,"group":"Smoking","subgroup":"","layer":"Cigarette Butts","full_name":"Smoking \u2013 Cigarette Butts","olm_key":"smoking/butts","quantity":10,"picked_up":true}],"groups":["litter","substances"],"has_litter":true,"has_pet_waste":false,"has_substances":true,"zone":"cottonwood_zone_D","zone_edge_m":36.0,"nbhd_edge_m":null}},{"type":"Feature","geometry":{"type":"Point","coordinates":[-122.5564956665,49.208892822266]},"properties":{"id":554224,"datetime":"2026-09-21T20:14:26.000000Z","filename":"https://olm-s3.s3.eu-west-1.amazonaws.com/2026/09/21/CJF3HPqOxeopiCm6cXESuZjIH9dMpd4pMWeKRY9V.jpg","tags":[{"type":"standard","category":"smoking","item":"butts","quantity":1}],"objects":[{"status":"OK","on_map":true,"group":"Smoking","subgroup":"","layer":"Cigarette Butts","full_name":"Smoking \u2013 Cigarette Butts","olm_key":"smoking/butts","quantity":1,"picked_up":true}],"groups":["substances"],"has_litter":false,"has_pet_waste":false,"has_substances":true,"zone":"cottonwood_zone_D","zone_edge_m":36.0,"nbhd_edge_m":null}},{"type":"Feature","geometry":{"type":"Point","coordinates":[-122.5564956665,49.208892822266]},"properties":{"id":554223,"datetime":"2026-09-21T20:14:39.000000Z","filename":"https://olm-s3.s3.eu-west-1.amazonaws.com/2026/09/21/FXY6WLFsg2VbTZTbpI8uzcklpnOaJKQPQnIvKPWW.jpg","tags":[{"type":"standard","category":"smoking","item":"butts","quantity":4}],"objects":[{"status":"OK","on_map":true,"group":"Smoking","subgroup":"","layer":"Cigarette Butts","full_name":"Smoking \u2013 Cigarette Butts","olm_key":"smoking/butts","quantity":4,"picked_up":true}],"groups":["substances"],"has_litter":false,"has_pet_waste":false,"has_substances":true,"zone":"cottonwood_zone_D","zone_edge_m":36.0,"nbhd_edge_m":null}},{"type":"Feature","geometry":{"type":"Point","coordinates":[-122.5564956665,49.208892822266]},"properties":{"id":554222,"datetime":"2026-09-21T20:14:50.000000Z","filename":"https://olm-s3.s3.eu-west-1.amazonaws.com/2026/09/21/oA00Az5TPcNS3YYCFL5N3jDv3TAVdhd7cOca0hjo.jpg","tags":[{"type":"standard","category":"smoking","item":"butts","quantity":1}],"objects":[{"status":"OK","on_map":true,"group":"Smoking","subgroup":"","layer":"Cigarette Butts","full_name":"Smoking \u2013 Cigarette Butts","olm_key":"smoking/butts","quantity":1,"picked_up":true}],"groups":["substances"],"has_litter":false,"has_pet_waste":false,"has_substances":true,"zone":"cottonwood_zone_D","zone_edge_m":36.0,"nbhd_edge_m":null}},{"type":"Feature","geometry":{"type":"Point","coordinates":[-122.5564956665,49.208892822266]},"properties":{"id":554221,"datetime":"2026-09-21T20:14:56.000000Z","filename":"https://olm-s3.s3.eu-west-1.amazonaws.com/2026/09/21/rx1BvTMGe4973SCFnKjoqslqZmzpF2LzPbwn2pmr.jpg","tags":[{"type":"standard","category":"smoking","item":"butts","quantity":3}],"objects":[{"status":"OK","on_map":true,"group":"Smoking","subgroup":"","layer":"Cigarette Butts","full_name":"Smoking \u2013 Cigarette Butts","olm_key":"smoking/butts","quantity":3,"picked_up":true}],"groups":["substances"],"has_litter":false,"has_pet_waste":false,"has_substances":true,"zone":"cottonwood_zone_D","zone_edge_m":36.0,"nbhd_edge_m":null}},{"type":"Feature","geometry":{"type":"Point","coordinates":[-122.5564956665,49.208892822266]},"properties":{"id":554220,"datetime":"2026-09-21T20:15:03.000000Z","filename":"https://olm-s3.s3.eu-west-1.amazonaws.com/2026/09/21/5kDpc5fCZRxsJoaYeBaWaE0Q1kZemH7Us0g5FyOl.jpg","tags":[{"type":"standard","category":"smoking","item":"butts","quantity":1}],"objects":[{"status":"OK","on_map":true,"group":"Smoking","subgroup":"","layer":"Cigarette Butts","full_name":"Smoking \u2013 Cigarette Butts","olm_key":"smoking/butts","quantity":1,"picked_up":true}],"groups":["substances"],"has_litter":false,"has_pet_waste":false,"has_substances":true,"zone":"cottonwood_zone_D","zone_edge_m":36.0,"nbhd_edge_m":null}},{"type":"Feature","geometry":{"type":"Point","coordinates":[-122.5564956665,49.208892822266]},"properties":{"id":554219,"datetime":"2026-09-21T20:15:10.000000Z","filename":"https://olm-s3.s3.eu-west-1.amazonaws.com/2026/09/21/3TtnjBjKzdPx0EtzvwRVKhl9mwzDtHE7X3ckD2XM.jpg","tags":[{"type":"standard","category":"smoking","item":"butts","quantity":1}],"objects":[{"status":"OK","on_map":true,"group":"Smoking","subgroup":"","layer":"Cigarette Butts","full_name":"Smoking \u2013 Cigarette Butts","olm_key":"smoking/butts","quantity":1,"picked_up":true}],"groups":["substances"],"has_litter":false,"has_pet_waste":false,"has_substances":true,"zone":"cottonwood_zone_D","zone_edge_m":36.0,"nbhd_edge_m":null}},{"type":"Feature","geometry":{"type":"Point","coordinates":[-122.5564956665,49.208892822266]},"properties":{"id":554218,"datetime":"2026-09-21T20:15:15.000000Z","filename":"https://olm-s3.s3.eu-west-1.amazonaws.com/2026/09/21/dHo7D7Oqwjri7oHko1DQULbRQ8zpmnJzEvMHTtuJ.jpg","tags":[{"type":"standard","category":"smoking","item":"butts","quantity":1}],"objects":[{"status":"OK","on_map":true,"group":"Smoking","subgroup":"","layer":"Cigarette Butts","full_name":"Smoking \u2013 Cigarette Butts","olm_key":"smoking/butts","quantity":1,"picked_up":true}],"groups":["substances"],"has_litter":false,"has_pet_waste":false,"has_substances":true,"zone":"cottonwood_zone_D","zone_edge_m":36.0,"nbhd_edge_m":null}},{"type":"Feature","geometry":{"type":"Point","coordinates":[-122.5564956665,49.208892822266]},"properties":{"id":554217,"datetime":"2026-09-21T20:15:18.000000Z","filename":"https://olm-s3.s3.eu-west-1.amazonaws.com/2026/09/21/3O5wQ2Kpix7UmJ7dn8B7gT7gxD8OPlPg0OHJuEMW.jpg","tags":[{"type":"standard","category":"other","item":"plastic","quantity":1},{"type":"standard","category":"smoking","item":"butts","quantity":1}],"objects":[{"status":"OK","on_map":true,"group":"Piece","subgroup":"","layer":"Plastic Piece","full_name":"Piece \u2013 Plastic Piece","olm_key":"other/plastic","quantity":1,"picked_up":true},{"status":"OK","on_map":true,"group":"Smoking","subgroup":"","layer":"Cigarette Butts","full_name":"Smoking \u2013 Cigarette Butts","olm_key":"smoking/butts","quantity":1,"picked_up":true}],"groups":["litter","substances"],"has_litter":true,"has_pet_waste":false,"has_substances":true,"zone":"cottonwood_zone_D","zone_edge_m":36.0,"nbhd_edge_m":null}},{"type":"Feature","geometry":{"type":"Point","coordinates":[-122.5564956665,49.208892822266]},"properties":{"id":554216,"datetime":"2026-09-21T20:15:24.000000Z","filename":"https://olm-s3.s3.eu-west-1.amazonaws.com/2026/09/21/e0Qh5s4iQDCxd2Ux8zjOB8eja6F9Hu3Kgfxph3RN.jpg","tags":[{"type":"standard","category":"smoking","item":"butts","quantity":1}],"objects":[{"status":"OK","on_map":true,"group":"Smoking","subgroup":"","layer":"Cigarette Butts","full_name":"Smoking \u2013 Cigarette Butts","olm_key":"smoking/butts","quantity":1,"picked_up":true}],"groups":["substances"],"has_litter":false,"has_pet_waste":false,"has_substances":true,"zone":"cottonwood_zone_D","zone_edge_m":36.0,"nbhd_edge_m":null}},{"type":"Feature","geometry":{"type":"Point","coordinates":[-122.5564956665,49.208892822266]},"properties":{"id":554215,"datetime":"2026-09-21T20:15:36.000000Z","filename":"https://olm-s3.s3.eu-west-1.amazonaws.com/2026/09/21/CGVadw7hf18GMCWtPlWX3vAlwJYIBjc9f6XJyMWQ.jpg","tags":[{"type":"standard","category":"smoking","item":"butts","quantity":1}],"objects":[{"status":"OK","on_map":true,"group":"Smoking","subgroup":"","layer":"Cigarette Butts","full_name":"Smoking \u2013 Cigarette Butts","olm_key":"smoking/butts","quantity":1,"picked_up":true}],"groups":["substances"],"has_litter":false,"has_pet_waste":false,"has_substances":true,"zone":"cottonwood_zone_D","zone_edge_m":36.0,"nbhd_edge_m":null}},{"type":"Feature","geometry":{"type":"Point","coordinates":[-122.5564956665,49.208892822266]},"properties":{"id":554214,"datetime":"2026-09-21T20:15:49.000000Z","filename":"https://olm-s3.s3.eu-west-1.amazonaws.com/2026/09/21/ZDn4QZBpomKJDqv0ZjMPaFUvq6LggJarHwScehJE.jpg","tags":[{"type":"standard","category":"smoking","item":"butts","quantity":4}],"objects":[{"status":"OK","on_map":true,"group":"Smoking","subgroup":"","layer":"Cigarette Butts","full_name":"Smoking \u2013 Cigarette Butts","olm_key":"smoking/butts","quantity":4,"picked_up":true}],"groups":["substances"],"has_litter":false,"has_pet_waste":false,"has_substances":true,"zone":"cottonwood_zone_D","zone_edge_m":36.0,"nbhd_edge_m":null}},{"type":"Feature","geometry":{"type":"Point","coordinates":[-122.5564956665,49.208892822266]},"properties":{"id":554213,"datetime":"2026-09-21T20:15:52.000000Z","filename":"https://olm-s3.s3.eu-west-1.amazonaws.com/2026/09/21/94zli2QkoivhQa6S4CokqQFko18iMlyNInUSwvoV.jpg","tags":[{"type":"standard","category":"smoking","item":"butts","quantity":4},{"type":"standard","category":"softdrinks","item":"straw_wrapper","quantity":1}],"objects":[{"status":"OK","on_map":true,"group":"Smoking","subgroup":"","layer":"Cigarette Butts","full_name":"Smoking \u2013 Cigarette Butts","olm_key":"smoking/butts","quantity":4,"picked_up":true},{"status":"OK","on_map":true,"group":"Convenient Food Drink","subgroup":"Drink","layer":"Drink Straw Wrapper","full_name":"Convenient Food Drink \u2013 Drink \u2013 Drink Straw Wrapper","olm_key":"softdrinks/straw_wrapper","quantity":1,"picked_up":true}],"groups":["litter","substances"],"has_litter":true,"has_pet_waste":false,"has_substances":true,"zone":"cottonwood_zone_D","zone_edge_m":36.0,"nbhd_edge_m":null}},{"type":"Feature","geometry":{"type":"Point","coordinates":[-122.5564956665,49.208892822266]},"properties":{"id":554212,"datetime":"2026-09-21T20:15:54.000000Z","filename":"https://olm-s3.s3.eu-west-1.amazonaws.com/2026/09/21/d2D8A46NiapaPfeLGI7Ab9senheipkcFjc1OS3bm.jpg","tags":[{"type":"standard","category":"softdrinks","item":"bottle_cap","quantity":1},{"type":"material","category":"material","item":"plastic","quantity":1,"parent_category":"softdrinks","parent_item":"bottle_cap"}],"objects":[{"status":"OK","on_map":true,"group":"Convenient Food Drink","subgroup":"Drink","layer":"Drink Bottle Cap","full_name":"Convenient Food Drink \u2013 Drink \u2013 Drink Bottle Cap","olm_key":"softdrinks/bottle_cap","quantity":1,"picked_up":true}],"groups":["litter"],"has_litter":true,"has_pet_waste":false,"has_substances":false,"zone":"cottonwood_zone_D","zone_edge_m":36.0,"nbhd_edge_m":null}},{"type":"Feature","geometry":{"type":"Point","coordinates":[-122.5564956665,49.208892822266]},"properties":{"id":554211,"datetime":"2026-09-21T20:15:58.000000Z","filename":"https://olm-s3.s3.eu-west-1.amazonaws.com/2026/09/21/6lWfovI3cOCVaBQ67LMRMC1kBqDq0fWWcxEJl0nI.jpg","tags":[{"type":"standard","category":"smoking","item":"butts","quantity":1}],"objects":[{"status":"OK","on_map":true,"group":"Smoking","subgroup":"","layer":"Cigarette Butts","full_name":"Smoking \u2013 Cigarette Butts","olm_key":"smoking/butts","quantity":1,"picked_up":true}],"groups":["substances"],"has_litter":false,"has_pet_waste":false,"has_substances":true,"zone":"cottonwood_zone_D","zone_edge_m":36.0,"nbhd_edge_m":null}},{"type":"Feature","geometry":{"type":"Point","coordinates":[-122.5564956665,49.208892822266]},"properties":{"id":554210,"datetime":"2026-09-21T20:15:59.000000Z","filename":"https://olm-s3.s3.eu-west-1.amazonaws.com/2026/09/21/PtyN90VjkuaHQUw7gx6KnbSwY4uriQow1KOzIHrG.jpg","tags":[{"type":"standard","category":"smoking","item":"butts","quantity":1},{"type":"standard","category":"softdrinks","item":"straw_wrapper","quantity":1},{"type":"material","category":"material","item":"paper","quantity":1,"parent_category":"softdrinks","parent_item":"straw_wrapper"}],"objects":[{"status":"OK","on_map":true,"group":"Smoking","subgroup":"","layer":"Cigarette Butts","full_name":"Smoking \u2013 Cigarette Butts","olm_key":"smoking/butts","quantity":1,"picked_up":true},{"status":"OK","on_map":true,"group":"Convenient Food Drink","subgroup":"Drink","layer":"Drink Straw Wrapper","full_name":"Convenient Food Drink \u2013 Drink \u2013 Drink Straw Wrapper","olm_key":"softdrinks/straw_wrapper","quantity":1,"picked_up":true}],"groups":["litter","substances"],"has_litter":true,"has_pet_waste":false,"has_substances":true,"zone":"cottonwood_zone_D","zone_edge_m":36.0,"nbhd_edge_m":null}},{"type":"Feature","geometry":{"type":"Point","coordinates":[-122.5564956665,49.208892822266]},"properties":{"id":554209,"datetime":"2026-09-21T20:16:04.000000Z","filename":"https://olm-s3.s3.eu-west-1.amazonaws.com/2026/09/21/tVhic99IQkFEeEl3dBVz5LnUF615JRGBl5wMgYeM.jpg","tags":[{"type":"standard","category":"smoking","item":"butts","quantity":1}],"objects":[{"status":"OK","on_map":true,"group":"Smoking","subgroup":"","layer":"Cigarette Butts","full_name":"Smoking \u2013 Cigarette Butts","olm_key":"smoking/butts","quantity":1,"picked_up":true}],"groups":["substances"],"has_litter":false,"has_pet_waste":false,"has_substances":true,"zone":"cottonwood_zone_D","zone_edge_m":36.0,"nbhd_edge_m":null}},{"type":"Feature","geometry":{"type":"Point","coordinates":[-122.5564956665,49.208892822266]},"properties":{"id":554208,"datetime":"2026-09-21T20:16:06.000000Z","filename":"https://olm-s3.s3.eu-west-1.amazonaws.com/2026/09/21/WF98bBOMiiESjeP5XTls78j7BqiCgtWVwixOEUUd.jpg","tags":[{"type":"standard","category":"smoking","item":"butts","quantity":2}],"objects":[{"status":"OK","on_map":true,"group":"Smoking","subgroup":"","layer":"Cigarette Butts","full_name":"Smoking \u2013 Cigarette Butts","olm_key":"smoking/butts","quantity":2,"picked_up":true}],"groups":["substances"],"has_litter":false,"has_pet_waste":false,"has_substances":true,"zone":"cottonwood_zone_D","zone_edge_m":36.0,"nbhd_edge_m":null}},{"type":"Feature","geometry":{"type":"Point","coordinates":[-122.55778503418,49.208984375]},"properties":{"id":554207,"datetime":"2026-09-21T20:16:47.000000Z","filename":"https://olm-s3.s3.eu-west-1.amazonaws.com/2026/09/21/ohgeOuTiLE1JhOYT85Tbe2xtG9l44FSJRSEBgFT3.jpg","tags":[{"type":"standard","category":"smoking","item":"butts","quantity":1}],"objects":[{"status":"OK","on_map":true,"group":"Smoking","subgroup":"","layer":"Cigarette Butts","full_name":"Smoking \u2013 Cigarette Butts","olm_key":"smoking/butts","quantity":1,"picked_up":true}],"groups":["substances"],"has_litter":false,"has_pet_waste":false,"has_substances":true,"zone":"cottonwood_zone_D","zone_edge_m":79.5,"nbhd_edge_m":null}},{"type":"Feature","geometry":{"type":"Point","coordinates":[-122.55778503418,49.208984375]},"properties":{"id":554206,"datetime":"2026-09-21T20:17:04.000000Z","filename":"https://olm-s3.s3.eu-west-1.amazonaws.com/2026/09/21/u9ZisgZIkSqyTFER0OOXW1eeN0UMhzqMVqfac07X.jpg","tags":[{"type":"standard","category":"smoking","item":"butts","quantity":1}],"objects":[{"status":"OK","on_map":true,"group":"Smoking","subgroup":"","layer":"Cigarette Butts","full_name":"Smoking \u2013 Cigarette Butts","olm_key":"smoking/butts","quantity":1,"picked_up":true}],"groups":["substances"],"has_litter":false,"has_pet_waste":false,"has_substances":true,"zone":"cottonwood_zone_D","zone_edge_m":79.5,"nbhd_edge_m":null}},{"type":"Feature","geometry":{"type":"Point","coordinates":[-122.55778503418,49.208984375]},"properties":{"id":554205,"datetime":"2026-09-21T20:17:15.000000Z","filename":"https://olm-s3.s3.eu-west-1.amazonaws.com/2026/09/21/BDWR0PrU2BMR6ioMNqkuAquWRmtFXwhl1FqSQc9b.jpg","tags":[{"type":"standard","category":"smoking","item":"packaging","quantity":1},{"type":"material","category":"material","item":"paper","quantity":1,"parent_category":"smoking","parent_item":"packaging"}],"objects":[{"status":"OK","on_map":true,"group":"Smoking","subgroup":"","layer":"Nicotine Packaging","full_name":"Smoking \u2013 Nicotine Packaging","olm_key":"smoking/packaging","quantity":1,"picked_up":true}],"groups":["substances"],"has_litter":false,"has_pet_waste":false,"has_substances":true,"zone":"cottonwood_zone_D","zone_edge_m":79.5,"nbhd_edge_m":null}},{"type":"Feature","geometry":{"type":"Point","coordinates":[-122.55778503418,49.208984375]},"properties":{"id":554204,"datetime":"2026-09-21T20:17:20.000000Z","filename":"https://olm-s3.s3.eu-west-1.amazonaws.com/2026/09/21/QB1doPByvSs53BBFM2cuFxShL229VBsG2MawKIIr.jpg","tags":[{"type":"standard","category":"smoking","item":"butts","quantity":1}],"objects":[{"status":"OK","on_map":true,"group":"Smoking","subgroup":"","layer":"Cigarette Butts","full_name":"Smoking \u2013 Cigarette Butts","olm_key":"smoking/butts","quantity":1,"picked_up":true}],"groups":["substances"],"has_litter":false,"has_pet_waste":false,"has_substances":true,"zone":"cottonwood_zone_D","zone_edge_m":79.5,"nbhd_edge_m":null}},{"type":"Feature","geometry":{"type":"Point","coordinates":[-122.55778503418,49.208984375]},"properties":{"id":554203,"datetime":"2026-09-21T20:17:28.000000Z","filename":"https://olm-s3.s3.eu-west-1.amazonaws.com/2026/09/21/xHMYL248SkuP1oSRnlebzCUCGoxAlKRDUAgFBFHA.jpg","tags":[{"type":"standard","category":"smoking","item":"butts","quantity":1}],"objects":[{"status":"OK","on_map":true,"group":"Smoking","subgroup":"","layer":"Cigarette Butts","full_name":"Smoking \u2013 Cigarette Butts","olm_key":"smoking/butts","quantity":1,"picked_up":true}],"groups":["substances"],"has_litter":false,"has_pet_waste":false,"has_substances":true,"zone":"cottonwood_zone_D","zone_edge_m":79.5,"nbhd_edge_m":null}},{"type":"Feature","geometry":{"type":"Point","coordinates":[-122.55778503418,49.208984375]},"properties":{"id":554202,"datetime":"2026-09-21T20:17:51.000000Z","filename":"https://olm-s3.s3.eu-west-1.amazonaws.com/2026/09/21/3zTuHCY0S4XNo2cgVhrMGZHexk5dHNNhi12HYRmn.jpg","tags":[{"type":"standard","category":"vehicles","item":"car_part","quantity":1},{"type":"custom_tag","category":"custom_tag","item":"Car20260921A","quantity":1,"parent_category":"vehicles","parent_item":"car_part"}],"objects":[{"status":"OK","on_map":true,"group":"Piece","subgroup":"","layer":"Motor Vehicle Part Piece","full_name":"Piece \u2013 Motor Vehicle Part Piece","olm_key":"vehicles/car_part","quantity":1,"picked_up":true}],"groups":["litter"],"has_litter":true,"has_pet_waste":false,"has_substances":false,"zone":"cottonwood_zone_D","zone_edge_m":79.5,"nbhd_edge_m":null}},{"type":"Feature","geometry":{"type":"Point","coordinates":[-122.55778503418,49.208984375]},"properties":{"id":554201,"datetime":"2026-09-21T20:17:57.000000Z","filename":"https://olm-s3.s3.eu-west-1.amazonaws.com/2026/09/21/NkZr195BW2Vcozk1dtZNahUifbyVwkjQ5sxdu6H3.jpg","tags":[{"type":"standard","category":"vehicles","item":"car_part","quantity":1},{"type":"custom_tag","category":"custom_tag","item":"Car20260921A","quantity":1,"parent_category":"vehicles","parent_item":"car_part"}],"objects":[{"status":"OK","on_map":true,"group":"Piece","subgroup":"","layer":"Motor Vehicle Part Piece","full_name":"Piece \u2013 Motor Vehicle Part Piece","olm_key":"vehicles/car_part","quantity":1,"picked_up":true}],"groups":["litter"],"has_litter":true,"has_pet_waste":false,"has_substances":false,"zone":"cottonwood_zone_D","zone_edge_m":79.5,"nbhd_edge_m":null}},{"type":"Feature","geometry":{"type":"Point","coordinates":[-122.55778503418,49.208984375]},"properties":{"id":554200,"datetime":"2026-09-21T20:18:02.000000Z","filename":"https://olm-s3.s3.eu-west-1.amazonaws.com/2026/09/21/hOwwNzFH54FTV2UmbF7S63pqYHRZBaO4luatOWLj.jpg","tags":[{"type":"standard","category":"smoking","item":"butts","quantity":2}],"objects":[{"status":"OK","on_map":true,"group":"Smoking","subgroup":"","layer":"Cigarette Butts","full_name":"Smoking \u2013 Cigarette Butts","olm_key":"smoking/butts","quantity":2,"picked_up":true}],"groups":["substances"],"has_litter":false,"has_pet_waste":false,"has_substances":true,"zone":"cottonwood_zone_D","zone_edge_m":79.5,"nbhd_edge_m":null}},{"type":"Feature","geometry":{"type":"Point","coordinates":[-122.55778503418,49.208984375]},"properties":{"id":554199,"datetime":"2026-09-21T20:18:06.000000Z","filename":"https://olm-s3.s3.eu-west-1.amazonaws.com/2026/09/21/fHRlf2CPD8h2RahlTqlR62JR8c8bTXbZTcwnD5aG.jpg","tags":[{"type":"standard","category":"food","item":"wrapper","quantity":1},{"type":"material","category":"material","item":"foil","quantity":1,"parent_category":"food","parent_item":"wrapper"},{"type":"material","category":"material","item":"plastic","quantity":1,"parent_category":"food","parent_item":"wrapper"}],"objects":[{"status":"OK","on_map":true,"group":"Convenient Food Drink","subgroup":"Snack","layer":"Foil / Plastic Film Snack Wrapper","full_name":"Convenient Food Drink \u2013 Snack \u2013 Foil / Plastic Film Snack Wrapper","olm_key":"food/wrapper","quantity":1,"picked_up":true}],"groups":["litter"],"has_litter":true,"has_pet_waste":false,"has_substances":false,"zone":"cottonwood_zone_D","zone_edge_m":79.5,"nbhd_edge_m":null}},{"type":"Feature","geometry":{"type":"Point","coordinates":[-122.55778503418,49.208984375]},"properties":{"id":554198,"datetime":"2026-09-21T20:18:16.000000Z","filename":"https://olm-s3.s3.eu-west-1.amazonaws.com/2026/09/21/U4svFJTqd9HH9xYfiNlx90pwyQdKB8bCzF052Jnk.jpg","tags":[{"type":"standard","category":"smoking","item":"butts","quantity":1}],"objects":[{"status":"OK","on_map":true,"group":"Smoking","subgroup":"","layer":"Cigarette Butts","full_name":"Smoking \u2013 Cigarette Butts","olm_key":"smoking/butts","quantity":1,"picked_up":true}],"groups":["substances"],"has_litter":false,"has_pet_waste":false,"has_substances":true,"zone":"cottonwood_zone_D","zone_edge_m":79.5,"nbhd_edge_m":null}},{"type":"Feature","geometry":{"type":"Point","coordinates":[-122.55778503418,49.208984375]},"properties":{"id":554197,"datetime":"2026-09-21T20:18:22.000000Z","filename":"https://olm-s3.s3.eu-west-1.amazonaws.com/2026/09/21/E3xd24HZlZGH78QURc0eQrsEi0yFqrW5xsDrFPeI.jpg","tags":[{"type":"standard","category":"food","item":"wrapper","quantity":1},{"type":"material","category":"material","item":"foil","quantity":1,"parent_category":"food","parent_item":"wrapper"},{"type":"material","category":"material","item":"plastic","quantity":1,"parent_category":"food","parent_item":"wrapper"}],"objects":[{"status":"OK","on_map":true,"group":"Convenient Food Drink","subgroup":"Snack","layer":"Foil / Plastic Film Snack Wrapper","full_name":"Convenient Food Drink \u2013 Snack \u2013 Foil / Plastic Film Snack Wrapper","olm_key":"food/wrapper","quantity":1,"picked_up":true}],"groups":["litter"],"has_litter":true,"has_pet_waste":false,"has_substances":false,"zone":"cottonwood_zone_D","zone_edge_m":79.5,"nbhd_edge_m":null}},{"type":"Feature","geometry":{"type":"Point","coordinates":[-122.55778503418,49.208984375]},"properties":{"id":554196,"datetime":"2026-09-21T20:18:39.000000Z","filename":"https://olm-s3.s3.eu-west-1.amazonaws.com/2026/09/21/iMlFwPzjEOY3uVrhTigDLZ97ZEHf8IxvFMFH1znD.jpg","tags":[{"type":"standard","category":"food","item":"wrapper","quantity":1},{"type":"material","category":"material","item":"foil","quantity":1,"parent_category":"food","parent_item":"wrapper"},{"type":"material","category":"material","item":"plastic","quantity":1,"parent_category":"food","parent_item":"wrapper"}],"objects":[{"status":"OK","on_map":true,"group":"Convenient Food Drink","subgroup":"Snack","layer":"Foil / Plastic Film Snack Wrapper","full_name":"Convenient Food Drink \u2013 Snack \u2013 Foil / Plastic Film Snack Wrapper","olm_key":"food/wrapper","quantity":1,"picked_up":true}],"groups":["litter"],"has_litter":true,"has_pet_waste":false,"has_substances":false,"zone":"cottonwood_zone_D","zone_edge_m":79.5,"nbhd_edge_m":null}},{"type":"Feature","geometry":{"type":"Point","coordinates":[-122.55778503418,49.208984375]},"properties":{"id":554195,"datetime":"2026-09-21T20:18:45.000000Z","filename":"https://olm-s3.s3.eu-west-1.amazonaws.com/2026/09/21/tZknQ8WPhvP1yGZHoqJZh1cMvAX77FwHbQmuqCXP.jpg","tags":[{"type":"standard","category":"other","item":"plastic","quantity":1}],"objects":[{"status":"OK","on_map":true,"group":"Piece","subgroup":"","layer":"Plastic Piece","full_name":"Piece \u2013 Plastic Piece","olm_key":"other/plastic","quantity":1,"picked_up":true}],"groups":["litter"],"has_litter":true,"has_pet_waste":false,"has_substances":false,"zone":"cottonwood_zone_D","zone_edge_m":79.5,"nbhd_edge_m":null}},{"type":"Feature","geometry":{"type":"Point","coordinates":[-122.55698394775,49.210468292236]},"properties":{"id":554194,"datetime":"2026-09-21T20:18:48.000000Z","filename":"https://olm-s3.s3.eu-west-1.amazonaws.com/2026/09/21/35fuUNdHzQhN5gclwU95EYxhJkr7vFRIMvogcJU5.jpg","tags":[{"type":"standard","category":"marine","item":"polystyrene_fragment","quantity":1}],"objects":[{"status":"OK","on_map":true,"group":"Piece","subgroup":"","layer":"Styrofoam Piece","full_name":"Piece \u2013 Styrofoam Piece","olm_key":"marine/polystyrene_fragment","quantity":1,"picked_up":true}],"groups":["litter"],"has_litter":true,"has_pet_waste":false,"has_substances":false,"zone":"cottonwood_zone_C","zone_edge_m":71.6,"nbhd_edge_m":null}},{"type":"Feature","geometry":{"type":"Point","coordinates":[-122.55693817139,49.210426330566]},"properties":{"id":554193,"datetime":"2026-09-21T20:18:53.000000Z","filename":"https://olm-s3.s3.eu-west-1.amazonaws.com/2026/09/21/qMeoXnBFSXG3gJbVdqCMrNkL0ZayAqWkwpXHj0sE.jpg","tags":[{"type":"standard","category":"marine","item":"polystyrene_fragment","quantity":2}],"objects":[{"status":"OK","on_map":true,"group":"Piece","subgroup":"","layer":"Styrofoam Piece","full_name":"Piece \u2013 Styrofoam Piece","olm_key":"marine/polystyrene_fragment","quantity":2,"picked_up":true}],"groups":["litter"],"has_litter":true,"has_pet_waste":false,"has_substances":false,"zone":"cottonwood_zone_C","zone_edge_m":68.2,"nbhd_edge_m":null}},{"type":"Feature","geometry":{"type":"Point","coordinates":[-122.55693817139,49.210426330566]},"properties":{"id":554192,"datetime":"2026-09-21T20:19:25.000000Z","filename":"https://olm-s3.s3.eu-west-1.amazonaws.com/2026/09/21/ovnXzZgBFZb1SuC4qB8W6SlBf8FmIR05Fyce8QuZ.jpg","tags":[{"type":"standard","category":"pets","item":"dogshit","quantity":1}],"objects":[{"status":"OK","on_map":true,"group":"Fecal","subgroup":"","layer":"Pet Waste Unbagged","full_name":"Fecal \u2013 Pet Waste Unbagged","olm_key":"pets/dogshit","quantity":1,"picked_up":false}],"groups":["pet_waste"],"has_litter":false,"has_pet_waste":true,"has_substances":false,"zone":"cottonwood_zone_C","zone_edge_m":68.2,"nbhd_edge_m":null}},{"type":"Feature","geometry":{"type":"Point","coordinates":[-122.55757141113,49.210235595703]},"properties":{"id":554191,"datetime":"2026-09-21T20:20:37.000000Z","filename":"https://olm-s3.s3.eu-west-1.amazonaws.com/2026/09/21/YqGUoK9foqHVZ0UDIuZrq03y105sucCfyAFs6jnc.jpg","tags":[{"type":"standard","category":"food","item":"packaging","quantity":1},{"type":"brand","category":"brand","item":"mcdonalds","quantity":1,"parent_category":"food","parent_item":"packaging"}],"objects":[{"status":"OK","on_map":true,"group":"Convenient Food Drink","subgroup":"Take-out","layer":"Food Packaging","full_name":"Convenient Food Drink \u2013 Take-out \u2013 Food Packaging","olm_key":"food/packaging","quantity":1,"picked_up":true}],"groups":["litter"],"has_litter":true,"has_pet_waste":false,"has_substances":false,"zone":"cottonwood_zone_C","zone_edge_m":50.7,"nbhd_edge_m":null}},{"type":"Feature","geometry":{"type":"Point","coordinates":[-122.55757141113,49.210235595703]},"properties":{"id":554190,"datetime":"2026-09-21T20:21:13.000000Z","filename":"https://olm-s3.s3.eu-west-1.amazonaws.com/2026/09/21/2r9EnjHefchCCkHGmbGtKbKGpuUAWcTYst0t9p92.jpg","tags":[{"type":"standard","category":"food","item":"packaging","quantity":1},{"type":"material","category":"material","item":"paper","quantity":1,"parent_category":"food","parent_item":"packaging"},{"type":"standard","category":"smoking","item":"butts","quantity":2}],"objects":[{"status":"OK","on_map":true,"group":"Convenient Food Drink","subgroup":"Take-out","layer":"Food Packaging","full_name":"Convenient Food Drink \u2013 Take-out \u2013 Food Packaging","olm_key":"food/packaging","quantity":1,"picked_up":true},{"status":"OK","on_map":true,"group":"Smoking","subgroup":"","layer":"Cigarette Butts","full_name":"Smoking \u2013 Cigarette Butts","olm_key":"smoking/butts","quantity":2,"picked_up":true}],"groups":["litter","substances"],"has_litter":true,"has_pet_waste":false,"has_substances":true,"zone":"cottonwood_zone_C","zone_edge_m":50.7,"nbhd_edge_m":null}},{"type":"Feature","geometry":{"type":"Point","coordinates":[-122.55757141113,49.210235595703]},"properties":{"id":554189,"datetime":"2026-09-21T20:21:34.000000Z","filename":"https://olm-s3.s3.eu-west-1.amazonaws.com/2026/09/21/S5ELVI6yhK3Rn6MNQDNdmRhaLYPgxkpN97b8v7Mj.jpg","tags":[{"type":"standard","category":"softdrinks","item":"straw","quantity":1}],"objects":[{"status":"OK","on_map":true,"group":"Convenient Food Drink","subgroup":"Drink","layer":"Paper Drink Straws","full_name":"Convenient Food Drink \u2013 Drink \u2013 Paper Drink Straws","olm_key":"softdrinks/straw","quantity":1,"picked_up":true}],"groups":["litter"],"has_litter":true,"has_pet_waste":false,"has_substances":false,"zone":"cottonwood_zone_C","zone_edge_m":50.7,"nbhd_edge_m":null}},{"type":"Feature","geometry":{"type":"Point","coordinates":[-122.55757141113,49.210235595703]},"properties":{"id":554188,"datetime":"2026-09-21T20:21:40.000000Z","filename":"https://olm-s3.s3.eu-west-1.amazonaws.com/2026/09/21/5QgGj0HskvqOEPfdrevxdhD1sAXdxTWsyqlAEjRw.jpg","tags":[{"type":"standard","category":"smoking","item":"butts","quantity":1}],"objects":[{"status":"OK","on_map":true,"group":"Smoking","subgroup":"","layer":"Cigarette Butts","full_name":"Smoking \u2013 Cigarette Butts","olm_key":"smoking/butts","quantity":1,"picked_up":true}],"groups":["substances"],"has_litter":false,"has_pet_waste":false,"has_substances":true,"zone":"cottonwood_zone_C","zone_edge_m":50.7,"nbhd_edge_m":null}},{"type":"Feature","geometry":{"type":"Point","coordinates":[-122.55757141113,49.210235595703]},"properties":{"id":554187,"datetime":"2026-09-21T20:21:58.000000Z","filename":"https://olm-s3.s3.eu-west-1.amazonaws.com/2026/09/21/q0O1xOp0ksKkP17OfGzhTYPEhBM2vV5kyoUK4Ch3.jpg","tags":[{"type":"standard","category":"smoking","item":"butts","quantity":2}],"objects":[{"status":"OK","on_map":true,"group":"Smoking","subgroup":"","layer":"Cigarette Butts","full_name":"Smoking \u2013 Cigarette Butts","olm_key":"smoking/butts","quantity":2,"picked_up":true}],"groups":["substances"],"has_litter":false,"has_pet_waste":false,"has_substances":true,"zone":"cottonwood_zone_C","zone_edge_m":50.7,"nbhd_edge_m":null}},{"type":"Feature","geometry":{"type":"Point","coordinates":[-122.55757141113,49.210235595703]},"properties":{"id":554186,"datetime":"2026-09-21T20:22:04.000000Z","filename":"https://olm-s3.s3.eu-west-1.amazonaws.com/2026/09/21/zFPcWNBBV7ALZXKgjFWmZN37FRJ6BC1qixCDnwAP.jpg","tags":[{"type":"standard","category":"smoking","item":"butts","quantity":1}],"objects":[{"status":"OK","on_map":true,"group":"Smoking","subgroup":"","layer":"Cigarette Butts","full_name":"Smoking \u2013 Cigarette Butts","olm_key":"smoking/butts","quantity":1,"picked_up":true}],"groups":["substances"],"has_litter":false,"has_pet_waste":false,"has_substances":true,"zone":"cottonwood_zone_C","zone_edge_m":50.7,"nbhd_edge_m":null}},{"type":"Feature","geometry":{"type":"Point","coordinates":[-122.55757141113,49.210235595703]},"properties":{"id":554185,"datetime":"2026-09-21T20:22:11.000000Z","filename":"https://olm-s3.s3.eu-west-1.amazonaws.com/2026/09/21/SaMt79tUqf12ohAjHJAUv4bKNgLSaR4azzOUT83S.jpg","tags":[{"type":"standard","category":"other","item":"plastic","quantity":1}],"objects":[{"status":"OK","on_map":true,"group":"Piece","subgroup":"","layer":"Plastic Piece","full_name":"Piece \u2013 Plastic Piece","olm_key":"other/plastic","quantity":1,"picked_up":true}],"groups":["litter"],"has_litter":true,"has_pet_waste":false,"has_substances":false,"zone":"cottonwood_zone_C","zone_edge_m":50.7,"nbhd_edge_m":null}},{"type":"Feature","geometry":{"type":"Point","coordinates":[-122.55757141113,49.210235595703]},"properties":{"id":554184,"datetime":"2026-09-21T20:22:16.000000Z","filename":"https://olm-s3.s3.eu-west-1.amazonaws.com/2026/09/21/tpUC6rzDUfllKWPoFNIx157YJ77BuPGo39714GnZ.jpg","tags":[{"type":"standard","category":"other","item":"paper","quantity":1},{"type":"material","category":"material","item":"paper","quantity":1,"parent_category":"other","parent_item":"paper"}],"objects":[{"status":"OK","on_map":true,"group":"Piece","subgroup":"","layer":"Paper Piece","full_name":"Piece \u2013 Paper Piece","olm_key":"other/paper","quantity":1,"picked_up":true}],"groups":["litter"],"has_litter":true,"has_pet_waste":false,"has_substances":false,"zone":"cottonwood_zone_C","zone_edge_m":50.7,"nbhd_edge_m":null}},{"type":"Feature","geometry":{"type":"Point","coordinates":[-122.55930328369,49.210132598877]},"properties":{"id":554183,"datetime":"2026-09-21T20:22:26.000000Z","filename":"https://olm-s3.s3.eu-west-1.amazonaws.com/2026/09/21/TSxY6c0pdoYSTOQx0kvAy4QNunbKlGwidtwg7UBZ.jpg","tags":[{"type":"standard","category":"sanitary","item":"wipes","quantity":3},{"type":"standard","category":"smoking","item":"butts","quantity":1}],"objects":[{"status":"OK","on_map":true,"group":"Household","subgroup":"","layer":"Wet Wipes","full_name":"Household \u2013 Wet Wipes","olm_key":"sanitary/wipes","quantity":3,"picked_up":true},{"status":"OK","on_map":true,"group":"Smoking","subgroup":"","layer":"Cigarette Butts","full_name":"Smoking \u2013 Cigarette Butts","olm_key":"smoking/butts","quantity":1,"picked_up":true}],"groups":["litter","substances"],"has_litter":true,"has_pet_waste":false,"has_substances":true,"zone":"cottonwood_zone_C","zone_edge_m":39.3,"nbhd_edge_m":null}},{"type":"Feature","geometry":{"type":"Point","coordinates":[-122.55925750732,49.210113525391]},"properties":{"id":554182,"datetime":"2026-09-21T20:22:44.000000Z","filename":"https://olm-s3.s3.eu-west-1.amazonaws.com/2026/09/21/idud7hgjKnUPgTsUC8mCmxgkM0BcjO1i4myFPfci.jpg","tags":[{"type":"standard","category":"other","item":"plastic","quantity":1},{"type":"custom_tag","category":"custom_tag","item":"Breadclip","quantity":1,"parent_category":"other","parent_item":"plastic"}],"objects":[{"status":"OK","on_map":true,"group":"Piece","subgroup":"","layer":"Plastic Piece","full_name":"Piece \u2013 Plastic Piece","olm_key":"other/plastic","quantity":1,"picked_up":true}],"groups":["litter"],"has_litter":true,"has_pet_waste":false,"has_substances":false,"zone":"cottonwood_zone_C","zone_edge_m":37.1,"nbhd_edge_m":null}},{"type":"Feature","geometry":{"type":"Point","coordinates":[-122.55925750732,49.210113525391]},"properties":{"id":554181,"datetime":"2026-09-21T20:23:01.000000Z","filename":"https://olm-s3.s3.eu-west-1.amazonaws.com/2026/09/21/hhyi0dBw4pryCyP6R3Elej3SI9by2qcZcHKdjKAa.jpg","tags":[{"type":"standard","category":"other","item":"plastic","quantity":1}],"objects":[{"status":"OK","on_map":true,"group":"Piece","subgroup":"","layer":"Plastic Piece","full_name":"Piece \u2013 Plastic Piece","olm_key":"other/plastic","quantity":1,"picked_up":true}],"groups":["litter"],"has_litter":true,"has_pet_waste":false,"has_substances":false,"zone":"cottonwood_zone_C","zone_edge_m":37.1,"nbhd_edge_m":null}},{"type":"Feature","geometry":{"type":"Point","coordinates":[-122.55925750732,49.210113525391]},"properties":{"id":554180,"datetime":"2026-09-21T20:23:20.000000Z","filename":"https://olm-s3.s3.eu-west-1.amazonaws.com/2026/09/21/WGxOuO6Fp9zzoNRo6AOjyUvoIrXZRQfVNV7OSCou.jpg","tags":[{"type":"standard","category":"other","item":"plastic","quantity":2}],"objects":[{"status":"OK","on_map":true,"group":"Piece","subgroup":"","layer":"Plastic Piece","full_name":"Piece \u2013 Plastic Piece","olm_key":"other/plastic","quantity":2,"picked_up":true}],"groups":["litter"],"has_litter":true,"has_pet_waste":false,"has_substances":false,"zone":"cottonwood_zone_C","zone_edge_m":37.1,"nbhd_edge_m":null}},{"type":"Feature","geometry":{"type":"Point","coordinates":[-122.55925750732,49.210113525391]},"properties":{"id":554179,"datetime":"2026-09-21T20:23:34.000000Z","filename":"https://olm-s3.s3.eu-west-1.amazonaws.com/2026/09/21/sROSRMvcIQCXjFIL9df84MMWRzX9DDSSnSKyyhyZ.jpg","tags":[{"type":"standard","category":"food","item":"straw","quantity":1},{"type":"material","category":"material","item":"plastic","quantity":1,"parent_category":"food","parent_item":"straw"}],"objects":[{"status":"OK","on_map":true,"group":"Household","subgroup":"","layer":"Plastic Straws","full_name":"Household \u2013 Plastic Straws","olm_key":"food/straw","quantity":1,"picked_up":true}],"groups":["litter"],"has_litter":true,"has_pet_waste":false,"has_substances":false,"zone":"cottonwood_zone_C","zone_edge_m":37.1,"nbhd_edge_m":null}},{"type":"Feature","geometry":{"type":"Point","coordinates":[-122.55925750732,49.210113525391]},"properties":{"id":554178,"datetime":"2026-09-21T20:24:24.000000Z","filename":"https://olm-s3.s3.eu-west-1.amazonaws.com/2026/09/21/rm8WcqHrDrylP5HJRQpzahpt9ORXZbQ8hMoJO2UI.jpg","tags":[{"type":"standard","category":"other","item":"other","quantity":1},{"type":"material","category":"material","item":"polyester","quantity":1,"parent_category":"other","parent_item":"other"},{"type":"custom_tag","category":"custom_tag","item":"Fiberfill","quantity":1,"parent_category":"other","parent_item":"other"}],"objects":[{"status":"OK","on_map":true,"group":"Household","subgroup":"","layer":"Household misc","full_name":"Household \u2013 Household misc","olm_key":"other/other","quantity":1,"picked_up":true}],"groups":["litter"],"has_litter":true,"has_pet_waste":false,"has_substances":false,"zone":"cottonwood_zone_C","zone_edge_m":37.1,"nbhd_edge_m":null}},{"type":"Feature","geometry":{"type":"Point","coordinates":[-122.55925750732,49.210113525391]},"properties":{"id":554177,"datetime":"2026-09-21T20:24:28.000000Z","filename":"https://olm-s3.s3.eu-west-1.amazonaws.com/2026/09/21/4Za0gjWyMEkVRhcVmYHvkWbrx6aczo9NFxWdCtU1.jpg","tags":[{"type":"standard","category":"other","item":"paper","quantity":1},{"type":"material","category":"material","item":"paper","quantity":1,"parent_category":"other","parent_item":"paper"}],"objects":[{"status":"OK","on_map":true,"group":"Piece","subgroup":"","layer":"Paper Piece","full_name":"Piece \u2013 Paper Piece","olm_key":"other/paper","quantity":1,"picked_up":true}],"groups":["litter"],"has_litter":true,"has_pet_waste":false,"has_substances":false,"zone":"cottonwood_zone_C","zone_edge_m":37.1,"nbhd_edge_m":null}},{"type":"Feature","geometry":{"type":"Point","coordinates":[-122.56105804443,49.209957122803]},"properties":{"id":554176,"datetime":"2026-09-21T20:24:34.000000Z","filename":"https://olm-s3.s3.eu-west-1.amazonaws.com/2026/09/21/c8Z6XXsdHgNewo5WVjuaQ4wJ1X0hx6HQtlojGECj.jpg","tags":[{"type":"standard","category":"other","item":"paper","quantity":1},{"type":"material","category":"material","item":"paper","quantity":1,"parent_category":"other","parent_item":"paper"}],"objects":[{"status":"OK","on_map":true,"group":"Piece","subgroup":"","layer":"Paper Piece","full_name":"Piece \u2013 Paper Piece","olm_key":"other/paper","quantity":1,"picked_up":true}],"groups":["litter"],"has_litter":true,"has_pet_waste":false,"has_substances":false,"zone":"cottonwood_zone_C","zone_edge_m":19.7,"nbhd_edge_m":null}},{"type":"Feature","geometry":{"type":"Point","coordinates":[-122.56105804443,49.209957122803]},"properties":{"id":554175,"datetime":"2026-09-21T20:24:41.000000Z","filename":"https://olm-s3.s3.eu-west-1.amazonaws.com/2026/09/21/Z47EnuXYGXxFyHj4GLL7wuEYQ5ecbCie9E7VVbJt.jpg","tags":[{"type":"standard","category":"smoking","item":"butts","quantity":1}],"objects":[{"status":"OK","on_map":true,"group":"Smoking","subgroup":"","layer":"Cigarette Butts","full_name":"Smoking \u2013 Cigarette Butts","olm_key":"smoking/butts","quantity":1,"picked_up":true}],"groups":["substances"],"has_litter":false,"has_pet_waste":false,"has_substances":true,"zone":"cottonwood_zone_C","zone_edge_m":19.7,"nbhd_edge_m":null}},{"type":"Feature","geometry":{"type":"Point","coordinates":[-122.56105804443,49.209957122803]},"properties":{"id":554174,"datetime":"2026-09-21T20:24:51.000000Z","filename":"https://olm-s3.s3.eu-west-1.amazonaws.com/2026/09/21/3yW9Fj7VS1ZkcrtEiKY5RchTApOuI76Q2zGGT9qR.jpg","tags":[{"type":"standard","category":"other","item":"plastic","quantity":1}],"objects":[{"status":"OK","on_map":true,"group":"Piece","subgroup":"","layer":"Plastic Piece","full_name":"Piece \u2013 Plastic Piece","olm_key":"other/plastic","quantity":1,"picked_up":true}],"groups":["litter"],"has_litter":true,"has_pet_waste":false,"has_substances":false,"zone":"cottonwood_zone_C","zone_edge_m":19.7,"nbhd_edge_m":null}},{"type":"Feature","geometry":{"type":"Point","coordinates":[-122.56105804443,49.209957122803]},"properties":{"id":554173,"datetime":"2026-09-21T20:24:56.000000Z","filename":"https://olm-s3.s3.eu-west-1.amazonaws.com/2026/09/21/QWCL6WC2tgaHFR0XBR1UgIKjB2gJQZ2bgWtlOjcZ.jpg","tags":[{"type":"standard","category":"smoking","item":"butts","quantity":1}],"objects":[{"status":"OK","on_map":true,"group":"Smoking","subgroup":"","layer":"Cigarette Butts","full_name":"Smoking \u2013 Cigarette Butts","olm_key":"smoking/butts","quantity":1,"picked_up":true}],"groups":["substances"],"has_litter":false,"has_pet_waste":false,"has_substances":true,"zone":"cottonwood_zone_C","zone_edge_m":19.7,"nbhd_edge_m":null}},{"type":"Feature","geometry":{"type":"Point","coordinates":[-122.56402587891,49.199871063232]},"properties":{"id":553851,"datetime":"2026-09-17T19:28:37.000000Z","filename":"https://olm-s3.s3.eu-west-1.amazonaws.com/2026/09/17/JOsMZ79rB9QmT3KSfx1lc4zaw2XtTdGZfJc6UuD7.jpg","tags":[{"type":"standard","category":"other","item":"paper","quantity":1},{"type":"material","category":"material","item":"paper","quantity":1,"parent_category":"other","parent_item":"paper"},{"type":"custom_tag","category":"custom_tag","item":"Piece","quantity":1,"parent_category":"other","parent_item":"paper"},{"type":"standard","category":"sanitary","item":"tissue","quantity":1}],"objects":[{"status":"OK","on_map":true,"group":"Piece","subgroup":"","layer":"Paper Piece","full_name":"Piece \u2013 Paper Piece","olm_key":"other/paper","quantity":1,"picked_up":true},{"status":"OK","on_map":true,"group":"Household","subgroup":"","layer":"Hygiene Paper","full_name":"Household \u2013 Hygiene Paper","olm_key":"sanitary/tissue","quantity":1,"picked_up":true}],"groups":["litter"],"has_litter":true,"has_pet_waste":false,"has_substances":false,"zone":"cottonwood_zone_F","zone_edge_m":34.5,"nbhd_edge_m":null}},{"type":"Feature","geometry":{"type":"Point","coordinates":[-122.55806732178,49.210166931152]},"properties":{"id":553850,"datetime":"2026-09-18T19:47:13.000000Z","filename":"https://olm-s3.s3.eu-west-1.amazonaws.com/2026/09/18/ttOAmcQhaLMKRKv8CXwfA0coUhV6w2THvLyHIojs.jpg","tags":[{"type":"standard","category":"other","item":"plastic","quantity":1},{"type":"material","category":"material","item":"plastic","quantity":1,"parent_category":"other","parent_item":"plastic"}],"objects":[{"status":"OK","on_map":true,"group":"Piece","subgroup":"","layer":"Plastic Piece","full_name":"Piece \u2013 Plastic Piece","olm_key":"other/plastic","quantity":1,"picked_up":true}],"groups":["litter"],"has_litter":true,"has_pet_waste":false,"has_substances":false,"zone":"cottonwood_zone_C","zone_edge_m":43.1,"nbhd_edge_m":null}},{"type":"Feature","geometry":{"type":"Point","coordinates":[-122.5583190918,49.213268280029]},"properties":{"id":553849,"datetime":"2026-09-18T19:55:12.000000Z","filename":"https://olm-s3.s3.eu-west-1.amazonaws.com/2026/09/18/SELlK71K7FTRruHmfjn6LuyiyXRqCZn22SJqbHg4.jpg","tags":[{"type":"standard","category":"smoking","item":"packaging","quantity":1},{"type":"custom_tag","category":"custom_tag","item":"THC","quantity":1,"parent_category":"smoking","parent_item":"packaging"}],"objects":[{"status":"OK","on_map":true,"group":"Smoking","subgroup":"","layer":"Cannabis Packaging","full_name":"Smoking \u2013 Cannabis Packaging","olm_key":"smoking/packaging","quantity":1,"picked_up":true}],"groups":["substances"],"has_litter":false,"has_pet_waste":false,"has_substances":true,"zone":"cottonwood_zone_B","zone_edge_m":72.2,"nbhd_edge_m":null}},{"type":"Feature","geometry":{"type":"Point","coordinates":[-122.5583190918,49.213268280029]},"properties":{"id":553848,"datetime":"2026-09-18T19:55:16.000000Z","filename":"https://olm-s3.s3.eu-west-1.amazonaws.com/2026/09/18/YiqdtMzBuvxl5e2zbJMJGESx54R9c9dOuBi2SL4J.jpg","tags":[{"type":"standard","category":"smoking","item":"packaging","quantity":1},{"type":"custom_tag","category":"custom_tag","item":"THC","quantity":1,"parent_category":"smoking","parent_item":"packaging"}],"objects":[{"status":"OK","on_map":true,"group":"Smoking","subgroup":"","layer":"Cannabis Packaging","full_name":"Smoking \u2013 Cannabis Packaging","olm_key":"smoking/packaging","quantity":1,"picked_up":true}],"groups":["substances"],"has_litter":false,"has_pet_waste":false,"has_substances":true,"zone":"cottonwood_zone_B","zone_edge_m":72.2,"nbhd_edge_m":null}},{"type":"Feature","geometry":{"type":"Point","coordinates":[-122.56075286865,49.21314239502]},"properties":{"id":553847,"datetime":"2026-09-18T19:57:41.000000Z","filename":"https://olm-s3.s3.eu-west-1.amazonaws.com/2026/09/18/N71mIaq5ryCgn7XQdB43ASnMLXG8bqpenBh0Z2GO.jpg","tags":[{"type":"standard","category":"softdrinks","item":"bottle","quantity":1,"object_type":"water"},{"type":"material","category":"material","item":"plastic","quantity":1,"parent_category":"softdrinks","parent_item":"bottle"}],"objects":[{"status":"OK","on_map":true,"group":"Convenient Food Drink","subgroup":"Drink","layer":"Plastic or Glass Drink Bottle","full_name":"Convenient Food Drink \u2013 Drink \u2013 Plastic or Glass Drink Bottle","olm_key":"softdrinks/bottle","quantity":1,"picked_up":true}],"groups":["litter"],"has_litter":true,"has_pet_waste":false,"has_substances":false,"zone":"cottonwood_zone_B","zone_edge_m":58.2,"nbhd_edge_m":null}},{"type":"Feature","geometry":{"type":"Point","coordinates":[-122.56021881104,49.213111877441]},"properties":{"id":553846,"datetime":"2026-09-18T19:59:11.000000Z","filename":"https://olm-s3.s3.eu-west-1.amazonaws.com/2026/09/18/0hCrlagBy2DK6pjy7mw4BDjg6wZL6y2Kd3hn5hYY.jpg","tags":[{"type":"standard","category":"food","item":"cutlery","quantity":1},{"type":"material","category":"material","item":"plastic","quantity":1,"parent_category":"food","parent_item":"cutlery"},{"type":"custom_tag","category":"custom_tag","item":"Piece","quantity":1,"parent_category":"food","parent_item":"cutlery"}],"objects":[{"status":"OK","on_map":true,"group":"Convenient Food Drink","subgroup":"Take-out","layer":"Cutlery","full_name":"Convenient Food Drink \u2013 Take-out \u2013 Cutlery","olm_key":"food/cutlery","quantity":1,"picked_up":true}],"groups":["litter"],"has_litter":true,"has_pet_waste":false,"has_substances":false,"zone":"cottonwood_zone_B","zone_edge_m":54.8,"nbhd_edge_m":null}},{"type":"Feature","geometry":{"type":"Point","coordinates":[-122.55979156494,49.213073730469]},"properties":{"id":553845,"datetime":"2026-09-18T20:00:22.000000Z","filename":"https://olm-s3.s3.eu-west-1.amazonaws.com/2026/09/18/Uf8JGAq6r8xG7N4zdetbKbPz5hpytLZaEd7CdWS3.jpg","tags":[{"type":"standard","category":"softdrinks","item":"cup","quantity":1,"object_type":"soda"},{"type":"brand","category":"brand","item":"mcdonalds","quantity":1,"parent_category":"softdrinks","parent_item":"cup"},{"type":"standard","category":"softdrinks","item":"lid","quantity":1},{"type":"standard","category":"softdrinks","item":"straw","quantity":1}],"objects":[{"status":"OK","on_map":true,"group":"Convenient Food Drink","subgroup":"Drink","layer":"Cold Beverage Cup","full_name":"Convenient Food Drink \u2013 Drink \u2013 Cold Beverage Cup","olm_key":"softdrinks/cup","quantity":1,"picked_up":true},{"status":"OK","on_map":true,"group":"Convenient Food Drink","subgroup":"Drink","layer":"Cold Beverage Lid","full_name":"Convenient Food Drink \u2013 Drink \u2013 Cold Beverage Lid","olm_key":"softdrinks/lid","quantity":1,"picked_up":true},{"status":"OK","on_map":true,"group":"Convenient Food Drink","subgroup":"Drink","layer":"Paper Drink Straws","full_name":"Convenient Food Drink \u2013 Drink \u2013 Paper Drink Straws","olm_key":"softdrinks/straw","quantity":1,"picked_up":true}],"groups":["litter"],"has_litter":true,"has_pet_waste":false,"has_substances":false,"zone":"cottonwood_zone_B","zone_edge_m":50.5,"nbhd_edge_m":null}},{"type":"Feature","geometry":{"type":"Point","coordinates":[-122.5598526001,49.213012695312]},"properties":{"id":553844,"datetime":"2026-09-18T20:01:02.000000Z","filename":"https://olm-s3.s3.eu-west-1.amazonaws.com/2026/09/18/O2DGZjuzxsaMOo9on7K5HTSldrBoQhclsyXsK8L2.jpg","tags":[{"type":"standard","category":"other","item":"plastic","quantity":1}],"objects":[{"status":"OK","on_map":true,"group":"Piece","subgroup":"","layer":"Plastic Piece","full_name":"Piece \u2013 Plastic Piece","olm_key":"other/plastic","quantity":1,"picked_up":true}],"groups":["litter"],"has_litter":true,"has_pet_waste":false,"has_substances":false,"zone":"cottonwood_zone_B","zone_edge_m":43.7,"nbhd_edge_m":null}},{"type":"Feature","geometry":{"type":"Point","coordinates":[-122.5598526001,49.213012695312]},"properties":{"id":553843,"datetime":"2026-09-18T20:01:05.000000Z","filename":"https://olm-s3.s3.eu-west-1.amazonaws.com/2026/09/18/Y7aSFS4TilRYG6SnEYkkRnA3KvP2Wj5gEtURYr0l.jpg","tags":[{"type":"standard","category":"other","item":"other","quantity":1}],"objects":[{"status":"OK","on_map":true,"group":"Household","subgroup":"","layer":"Household misc","full_name":"Household \u2013 Household misc","olm_key":"other/other","quantity":1,"picked_up":true}],"groups":["litter"],"has_litter":true,"has_pet_waste":false,"has_substances":false,"zone":"cottonwood_zone_B","zone_edge_m":43.7,"nbhd_edge_m":null}},{"type":"Feature","geometry":{"type":"Point","coordinates":[-122.55950927734,49.213035583496]},"properties":{"id":553842,"datetime":"2026-09-18T20:01:44.000000Z","filename":"https://olm-s3.s3.eu-west-1.amazonaws.com/2026/09/18/eYlrD20tNQD9dNsGRFPKVVUMSA1Ke2jgiSJnP3YN.jpg","tags":[{"type":"standard","category":"food","item":"wrapper","quantity":1},{"type":"material","category":"material","item":"foil","quantity":1,"parent_category":"food","parent_item":"wrapper"},{"type":"material","category":"material","item":"plastic","quantity":1,"parent_category":"food","parent_item":"wrapper"}],"objects":[{"status":"OK","on_map":true,"group":"Convenient Food Drink","subgroup":"Snack","layer":"Foil / Plastic Film Snack Wrapper","full_name":"Convenient Food Drink \u2013 Snack \u2013 Foil / Plastic Film Snack Wrapper","olm_key":"food/wrapper","quantity":1,"picked_up":true}],"groups":["litter"],"has_litter":true,"has_pet_waste":false,"has_substances":false,"zone":"cottonwood_zone_B","zone_edge_m":46.3,"nbhd_edge_m":null}},{"type":"Feature","geometry":{"type":"Point","coordinates":[-122.55969238281,49.210048675537]},"properties":{"id":553841,"datetime":"2026-09-18T20:09:19.000000Z","filename":"https://olm-s3.s3.eu-west-1.amazonaws.com/2026/09/18/i3suRhm67npreEYmtDJoGhJo2lO5FmoX2zXk9J12.jpg","tags":[{"type":"standard","category":"other","item":"paper","quantity":1},{"type":"material","category":"material","item":"paper","quantity":1,"parent_category":"other","parent_item":"paper"}],"objects":[{"status":"OK","on_map":true,"group":"Piece","subgroup":"","layer":"Paper Piece","full_name":"Piece \u2013 Paper Piece","olm_key":"other/paper","quantity":1,"picked_up":true}],"groups":["litter"],"has_litter":true,"has_pet_waste":false,"has_substances":false,"zone":"cottonwood_zone_C","zone_edge_m":29.9,"nbhd_edge_m":null}},{"type":"Feature","geometry":{"type":"Point","coordinates":[-122.56109619141,49.209987640381]},"properties":{"id":552999,"datetime":"2026-09-02T19:53:41.000000Z","filename":"https://olm-s3.s3.eu-west-1.amazonaws.com/2026/09/02/mYPr1JHo8rnlUnwFhHOcR1FQSqVGD5A223Q0mmbk.jpg","tags":[{"type":"standard","category":"food","item":"wrapper","quantity":1},{"type":"material","category":"material","item":"plastic","quantity":1,"parent_category":"food","parent_item":"wrapper"}],"objects":[{"status":"OK","on_map":true,"group":"Convenient Food Drink","subgroup":"Snack","layer":"Foil / Plastic Film Snack Wrapper","full_name":"Convenient Food Drink \u2013 Snack \u2013 Foil / Plastic Film Snack Wrapper","olm_key":"food/wrapper","quantity":1,"picked_up":true}],"groups":["litter"],"has_litter":true,"has_pet_waste":false,"has_substances":false,"zone":"cottonwood_zone_C","zone_edge_m":23.1,"nbhd_edge_m":null}},{"type":"Feature","geometry":{"type":"Point","coordinates":[-122.56114196777,49.209987640381]},"properties":{"id":552998,"datetime":"2026-09-02T19:53:48.000000Z","filename":"https://olm-s3.s3.eu-west-1.amazonaws.com/2026/09/02/muc6PgtspxSLzlbuh7s89YYMmAELphn5ycDOO0GJ.jpg","tags":[{"type":"standard","category":"food","item":"packaging","quantity":1},{"type":"brand","category":"brand","item":"mcdonalds","quantity":1,"parent_category":"food","parent_item":"packaging"}],"objects":[{"status":"OK","on_map":true,"group":"Convenient Food Drink","subgroup":"Take-out","layer":"Food Packaging","full_name":"Convenient Food Drink \u2013 Take-out \u2013 Food Packaging","olm_key":"food/packaging","quantity":1,"picked_up":true}],"groups":["litter"],"has_litter":true,"has_pet_waste":false,"has_substances":false,"zone":"cottonwood_zone_C","zone_edge_m":23.1,"nbhd_edge_m":null}}]}