{"type":"FeatureCollection","features":[{"type":"Feature","geometry":{"type":"Point","coordinates":[-122.55702209473,49.210285186768]},"properties":{"id":546537,"datetime":"2026-06-30T00:45:40.000000Z","filename":"https://olm-s3.s3.eu-west-1.amazonaws.com/2026/06/30/LlrUBwAN0uxUGVDr3LyeeI9ykuihKUCOfhPxQ6t7.jpg","tags":[{"type":"standard","category":"smoking","item":"butts","quantity":3}],"objects":[{"status":"OK","on_map":true,"group":"Smoking","subgroup":"","layer":"Cigarette Butts","full_name":"Smoking \u2013 Cigarette Butts","olm_key":"smoking/butts","quantity":3,"picked_up":true}],"groups":["substances"],"has_litter":false,"has_pet_waste":false,"has_substances":true,"zone":"cottonwood_zone_C","zone_edge_m":56.2,"nbhd_edge_m":null}},{"type":"Feature","geometry":{"type":"Point","coordinates":[-122.55702209473,49.210285186768]},"properties":{"id":546536,"datetime":"2026-06-30T00:45:27.000000Z","filename":"https://olm-s3.s3.eu-west-1.amazonaws.com/2026/06/30/S1plN1Dytv0nTLGNOqwCMMu7t4YpgHgqqF53BOh2.jpg","tags":[{"type":"standard","category":"food","item":"packet","quantity":1},{"type":"material","category":"material","item":"foil","quantity":1,"parent_category":"food","parent_item":"packet"},{"type":"brand","category":"brand","item":"Heinz","quantity":1,"parent_category":"food","parent_item":"packet"},{"type":"custom_tag","category":"custom_tag","item":"Ketchup","quantity":1,"parent_category":"food","parent_item":"packet"}],"objects":[{"status":"OK","on_map":true,"group":"Convenient Food Drink","subgroup":"Take-out","layer":"Condiment Packets","full_name":"Convenient Food Drink \u2013 Take-out \u2013 Condiment Packets","olm_key":"food/packet","quantity":1,"picked_up":true}],"groups":["litter"],"has_litter":true,"has_pet_waste":false,"has_substances":false,"zone":"cottonwood_zone_C","zone_edge_m":56.2,"nbhd_edge_m":null}},{"type":"Feature","geometry":{"type":"Point","coordinates":[-122.5570526123,49.209934234619]},"properties":{"id":546535,"datetime":"2026-06-30T00:46:14.000000Z","filename":"https://olm-s3.s3.eu-west-1.amazonaws.com/2026/06/30/cJ0NucVj7aeyaqAZl4rxtiA0nHuTDvsGNypH6ecS.jpg","tags":[{"type":"standard","category":"food","item":"packaging","quantity":1},{"type":"material","category":"material","item":"paper","quantity":1,"parent_category":"food","parent_item":"packaging"},{"type":"brand","category":"brand","item":"burgerking","quantity":1,"parent_category":"food","parent_item":"packaging"}],"objects":[{"status":"OK","on_map":true,"group":"Convenient Food Drink","subgroup":"Take-out","layer":"Food Packaging","full_name":"Convenient Food Drink \u2013 Take-out \u2013 Food Packaging","olm_key":"food/packaging","quantity":1,"picked_up":true}],"groups":["litter"],"has_litter":true,"has_pet_waste":false,"has_substances":false,"zone":"cottonwood_zone_C","zone_edge_m":17.2,"nbhd_edge_m":null}},{"type":"Feature","geometry":{"type":"Point","coordinates":[-122.5570526123,49.209934234619]},"properties":{"id":546534,"datetime":"2026-06-30T00:46:00.000000Z","filename":"https://olm-s3.s3.eu-west-1.amazonaws.com/2026/06/30/8mvkfCfDxlvbkN4sNPacetp0OQCNaD9U44GqmICn.jpg","tags":[{"type":"standard","category":"smoking","item":"butts","quantity":1}],"objects":[{"status":"OK","on_map":true,"group":"Smoking","subgroup":"","layer":"Cigarette Butts","full_name":"Smoking \u2013 Cigarette Butts","olm_key":"smoking/butts","quantity":1,"picked_up":true}],"groups":["substances"],"has_litter":false,"has_pet_waste":false,"has_substances":true,"zone":"cottonwood_zone_C","zone_edge_m":17.2,"nbhd_edge_m":null}},{"type":"Feature","geometry":{"type":"Point","coordinates":[-122.55681610107,49.209716796875]},"properties":{"id":546533,"datetime":"2026-06-30T00:49:02.000000Z","filename":"https://olm-s3.s3.eu-west-1.amazonaws.com/2026/06/30/2F0ipeVzIQFbZLOlV8ivqzK49GzWVPxJKZJIHnwp.jpg","tags":[{"type":"standard","category":"other","item":"other","quantity":1},{"type":"material","category":"material","item":"plastic","quantity":1,"parent_category":"other","parent_item":"other"}],"objects":[{"status":"OK","on_map":true,"group":"Household","subgroup":"","layer":"Household misc","full_name":"Household \u2013 Household misc","olm_key":"other/other","quantity":1,"picked_up":true}],"groups":["litter"],"has_litter":true,"has_pet_waste":false,"has_substances":false,"zone":"cottonwood_zone_D","zone_edge_m":7.0,"nbhd_edge_m":null}},{"type":"Feature","geometry":{"type":"Point","coordinates":[-122.55686950684,49.209873199463]},"properties":{"id":546532,"datetime":"2026-06-30T00:47:48.000000Z","filename":"https://olm-s3.s3.eu-west-1.amazonaws.com/2026/06/30/ixD2SpzypW77SJlqvkLbuBMObkl9ycuSl6kLx7IL.jpg","tags":[{"type":"standard","category":"coffee","item":"cup","quantity":1},{"type":"material","category":"material","item":"paper","quantity":1,"parent_category":"coffee","parent_item":"cup"},{"type":"brand","category":"brand","item":"tim_hortons","quantity":1,"parent_category":"coffee","parent_item":"cup"},{"type":"standard","category":"other","item":"plastic","quantity":1}],"objects":[{"status":"OK","on_map":true,"group":"Convenient Food Drink","subgroup":"Drink","layer":"Poly-lined Hot Beverage Cup","full_name":"Convenient Food Drink \u2013 Drink \u2013 Poly-lined Hot Beverage Cup","olm_key":"coffee/cup","quantity":1,"picked_up":true},{"status":"OK","on_map":true,"group":"Piece","subgroup":"","layer":"Plastic Piece","full_name":"Piece \u2013 Plastic Piece","olm_key":"other/plastic","quantity":1,"picked_up":true}],"groups":["litter"],"has_litter":true,"has_pet_waste":false,"has_substances":false,"zone":"cottonwood_zone_C","zone_edge_m":10.4,"nbhd_edge_m":null}},{"type":"Feature","geometry":{"type":"Point","coordinates":[-122.55686950684,49.209873199463]},"properties":{"id":546531,"datetime":"2026-06-30T00:47:27.000000Z","filename":"https://olm-s3.s3.eu-west-1.amazonaws.com/2026/06/30/yW9Kt38Vw9oRlnJgi1ZgpdMEt9ubmc5AQRHkGCf5.jpg","tags":[{"type":"standard","category":"smoking","item":"butts","quantity":4}],"objects":[{"status":"OK","on_map":true,"group":"Smoking","subgroup":"","layer":"Cigarette Butts","full_name":"Smoking \u2013 Cigarette Butts","olm_key":"smoking/butts","quantity":4,"picked_up":true}],"groups":["substances"],"has_litter":false,"has_pet_waste":false,"has_substances":true,"zone":"cottonwood_zone_C","zone_edge_m":10.4,"nbhd_edge_m":null}},{"type":"Feature","geometry":{"type":"Point","coordinates":[-122.55686950684,49.209873199463]},"properties":{"id":546530,"datetime":"2026-06-30T00:47:17.000000Z","filename":"https://olm-s3.s3.eu-west-1.amazonaws.com/2026/06/30/KQ98bA95vkasqVVcAMrIrB6uZF35LIljk457e6Ki.jpg","tags":[{"type":"standard","category":"industrial","item":"other","quantity":1},{"type":"material","category":"material","item":"paper","quantity":1,"parent_category":"industrial","parent_item":"other"}],"objects":[{"status":"OK","on_map":true,"group":"Industrial","subgroup":"","layer":"Industrial Debris","full_name":"Industrial \u2013 Industrial Debris","olm_key":"industrial/other","quantity":1,"picked_up":true}],"groups":["litter"],"has_litter":true,"has_pet_waste":false,"has_substances":false,"zone":"cottonwood_zone_C","zone_edge_m":10.4,"nbhd_edge_m":null}},{"type":"Feature","geometry":{"type":"Point","coordinates":[-122.55681610107,49.209716796875]},"properties":{"id":546529,"datetime":"2026-06-30T00:49:52.000000Z","filename":"https://olm-s3.s3.eu-west-1.amazonaws.com/2026/06/30/CCOLkHcmbSV1UtxMaec4gBWCvJ4I4CaW3aB9s9rf.jpg","tags":[{"type":"standard","category":"sanitary","item":"wipes","quantity":1}],"objects":[{"status":"OK","on_map":true,"group":"Household","subgroup":"","layer":"Wet Wipes","full_name":"Household \u2013 Wet Wipes","olm_key":"sanitary/wipes","quantity":1,"picked_up":true}],"groups":["litter"],"has_litter":true,"has_pet_waste":false,"has_substances":false,"zone":"cottonwood_zone_D","zone_edge_m":7.0,"nbhd_edge_m":null}},{"type":"Feature","geometry":{"type":"Point","coordinates":[-122.55681610107,49.209716796875]},"properties":{"id":546528,"datetime":"2026-06-30T00:49:28.000000Z","filename":"https://olm-s3.s3.eu-west-1.amazonaws.com/2026/06/30/To019B7kFsKEptlOKy39WF5e93I7BhsfHLljYizw.jpg","tags":[{"type":"standard","category":"softdrinks","item":"cup","quantity":1,"object_type":"soda"},{"type":"material","category":"material","item":"paper","quantity":1,"parent_category":"softdrinks","parent_item":"cup"},{"type":"brand","category":"brand","item":"mcdonalds","quantity":1,"parent_category":"softdrinks","parent_item":"cup"}],"objects":[{"status":"OK","on_map":true,"group":"Convenient Food Drink","subgroup":"Drink","layer":"Cold Beverage Cup","full_name":"Convenient Food Drink \u2013 Drink \u2013 Cold Beverage Cup","olm_key":"softdrinks/cup","quantity":1,"picked_up":true}],"groups":["litter"],"has_litter":true,"has_pet_waste":false,"has_substances":false,"zone":"cottonwood_zone_D","zone_edge_m":7.0,"nbhd_edge_m":null}},{"type":"Feature","geometry":{"type":"Point","coordinates":[-122.55681610107,49.209716796875]},"properties":{"id":546527,"datetime":"2026-06-30T00:49:25.000000Z","filename":"https://olm-s3.s3.eu-west-1.amazonaws.com/2026/06/30/Yr2mKSWXjvrJcqWq36CPCrmlxSXbc3QYeBuJ3goN.jpg","tags":[{"type":"standard","category":"food","item":"napkins","quantity":1}],"objects":[{"status":"OK","on_map":true,"group":"Convenient Food Drink","subgroup":"Take-out","layer":"Napkins","full_name":"Convenient Food Drink \u2013 Take-out \u2013 Napkins","olm_key":"food/napkins","quantity":1,"picked_up":true}],"groups":["litter"],"has_litter":true,"has_pet_waste":false,"has_substances":false,"zone":"cottonwood_zone_D","zone_edge_m":7.0,"nbhd_edge_m":null}},{"type":"Feature","geometry":{"type":"Point","coordinates":[-122.55681610107,49.209716796875]},"properties":{"id":546526,"datetime":"2026-06-30T00:49:13.000000Z","filename":"https://olm-s3.s3.eu-west-1.amazonaws.com/2026/06/30/ItGW2m277ls8UtSTTaLk0hGUyN8geUgVef5LFGfU.jpg","tags":[{"type":"standard","category":"softdrinks","item":"straw","quantity":1},{"type":"standard","category":"softdrinks","item":"lid","quantity":1}],"objects":[{"status":"OK","on_map":true,"group":"Convenient Food Drink","subgroup":"Drink","layer":"Paper Drink Straws","full_name":"Convenient Food Drink \u2013 Drink \u2013 Paper Drink Straws","olm_key":"softdrinks/straw","quantity":1,"picked_up":true},{"status":"OK","on_map":true,"group":"Convenient Food Drink","subgroup":"Drink","layer":"Cold Beverage Lid","full_name":"Convenient Food Drink \u2013 Drink \u2013 Cold Beverage Lid","olm_key":"softdrinks/lid","quantity":1,"picked_up":true}],"groups":["litter"],"has_litter":true,"has_pet_waste":false,"has_substances":false,"zone":"cottonwood_zone_D","zone_edge_m":7.0,"nbhd_edge_m":null}},{"type":"Feature","geometry":{"type":"Point","coordinates":[-122.55681610107,49.209716796875]},"properties":{"id":546525,"datetime":"2026-06-30T00:51:33.000000Z","filename":"https://olm-s3.s3.eu-west-1.amazonaws.com/2026/06/30/CxKWd9tb4TpLRHSRPAyP9bmdv6RzMFHjE5qlhihI.jpg","tags":[{"type":"standard","category":"smoking","item":"butts","quantity":2}],"objects":[{"status":"OK","on_map":true,"group":"Smoking","subgroup":"","layer":"Cigarette Butts","full_name":"Smoking \u2013 Cigarette Butts","olm_key":"smoking/butts","quantity":2,"picked_up":true}],"groups":["substances"],"has_litter":false,"has_pet_waste":false,"has_substances":true,"zone":"cottonwood_zone_D","zone_edge_m":7.0,"nbhd_edge_m":null}},{"type":"Feature","geometry":{"type":"Point","coordinates":[-122.55681610107,49.209716796875]},"properties":{"id":546524,"datetime":"2026-06-30T00:50:36.000000Z","filename":"https://olm-s3.s3.eu-west-1.amazonaws.com/2026/06/30/H40MByiIFo5amjbPV0GdWNYm817eqKjh7uZOxa6c.jpg","tags":[{"type":"standard","category":"other","item":"plastic","quantity":1}],"objects":[{"status":"OK","on_map":true,"group":"Piece","subgroup":"","layer":"Plastic Piece","full_name":"Piece \u2013 Plastic Piece","olm_key":"other/plastic","quantity":1,"picked_up":true}],"groups":["litter"],"has_litter":true,"has_pet_waste":false,"has_substances":false,"zone":"cottonwood_zone_D","zone_edge_m":7.0,"nbhd_edge_m":null}},{"type":"Feature","geometry":{"type":"Point","coordinates":[-122.55681610107,49.209716796875]},"properties":{"id":546523,"datetime":"2026-06-30T00:50:27.000000Z","filename":"https://olm-s3.s3.eu-west-1.amazonaws.com/2026/06/30/Pjgz5YEnk2aGnp6quZlHqLLFQ3LsVTINBVnlP5IC.jpg","tags":[{"type":"standard","category":"pets","item":"dogshit_in_bag","quantity":1}],"objects":[{"status":"OK","on_map":true,"group":"Fecal","subgroup":"","layer":"Pet Waste Bagged","full_name":"Fecal \u2013 Pet Waste Bagged","olm_key":"pets/dogshit_in_bag","quantity":1,"picked_up":false}],"groups":["pet_waste"],"has_litter":false,"has_pet_waste":true,"has_substances":false,"zone":"cottonwood_zone_D","zone_edge_m":7.0,"nbhd_edge_m":null}},{"type":"Feature","geometry":{"type":"Point","coordinates":[-122.55681610107,49.209716796875]},"properties":{"id":546522,"datetime":"2026-06-30T00:50:10.000000Z","filename":"https://olm-s3.s3.eu-west-1.amazonaws.com/2026/06/30/BL11em5vN1ynUNvbZqEh1820ZklUMe7TAy9lUUns.jpg","tags":[{"type":"standard","category":"pets","item":"dogshit_in_bag","quantity":1}],"objects":[{"status":"OK","on_map":true,"group":"Fecal","subgroup":"","layer":"Pet Waste Bagged","full_name":"Fecal \u2013 Pet Waste Bagged","olm_key":"pets/dogshit_in_bag","quantity":1,"picked_up":false}],"groups":["pet_waste"],"has_litter":false,"has_pet_waste":true,"has_substances":false,"zone":"cottonwood_zone_D","zone_edge_m":7.0,"nbhd_edge_m":null}},{"type":"Feature","geometry":{"type":"Point","coordinates":[-122.55687713623,49.209461212158]},"properties":{"id":546521,"datetime":"2026-06-30T00:52:27.000000Z","filename":"https://olm-s3.s3.eu-west-1.amazonaws.com/2026/06/30/jXiiwqSDoPb4dLTahwTsGgp76HMqZHFRpWWtxBw1.jpg","tags":[{"type":"standard","category":"smoking","item":"butts","quantity":10}],"objects":[{"status":"OK","on_map":true,"group":"Smoking","subgroup":"","layer":"Cigarette Butts","full_name":"Smoking \u2013 Cigarette Butts","olm_key":"smoking/butts","quantity":10,"picked_up":true}],"groups":["substances"],"has_litter":false,"has_pet_waste":false,"has_substances":true,"zone":"cottonwood_zone_D","zone_edge_m":35.5,"nbhd_edge_m":null}},{"type":"Feature","geometry":{"type":"Point","coordinates":[-122.55687713623,49.209461212158]},"properties":{"id":546520,"datetime":"2026-06-30T00:52:15.000000Z","filename":"https://olm-s3.s3.eu-west-1.amazonaws.com/2026/06/30/7kgYuIhtXqpB7vOQaYm6V3SgxUUfh4FAAQzLxtys.jpg","tags":[{"type":"standard","category":"other","item":"paper","quantity":1},{"type":"custom_tag","category":"custom_tag","item":"material:newsprint","quantity":1,"parent_category":"other","parent_item":"paper"}],"objects":[{"status":"OK","on_map":true,"group":"Piece","subgroup":"","layer":"Paper Piece","full_name":"Piece \u2013 Paper Piece","olm_key":"other/paper","quantity":1,"picked_up":true}],"groups":["litter"],"has_litter":true,"has_pet_waste":false,"has_substances":false,"zone":"cottonwood_zone_D","zone_edge_m":35.5,"nbhd_edge_m":null}},{"type":"Feature","geometry":{"type":"Point","coordinates":[-122.55687713623,49.209461212158]},"properties":{"id":546519,"datetime":"2026-06-30T00:52:10.000000Z","filename":"https://olm-s3.s3.eu-west-1.amazonaws.com/2026/06/30/MxtwBQJuRbUlxMaqujMyMsXScEfVoODgffeD8YQh.jpg","tags":[{"type":"standard","category":"other","item":"plastic","quantity":1},{"type":"standard","category":"sanitary","item":"wipes","quantity":1}],"objects":[{"status":"OK","on_map":true,"group":"Piece","subgroup":"","layer":"Plastic Piece","full_name":"Piece \u2013 Plastic Piece","olm_key":"other/plastic","quantity":1,"picked_up":true},{"status":"OK","on_map":true,"group":"Household","subgroup":"","layer":"Wet Wipes","full_name":"Household \u2013 Wet Wipes","olm_key":"sanitary/wipes","quantity":1,"picked_up":true}],"groups":["litter"],"has_litter":true,"has_pet_waste":false,"has_substances":false,"zone":"cottonwood_zone_D","zone_edge_m":35.5,"nbhd_edge_m":null}},{"type":"Feature","geometry":{"type":"Point","coordinates":[-122.55681610107,49.209716796875]},"properties":{"id":546518,"datetime":"2026-06-30T00:51:42.000000Z","filename":"https://olm-s3.s3.eu-west-1.amazonaws.com/2026/06/30/qJOgjvoGnUjw6VLPaVbjEnkHd9LElfTlE9K0ObMw.jpg","tags":[{"type":"standard","category":"other","item":"plastic","quantity":1},{"type":"standard","category":"smoking","item":"butts","quantity":1}],"objects":[{"status":"OK","on_map":true,"group":"Piece","subgroup":"","layer":"Plastic Piece","full_name":"Piece \u2013 Plastic Piece","olm_key":"other/plastic","quantity":1,"picked_up":true},{"status":"OK","on_map":true,"group":"Smoking","subgroup":"","layer":"Cigarette Butts","full_name":"Smoking \u2013 Cigarette Butts","olm_key":"smoking/butts","quantity":1,"picked_up":true}],"groups":["litter","substances"],"has_litter":true,"has_pet_waste":false,"has_substances":true,"zone":"cottonwood_zone_D","zone_edge_m":7.0,"nbhd_edge_m":null}},{"type":"Feature","geometry":{"type":"Point","coordinates":[-122.55687713623,49.209461212158]},"properties":{"id":546517,"datetime":"2026-06-30T00:53:46.000000Z","filename":"https://olm-s3.s3.eu-west-1.amazonaws.com/2026/06/30/1TLABTCLPYyzIcWyipyACyY6ZgXssAl59onDXm7y.jpg","tags":[{"type":"standard","category":"softdrinks","item":"bottle_cap","quantity":1},{"type":"material","category":"material","item":"plastic","quantity":1,"parent_category":"softdrinks","parent_item":"bottle_cap"}],"objects":[{"status":"OK","on_map":true,"group":"Convenient Food Drink","subgroup":"Drink","layer":"Drink Bottle Cap","full_name":"Convenient Food Drink \u2013 Drink \u2013 Drink Bottle Cap","olm_key":"softdrinks/bottle_cap","quantity":1,"picked_up":true}],"groups":["litter"],"has_litter":true,"has_pet_waste":false,"has_substances":false,"zone":"cottonwood_zone_D","zone_edge_m":35.5,"nbhd_edge_m":null}},{"type":"Feature","geometry":{"type":"Point","coordinates":[-122.55687713623,49.209461212158]},"properties":{"id":546516,"datetime":"2026-06-30T00:53:20.000000Z","filename":"https://olm-s3.s3.eu-west-1.amazonaws.com/2026/06/30/Xbmew59DIaATMQBzHnfdgpu4Dc6ZWvdeBIpKL17r.jpg","tags":[{"type":"standard","category":"smoking","item":"butts","quantity":6}],"objects":[{"status":"OK","on_map":true,"group":"Smoking","subgroup":"","layer":"Cigarette Butts","full_name":"Smoking \u2013 Cigarette Butts","olm_key":"smoking/butts","quantity":6,"picked_up":true}],"groups":["substances"],"has_litter":false,"has_pet_waste":false,"has_substances":true,"zone":"cottonwood_zone_D","zone_edge_m":35.5,"nbhd_edge_m":null}},{"type":"Feature","geometry":{"type":"Point","coordinates":[-122.55687713623,49.209461212158]},"properties":{"id":546515,"datetime":"2026-06-30T00:53:09.000000Z","filename":"https://olm-s3.s3.eu-west-1.amazonaws.com/2026/06/30/3YNZH2xfIstDbs0U8oneA9Lvs8sMRELqr6RZ3LHU.jpg","tags":[{"type":"standard","category":"pets","item":"dogshit","quantity":1}],"objects":[{"status":"OK","on_map":true,"group":"Fecal","subgroup":"","layer":"Pet Waste Unbagged","full_name":"Fecal \u2013 Pet Waste Unbagged","olm_key":"pets/dogshit","quantity":1,"picked_up":false}],"groups":["pet_waste"],"has_litter":false,"has_pet_waste":true,"has_substances":false,"zone":"cottonwood_zone_D","zone_edge_m":35.5,"nbhd_edge_m":null}},{"type":"Feature","geometry":{"type":"Point","coordinates":[-122.55687713623,49.209461212158]},"properties":{"id":546514,"datetime":"2026-06-30T00:53:02.000000Z","filename":"https://olm-s3.s3.eu-west-1.amazonaws.com/2026/06/30/lqWcJauV4rViGx6L0llfD8fGc4gyfoDYIvq0nbj9.jpg","tags":[{"type":"standard","category":"food","item":"tinfoil","quantity":1},{"type":"material","category":"material","item":"foil","quantity":1,"parent_category":"food","parent_item":"tinfoil"}],"objects":[{"status":"OK","on_map":true,"group":"Piece","subgroup":"","layer":"Foil Piece","full_name":"Piece \u2013 Foil Piece","olm_key":"food/tinfoil","quantity":1,"picked_up":true}],"groups":["litter"],"has_litter":true,"has_pet_waste":false,"has_substances":false,"zone":"cottonwood_zone_D","zone_edge_m":35.5,"nbhd_edge_m":null}},{"type":"Feature","geometry":{"type":"Point","coordinates":[-122.55680084229,49.209175109863]},"properties":{"id":546513,"datetime":"2026-06-30T00:55:42.000000Z","filename":"https://olm-s3.s3.eu-west-1.amazonaws.com/2026/06/30/UqhGXMhNCw1qdBJOwxMp9A6kQ5EVePF6Da41V2gn.jpg","tags":[{"type":"standard","category":"food","item":"wrapper","quantity":2},{"type":"material","category":"material","item":"plastic","quantity":1,"parent_category":"food","parent_item":"wrapper"},{"type":"material","category":"material","item":"paper","quantity":1,"parent_category":"food","parent_item":"wrapper"},{"type":"custom_tag","category":"custom_tag","item":"gum","quantity":1,"parent_category":"food","parent_item":"wrapper"},{"type":"standard","category":"other","item":"paper","quantity":1},{"type":"standard","category":"softdrinks","item":"straw","quantity":1},{"type":"standard","category":"softdrinks","item":"bottle","quantity":1,"object_type":"milk"},{"type":"material","category":"material","item":"plastic","quantity":1,"parent_category":"softdrinks","parent_item":"bottle"}],"objects":[{"status":"OK","on_map":true,"group":"Convenient Food Drink","subgroup":"Snack","layer":"Foil / Plastic Film Snack Wrapper","full_name":"Convenient Food Drink \u2013 Snack \u2013 Foil / Plastic Film Snack Wrapper","olm_key":"food/wrapper","quantity":2,"picked_up":true},{"status":"OK","on_map":true,"group":"Piece","subgroup":"","layer":"Paper Piece","full_name":"Piece \u2013 Paper Piece","olm_key":"other/paper","quantity":1,"picked_up":true},{"status":"OK","on_map":true,"group":"Convenient Food Drink","subgroup":"Drink","layer":"Paper Drink Straws","full_name":"Convenient Food Drink \u2013 Drink \u2013 Paper Drink Straws","olm_key":"softdrinks/straw","quantity":1,"picked_up":true},{"status":"OK","on_map":true,"group":"Convenient Food Drink","subgroup":"Drink","layer":"Plastic or Glass Drink Bottle","full_name":"Convenient Food Drink \u2013 Drink \u2013 Plastic or Glass Drink Bottle","olm_key":"softdrinks/bottle","quantity":1,"picked_up":true}],"groups":["litter"],"has_litter":true,"has_pet_waste":false,"has_substances":false,"zone":"cottonwood_zone_D","zone_edge_m":58.2,"nbhd_edge_m":null}},{"type":"Feature","geometry":{"type":"Point","coordinates":[-122.55680084229,49.209175109863]},"properties":{"id":546512,"datetime":"2026-06-30T00:55:16.000000Z","filename":"https://olm-s3.s3.eu-west-1.amazonaws.com/2026/06/30/7buB5gZvfbMsIpwM71RhOimLKlCqtiAG4k89n3bs.jpg","tags":[{"type":"standard","category":"smoking","item":"butts","quantity":1}],"objects":[{"status":"OK","on_map":true,"group":"Smoking","subgroup":"","layer":"Cigarette Butts","full_name":"Smoking \u2013 Cigarette Butts","olm_key":"smoking/butts","quantity":1,"picked_up":true}],"groups":["substances"],"has_litter":false,"has_pet_waste":false,"has_substances":true,"zone":"cottonwood_zone_D","zone_edge_m":58.2,"nbhd_edge_m":null}},{"type":"Feature","geometry":{"type":"Point","coordinates":[-122.55680084229,49.209175109863]},"properties":{"id":546511,"datetime":"2026-06-30T00:55:02.000000Z","filename":"https://olm-s3.s3.eu-west-1.amazonaws.com/2026/06/30/cO420LjUxgLlva0WiDzY13t7MbpXmZZ0EVt0pQLe.jpg","tags":[{"type":"standard","category":"softdrinks","item":"cup","quantity":1},{"type":"material","category":"material","item":"plastic","quantity":1,"parent_category":"softdrinks","parent_item":"cup"},{"type":"custom_tag","category":"custom_tag","item":"Piece","quantity":1,"parent_category":"softdrinks","parent_item":"cup"}],"objects":[{"status":"OK","on_map":true,"group":"Convenient Food Drink","subgroup":"Drink","layer":"Cold Beverage Cup","full_name":"Convenient Food Drink \u2013 Drink \u2013 Cold Beverage Cup","olm_key":"softdrinks/cup","quantity":1,"picked_up":true}],"groups":["litter"],"has_litter":true,"has_pet_waste":false,"has_substances":false,"zone":"cottonwood_zone_D","zone_edge_m":58.2,"nbhd_edge_m":null}},{"type":"Feature","geometry":{"type":"Point","coordinates":[-122.55680084229,49.209239959717]},"properties":{"id":546509,"datetime":"2026-06-30T00:57:14.000000Z","filename":"https://olm-s3.s3.eu-west-1.amazonaws.com/2026/06/30/se5Lqarg00FmJFMM1SlGbwlGqpzbKs62OTLvi6Ue.jpg","tags":[{"type":"standard","category":"food","item":"wrapper","quantity":1},{"type":"standard","category":"food","item":"napkins","quantity":1},{"type":"standard","category":"other","item":"paper","quantity":4},{"type":"material","category":"material","item":"paper","quantity":1,"parent_category":"other","parent_item":"paper"},{"type":"custom_tag","category":"custom_tag","item":"Piece","quantity":1,"parent_category":"other","parent_item":"paper"},{"type":"standard","category":"other","item":"plastic","quantity":2},{"type":"standard","category":"smoking","item":"butts","quantity":8}],"objects":[{"status":"OK","on_map":true,"group":"Convenient Food Drink","subgroup":"Snack","layer":"Foil / Plastic Film Snack Wrapper","full_name":"Convenient Food Drink \u2013 Snack \u2013 Foil / Plastic Film Snack Wrapper","olm_key":"food/wrapper","quantity":1,"picked_up":true},{"status":"OK","on_map":true,"group":"Convenient Food Drink","subgroup":"Take-out","layer":"Napkins","full_name":"Convenient Food Drink \u2013 Take-out \u2013 Napkins","olm_key":"food/napkins","quantity":1,"picked_up":true},{"status":"OK","on_map":true,"group":"Piece","subgroup":"","layer":"Paper Piece","full_name":"Piece \u2013 Paper Piece","olm_key":"other/paper","quantity":4,"picked_up":true},{"status":"OK","on_map":true,"group":"Piece","subgroup":"","layer":"Plastic Piece","full_name":"Piece \u2013 Plastic Piece","olm_key":"other/plastic","quantity":2,"picked_up":true},{"status":"OK","on_map":true,"group":"Smoking","subgroup":"","layer":"Cigarette Butts","full_name":"Smoking \u2013 Cigarette Butts","olm_key":"smoking/butts","quantity":8,"picked_up":true}],"groups":["litter","substances"],"has_litter":true,"has_pet_waste":false,"has_substances":true,"zone":"cottonwood_zone_D","zone_edge_m":58.2,"nbhd_edge_m":null}},{"type":"Feature","geometry":{"type":"Point","coordinates":[-122.55680084229,49.209239959717]},"properties":{"id":546508,"datetime":"2026-06-30T00:57:08.000000Z","filename":"https://olm-s3.s3.eu-west-1.amazonaws.com/2026/06/30/yqeZnWtDs2fm8q5003DgWBCCtcsDnjYVdvlVww2a.jpg","tags":[{"type":"standard","category":"pets","item":"dogshit_in_bag","quantity":1}],"objects":[{"status":"OK","on_map":true,"group":"Fecal","subgroup":"","layer":"Pet Waste Bagged","full_name":"Fecal \u2013 Pet Waste Bagged","olm_key":"pets/dogshit_in_bag","quantity":1,"picked_up":false}],"groups":["pet_waste"],"has_litter":false,"has_pet_waste":true,"has_substances":false,"zone":"cottonwood_zone_D","zone_edge_m":58.2,"nbhd_edge_m":null}},{"type":"Feature","geometry":{"type":"Point","coordinates":[-122.55680084229,49.209239959717]},"properties":{"id":546507,"datetime":"2026-06-30T00:57:01.000000Z","filename":"https://olm-s3.s3.eu-west-1.amazonaws.com/2026/06/30/W2RFtwTSaQ3r4afTBzbcuTWVCfoWPzVrvt3MQLGv.jpg","tags":[{"type":"standard","category":"smoking","item":"butts","quantity":2}],"objects":[{"status":"OK","on_map":true,"group":"Smoking","subgroup":"","layer":"Cigarette Butts","full_name":"Smoking \u2013 Cigarette Butts","olm_key":"smoking/butts","quantity":2,"picked_up":true}],"groups":["substances"],"has_litter":false,"has_pet_waste":false,"has_substances":true,"zone":"cottonwood_zone_D","zone_edge_m":58.2,"nbhd_edge_m":null}},{"type":"Feature","geometry":{"type":"Point","coordinates":[-122.55680084229,49.209175109863]},"properties":{"id":546506,"datetime":"2026-06-30T00:55:47.000000Z","filename":"https://olm-s3.s3.eu-west-1.amazonaws.com/2026/06/30/CkSQqZnAO7XCL76Zxkm03Ip1hJLQ0cpL6tc3NbTD.jpg","tags":[{"type":"standard","category":"smoking","item":"butts","quantity":1},{"type":"custom_tag","category":"custom_tag","item":"Full cigarette","quantity":1,"parent_category":"smoking","parent_item":"butts"}],"objects":[{"status":"OK","on_map":true,"group":"Smoking","subgroup":"","layer":"Cigarette Butts","full_name":"Smoking \u2013 Cigarette Butts","olm_key":"smoking/butts","quantity":1,"picked_up":true}],"groups":["substances"],"has_litter":false,"has_pet_waste":false,"has_substances":true,"zone":"cottonwood_zone_D","zone_edge_m":58.2,"nbhd_edge_m":null}},{"type":"Feature","geometry":{"type":"Point","coordinates":[-122.55695343018,49.209102630615]},"properties":{"id":546505,"datetime":"2026-06-30T00:58:28.000000Z","filename":"https://olm-s3.s3.eu-west-1.amazonaws.com/2026/06/30/FivFqG5UAF0U7wHxffsMXY0pr1a0zboJ0YcOJfm1.jpg","tags":[{"type":"standard","category":"smoking","item":"butts","quantity":4}],"objects":[{"status":"OK","on_map":true,"group":"Smoking","subgroup":"","layer":"Cigarette Butts","full_name":"Smoking \u2013 Cigarette Butts","olm_key":"smoking/butts","quantity":4,"picked_up":true}],"groups":["substances"],"has_litter":false,"has_pet_waste":false,"has_substances":true,"zone":"cottonwood_zone_D","zone_edge_m":69.3,"nbhd_edge_m":null}},{"type":"Feature","geometry":{"type":"Point","coordinates":[-122.55680084229,49.209239959717]},"properties":{"id":546504,"datetime":"2026-06-30T00:58:18.000000Z","filename":"https://olm-s3.s3.eu-west-1.amazonaws.com/2026/06/30/sVRPvcYx41fcplvN61nD96ZJlNycHRj5CT3PsWpN.jpg","tags":[{"type":"standard","category":"coffee","item":"lid","quantity":1},{"type":"material","category":"material","item":"plastic","quantity":1,"parent_category":"coffee","parent_item":"lid"},{"type":"custom_tag","category":"custom_tag","item":"Piece","quantity":1,"parent_category":"coffee","parent_item":"lid"}],"objects":[{"status":"OK","on_map":true,"group":"Convenient Food Drink","subgroup":"Drink","layer":"Hot Beverage Cup Lid","full_name":"Convenient Food Drink \u2013 Drink \u2013 Hot Beverage Cup Lid","olm_key":"coffee/lid","quantity":1,"picked_up":true}],"groups":["litter"],"has_litter":true,"has_pet_waste":false,"has_substances":false,"zone":"cottonwood_zone_D","zone_edge_m":58.2,"nbhd_edge_m":null}},{"type":"Feature","geometry":{"type":"Point","coordinates":[-122.55680084229,49.209239959717]},"properties":{"id":546503,"datetime":"2026-06-30T00:58:02.000000Z","filename":"https://olm-s3.s3.eu-west-1.amazonaws.com/2026/06/30/P7BIMwcmHqpiGq77podaifX2TsRrO3KCWnNLyfFl.jpg","tags":[{"type":"standard","category":"other","item":"paper","quantity":1},{"type":"material","category":"material","item":"paper","quantity":1,"parent_category":"other","parent_item":"paper"},{"type":"custom_tag","category":"custom_tag","item":"Piece","quantity":1,"parent_category":"other","parent_item":"paper"}],"objects":[{"status":"OK","on_map":true,"group":"Piece","subgroup":"","layer":"Paper Piece","full_name":"Piece \u2013 Paper Piece","olm_key":"other/paper","quantity":1,"picked_up":true}],"groups":["litter"],"has_litter":true,"has_pet_waste":false,"has_substances":false,"zone":"cottonwood_zone_D","zone_edge_m":58.2,"nbhd_edge_m":null}},{"type":"Feature","geometry":{"type":"Point","coordinates":[-122.55680084229,49.209239959717]},"properties":{"id":546502,"datetime":"2026-06-30T00:57:44.000000Z","filename":"https://olm-s3.s3.eu-west-1.amazonaws.com/2026/06/30/OetK7Mpuj5SIb8RxehBx3d75NapKLG4uVkoAzrmv.jpg","tags":[{"type":"standard","category":"other","item":"paper","quantity":1},{"type":"custom_tag","category":"custom_tag","item":"wrist band","quantity":1,"parent_category":"other","parent_item":"paper"}],"objects":[{"status":"OK","on_map":true,"group":"Piece","subgroup":"","layer":"Paper Piece","full_name":"Piece \u2013 Paper Piece","olm_key":"other/paper","quantity":1,"picked_up":true}],"groups":["litter"],"has_litter":true,"has_pet_waste":false,"has_substances":false,"zone":"cottonwood_zone_D","zone_edge_m":58.2,"nbhd_edge_m":null}},{"type":"Feature","geometry":{"type":"Point","coordinates":[-122.55695343018,49.209102630615]},"properties":{"id":546501,"datetime":"2026-06-30T00:59:29.000000Z","filename":"https://olm-s3.s3.eu-west-1.amazonaws.com/2026/06/30/s0Lx7gisbEBoBwpR6NPVLDHZFOi34V13lrJj9aRO.jpg","tags":[{"type":"standard","category":"other","item":"paper","quantity":1},{"type":"material","category":"material","item":"paper","quantity":1,"parent_category":"other","parent_item":"paper"},{"type":"custom_tag","category":"custom_tag","item":"business card","quantity":1,"parent_category":"other","parent_item":"paper"}],"objects":[{"status":"OK","on_map":true,"group":"Piece","subgroup":"","layer":"Paper Piece","full_name":"Piece \u2013 Paper Piece","olm_key":"other/paper","quantity":1,"picked_up":true}],"groups":["litter"],"has_litter":true,"has_pet_waste":false,"has_substances":false,"zone":"cottonwood_zone_D","zone_edge_m":69.3,"nbhd_edge_m":null}},{"type":"Feature","geometry":{"type":"Point","coordinates":[-122.55695343018,49.209102630615]},"properties":{"id":546500,"datetime":"2026-06-30T00:59:22.000000Z","filename":"https://olm-s3.s3.eu-west-1.amazonaws.com/2026/06/30/mVncUIOPqVCzM2fbg8OElzWatIgGMC5uOfMdUCVa.jpg","tags":[{"type":"standard","category":"other","item":"plastic","quantity":1},{"type":"material","category":"material","item":"plastic","quantity":1,"parent_category":"other","parent_item":"plastic"},{"type":"custom_tag","category":"custom_tag","item":"Piece","quantity":1,"parent_category":"other","parent_item":"plastic"}],"objects":[{"status":"OK","on_map":true,"group":"Piece","subgroup":"","layer":"Plastic Piece","full_name":"Piece \u2013 Plastic Piece","olm_key":"other/plastic","quantity":1,"picked_up":true}],"groups":["litter"],"has_litter":true,"has_pet_waste":false,"has_substances":false,"zone":"cottonwood_zone_D","zone_edge_m":69.3,"nbhd_edge_m":null}},{"type":"Feature","geometry":{"type":"Point","coordinates":[-122.55695343018,49.209102630615]},"properties":{"id":546499,"datetime":"2026-06-30T00:59:11.000000Z","filename":"https://olm-s3.s3.eu-west-1.amazonaws.com/2026/06/30/0DQpY348mcGpnMv54ourE3cZM9iDkaCDjLYbFNwC.jpg","tags":[{"type":"standard","category":"other","item":"paper","quantity":1},{"type":"material","category":"material","item":"paper","quantity":1,"parent_category":"other","parent_item":"paper"},{"type":"custom_tag","category":"custom_tag","item":"Piece","quantity":1,"parent_category":"other","parent_item":"paper"}],"objects":[{"status":"OK","on_map":true,"group":"Piece","subgroup":"","layer":"Paper Piece","full_name":"Piece \u2013 Paper Piece","olm_key":"other/paper","quantity":1,"picked_up":true}],"groups":["litter"],"has_litter":true,"has_pet_waste":false,"has_substances":false,"zone":"cottonwood_zone_D","zone_edge_m":69.3,"nbhd_edge_m":null}},{"type":"Feature","geometry":{"type":"Point","coordinates":[-122.55695343018,49.209102630615]},"properties":{"id":546498,"datetime":"2026-06-30T00:59:01.000000Z","filename":"https://olm-s3.s3.eu-west-1.amazonaws.com/2026/06/30/7BuhXirrQCYR0IByZuft9PWoPQQdWRiMy5sVabiM.jpg","tags":[{"type":"standard","category":"food","item":"wrapper","quantity":1},{"type":"material","category":"material","item":"foil","quantity":1,"parent_category":"food","parent_item":"wrapper"},{"type":"brand","category":"brand","item":"SunRype","quantity":1,"parent_category":"food","parent_item":"wrapper"}],"objects":[{"status":"OK","on_map":true,"group":"Convenient Food Drink","subgroup":"Snack","layer":"Foil / Plastic Film Snack Wrapper","full_name":"Convenient Food Drink \u2013 Snack \u2013 Foil / Plastic Film Snack Wrapper","olm_key":"food/wrapper","quantity":1,"picked_up":true}],"groups":["litter"],"has_litter":true,"has_pet_waste":false,"has_substances":false,"zone":"cottonwood_zone_D","zone_edge_m":69.3,"nbhd_edge_m":null}},{"type":"Feature","geometry":{"type":"Point","coordinates":[-122.55683898926,49.20890045166]},"properties":{"id":546497,"datetime":"2026-06-30T01:00:53.000000Z","filename":"https://olm-s3.s3.eu-west-1.amazonaws.com/2026/06/30/SAgmBUQcUMmU7acznEmUPh5jvkFg34kw1TONssm2.jpg","tags":[{"type":"standard","category":"sanitary","item":"tissue","quantity":1},{"type":"material","category":"material","item":"paper","quantity":1,"parent_category":"sanitary","parent_item":"tissue"}],"objects":[{"status":"OK","on_map":true,"group":"Household","subgroup":"","layer":"Hygiene Paper","full_name":"Household \u2013 Hygiene Paper","olm_key":"sanitary/tissue","quantity":1,"picked_up":true}],"groups":["litter"],"has_litter":true,"has_pet_waste":false,"has_substances":false,"zone":"cottonwood_zone_D","zone_edge_m":61.0,"nbhd_edge_m":null}},{"type":"Feature","geometry":{"type":"Point","coordinates":[-122.55683898926,49.20890045166]},"properties":{"id":546496,"datetime":"2026-06-30T01:00:44.000000Z","filename":"https://olm-s3.s3.eu-west-1.amazonaws.com/2026/06/30/a9MmXe6yWyP9ZlPrfvHkMy9E2izU0uZsrfO09vij.jpg","tags":[{"type":"standard","category":"food","item":"napkins","quantity":2},{"type":"material","category":"material","item":"paper","quantity":1,"parent_category":"food","parent_item":"napkins"}],"objects":[{"status":"OK","on_map":true,"group":"Convenient Food Drink","subgroup":"Take-out","layer":"Napkins","full_name":"Convenient Food Drink \u2013 Take-out \u2013 Napkins","olm_key":"food/napkins","quantity":2,"picked_up":true}],"groups":["litter"],"has_litter":true,"has_pet_waste":false,"has_substances":false,"zone":"cottonwood_zone_D","zone_edge_m":61.0,"nbhd_edge_m":null}},{"type":"Feature","geometry":{"type":"Point","coordinates":[-122.55683898926,49.20890045166]},"properties":{"id":546495,"datetime":"2026-06-30T01:00:35.000000Z","filename":"https://olm-s3.s3.eu-west-1.amazonaws.com/2026/06/30/RESk66vJGl1JXPamJOWTUp7b6GiboHls64wHoXFt.jpg","tags":[{"type":"standard","category":"smoking","item":"butts","quantity":2}],"objects":[{"status":"OK","on_map":true,"group":"Smoking","subgroup":"","layer":"Cigarette Butts","full_name":"Smoking \u2013 Cigarette Butts","olm_key":"smoking/butts","quantity":2,"picked_up":true}],"groups":["substances"],"has_litter":false,"has_pet_waste":false,"has_substances":true,"zone":"cottonwood_zone_D","zone_edge_m":61.0,"nbhd_edge_m":null}},{"type":"Feature","geometry":{"type":"Point","coordinates":[-122.55648803711,49.208984375]},"properties":{"id":546494,"datetime":"2026-06-30T00:59:44.000000Z","filename":"https://olm-s3.s3.eu-west-1.amazonaws.com/2026/06/30/KlD3fxdCV1K9FA2onVJqvsSGMa09rflK1AHklzP0.jpg","tags":[{"type":"standard","category":"other","item":"plastic","quantity":1}],"objects":[{"status":"OK","on_map":true,"group":"Piece","subgroup":"","layer":"Plastic Piece","full_name":"Piece \u2013 Plastic Piece","olm_key":"other/plastic","quantity":1,"picked_up":true}],"groups":["litter"],"has_litter":true,"has_pet_waste":false,"has_substances":false,"zone":"cottonwood_zone_D","zone_edge_m":35.5,"nbhd_edge_m":null}},{"type":"Feature","geometry":{"type":"Point","coordinates":[-122.55686950684,49.208801269531]},"properties":{"id":546493,"datetime":"2026-06-30T01:02:07.000000Z","filename":"https://olm-s3.s3.eu-west-1.amazonaws.com/2026/06/30/CKofvKwlSz4DAY6gHnsPERivfQIZAq5CnlJbU8kJ.jpg","tags":[{"type":"standard","category":"food","item":"wrapper","quantity":1},{"type":"standard","category":"industrial","item":"other","quantity":1},{"type":"standard","category":"other","item":"paper","quantity":3},{"type":"custom_tag","category":"custom_tag","item":"material:newsprint","quantity":1,"parent_category":"other","parent_item":"paper"},{"type":"custom_tag","category":"custom_tag","item":"Piece","quantity":1,"parent_category":"other","parent_item":"paper"},{"type":"standard","category":"other","item":"plastic","quantity":1},{"type":"standard","category":"pets","item":"dogshit_in_bag","quantity":1},{"type":"standard","category":"smoking","item":"butts","quantity":6}],"objects":[{"status":"OK","on_map":true,"group":"Convenient Food Drink","subgroup":"Snack","layer":"Foil / Plastic Film Snack Wrapper","full_name":"Convenient Food Drink \u2013 Snack \u2013 Foil / Plastic Film Snack Wrapper","olm_key":"food/wrapper","quantity":1,"picked_up":true},{"status":"OK","on_map":true,"group":"Industrial","subgroup":"","layer":"Industrial Debris","full_name":"Industrial \u2013 Industrial Debris","olm_key":"industrial/other","quantity":1,"picked_up":true},{"status":"OK","on_map":true,"group":"Piece","subgroup":"","layer":"Paper Piece","full_name":"Piece \u2013 Paper Piece","olm_key":"other/paper","quantity":3,"picked_up":true},{"status":"OK","on_map":true,"group":"Piece","subgroup":"","layer":"Plastic Piece","full_name":"Piece \u2013 Plastic Piece","olm_key":"other/plastic","quantity":1,"picked_up":true},{"status":"OK","on_map":true,"group":"Fecal","subgroup":"","layer":"Pet Waste Bagged","full_name":"Fecal \u2013 Pet Waste Bagged","olm_key":"pets/dogshit_in_bag","quantity":1,"picked_up":false},{"status":"OK","on_map":true,"group":"Smoking","subgroup":"","layer":"Cigarette Butts","full_name":"Smoking \u2013 Cigarette Butts","olm_key":"smoking/butts","quantity":6,"picked_up":true}],"groups":["litter","pet_waste","substances"],"has_litter":true,"has_pet_waste":true,"has_substances":true,"zone":"cottonwood_zone_D","zone_edge_m":59.1,"nbhd_edge_m":null}},{"type":"Feature","geometry":{"type":"Point","coordinates":[-122.55646514893,49.208415985107]},"properties":{"id":546492,"datetime":"2026-06-30T01:01:49.000000Z","filename":"https://olm-s3.s3.eu-west-1.amazonaws.com/2026/06/30/69rEvpkNUQwUj1kITKXDkbDfugqDtXwEt2eOWf57.jpg","tags":[{"type":"standard","category":"coffee","item":"lid","quantity":1},{"type":"standard","category":"smoking","item":"butts","quantity":4}],"objects":[{"status":"OK","on_map":true,"group":"Convenient Food Drink","subgroup":"Drink","layer":"Hot Beverage Cup Lid","full_name":"Convenient Food Drink \u2013 Drink \u2013 Hot Beverage Cup Lid","olm_key":"coffee/lid","quantity":1,"picked_up":true},{"status":"OK","on_map":true,"group":"Smoking","subgroup":"","layer":"Cigarette Butts","full_name":"Smoking \u2013 Cigarette Butts","olm_key":"smoking/butts","quantity":4,"picked_up":true}],"groups":["litter","substances"],"has_litter":true,"has_pet_waste":false,"has_substances":true,"zone":"cottonwood_zone_D","zone_edge_m":16.3,"nbhd_edge_m":null}},{"type":"Feature","geometry":{"type":"Point","coordinates":[-122.55683898926,49.20890045166]},"properties":{"id":546491,"datetime":"2026-06-30T01:01:11.000000Z","filename":"https://olm-s3.s3.eu-west-1.amazonaws.com/2026/06/30/JWVBMzrEROa8ds3xYlDC3oAQafSim4vIKr6o7dW0.jpg","tags":[{"type":"standard","category":"softdrinks","item":"lid","quantity":1}],"objects":[{"status":"OK","on_map":true,"group":"Convenient Food Drink","subgroup":"Drink","layer":"Cold Beverage Lid","full_name":"Convenient Food Drink \u2013 Drink \u2013 Cold Beverage Lid","olm_key":"softdrinks/lid","quantity":1,"picked_up":true}],"groups":["litter"],"has_litter":true,"has_pet_waste":false,"has_substances":false,"zone":"cottonwood_zone_D","zone_edge_m":61.0,"nbhd_edge_m":null}},{"type":"Feature","geometry":{"type":"Point","coordinates":[-122.55683898926,49.20890045166]},"properties":{"id":546490,"datetime":"2026-06-30T01:01:10.000000Z","filename":"https://olm-s3.s3.eu-west-1.amazonaws.com/2026/06/30/VNPcBF9L14Ad6JOUsvcMWMCHkcaEVDRJWiAhlDZU.jpg","tags":[{"type":"standard","category":"other","item":"plastic","quantity":1}],"objects":[{"status":"OK","on_map":true,"group":"Piece","subgroup":"","layer":"Plastic Piece","full_name":"Piece \u2013 Plastic Piece","olm_key":"other/plastic","quantity":1,"picked_up":true}],"groups":["litter"],"has_litter":true,"has_pet_waste":false,"has_substances":false,"zone":"cottonwood_zone_D","zone_edge_m":61.0,"nbhd_edge_m":null}},{"type":"Feature","geometry":{"type":"Point","coordinates":[-122.55686187744,49.208808898926]},"properties":{"id":546489,"datetime":"2026-06-30T01:03:09.000000Z","filename":"https://olm-s3.s3.eu-west-1.amazonaws.com/2026/06/30/R0JWDssURKeCIfk6gilYyyqzHPFntJPJx4JbWbeN.jpg","tags":[{"type":"standard","category":"food","item":"wrapper","quantity":1}],"objects":[{"status":"OK","on_map":true,"group":"Convenient Food Drink","subgroup":"Snack","layer":"Foil / Plastic Film Snack Wrapper","full_name":"Convenient Food Drink \u2013 Snack \u2013 Foil / Plastic Film Snack Wrapper","olm_key":"food/wrapper","quantity":1,"picked_up":true}],"groups":["litter"],"has_litter":true,"has_pet_waste":false,"has_substances":false,"zone":"cottonwood_zone_D","zone_edge_m":60.0,"nbhd_edge_m":null}},{"type":"Feature","geometry":{"type":"Point","coordinates":[-122.55686187744,49.208808898926]},"properties":{"id":546488,"datetime":"2026-06-30T01:03:00.000000Z","filename":"https://olm-s3.s3.eu-west-1.amazonaws.com/2026/06/30/xzAz41SEXbIil5dupB1EzKXSKbVXMV8Ypste7en4.jpg","tags":[{"type":"standard","category":"food","item":"wrapper","quantity":1},{"type":"material","category":"material","item":"foil","quantity":1,"parent_category":"food","parent_item":"wrapper"}],"objects":[{"status":"OK","on_map":true,"group":"Convenient Food Drink","subgroup":"Snack","layer":"Foil / Plastic Film Snack Wrapper","full_name":"Convenient Food Drink \u2013 Snack \u2013 Foil / Plastic Film Snack Wrapper","olm_key":"food/wrapper","quantity":1,"picked_up":true}],"groups":["litter"],"has_litter":true,"has_pet_waste":false,"has_substances":false,"zone":"cottonwood_zone_D","zone_edge_m":60.0,"nbhd_edge_m":null}},{"type":"Feature","geometry":{"type":"Point","coordinates":[-122.55686187744,49.208808898926]},"properties":{"id":546487,"datetime":"2026-06-30T01:02:45.000000Z","filename":"https://olm-s3.s3.eu-west-1.amazonaws.com/2026/06/30/i6Uj7T8rpZ8Zoh4uGstVi4voOHEB754gnfd9cYqJ.jpg","tags":[{"type":"standard","category":"smoking","item":"butts","quantity":3}],"objects":[{"status":"OK","on_map":true,"group":"Smoking","subgroup":"","layer":"Cigarette Butts","full_name":"Smoking \u2013 Cigarette Butts","olm_key":"smoking/butts","quantity":3,"picked_up":true}],"groups":["substances"],"has_litter":false,"has_pet_waste":false,"has_substances":true,"zone":"cottonwood_zone_D","zone_edge_m":60.0,"nbhd_edge_m":null}},{"type":"Feature","geometry":{"type":"Point","coordinates":[-122.55686187744,49.208808898926]},"properties":{"id":546486,"datetime":"2026-06-30T01:02:39.000000Z","filename":"https://olm-s3.s3.eu-west-1.amazonaws.com/2026/06/30/M0KVnH95eNS85psAZcHhE6UIYxHR6eCG6P7c9Cdh.jpg","tags":[{"type":"standard","category":"other","item":"paper","quantity":1}],"objects":[{"status":"OK","on_map":true,"group":"Piece","subgroup":"","layer":"Paper Piece","full_name":"Piece \u2013 Paper Piece","olm_key":"other/paper","quantity":1,"picked_up":true}],"groups":["litter"],"has_litter":true,"has_pet_waste":false,"has_substances":false,"zone":"cottonwood_zone_D","zone_edge_m":60.0,"nbhd_edge_m":null}},{"type":"Feature","geometry":{"type":"Point","coordinates":[-122.55686187744,49.208808898926]},"properties":{"id":546485,"datetime":"2026-06-30T01:03:54.000000Z","filename":"https://olm-s3.s3.eu-west-1.amazonaws.com/2026/06/30/UE68un3tIK8XuMv16hthclVh9c7348X5P9nk10fr.jpg","tags":[{"type":"standard","category":"food","item":"wrapper","quantity":1},{"type":"material","category":"material","item":"foil","quantity":1,"parent_category":"food","parent_item":"wrapper"},{"type":"brand","category":"brand","item":"Kit Kat","quantity":1,"parent_category":"food","parent_item":"wrapper"},{"type":"standard","category":"other","item":"plastic","quantity":1}],"objects":[{"status":"OK","on_map":true,"group":"Convenient Food Drink","subgroup":"Snack","layer":"Foil / Plastic Film Snack Wrapper","full_name":"Convenient Food Drink \u2013 Snack \u2013 Foil / Plastic Film Snack Wrapper","olm_key":"food/wrapper","quantity":1,"picked_up":true},{"status":"OK","on_map":true,"group":"Piece","subgroup":"","layer":"Plastic Piece","full_name":"Piece \u2013 Plastic Piece","olm_key":"other/plastic","quantity":1,"picked_up":true}],"groups":["litter"],"has_litter":true,"has_pet_waste":false,"has_substances":false,"zone":"cottonwood_zone_D","zone_edge_m":60.0,"nbhd_edge_m":null}},{"type":"Feature","geometry":{"type":"Point","coordinates":[-122.55686187744,49.208808898926]},"properties":{"id":546484,"datetime":"2026-06-30T01:03:45.000000Z","filename":"https://olm-s3.s3.eu-west-1.amazonaws.com/2026/06/30/dB68qOuQ6nZ5AHZFEoJeWzsMfCd7sQyhRPhCgzyN.jpg","tags":[{"type":"standard","category":"food","item":"napkins","quantity":1},{"type":"standard","category":"softdrinks","item":"straw","quantity":1}],"objects":[{"status":"OK","on_map":true,"group":"Convenient Food Drink","subgroup":"Take-out","layer":"Napkins","full_name":"Convenient Food Drink \u2013 Take-out \u2013 Napkins","olm_key":"food/napkins","quantity":1,"picked_up":true},{"status":"OK","on_map":true,"group":"Convenient Food Drink","subgroup":"Drink","layer":"Paper Drink Straws","full_name":"Convenient Food Drink \u2013 Drink \u2013 Paper Drink Straws","olm_key":"softdrinks/straw","quantity":1,"picked_up":true}],"groups":["litter"],"has_litter":true,"has_pet_waste":false,"has_substances":false,"zone":"cottonwood_zone_D","zone_edge_m":60.0,"nbhd_edge_m":null}},{"type":"Feature","geometry":{"type":"Point","coordinates":[-122.55686187744,49.208808898926]},"properties":{"id":546483,"datetime":"2026-06-30T01:03:19.000000Z","filename":"https://olm-s3.s3.eu-west-1.amazonaws.com/2026/06/30/oCH1JZJr4zOdi0HMqK4GXDYYYmPFwXo9pEgjPlcn.jpg","tags":[{"type":"standard","category":"food","item":"wrapper","quantity":1},{"type":"standard","category":"other","item":"paper","quantity":7},{"type":"custom_tag","category":"custom_tag","item":"Piece","quantity":1,"parent_category":"other","parent_item":"paper"},{"type":"custom_tag","category":"custom_tag","item":"material:newsprint","quantity":1,"parent_category":"other","parent_item":"paper"}],"objects":[{"status":"OK","on_map":true,"group":"Convenient Food Drink","subgroup":"Snack","layer":"Foil / Plastic Film Snack Wrapper","full_name":"Convenient Food Drink \u2013 Snack \u2013 Foil / Plastic Film Snack Wrapper","olm_key":"food/wrapper","quantity":1,"picked_up":true},{"status":"OK","on_map":true,"group":"Piece","subgroup":"","layer":"Paper Piece","full_name":"Piece \u2013 Paper Piece","olm_key":"other/paper","quantity":7,"picked_up":true}],"groups":["litter"],"has_litter":true,"has_pet_waste":false,"has_substances":false,"zone":"cottonwood_zone_D","zone_edge_m":60.0,"nbhd_edge_m":null}},{"type":"Feature","geometry":{"type":"Point","coordinates":[-122.55686187744,49.208808898926]},"properties":{"id":546482,"datetime":"2026-06-30T01:03:14.000000Z","filename":"https://olm-s3.s3.eu-west-1.amazonaws.com/2026/06/30/KmCOzS2E59ATpcygTwlvAnoOtg4fkPYkHwQiio1y.jpg","tags":[{"type":"standard","category":"other","item":"paper","quantity":1}],"objects":[{"status":"OK","on_map":true,"group":"Piece","subgroup":"","layer":"Paper Piece","full_name":"Piece \u2013 Paper Piece","olm_key":"other/paper","quantity":1,"picked_up":true}],"groups":["litter"],"has_litter":true,"has_pet_waste":false,"has_substances":false,"zone":"cottonwood_zone_D","zone_edge_m":60.0,"nbhd_edge_m":null}},{"type":"Feature","geometry":{"type":"Point","coordinates":[-122.55686187744,49.208808898926]},"properties":{"id":546481,"datetime":"2026-06-30T01:04:47.000000Z","filename":"https://olm-s3.s3.eu-west-1.amazonaws.com/2026/06/30/HWi1RRgjlIbQAR1yDAlZx4jxbz5MWVRsZEaoLKMs.jpg","tags":[{"type":"standard","category":"other","item":"plastic","quantity":1},{"type":"material","category":"material","item":"plastic","quantity":1,"parent_category":"other","parent_item":"plastic"}],"objects":[{"status":"OK","on_map":true,"group":"Piece","subgroup":"","layer":"Plastic Piece","full_name":"Piece \u2013 Plastic Piece","olm_key":"other/plastic","quantity":1,"picked_up":true}],"groups":["litter"],"has_litter":true,"has_pet_waste":false,"has_substances":false,"zone":"cottonwood_zone_D","zone_edge_m":60.0,"nbhd_edge_m":null}},{"type":"Feature","geometry":{"type":"Point","coordinates":[-122.55686187744,49.208808898926]},"properties":{"id":546480,"datetime":"2026-06-30T01:04:39.000000Z","filename":"https://olm-s3.s3.eu-west-1.amazonaws.com/2026/06/30/LBrVTJEiZm1m1lWD0UzDurLlTCRqPnP0Po0iAx2S.jpg","tags":[{"type":"standard","category":"food","item":"packaging","quantity":1},{"type":"material","category":"material","item":"foil","quantity":1,"parent_category":"food","parent_item":"packaging"},{"type":"material","category":"material","item":"plastic","quantity":1,"parent_category":"food","parent_item":"packaging"},{"type":"custom_tag","category":"custom_tag","item":"gum","quantity":1,"parent_category":"food","parent_item":"packaging"}],"objects":[{"status":"OK","on_map":true,"group":"Convenient Food Drink","subgroup":"Take-out","layer":"Food Packaging","full_name":"Convenient Food Drink \u2013 Take-out \u2013 Food Packaging","olm_key":"food/packaging","quantity":1,"picked_up":true}],"groups":["litter"],"has_litter":true,"has_pet_waste":false,"has_substances":false,"zone":"cottonwood_zone_D","zone_edge_m":60.0,"nbhd_edge_m":null}},{"type":"Feature","geometry":{"type":"Point","coordinates":[-122.55686187744,49.208808898926]},"properties":{"id":546479,"datetime":"2026-06-30T01:04:33.000000Z","filename":"https://olm-s3.s3.eu-west-1.amazonaws.com/2026/06/30/PBdprRqJmsyxe5gIplq01MzAVRCsOtA45KPijdTA.jpg","tags":[{"type":"standard","category":"other","item":"metal","quantity":1},{"type":"material","category":"material","item":"foil","quantity":1,"parent_category":"other","parent_item":"metal"}],"objects":[{"status":"OK","on_map":true,"group":"Piece","subgroup":"","layer":"Household or Unknown Metal Piece","full_name":"Piece \u2013 Household or Unknown Metal Piece","olm_key":"other/metal","quantity":1,"picked_up":true}],"groups":["litter"],"has_litter":true,"has_pet_waste":false,"has_substances":false,"zone":"cottonwood_zone_D","zone_edge_m":60.0,"nbhd_edge_m":null}},{"type":"Feature","geometry":{"type":"Point","coordinates":[-122.55686187744,49.208808898926]},"properties":{"id":546478,"datetime":"2026-06-30T01:04:09.000000Z","filename":"https://olm-s3.s3.eu-west-1.amazonaws.com/2026/06/30/QW4CocecRGXo9iqT0NtkNma7SuziQiI91a4oTuqB.jpg","tags":[{"type":"standard","category":"food","item":"wrapper","quantity":2},{"type":"material","category":"material","item":"foil","quantity":1,"parent_category":"food","parent_item":"wrapper"},{"type":"brand","category":"brand","item":"skittles","quantity":1,"parent_category":"food","parent_item":"wrapper"},{"type":"custom_tag","category":"custom_tag","item":"brand:oh henry","quantity":1,"parent_category":"food","parent_item":"wrapper"}],"objects":[{"status":"OK","on_map":true,"group":"Convenient Food Drink","subgroup":"Snack","layer":"Foil / Plastic Film Snack Wrapper","full_name":"Convenient Food Drink \u2013 Snack \u2013 Foil / Plastic Film Snack Wrapper","olm_key":"food/wrapper","quantity":2,"picked_up":true}],"groups":["litter"],"has_litter":true,"has_pet_waste":false,"has_substances":false,"zone":"cottonwood_zone_D","zone_edge_m":60.0,"nbhd_edge_m":null}},{"type":"Feature","geometry":{"type":"Point","coordinates":[-122.55686187744,49.208808898926]},"properties":{"id":546477,"datetime":"2026-06-30T01:05:20.000000Z","filename":"https://olm-s3.s3.eu-west-1.amazonaws.com/2026/06/30/LG4z3udA3WU1txinq0yH7aNsmQv7c3pfvOPpSljP.jpg","tags":[{"type":"standard","category":"smoking","item":"butts","quantity":1}],"objects":[{"status":"OK","on_map":true,"group":"Smoking","subgroup":"","layer":"Cigarette Butts","full_name":"Smoking \u2013 Cigarette Butts","olm_key":"smoking/butts","quantity":1,"picked_up":true}],"groups":["substances"],"has_litter":false,"has_pet_waste":false,"has_substances":true,"zone":"cottonwood_zone_D","zone_edge_m":60.0,"nbhd_edge_m":null}},{"type":"Feature","geometry":{"type":"Point","coordinates":[-122.55686187744,49.208808898926]},"properties":{"id":546476,"datetime":"2026-06-30T01:05:14.000000Z","filename":"https://olm-s3.s3.eu-west-1.amazonaws.com/2026/06/30/AA1dT1l6miu1Zbh1PBSxC1Sn2ucpfNqSJ1aH3v6L.jpg","tags":[{"type":"standard","category":"food","item":"packet","quantity":1},{"type":"material","category":"material","item":"foil","quantity":1,"parent_category":"food","parent_item":"packet"},{"type":"brand","category":"brand","item":"mcdonalds","quantity":1,"parent_category":"food","parent_item":"packet"}],"objects":[{"status":"OK","on_map":true,"group":"Convenient Food Drink","subgroup":"Take-out","layer":"Condiment Packets","full_name":"Convenient Food Drink \u2013 Take-out \u2013 Condiment Packets","olm_key":"food/packet","quantity":1,"picked_up":true}],"groups":["litter"],"has_litter":true,"has_pet_waste":false,"has_substances":false,"zone":"cottonwood_zone_D","zone_edge_m":60.0,"nbhd_edge_m":null}},{"type":"Feature","geometry":{"type":"Point","coordinates":[-122.55686187744,49.208808898926]},"properties":{"id":546475,"datetime":"2026-06-30T01:05:08.000000Z","filename":"https://olm-s3.s3.eu-west-1.amazonaws.com/2026/06/30/EFC7vhWQUAhGKB6adSu4bfIHNALiSgaIhK2aGwFA.jpg","tags":[{"type":"standard","category":"food","item":"packet","quantity":1},{"type":"brand","category":"brand","item":"mcdonalds","quantity":1,"parent_category":"food","parent_item":"packet"}],"objects":[{"status":"OK","on_map":true,"group":"Convenient Food Drink","subgroup":"Take-out","layer":"Condiment Packets","full_name":"Convenient Food Drink \u2013 Take-out \u2013 Condiment Packets","olm_key":"food/packet","quantity":1,"picked_up":true}],"groups":["litter"],"has_litter":true,"has_pet_waste":false,"has_substances":false,"zone":"cottonwood_zone_D","zone_edge_m":60.0,"nbhd_edge_m":null}},{"type":"Feature","geometry":{"type":"Point","coordinates":[-122.55686187744,49.208808898926]},"properties":{"id":546474,"datetime":"2026-06-30T01:04:58.000000Z","filename":"https://olm-s3.s3.eu-west-1.amazonaws.com/2026/06/30/EIBgSMEhUoIsa6Ykr30h5mADIJNhrEsew8FpAVJG.jpg","tags":[{"type":"standard","category":"smoking","item":"butts","quantity":2}],"objects":[{"status":"OK","on_map":true,"group":"Smoking","subgroup":"","layer":"Cigarette Butts","full_name":"Smoking \u2013 Cigarette Butts","olm_key":"smoking/butts","quantity":2,"picked_up":true}],"groups":["substances"],"has_litter":false,"has_pet_waste":false,"has_substances":true,"zone":"cottonwood_zone_D","zone_edge_m":60.0,"nbhd_edge_m":null}},{"type":"Feature","geometry":{"type":"Point","coordinates":[-122.55671691895,49.208492279053]},"properties":{"id":546473,"datetime":"2026-06-30T01:05:31.000000Z","filename":"https://olm-s3.s3.eu-west-1.amazonaws.com/2026/06/30/Aw3DXtuNmsV05Xi1Smt4EFvG6rdPgLr0CzWG5plo.jpg","tags":[{"type":"standard","category":"softdrinks","item":"cup","quantity":1,"object_type":"soda"},{"type":"brand","category":"brand","item":"mcdonalds","quantity":1,"parent_category":"softdrinks","parent_item":"cup"},{"type":"custom_tag","category":"custom_tag","item":"material:coated paper","quantity":1,"parent_category":"softdrinks","parent_item":"cup"}],"objects":[{"status":"OK","on_map":true,"group":"Convenient Food Drink","subgroup":"Drink","layer":"Cold Beverage Cup","full_name":"Convenient Food Drink \u2013 Drink \u2013 Cold Beverage Cup","olm_key":"softdrinks/cup","quantity":1,"picked_up":true}],"groups":["litter"],"has_litter":true,"has_pet_waste":false,"has_substances":false,"zone":"cottonwood_zone_D","zone_edge_m":24.7,"nbhd_edge_m":null}},{"type":"Feature","geometry":{"type":"Point","coordinates":[-122.55671691895,49.208492279053]},"properties":{"id":546440,"datetime":"2026-06-30T01:05:46.000000Z","filename":"https://olm-s3.s3.eu-west-1.amazonaws.com/2026/06/30/dpoYh6nAqhIQbHSxg3Nm8yYiLJq2P9gxgQZe8Ewv.jpg","tags":[{"type":"standard","category":"smoking","item":"butts","quantity":10},{"type":"standard","category":"softdrinks","item":"cup","quantity":1,"object_type":"soda"},{"type":"material","category":"material","item":"plastic","quantity":1,"parent_category":"softdrinks","parent_item":"cup"},{"type":"standard","category":"softdrinks","item":"straw_wrapper","quantity":1}],"objects":[{"status":"OK","on_map":true,"group":"Smoking","subgroup":"","layer":"Cigarette Butts","full_name":"Smoking \u2013 Cigarette Butts","olm_key":"smoking/butts","quantity":10,"picked_up":true},{"status":"OK","on_map":true,"group":"Convenient Food Drink","subgroup":"Drink","layer":"Cold Beverage Cup","full_name":"Convenient Food Drink \u2013 Drink \u2013 Cold Beverage Cup","olm_key":"softdrinks/cup","quantity":1,"picked_up":true},{"status":"OK","on_map":true,"group":"Convenient Food Drink","subgroup":"Drink","layer":"Drink Straw Wrapper","full_name":"Convenient Food Drink \u2013 Drink \u2013 Drink Straw Wrapper","olm_key":"softdrinks/straw_wrapper","quantity":1,"picked_up":true}],"groups":["litter","substances"],"has_litter":true,"has_pet_waste":false,"has_substances":true,"zone":"cottonwood_zone_D","zone_edge_m":24.7,"nbhd_edge_m":null}},{"type":"Feature","geometry":{"type":"Point","coordinates":[-122.55671691895,49.208492279053]},"properties":{"id":546439,"datetime":"2026-06-30T01:06:37.000000Z","filename":"https://olm-s3.s3.eu-west-1.amazonaws.com/2026/06/30/GYtORaIGHiOqXS3e1PL6h7QF34k2DvXhSriKpm59.jpg","tags":[{"type":"standard","category":"smoking","item":"butts","quantity":5},{"type":"standard","category":"softdrinks","item":"straw","quantity":1}],"objects":[{"status":"OK","on_map":true,"group":"Smoking","subgroup":"","layer":"Cigarette Butts","full_name":"Smoking \u2013 Cigarette Butts","olm_key":"smoking/butts","quantity":5,"picked_up":true},{"status":"OK","on_map":true,"group":"Convenient Food Drink","subgroup":"Drink","layer":"Paper Drink Straws","full_name":"Convenient Food Drink \u2013 Drink \u2013 Paper Drink Straws","olm_key":"softdrinks/straw","quantity":1,"picked_up":true}],"groups":["litter","substances"],"has_litter":true,"has_pet_waste":false,"has_substances":true,"zone":"cottonwood_zone_D","zone_edge_m":24.7,"nbhd_edge_m":null}},{"type":"Feature","geometry":{"type":"Point","coordinates":[-122.55671691895,49.208492279053]},"properties":{"id":546438,"datetime":"2026-06-30T01:07:09.000000Z","filename":"https://olm-s3.s3.eu-west-1.amazonaws.com/2026/06/30/ueu67NM05Gb2sOAGvEuNkKfWxnKQNcmIgQNgJYrz.jpg","tags":[{"type":"standard","category":"food","item":"packaging","quantity":1},{"type":"material","category":"material","item":"paper","quantity":1,"parent_category":"food","parent_item":"packaging"},{"type":"brand","category":"brand","item":"mcdonalds","quantity":1,"parent_category":"food","parent_item":"packaging"}],"objects":[{"status":"OK","on_map":true,"group":"Convenient Food Drink","subgroup":"Take-out","layer":"Food Packaging","full_name":"Convenient Food Drink \u2013 Take-out \u2013 Food Packaging","olm_key":"food/packaging","quantity":1,"picked_up":true}],"groups":["litter"],"has_litter":true,"has_pet_waste":false,"has_substances":false,"zone":"cottonwood_zone_D","zone_edge_m":24.7,"nbhd_edge_m":null}},{"type":"Feature","geometry":{"type":"Point","coordinates":[-122.55671691895,49.208492279053]},"properties":{"id":546437,"datetime":"2026-06-30T01:07:15.000000Z","filename":"https://olm-s3.s3.eu-west-1.amazonaws.com/2026/06/30/QMhyHgQtporKVkrVtJjp1Gh9ZmO8Ez7oCFTF2BM2.jpg","tags":[{"type":"standard","category":"softdrinks","item":"lid","quantity":1},{"type":"material","category":"material","item":"plastic","quantity":1,"parent_category":"softdrinks","parent_item":"lid"}],"objects":[{"status":"OK","on_map":true,"group":"Convenient Food Drink","subgroup":"Drink","layer":"Cold Beverage Lid","full_name":"Convenient Food Drink \u2013 Drink \u2013 Cold Beverage Lid","olm_key":"softdrinks/lid","quantity":1,"picked_up":true}],"groups":["litter"],"has_litter":true,"has_pet_waste":false,"has_substances":false,"zone":"cottonwood_zone_D","zone_edge_m":24.7,"nbhd_edge_m":null}},{"type":"Feature","geometry":{"type":"Point","coordinates":[-122.55671691895,49.208492279053]},"properties":{"id":546436,"datetime":"2026-06-30T01:07:23.000000Z","filename":"https://olm-s3.s3.eu-west-1.amazonaws.com/2026/06/30/byUpPvy433tFYCWrjbvvOtov8SW2B8OneL9Fhikg.jpg","tags":[{"type":"standard","category":"food","item":"packaging","quantity":1},{"type":"material","category":"material","item":"paper","quantity":1,"parent_category":"food","parent_item":"packaging"},{"type":"brand","category":"brand","item":"mcdonalds","quantity":1,"parent_category":"food","parent_item":"packaging"},{"type":"standard","category":"food","item":"napkins","quantity":1}],"objects":[{"status":"OK","on_map":true,"group":"Convenient Food Drink","subgroup":"Take-out","layer":"Food Packaging","full_name":"Convenient Food Drink \u2013 Take-out \u2013 Food Packaging","olm_key":"food/packaging","quantity":1,"picked_up":true},{"status":"OK","on_map":true,"group":"Convenient Food Drink","subgroup":"Take-out","layer":"Napkins","full_name":"Convenient Food Drink \u2013 Take-out \u2013 Napkins","olm_key":"food/napkins","quantity":1,"picked_up":true}],"groups":["litter"],"has_litter":true,"has_pet_waste":false,"has_substances":false,"zone":"cottonwood_zone_D","zone_edge_m":24.7,"nbhd_edge_m":null}},{"type":"Feature","geometry":{"type":"Point","coordinates":[-122.55702209473,49.208522796631]},"properties":{"id":546435,"datetime":"2026-06-30T01:07:31.000000Z","filename":"https://olm-s3.s3.eu-west-1.amazonaws.com/2026/06/30/iGVnH6veRc6avURDsvx0QzVqfaCj98mp5eZA91QC.jpg","tags":[{"type":"standard","category":"pets","item":"dogshit_in_bag","quantity":1}],"objects":[{"status":"OK","on_map":true,"group":"Fecal","subgroup":"","layer":"Pet Waste Bagged","full_name":"Fecal \u2013 Pet Waste Bagged","olm_key":"pets/dogshit_in_bag","quantity":1,"picked_up":false}],"groups":["pet_waste"],"has_litter":false,"has_pet_waste":true,"has_substances":false,"zone":"cottonwood_zone_D","zone_edge_m":28.1,"nbhd_edge_m":null}},{"type":"Feature","geometry":{"type":"Point","coordinates":[-122.55702209473,49.208522796631]},"properties":{"id":546434,"datetime":"2026-06-30T01:07:39.000000Z","filename":"https://olm-s3.s3.eu-west-1.amazonaws.com/2026/06/30/i9ndf65IPl5IeTYA0lza8rIigukNMmDM2lVDAtry.jpg","tags":[{"type":"standard","category":"food","item":"wrapper","quantity":1},{"type":"brand","category":"brand","item":"Great Value","quantity":1,"parent_category":"food","parent_item":"wrapper"}],"objects":[{"status":"OK","on_map":true,"group":"Convenient Food Drink","subgroup":"Snack","layer":"Foil / Plastic Film Snack Wrapper","full_name":"Convenient Food Drink \u2013 Snack \u2013 Foil / Plastic Film Snack Wrapper","olm_key":"food/wrapper","quantity":1,"picked_up":true}],"groups":["litter"],"has_litter":true,"has_pet_waste":false,"has_substances":false,"zone":"cottonwood_zone_D","zone_edge_m":28.1,"nbhd_edge_m":null}},{"type":"Feature","geometry":{"type":"Point","coordinates":[-122.55702209473,49.208522796631]},"properties":{"id":546433,"datetime":"2026-06-30T01:08:03.000000Z","filename":"https://olm-s3.s3.eu-west-1.amazonaws.com/2026/06/30/A7jWYqfYtceXGkpzKxNe1HwqT95RS00GusQuAR8x.jpg","tags":[{"type":"standard","category":"smoking","item":"butts","quantity":3}],"objects":[{"status":"OK","on_map":true,"group":"Smoking","subgroup":"","layer":"Cigarette Butts","full_name":"Smoking \u2013 Cigarette Butts","olm_key":"smoking/butts","quantity":3,"picked_up":true}],"groups":["substances"],"has_litter":false,"has_pet_waste":false,"has_substances":true,"zone":"cottonwood_zone_D","zone_edge_m":28.1,"nbhd_edge_m":null}},{"type":"Feature","geometry":{"type":"Point","coordinates":[-122.55702209473,49.208522796631]},"properties":{"id":546432,"datetime":"2026-06-30T01:08:10.000000Z","filename":"https://olm-s3.s3.eu-west-1.amazonaws.com/2026/06/30/DGmr11e3QhxrgfO0aLE67hW9KQvYOws4bKXulNKw.jpg","tags":[{"type":"standard","category":"smoking","item":"butts","quantity":1}],"objects":[{"status":"OK","on_map":true,"group":"Smoking","subgroup":"","layer":"Cigarette Butts","full_name":"Smoking \u2013 Cigarette Butts","olm_key":"smoking/butts","quantity":1,"picked_up":true}],"groups":["substances"],"has_litter":false,"has_pet_waste":false,"has_substances":true,"zone":"cottonwood_zone_D","zone_edge_m":28.1,"nbhd_edge_m":null}},{"type":"Feature","geometry":{"type":"Point","coordinates":[-122.55702209473,49.208522796631]},"properties":{"id":546431,"datetime":"2026-06-30T01:08:34.000000Z","filename":"https://olm-s3.s3.eu-west-1.amazonaws.com/2026/06/30/vOPdgolglC30z0kqq3jScirSHT38s0klwkQOZaWm.jpg","tags":[{"type":"standard","category":"smoking","item":"butts","quantity":2}],"objects":[{"status":"OK","on_map":true,"group":"Smoking","subgroup":"","layer":"Cigarette Butts","full_name":"Smoking \u2013 Cigarette Butts","olm_key":"smoking/butts","quantity":2,"picked_up":true}],"groups":["substances"],"has_litter":false,"has_pet_waste":false,"has_substances":true,"zone":"cottonwood_zone_D","zone_edge_m":28.1,"nbhd_edge_m":null}},{"type":"Feature","geometry":{"type":"Point","coordinates":[-122.55702209473,49.208522796631]},"properties":{"id":546430,"datetime":"2026-06-30T01:08:36.000000Z","filename":"https://olm-s3.s3.eu-west-1.amazonaws.com/2026/06/30/tbkg3QpFPBjaEqh8MU04LqiZi9IHrLGR2ZIX8VcM.jpg","tags":[{"type":"standard","category":"smoking","item":"butts","quantity":3}],"objects":[{"status":"OK","on_map":true,"group":"Smoking","subgroup":"","layer":"Cigarette Butts","full_name":"Smoking \u2013 Cigarette Butts","olm_key":"smoking/butts","quantity":3,"picked_up":true}],"groups":["substances"],"has_litter":false,"has_pet_waste":false,"has_substances":true,"zone":"cottonwood_zone_D","zone_edge_m":28.1,"nbhd_edge_m":null}},{"type":"Feature","geometry":{"type":"Point","coordinates":[-122.55702209473,49.208522796631]},"properties":{"id":546429,"datetime":"2026-06-30T01:08:48.000000Z","filename":"https://olm-s3.s3.eu-west-1.amazonaws.com/2026/06/30/uqedS8aH6TpzYxNG0P8Q3jA9HelTk3llFsS5g9RT.jpg","tags":[{"type":"standard","category":"other","item":"paper","quantity":1},{"type":"standard","category":"other","item":"plastic","quantity":1},{"type":"standard","category":"other","item":"metal","quantity":1},{"type":"standard","category":"softdrinks","item":"straw_wrapper","quantity":1}],"objects":[{"status":"OK","on_map":true,"group":"Piece","subgroup":"","layer":"Paper Piece","full_name":"Piece \u2013 Paper Piece","olm_key":"other/paper","quantity":1,"picked_up":true},{"status":"OK","on_map":true,"group":"Piece","subgroup":"","layer":"Plastic Piece","full_name":"Piece \u2013 Plastic Piece","olm_key":"other/plastic","quantity":1,"picked_up":true},{"status":"OK","on_map":true,"group":"Piece","subgroup":"","layer":"Household or Unknown Metal Piece","full_name":"Piece \u2013 Household or Unknown Metal Piece","olm_key":"other/metal","quantity":1,"picked_up":true},{"status":"OK","on_map":true,"group":"Convenient Food Drink","subgroup":"Drink","layer":"Drink Straw Wrapper","full_name":"Convenient Food Drink \u2013 Drink \u2013 Drink Straw Wrapper","olm_key":"softdrinks/straw_wrapper","quantity":1,"picked_up":true}],"groups":["litter"],"has_litter":true,"has_pet_waste":false,"has_substances":false,"zone":"cottonwood_zone_D","zone_edge_m":28.1,"nbhd_edge_m":null}},{"type":"Feature","geometry":{"type":"Point","coordinates":[-122.55702209473,49.208522796631]},"properties":{"id":546428,"datetime":"2026-06-30T01:08:57.000000Z","filename":"https://olm-s3.s3.eu-west-1.amazonaws.com/2026/06/30/wPMhpLBhShtp8k0vnMIOI7pXBaEH3VfrSF0Ffg9E.jpg","tags":[{"type":"standard","category":"smoking","item":"butts","quantity":1}],"objects":[{"status":"OK","on_map":true,"group":"Smoking","subgroup":"","layer":"Cigarette Butts","full_name":"Smoking \u2013 Cigarette Butts","olm_key":"smoking/butts","quantity":1,"picked_up":true}],"groups":["substances"],"has_litter":false,"has_pet_waste":false,"has_substances":true,"zone":"cottonwood_zone_D","zone_edge_m":28.1,"nbhd_edge_m":null}},{"type":"Feature","geometry":{"type":"Point","coordinates":[-122.55702209473,49.208522796631]},"properties":{"id":546427,"datetime":"2026-06-30T01:09:20.000000Z","filename":"https://olm-s3.s3.eu-west-1.amazonaws.com/2026/06/30/mzTPL44mtMlFPXNpvOsBvJ8Vgd5Z9RnqimfgwMH8.jpg","tags":[{"type":"standard","category":"food","item":"other","quantity":1},{"type":"custom_tag","category":"custom_tag","item":"food waste","quantity":1,"parent_category":"food","parent_item":"other"}],"objects":[{"status":"OK","on_map":true,"group":"Household","subgroup":"","layer":"Organic Debris, Misc.","full_name":"Household \u2013 Organic Debris, Misc.","olm_key":"food/other","quantity":1,"picked_up":false}],"groups":["litter"],"has_litter":true,"has_pet_waste":false,"has_substances":false,"zone":"cottonwood_zone_D","zone_edge_m":28.1,"nbhd_edge_m":null}},{"type":"Feature","geometry":{"type":"Point","coordinates":[-122.55702209473,49.208522796631]},"properties":{"id":546426,"datetime":"2026-06-30T01:09:40.000000Z","filename":"https://olm-s3.s3.eu-west-1.amazonaws.com/2026/06/30/89Kl08zm93eTFi3EqUYOKlE7scjCRENIfi5UGIyT.jpg","tags":[{"type":"standard","category":"smoking","item":"butts","quantity":1}],"objects":[{"status":"OK","on_map":true,"group":"Smoking","subgroup":"","layer":"Cigarette Butts","full_name":"Smoking \u2013 Cigarette Butts","olm_key":"smoking/butts","quantity":1,"picked_up":true}],"groups":["substances"],"has_litter":false,"has_pet_waste":false,"has_substances":true,"zone":"cottonwood_zone_D","zone_edge_m":28.1,"nbhd_edge_m":null}},{"type":"Feature","geometry":{"type":"Point","coordinates":[-122.55632781982,49.208156585693]},"properties":{"id":546425,"datetime":"2026-06-30T01:09:58.000000Z","filename":"https://olm-s3.s3.eu-west-1.amazonaws.com/2026/06/30/COnFl0Yv3KZbuHQr6cIzP8cIwdxbA8SHq6OtJwxo.jpg","tags":[{"type":"standard","category":"marine","item":"polystyrene_fragment","quantity":2},{"type":"standard","category":"sanitary","item":"wipes","quantity":1}],"objects":[{"status":"OK","on_map":true,"group":"Piece","subgroup":"","layer":"Styrofoam Piece","full_name":"Piece \u2013 Styrofoam Piece","olm_key":"marine/polystyrene_fragment","quantity":2,"picked_up":true},{"status":"OK","on_map":true,"group":"Household","subgroup":"","layer":"Wet Wipes","full_name":"Household \u2013 Wet Wipes","olm_key":"sanitary/wipes","quantity":1,"picked_up":true}],"groups":["litter"],"has_litter":true,"has_pet_waste":false,"has_substances":false,"zone":"cottonwood_zone_E","zone_edge_m":12.6,"nbhd_edge_m":null}},{"type":"Feature","geometry":{"type":"Point","coordinates":[-122.55632781982,49.208156585693]},"properties":{"id":546424,"datetime":"2026-06-30T01:10:22.000000Z","filename":"https://olm-s3.s3.eu-west-1.amazonaws.com/2026/06/30/4AjsXT19uHopMAF6BHmTmI2JXKfkKfDdqzG7euOp.jpg","tags":[{"type":"standard","category":"smoking","item":"butts","quantity":3}],"objects":[{"status":"OK","on_map":true,"group":"Smoking","subgroup":"","layer":"Cigarette Butts","full_name":"Smoking \u2013 Cigarette Butts","olm_key":"smoking/butts","quantity":3,"picked_up":true}],"groups":["substances"],"has_litter":false,"has_pet_waste":false,"has_substances":true,"zone":"cottonwood_zone_E","zone_edge_m":12.6,"nbhd_edge_m":null}},{"type":"Feature","geometry":{"type":"Point","coordinates":[-122.5567855835,49.208106994629]},"properties":{"id":546423,"datetime":"2026-06-30T01:11:01.000000Z","filename":"https://olm-s3.s3.eu-west-1.amazonaws.com/2026/06/30/z2LdrkcepTQdrUKWSNyQmF0xQPnXxajYitnS1u31.jpg","tags":[{"type":"standard","category":"smoking","item":"butts","quantity":2}],"objects":[{"status":"OK","on_map":true,"group":"Smoking","subgroup":"","layer":"Cigarette Butts","full_name":"Smoking \u2013 Cigarette Butts","olm_key":"smoking/butts","quantity":2,"picked_up":true}],"groups":["substances"],"has_litter":false,"has_pet_waste":false,"has_substances":true,"zone":"cottonwood_zone_E","zone_edge_m":18.1,"nbhd_edge_m":null}},{"type":"Feature","geometry":{"type":"Point","coordinates":[-122.5567855835,49.208106994629]},"properties":{"id":546422,"datetime":"2026-06-30T01:11:07.000000Z","filename":"https://olm-s3.s3.eu-west-1.amazonaws.com/2026/06/30/00fQZbCpGZPMS4bnhdVqU38PfgEkHxU27njsSJe6.jpg","tags":[{"type":"standard","category":"other","item":"other","quantity":1},{"type":"custom_tag","category":"custom_tag","item":"Baby product","quantity":1,"parent_category":"other","parent_item":"other"},{"type":"custom_tag","category":"custom_tag","item":"Piece","quantity":1,"parent_category":"other","parent_item":"other"}],"objects":[{"status":"OK","on_map":true,"group":"Household","subgroup":"","layer":"Household misc","full_name":"Household \u2013 Household misc","olm_key":"other/other","quantity":1,"picked_up":true}],"groups":["litter"],"has_litter":true,"has_pet_waste":false,"has_substances":false,"zone":"cottonwood_zone_E","zone_edge_m":18.1,"nbhd_edge_m":null}},{"type":"Feature","geometry":{"type":"Point","coordinates":[-122.55702209473,49.210285186768]},"properties":{"id":546421,"datetime":"2026-06-30T00:44:51.000000Z","filename":"https://olm-s3.s3.eu-west-1.amazonaws.com/2026/06/30/O6fhSugTAqb83LC2ZVFBkJrTlUardVX7g5EyZm5m.jpg","tags":[{"type":"standard","category":"smoking","item":"butts","quantity":1}],"objects":[{"status":"OK","on_map":true,"group":"Smoking","subgroup":"","layer":"Cigarette Butts","full_name":"Smoking \u2013 Cigarette Butts","olm_key":"smoking/butts","quantity":1,"picked_up":true}],"groups":["substances"],"has_litter":false,"has_pet_waste":false,"has_substances":true,"zone":"cottonwood_zone_C","zone_edge_m":56.2,"nbhd_edge_m":null}},{"type":"Feature","geometry":{"type":"Point","coordinates":[-122.5567855835,49.208106994629]},"properties":{"id":546420,"datetime":"2026-06-30T01:11:15.000000Z","filename":"https://olm-s3.s3.eu-west-1.amazonaws.com/2026/06/30/Zk8gGa0nSIwjlWuW2HOEOC49zRoWqvmxjPhkbMDm.jpg","tags":[{"type":"standard","category":"smoking","item":"butts","quantity":2}],"objects":[{"status":"OK","on_map":true,"group":"Smoking","subgroup":"","layer":"Cigarette Butts","full_name":"Smoking \u2013 Cigarette Butts","olm_key":"smoking/butts","quantity":2,"picked_up":true}],"groups":["substances"],"has_litter":false,"has_pet_waste":false,"has_substances":true,"zone":"cottonwood_zone_E","zone_edge_m":18.1,"nbhd_edge_m":null}},{"type":"Feature","geometry":{"type":"Point","coordinates":[-122.5567855835,49.208106994629]},"properties":{"id":546419,"datetime":"2026-06-30T01:11:23.000000Z","filename":"https://olm-s3.s3.eu-west-1.amazonaws.com/2026/06/30/sRwpEBwRtOXJy3M6VatcaiUtV4lbkBNMyc0GhLXu.jpg","tags":[{"type":"standard","category":"smoking","item":"butts","quantity":1}],"objects":[{"status":"OK","on_map":true,"group":"Smoking","subgroup":"","layer":"Cigarette Butts","full_name":"Smoking \u2013 Cigarette Butts","olm_key":"smoking/butts","quantity":1,"picked_up":true}],"groups":["substances"],"has_litter":false,"has_pet_waste":false,"has_substances":true,"zone":"cottonwood_zone_E","zone_edge_m":18.1,"nbhd_edge_m":null}},{"type":"Feature","geometry":{"type":"Point","coordinates":[-122.5567855835,49.208106994629]},"properties":{"id":546418,"datetime":"2026-06-30T01:11:32.000000Z","filename":"https://olm-s3.s3.eu-west-1.amazonaws.com/2026/06/30/vI4rNMobiGZ7fcxZCNbR93NrcuSkBQR37MzKHsro.jpg","tags":[{"type":"standard","category":"smoking","item":"butts","quantity":8}],"objects":[{"status":"OK","on_map":true,"group":"Smoking","subgroup":"","layer":"Cigarette Butts","full_name":"Smoking \u2013 Cigarette Butts","olm_key":"smoking/butts","quantity":8,"picked_up":true}],"groups":["substances"],"has_litter":false,"has_pet_waste":false,"has_substances":true,"zone":"cottonwood_zone_E","zone_edge_m":18.1,"nbhd_edge_m":null}},{"type":"Feature","geometry":{"type":"Point","coordinates":[-122.5567855835,49.208106994629]},"properties":{"id":546417,"datetime":"2026-06-30T01:12:16.000000Z","filename":"https://olm-s3.s3.eu-west-1.amazonaws.com/2026/06/30/0S5A5uNqKpJH1apfNjos62VwggYCz7KsUkB1Hocb.jpg","tags":[{"type":"standard","category":"food","item":"wrapper","quantity":1},{"type":"brand","category":"brand","item":"Nature Valley","quantity":1,"parent_category":"food","parent_item":"wrapper"}],"objects":[{"status":"OK","on_map":true,"group":"Convenient Food Drink","subgroup":"Snack","layer":"Foil / Plastic Film Snack Wrapper","full_name":"Convenient Food Drink \u2013 Snack \u2013 Foil / Plastic Film Snack Wrapper","olm_key":"food/wrapper","quantity":1,"picked_up":true}],"groups":["litter"],"has_litter":true,"has_pet_waste":false,"has_substances":false,"zone":"cottonwood_zone_E","zone_edge_m":18.1,"nbhd_edge_m":null}},{"type":"Feature","geometry":{"type":"Point","coordinates":[-122.5567855835,49.208106994629]},"properties":{"id":546416,"datetime":"2026-06-30T01:12:27.000000Z","filename":"https://olm-s3.s3.eu-west-1.amazonaws.com/2026/06/30/EM7e7WuYC3uX8NTtvYZAX6xuiemuRJjMT2SoqRHg.jpg","tags":[{"type":"standard","category":"food","item":"packaging","quantity":1}],"objects":[{"status":"OK","on_map":true,"group":"Convenient Food Drink","subgroup":"Take-out","layer":"Food Packaging","full_name":"Convenient Food Drink \u2013 Take-out \u2013 Food Packaging","olm_key":"food/packaging","quantity":1,"picked_up":true}],"groups":["litter"],"has_litter":true,"has_pet_waste":false,"has_substances":false,"zone":"cottonwood_zone_E","zone_edge_m":18.1,"nbhd_edge_m":null}},{"type":"Feature","geometry":{"type":"Point","coordinates":[-122.5567855835,49.208106994629]},"properties":{"id":546415,"datetime":"2026-06-30T01:12:44.000000Z","filename":"https://olm-s3.s3.eu-west-1.amazonaws.com/2026/06/30/UaBqLcCnXovthg4TnPnoREv6jliYSKiwW16HuenI.jpg","tags":[{"type":"standard","category":"smoking","item":"butts","quantity":10}],"objects":[{"status":"OK","on_map":true,"group":"Smoking","subgroup":"","layer":"Cigarette Butts","full_name":"Smoking \u2013 Cigarette Butts","olm_key":"smoking/butts","quantity":10,"picked_up":true}],"groups":["substances"],"has_litter":false,"has_pet_waste":false,"has_substances":true,"zone":"cottonwood_zone_E","zone_edge_m":18.1,"nbhd_edge_m":null}},{"type":"Feature","geometry":{"type":"Point","coordinates":[-122.55701446533,49.208045959473]},"properties":{"id":546414,"datetime":"2026-06-30T01:13:56.000000Z","filename":"https://olm-s3.s3.eu-west-1.amazonaws.com/2026/06/30/MgAX6fnawe91SXpRQn6KIIKvjSqfh1ZaOROfIc84.jpg","tags":[{"type":"standard","category":"marine","item":"polystyrene_fragment","quantity":1}],"objects":[{"status":"OK","on_map":true,"group":"Piece","subgroup":"","layer":"Styrofoam Piece","full_name":"Piece \u2013 Styrofoam Piece","olm_key":"marine/polystyrene_fragment","quantity":1,"picked_up":true}],"groups":["litter"],"has_litter":true,"has_pet_waste":false,"has_substances":false,"zone":"cottonwood_zone_E","zone_edge_m":24.9,"nbhd_edge_m":null}},{"type":"Feature","geometry":{"type":"Point","coordinates":[-122.55701446533,49.208045959473]},"properties":{"id":546413,"datetime":"2026-06-30T01:14:04.000000Z","filename":"https://olm-s3.s3.eu-west-1.amazonaws.com/2026/06/30/P9E7f74MxJnzoVRn7OwCRBCVvOVSoawXyqUiAY5v.jpg","tags":[{"type":"standard","category":"other","item":"paper","quantity":1}],"objects":[{"status":"OK","on_map":true,"group":"Piece","subgroup":"","layer":"Paper Piece","full_name":"Piece \u2013 Paper Piece","olm_key":"other/paper","quantity":1,"picked_up":true}],"groups":["litter"],"has_litter":true,"has_pet_waste":false,"has_substances":false,"zone":"cottonwood_zone_E","zone_edge_m":24.9,"nbhd_edge_m":null}},{"type":"Feature","geometry":{"type":"Point","coordinates":[-122.55701446533,49.208045959473]},"properties":{"id":546412,"datetime":"2026-06-30T01:14:40.000000Z","filename":"https://olm-s3.s3.eu-west-1.amazonaws.com/2026/06/30/dfG9Vimn1ujQQslyRMZNgfKS6L2FHGpkxkWk2vvP.jpg","tags":[{"type":"standard","category":"softdrinks","item":"cup","quantity":1,"object_type":"soda"}],"objects":[{"status":"OK","on_map":true,"group":"Convenient Food Drink","subgroup":"Drink","layer":"Cold Beverage Cup","full_name":"Convenient Food Drink \u2013 Drink \u2013 Cold Beverage Cup","olm_key":"softdrinks/cup","quantity":1,"picked_up":true}],"groups":["litter"],"has_litter":true,"has_pet_waste":false,"has_substances":false,"zone":"cottonwood_zone_E","zone_edge_m":24.9,"nbhd_edge_m":null}},{"type":"Feature","geometry":{"type":"Point","coordinates":[-122.55701446533,49.208045959473]},"properties":{"id":546411,"datetime":"2026-06-30T01:14:50.000000Z","filename":"https://olm-s3.s3.eu-west-1.amazonaws.com/2026/06/30/Sdj2G2ePC2tBCpyUgFKJtOUntU0jVIguLPIcnWQJ.jpg","tags":[{"type":"standard","category":"food","item":"wrapper","quantity":1},{"type":"custom_tag","category":"custom_tag","item":"gum","quantity":1,"parent_category":"food","parent_item":"wrapper"},{"type":"standard","category":"smoking","item":"butts","quantity":3}],"objects":[{"status":"OK","on_map":true,"group":"Convenient Food Drink","subgroup":"Snack","layer":"Foil / Plastic Film Snack Wrapper","full_name":"Convenient Food Drink \u2013 Snack \u2013 Foil / Plastic Film Snack Wrapper","olm_key":"food/wrapper","quantity":1,"picked_up":true},{"status":"OK","on_map":true,"group":"Smoking","subgroup":"","layer":"Cigarette Butts","full_name":"Smoking \u2013 Cigarette Butts","olm_key":"smoking/butts","quantity":3,"picked_up":true}],"groups":["litter","substances"],"has_litter":true,"has_pet_waste":false,"has_substances":true,"zone":"cottonwood_zone_E","zone_edge_m":24.9,"nbhd_edge_m":null}},{"type":"Feature","geometry":{"type":"Point","coordinates":[-122.55701446533,49.208045959473]},"properties":{"id":546410,"datetime":"2026-06-30T01:15:07.000000Z","filename":"https://olm-s3.s3.eu-west-1.amazonaws.com/2026/06/30/ijW7MVTMnY1jLISAYEVdqb05svbsUZrvu6qQ4Ko6.jpg","tags":[{"type":"standard","category":"smoking","item":"butts","quantity":3}],"objects":[{"status":"OK","on_map":true,"group":"Smoking","subgroup":"","layer":"Cigarette Butts","full_name":"Smoking \u2013 Cigarette Butts","olm_key":"smoking/butts","quantity":3,"picked_up":true}],"groups":["substances"],"has_litter":false,"has_pet_waste":false,"has_substances":true,"zone":"cottonwood_zone_E","zone_edge_m":24.9,"nbhd_edge_m":null}},{"type":"Feature","geometry":{"type":"Point","coordinates":[-122.55701446533,49.208045959473]},"properties":{"id":546409,"datetime":"2026-06-30T01:15:20.000000Z","filename":"https://olm-s3.s3.eu-west-1.amazonaws.com/2026/06/30/CGftjyQpyBTJwJGReEh1P95iDPi6V6XsSgU1UyR2.jpg","tags":[{"type":"standard","category":"other","item":"plastic","quantity":1},{"type":"standard","category":"smoking","item":"butts","quantity":4},{"type":"standard","category":"softdrinks","item":"straw_wrapper","quantity":1}],"objects":[{"status":"OK","on_map":true,"group":"Piece","subgroup":"","layer":"Plastic Piece","full_name":"Piece \u2013 Plastic Piece","olm_key":"other/plastic","quantity":1,"picked_up":true},{"status":"OK","on_map":true,"group":"Smoking","subgroup":"","layer":"Cigarette Butts","full_name":"Smoking \u2013 Cigarette Butts","olm_key":"smoking/butts","quantity":4,"picked_up":true},{"status":"OK","on_map":true,"group":"Convenient Food Drink","subgroup":"Drink","layer":"Drink Straw Wrapper","full_name":"Convenient Food Drink \u2013 Drink \u2013 Drink Straw Wrapper","olm_key":"softdrinks/straw_wrapper","quantity":1,"picked_up":true}],"groups":["litter","substances"],"has_litter":true,"has_pet_waste":false,"has_substances":true,"zone":"cottonwood_zone_E","zone_edge_m":24.9,"nbhd_edge_m":null}},{"type":"Feature","geometry":{"type":"Point","coordinates":[-122.55677032471,49.20788192749]},"properties":{"id":546408,"datetime":"2026-06-30T01:15:46.000000Z","filename":"https://olm-s3.s3.eu-west-1.amazonaws.com/2026/06/30/vZBTl8E6R52yLCm27AADfxGC92qkIyEjL0gtHFy4.jpg","tags":[{"type":"standard","category":"industrial","item":"other","quantity":1},{"type":"material","category":"material","item":"metal","quantity":1,"parent_category":"industrial","parent_item":"other"}],"objects":[{"status":"OK","on_map":true,"group":"Industrial","subgroup":"","layer":"Industrial Debris","full_name":"Industrial \u2013 Industrial Debris","olm_key":"industrial/other","quantity":1,"picked_up":true}],"groups":["litter"],"has_litter":true,"has_pet_waste":false,"has_substances":false,"zone":"cottonwood_zone_E","zone_edge_m":43.2,"nbhd_edge_m":null}},{"type":"Feature","geometry":{"type":"Point","coordinates":[-122.55677032471,49.20788192749]},"properties":{"id":546407,"datetime":"2026-06-30T01:16:06.000000Z","filename":"https://olm-s3.s3.eu-west-1.amazonaws.com/2026/06/30/iAABb6uKebhiMYU0zhtNu2fFhYoEFZ9ozObB5H4r.jpg","tags":[{"type":"standard","category":"other","item":"paper","quantity":1},{"type":"custom_tag","category":"custom_tag","item":"receipt","quantity":1,"parent_category":"other","parent_item":"paper"}],"objects":[{"status":"OK","on_map":true,"group":"Piece","subgroup":"","layer":"Paper Piece","full_name":"Piece \u2013 Paper Piece","olm_key":"other/paper","quantity":1,"picked_up":true}],"groups":["litter"],"has_litter":true,"has_pet_waste":false,"has_substances":false,"zone":"cottonwood_zone_E","zone_edge_m":43.2,"nbhd_edge_m":null}},{"type":"Feature","geometry":{"type":"Point","coordinates":[-122.55677032471,49.20788192749]},"properties":{"id":546406,"datetime":"2026-06-30T01:16:19.000000Z","filename":"https://olm-s3.s3.eu-west-1.amazonaws.com/2026/06/30/cq1WwPrEnOhlxiB3EZ8rPdWUgRHAmKeGjEJZdqzV.jpg","tags":[{"type":"standard","category":"other","item":"paper","quantity":1}],"objects":[{"status":"OK","on_map":true,"group":"Piece","subgroup":"","layer":"Paper Piece","full_name":"Piece \u2013 Paper Piece","olm_key":"other/paper","quantity":1,"picked_up":true}],"groups":["litter"],"has_litter":true,"has_pet_waste":false,"has_substances":false,"zone":"cottonwood_zone_E","zone_edge_m":43.2,"nbhd_edge_m":null}},{"type":"Feature","geometry":{"type":"Point","coordinates":[-122.55677032471,49.20788192749]},"properties":{"id":546405,"datetime":"2026-06-30T01:16:25.000000Z","filename":"https://olm-s3.s3.eu-west-1.amazonaws.com/2026/06/30/GpL9GDGsXheAZYO7ePGUk2ESRGqrudzaOz6JVXBa.jpg","tags":[{"type":"standard","category":"smoking","item":"butts","quantity":1}],"objects":[{"status":"OK","on_map":true,"group":"Smoking","subgroup":"","layer":"Cigarette Butts","full_name":"Smoking \u2013 Cigarette Butts","olm_key":"smoking/butts","quantity":1,"picked_up":true}],"groups":["substances"],"has_litter":false,"has_pet_waste":false,"has_substances":true,"zone":"cottonwood_zone_E","zone_edge_m":43.2,"nbhd_edge_m":null}},{"type":"Feature","geometry":{"type":"Point","coordinates":[-122.55677032471,49.20788192749]},"properties":{"id":546404,"datetime":"2026-06-30T01:16:45.000000Z","filename":"https://olm-s3.s3.eu-west-1.amazonaws.com/2026/06/30/o1PaAwdoORTRekghhqBifPY8OqQxIzcW641yICio.jpg","tags":[{"type":"standard","category":"food","item":"wrapper","quantity":2}],"objects":[{"status":"OK","on_map":true,"group":"Convenient Food Drink","subgroup":"Snack","layer":"Foil / Plastic Film Snack Wrapper","full_name":"Convenient Food Drink \u2013 Snack \u2013 Foil / Plastic Film Snack Wrapper","olm_key":"food/wrapper","quantity":2,"picked_up":true}],"groups":["litter"],"has_litter":true,"has_pet_waste":false,"has_substances":false,"zone":"cottonwood_zone_E","zone_edge_m":43.2,"nbhd_edge_m":null}},{"type":"Feature","geometry":{"type":"Point","coordinates":[-122.55677032471,49.20788192749]},"properties":{"id":546403,"datetime":"2026-06-30T01:17:28.000000Z","filename":"https://olm-s3.s3.eu-west-1.amazonaws.com/2026/06/30/VcsRbLCafNH0MPyS41aHfkooxdLdlKwtkHJgnTZh.jpg","tags":[{"type":"standard","category":"smoking","item":"butts","quantity":3}],"objects":[{"status":"OK","on_map":true,"group":"Smoking","subgroup":"","layer":"Cigarette Butts","full_name":"Smoking \u2013 Cigarette Butts","olm_key":"smoking/butts","quantity":3,"picked_up":true}],"groups":["substances"],"has_litter":false,"has_pet_waste":false,"has_substances":true,"zone":"cottonwood_zone_E","zone_edge_m":43.2,"nbhd_edge_m":null}},{"type":"Feature","geometry":{"type":"Point","coordinates":[-122.55683135986,49.20756149292]},"properties":{"id":546402,"datetime":"2026-06-30T01:18:14.000000Z","filename":"https://olm-s3.s3.eu-west-1.amazonaws.com/2026/06/30/kuFdqm8cpIV2cKm0cc1RpnYYstMJ2NchjkkoqfQY.jpg","tags":[{"type":"standard","category":"softdrinks","item":"straw","quantity":1}],"objects":[{"status":"OK","on_map":true,"group":"Convenient Food Drink","subgroup":"Drink","layer":"Paper Drink Straws","full_name":"Convenient Food Drink \u2013 Drink \u2013 Paper Drink Straws","olm_key":"softdrinks/straw","quantity":1,"picked_up":true}],"groups":["litter"],"has_litter":true,"has_pet_waste":false,"has_substances":false,"zone":"cottonwood_zone_E","zone_edge_m":60.5,"nbhd_edge_m":null}},{"type":"Feature","geometry":{"type":"Point","coordinates":[-122.55669403076,49.207370758057]},"properties":{"id":546401,"datetime":"2026-06-30T01:18:38.000000Z","filename":"https://olm-s3.s3.eu-west-1.amazonaws.com/2026/06/30/j8QLC0YBhbamZKZGSUSPmmHLl5rvaQrGhAcdlTat.jpg","tags":[{"type":"standard","category":"smoking","item":"butts","quantity":2}],"objects":[{"status":"OK","on_map":true,"group":"Smoking","subgroup":"","layer":"Cigarette Butts","full_name":"Smoking \u2013 Cigarette Butts","olm_key":"smoking/butts","quantity":2,"picked_up":true}],"groups":["substances"],"has_litter":false,"has_pet_waste":false,"has_substances":true,"zone":"cottonwood_zone_E","zone_edge_m":50.5,"nbhd_edge_m":null}},{"type":"Feature","geometry":{"type":"Point","coordinates":[-122.55673217773,49.207374572754]},"properties":{"id":546400,"datetime":"2026-06-30T01:18:55.000000Z","filename":"https://olm-s3.s3.eu-west-1.amazonaws.com/2026/06/30/qHdSlJUc6zrbuITj94etArRgeihrHGTIOGMq1FIu.jpg","tags":[{"type":"standard","category":"smoking","item":"butts","quantity":8}],"objects":[{"status":"OK","on_map":true,"group":"Smoking","subgroup":"","layer":"Cigarette Butts","full_name":"Smoking \u2013 Cigarette Butts","olm_key":"smoking/butts","quantity":8,"picked_up":true}],"groups":["substances"],"has_litter":false,"has_pet_waste":false,"has_substances":true,"zone":"cottonwood_zone_E","zone_edge_m":53.2,"nbhd_edge_m":null}},{"type":"Feature","geometry":{"type":"Point","coordinates":[-122.55670166016,49.207340240479]},"properties":{"id":546399,"datetime":"2026-06-30T01:19:30.000000Z","filename":"https://olm-s3.s3.eu-west-1.amazonaws.com/2026/06/30/C81bqpr8EjsZ9pQIvUMOvxE8PNuxG08hcEz7rFGy.jpg","tags":[{"type":"standard","category":"smoking","item":"packaging","quantity":1},{"type":"custom_tag","category":"custom_tag","item":"THC","quantity":1,"parent_category":"smoking","parent_item":"packaging"}],"objects":[{"status":"OK","on_map":true,"group":"Smoking","subgroup":"","layer":"Cannabis Packaging","full_name":"Smoking \u2013 Cannabis Packaging","olm_key":"smoking/packaging","quantity":1,"picked_up":true}],"groups":["substances"],"has_litter":false,"has_pet_waste":false,"has_substances":true,"zone":"cottonwood_zone_E","zone_edge_m":51.0,"nbhd_edge_m":null}},{"type":"Feature","geometry":{"type":"Point","coordinates":[-122.55670166016,49.207340240479]},"properties":{"id":546398,"datetime":"2026-06-30T01:20:02.000000Z","filename":"https://olm-s3.s3.eu-west-1.amazonaws.com/2026/06/30/eeyr63PGkYTk38KzeN8SA4EbmoHDTQfuQJ3p1MR6.jpg","tags":[{"type":"standard","category":"smoking","item":"butts","quantity":1}],"objects":[{"status":"OK","on_map":true,"group":"Smoking","subgroup":"","layer":"Cigarette Butts","full_name":"Smoking \u2013 Cigarette Butts","olm_key":"smoking/butts","quantity":1,"picked_up":true}],"groups":["substances"],"has_litter":false,"has_pet_waste":false,"has_substances":true,"zone":"cottonwood_zone_E","zone_edge_m":51.0,"nbhd_edge_m":null}},{"type":"Feature","geometry":{"type":"Point","coordinates":[-122.55670166016,49.207340240479]},"properties":{"id":546397,"datetime":"2026-06-30T01:20:10.000000Z","filename":"https://olm-s3.s3.eu-west-1.amazonaws.com/2026/06/30/BijR4AbLvUofsR6uTG1qkuXM9sfTJspg5tfXzKry.jpg","tags":[{"type":"standard","category":"marine","item":"polystyrene_fragment","quantity":1},{"type":"standard","category":"smoking","item":"butts","quantity":1}],"objects":[{"status":"OK","on_map":true,"group":"Piece","subgroup":"","layer":"Styrofoam Piece","full_name":"Piece \u2013 Styrofoam Piece","olm_key":"marine/polystyrene_fragment","quantity":1,"picked_up":true},{"status":"OK","on_map":true,"group":"Smoking","subgroup":"","layer":"Cigarette Butts","full_name":"Smoking \u2013 Cigarette Butts","olm_key":"smoking/butts","quantity":1,"picked_up":true}],"groups":["litter","substances"],"has_litter":true,"has_pet_waste":false,"has_substances":true,"zone":"cottonwood_zone_E","zone_edge_m":51.0,"nbhd_edge_m":null}},{"type":"Feature","geometry":{"type":"Point","coordinates":[-122.55670166016,49.207340240479]},"properties":{"id":546396,"datetime":"2026-06-30T01:21:14.000000Z","filename":"https://olm-s3.s3.eu-west-1.amazonaws.com/2026/06/30/oUbGqk5xMgMPjAjzabWurNX8U4lC10vUvgzS4YCc.jpg","tags":[{"type":"standard","category":"food","item":"napkins","quantity":1},{"type":"standard","category":"smoking","item":"butts","quantity":6},{"type":"standard","category":"softdrinks","item":"lid","quantity":1}],"objects":[{"status":"OK","on_map":true,"group":"Convenient Food Drink","subgroup":"Take-out","layer":"Napkins","full_name":"Convenient Food Drink \u2013 Take-out \u2013 Napkins","olm_key":"food/napkins","quantity":1,"picked_up":true},{"status":"OK","on_map":true,"group":"Smoking","subgroup":"","layer":"Cigarette Butts","full_name":"Smoking \u2013 Cigarette Butts","olm_key":"smoking/butts","quantity":6,"picked_up":true},{"status":"OK","on_map":true,"group":"Convenient Food Drink","subgroup":"Drink","layer":"Cold Beverage Lid","full_name":"Convenient Food Drink \u2013 Drink \u2013 Cold Beverage Lid","olm_key":"softdrinks/lid","quantity":1,"picked_up":true}],"groups":["litter","substances"],"has_litter":true,"has_pet_waste":false,"has_substances":true,"zone":"cottonwood_zone_E","zone_edge_m":51.0,"nbhd_edge_m":null}},{"type":"Feature","geometry":{"type":"Point","coordinates":[-122.55668640137,49.207126617432]},"properties":{"id":546395,"datetime":"2026-06-30T01:23:04.000000Z","filename":"https://olm-s3.s3.eu-west-1.amazonaws.com/2026/06/30/EuHo0uLprKVXYu87ATYmurIuk7tfYcRfM8ygVhKy.jpg","tags":[{"type":"standard","category":"coffee","item":"cup","quantity":1},{"type":"brand","category":"brand","item":"mcdonalds","quantity":1,"parent_category":"coffee","parent_item":"cup"}],"objects":[{"status":"OK","on_map":true,"group":"Convenient Food Drink","subgroup":"Drink","layer":"Poly-lined Hot Beverage Cup","full_name":"Convenient Food Drink \u2013 Drink \u2013 Poly-lined Hot Beverage Cup","olm_key":"coffee/cup","quantity":1,"picked_up":true}],"groups":["litter"],"has_litter":true,"has_pet_waste":false,"has_substances":false,"zone":"cottonwood_zone_E","zone_edge_m":49.9,"nbhd_edge_m":null}},{"type":"Feature","geometry":{"type":"Point","coordinates":[-122.55668640137,49.207126617432]},"properties":{"id":546394,"datetime":"2026-06-30T01:23:41.000000Z","filename":"https://olm-s3.s3.eu-west-1.amazonaws.com/2026/06/30/SZLjOKasTskpy0GkbGeknym6K8mwxGkZYbcSIgka.jpg","tags":[{"type":"standard","category":"marine","item":"styrofoam","quantity":1}],"objects":[{"status":"OK","on_map":true,"group":"Piece","subgroup":"","layer":"Styrofoam Whole","full_name":"Piece \u2013 Styrofoam Whole","olm_key":"marine/styrofoam","quantity":1,"picked_up":true}],"groups":["litter"],"has_litter":true,"has_pet_waste":false,"has_substances":false,"zone":"cottonwood_zone_E","zone_edge_m":49.9,"nbhd_edge_m":null}},{"type":"Feature","geometry":{"type":"Point","coordinates":[-122.55671691895,49.206768035889]},"properties":{"id":546393,"datetime":"2026-06-30T01:24:09.000000Z","filename":"https://olm-s3.s3.eu-west-1.amazonaws.com/2026/06/30/KqIpBZFXa5gCECfZg7HUrScqFRHAQAbApdklEOSM.jpg","tags":[{"type":"standard","category":"smoking","item":"butts","quantity":3}],"objects":[{"status":"OK","on_map":true,"group":"Smoking","subgroup":"","layer":"Cigarette Butts","full_name":"Smoking \u2013 Cigarette Butts","olm_key":"smoking/butts","quantity":3,"picked_up":true}],"groups":["substances"],"has_litter":false,"has_pet_waste":false,"has_substances":true,"zone":"cottonwood_zone_E","zone_edge_m":52.1,"nbhd_edge_m":null}},{"type":"Feature","geometry":{"type":"Point","coordinates":[-122.55676269531,49.206787109375]},"properties":{"id":546392,"datetime":"2026-06-30T01:24:21.000000Z","filename":"https://olm-s3.s3.eu-west-1.amazonaws.com/2026/06/30/6ACwh2lTw9rHBnUqsqOgPgCkiJ3ktFxJqtQqdgZe.jpg","tags":[{"type":"standard","category":"other","item":"clothing","quantity":1}],"objects":[{"status":"OK","on_map":true,"group":"Household","subgroup":"","layer":"Abandoned Textile Apparel","full_name":"Household \u2013 Abandoned Textile Apparel","olm_key":"other/clothing","quantity":1,"picked_up":true}],"groups":["litter"],"has_litter":true,"has_pet_waste":false,"has_substances":false,"zone":"cottonwood_zone_E","zone_edge_m":55.5,"nbhd_edge_m":null}},{"type":"Feature","geometry":{"type":"Point","coordinates":[-122.55676269531,49.206787109375]},"properties":{"id":546391,"datetime":"2026-06-30T01:24:52.000000Z","filename":"https://olm-s3.s3.eu-west-1.amazonaws.com/2026/06/30/nfidNGn8QKhv07pDtbbARXyXnfWxb4KDqTcqekGN.jpg","tags":[{"type":"standard","category":"smoking","item":"packaging","quantity":1},{"type":"custom_tag","category":"custom_tag","item":"THC","quantity":1,"parent_category":"smoking","parent_item":"packaging"}],"objects":[{"status":"OK","on_map":true,"group":"Smoking","subgroup":"","layer":"Cannabis Packaging","full_name":"Smoking \u2013 Cannabis Packaging","olm_key":"smoking/packaging","quantity":1,"picked_up":true}],"groups":["substances"],"has_litter":false,"has_pet_waste":false,"has_substances":true,"zone":"cottonwood_zone_E","zone_edge_m":55.5,"nbhd_edge_m":null}},{"type":"Feature","geometry":{"type":"Point","coordinates":[-122.55676269531,49.206787109375]},"properties":{"id":546390,"datetime":"2026-06-30T01:25:03.000000Z","filename":"https://olm-s3.s3.eu-west-1.amazonaws.com/2026/06/30/Mdz4QwKhH2WsNesXixOtk3CdbU3Yp3qqtCzhiRLF.jpg","tags":[{"type":"standard","category":"other","item":"plastic","quantity":1},{"type":"custom_tag","category":"custom_tag","item":"Piece","quantity":1,"parent_category":"other","parent_item":"plastic"},{"type":"standard","category":"smoking","item":"butts","quantity":4}],"objects":[{"status":"OK","on_map":true,"group":"Piece","subgroup":"","layer":"Plastic Piece","full_name":"Piece \u2013 Plastic Piece","olm_key":"other/plastic","quantity":1,"picked_up":true},{"status":"OK","on_map":true,"group":"Smoking","subgroup":"","layer":"Cigarette Butts","full_name":"Smoking \u2013 Cigarette Butts","olm_key":"smoking/butts","quantity":4,"picked_up":true}],"groups":["litter","substances"],"has_litter":true,"has_pet_waste":false,"has_substances":true,"zone":"cottonwood_zone_E","zone_edge_m":55.5,"nbhd_edge_m":null}},{"type":"Feature","geometry":{"type":"Point","coordinates":[-122.55676269531,49.206787109375]},"properties":{"id":546389,"datetime":"2026-06-30T01:25:28.000000Z","filename":"https://olm-s3.s3.eu-west-1.amazonaws.com/2026/06/30/3R2d9oy3E2xmKOcyaqexGLdl4mh83b2cWEWQnuM9.jpg","tags":[{"type":"standard","category":"food","item":"napkins","quantity":2},{"type":"standard","category":"softdrinks","item":"cup","quantity":2,"object_type":"smoothie"},{"type":"material","category":"material","item":"plastic","quantity":1,"parent_category":"softdrinks","parent_item":"cup"},{"type":"brand","category":"brand","item":"7 Eleven","quantity":1,"parent_category":"softdrinks","parent_item":"cup"},{"type":"standard","category":"softdrinks","item":"straw","quantity":1}],"objects":[{"status":"OK","on_map":true,"group":"Convenient Food Drink","subgroup":"Take-out","layer":"Napkins","full_name":"Convenient Food Drink \u2013 Take-out \u2013 Napkins","olm_key":"food/napkins","quantity":2,"picked_up":true},{"status":"OK","on_map":true,"group":"Convenient Food Drink","subgroup":"Drink","layer":"Cold Beverage Cup","full_name":"Convenient Food Drink \u2013 Drink \u2013 Cold Beverage Cup","olm_key":"softdrinks/cup","quantity":2,"picked_up":true},{"status":"OK","on_map":true,"group":"Convenient Food Drink","subgroup":"Drink","layer":"Paper Drink Straws","full_name":"Convenient Food Drink \u2013 Drink \u2013 Paper Drink Straws","olm_key":"softdrinks/straw","quantity":1,"picked_up":true}],"groups":["litter"],"has_litter":true,"has_pet_waste":false,"has_substances":false,"zone":"cottonwood_zone_E","zone_edge_m":55.5,"nbhd_edge_m":null}},{"type":"Feature","geometry":{"type":"Point","coordinates":[-122.55665588379,49.205867767334]},"properties":{"id":546388,"datetime":"2026-06-30T01:27:27.000000Z","filename":"https://olm-s3.s3.eu-west-1.amazonaws.com/2026/06/30/ZSpDr7m9KPbuZ7Y4O7My2Q4MTVgoVCacNw94Pei1.jpg","tags":[{"type":"standard","category":"softdrinks","item":"bottle","quantity":1,"object_type":"water"},{"type":"material","category":"material","item":"plastic","quantity":1,"parent_category":"softdrinks","parent_item":"bottle"},{"type":"standard","category":"softdrinks","item":"cup","quantity":1},{"type":"material","category":"material","item":"paper","quantity":1,"parent_category":"softdrinks","parent_item":"cup"},{"type":"brand","category":"brand","item":"tim_hortons","quantity":1,"parent_category":"softdrinks","parent_item":"cup"},{"type":"standard","category":"softdrinks","item":"straw","quantity":1}],"objects":[{"status":"OK","on_map":true,"group":"Convenient Food Drink","subgroup":"Drink","layer":"Plastic or Glass Drink Bottle","full_name":"Convenient Food Drink \u2013 Drink \u2013 Plastic or Glass Drink Bottle","olm_key":"softdrinks/bottle","quantity":1,"picked_up":true},{"status":"OK","on_map":true,"group":"Convenient Food Drink","subgroup":"Drink","layer":"Cold Beverage Cup","full_name":"Convenient Food Drink \u2013 Drink \u2013 Cold Beverage Cup","olm_key":"softdrinks/cup","quantity":1,"picked_up":true},{"status":"OK","on_map":true,"group":"Convenient Food Drink","subgroup":"Drink","layer":"Paper Drink Straws","full_name":"Convenient Food Drink \u2013 Drink \u2013 Paper Drink Straws","olm_key":"softdrinks/straw","quantity":1,"picked_up":true}],"groups":["litter"],"has_litter":true,"has_pet_waste":false,"has_substances":false,"zone":"cottonwood_zone_E","zone_edge_m":47.7,"nbhd_edge_m":null}},{"type":"Feature","geometry":{"type":"Point","coordinates":[-122.55665588379,49.205867767334]},"properties":{"id":546387,"datetime":"2026-06-30T01:27:53.000000Z","filename":"https://olm-s3.s3.eu-west-1.amazonaws.com/2026/06/30/VLv18GiEe7NYpHMMFuauwCX5TSa5GuL4W5vZGzT1.jpg","tags":[{"type":"standard","category":"smoking","item":"butts","quantity":2}],"objects":[{"status":"OK","on_map":true,"group":"Smoking","subgroup":"","layer":"Cigarette Butts","full_name":"Smoking \u2013 Cigarette Butts","olm_key":"smoking/butts","quantity":2,"picked_up":true}],"groups":["substances"],"has_litter":false,"has_pet_waste":false,"has_substances":true,"zone":"cottonwood_zone_E","zone_edge_m":47.7,"nbhd_edge_m":null}},{"type":"Feature","geometry":{"type":"Point","coordinates":[-122.55654144287,49.205711364746]},"properties":{"id":546386,"datetime":"2026-06-30T01:28:08.000000Z","filename":"https://olm-s3.s3.eu-west-1.amazonaws.com/2026/06/30/lsXQex47baGJKpVIikEuB3BxJXfMZdAoup8f4mfY.jpg","tags":[{"type":"standard","category":"other","item":"clothing","quantity":1},{"type":"custom_tag","category":"custom_tag","item":"Shorts","quantity":1,"parent_category":"other","parent_item":"clothing"}],"objects":[{"status":"OK","on_map":true,"group":"Household","subgroup":"","layer":"Abandoned Textile Apparel","full_name":"Household \u2013 Abandoned Textile Apparel","olm_key":"other/clothing","quantity":1,"picked_up":true}],"groups":["litter"],"has_litter":true,"has_pet_waste":false,"has_substances":false,"zone":"cottonwood_zone_E","zone_edge_m":33.5,"nbhd_edge_m":null}},{"type":"Feature","geometry":{"type":"Point","coordinates":[-122.55654144287,49.205711364746]},"properties":{"id":546384,"datetime":"2026-06-30T01:29:12.000000Z","filename":"https://olm-s3.s3.eu-west-1.amazonaws.com/2026/06/30/8xhzz9kqYyS9J8cTHSQmbAq2pV45mmX50ScfLjxX.jpg","tags":[{"type":"standard","category":"marine","item":"styrofoam","quantity":1}],"objects":[{"status":"OK","on_map":true,"group":"Piece","subgroup":"","layer":"Styrofoam Whole","full_name":"Piece \u2013 Styrofoam Whole","olm_key":"marine/styrofoam","quantity":1,"picked_up":false}],"groups":["litter"],"has_litter":true,"has_pet_waste":false,"has_substances":false,"zone":"cottonwood_zone_E","zone_edge_m":33.5,"nbhd_edge_m":null}},{"type":"Feature","geometry":{"type":"Point","coordinates":[-122.55654144287,49.205711364746]},"properties":{"id":546383,"datetime":"2026-06-30T01:29:30.000000Z","filename":"https://olm-s3.s3.eu-west-1.amazonaws.com/2026/06/30/QBIRcoC8cO43LAbFDAHTOMD60nRBYjGBpzOA2DUA.jpg","tags":[{"type":"standard","category":"food","item":"wrapper","quantity":2},{"type":"standard","category":"other","item":"paper","quantity":4},{"type":"standard","category":"other","item":"plastic","quantity":3},{"type":"standard","category":"smoking","item":"butts","quantity":4}],"objects":[{"status":"OK","on_map":true,"group":"Convenient Food Drink","subgroup":"Snack","layer":"Foil / Plastic Film Snack Wrapper","full_name":"Convenient Food Drink \u2013 Snack \u2013 Foil / Plastic Film Snack Wrapper","olm_key":"food/wrapper","quantity":2,"picked_up":true},{"status":"OK","on_map":true,"group":"Piece","subgroup":"","layer":"Paper Piece","full_name":"Piece \u2013 Paper Piece","olm_key":"other/paper","quantity":4,"picked_up":true},{"status":"OK","on_map":true,"group":"Piece","subgroup":"","layer":"Plastic Piece","full_name":"Piece \u2013 Plastic Piece","olm_key":"other/plastic","quantity":3,"picked_up":true},{"status":"OK","on_map":true,"group":"Smoking","subgroup":"","layer":"Cigarette Butts","full_name":"Smoking \u2013 Cigarette Butts","olm_key":"smoking/butts","quantity":4,"picked_up":true}],"groups":["litter","substances"],"has_litter":true,"has_pet_waste":false,"has_substances":true,"zone":"cottonwood_zone_E","zone_edge_m":33.5,"nbhd_edge_m":null}},{"type":"Feature","geometry":{"type":"Point","coordinates":[-122.55677032471,49.205955505371]},"properties":{"id":546381,"datetime":"2026-06-30T01:32:30.000000Z","filename":"https://olm-s3.s3.eu-west-1.amazonaws.com/2026/06/30/HTiMibqHbSruHgPsO0CiGI5QIok5RVzCS12sDkt4.jpg","tags":[{"type":"standard","category":"industrial","item":"tape","quantity":1},{"type":"standard","category":"other","item":"paper","quantity":1},{"type":"standard","category":"smoking","item":"butts","quantity":7},{"type":"standard","category":"softdrinks","item":"straw","quantity":1},{"type":"material","category":"material","item":"paper","quantity":1,"parent_category":"softdrinks","parent_item":"straw"}],"objects":[{"status":"OK","on_map":true,"group":"Industrial","subgroup":"","layer":"Flagging Tape","full_name":"Industrial \u2013 Flagging Tape","olm_key":"industrial/tape","quantity":1,"picked_up":true},{"status":"OK","on_map":true,"group":"Piece","subgroup":"","layer":"Paper Piece","full_name":"Piece \u2013 Paper Piece","olm_key":"other/paper","quantity":1,"picked_up":true},{"status":"OK","on_map":true,"group":"Smoking","subgroup":"","layer":"Cigarette Butts","full_name":"Smoking \u2013 Cigarette Butts","olm_key":"smoking/butts","quantity":7,"picked_up":true},{"status":"OK","on_map":true,"group":"Convenient Food Drink","subgroup":"Drink","layer":"Paper Drink Straws","full_name":"Convenient Food Drink \u2013 Drink \u2013 Paper Drink Straws","olm_key":"softdrinks/straw","quantity":1,"picked_up":true}],"groups":["litter","substances"],"has_litter":true,"has_pet_waste":false,"has_substances":true,"zone":"cottonwood_zone_E","zone_edge_m":56.0,"nbhd_edge_m":null}},{"type":"Feature","geometry":{"type":"Point","coordinates":[-122.55677032471,49.205955505371]},"properties":{"id":546380,"datetime":"2026-06-30T01:32:45.000000Z","filename":"https://olm-s3.s3.eu-west-1.amazonaws.com/2026/06/30/7Np6GX8PbVZFfo5dSjKwRtgrdFyrVcv61JHD1lgv.jpg","tags":[{"type":"standard","category":"other","item":"other","quantity":1},{"type":"material","category":"material","item":"plastic","quantity":1,"parent_category":"other","parent_item":"other"},{"type":"custom_tag","category":"custom_tag","item":"Kitchen products","quantity":1,"parent_category":"other","parent_item":"other"},{"type":"standard","category":"other","item":"paper","quantity":1},{"type":"standard","category":"smoking","item":"butts","quantity":3}],"objects":[{"status":"OK","on_map":true,"group":"Household","subgroup":"","layer":"Household misc","full_name":"Household \u2013 Household misc","olm_key":"other/other","quantity":1,"picked_up":true},{"status":"OK","on_map":true,"group":"Piece","subgroup":"","layer":"Paper Piece","full_name":"Piece \u2013 Paper Piece","olm_key":"other/paper","quantity":1,"picked_up":true},{"status":"OK","on_map":true,"group":"Smoking","subgroup":"","layer":"Cigarette Butts","full_name":"Smoking \u2013 Cigarette Butts","olm_key":"smoking/butts","quantity":3,"picked_up":true}],"groups":["litter","substances"],"has_litter":true,"has_pet_waste":false,"has_substances":true,"zone":"cottonwood_zone_E","zone_edge_m":56.0,"nbhd_edge_m":null}},{"type":"Feature","geometry":{"type":"Point","coordinates":[-122.55677032471,49.205955505371]},"properties":{"id":546379,"datetime":"2026-06-30T01:32:56.000000Z","filename":"https://olm-s3.s3.eu-west-1.amazonaws.com/2026/06/30/xMj4d8zpPunFnfLw5eNGaWlHR1txb15KeUswW7cK.jpg","tags":[{"type":"standard","category":"sanitary","item":"wipes","quantity":1}],"objects":[{"status":"OK","on_map":true,"group":"Household","subgroup":"","layer":"Wet Wipes","full_name":"Household \u2013 Wet Wipes","olm_key":"sanitary/wipes","quantity":1,"picked_up":true}],"groups":["litter"],"has_litter":true,"has_pet_waste":false,"has_substances":false,"zone":"cottonwood_zone_E","zone_edge_m":56.0,"nbhd_edge_m":null}},{"type":"Feature","geometry":{"type":"Point","coordinates":[-122.55677032471,49.205955505371]},"properties":{"id":546378,"datetime":"2026-06-30T01:33:08.000000Z","filename":"https://olm-s3.s3.eu-west-1.amazonaws.com/2026/06/30/elBvrcxCwwBehhYlqH9dXL5KIzmoGFkRg7QXaSJv.jpg","tags":[{"type":"standard","category":"marine","item":"styrofoam","quantity":1},{"type":"standard","category":"smoking","item":"butts","quantity":2}],"objects":[{"status":"OK","on_map":true,"group":"Piece","subgroup":"","layer":"Styrofoam Whole","full_name":"Piece \u2013 Styrofoam Whole","olm_key":"marine/styrofoam","quantity":1,"picked_up":true},{"status":"OK","on_map":true,"group":"Smoking","subgroup":"","layer":"Cigarette Butts","full_name":"Smoking \u2013 Cigarette Butts","olm_key":"smoking/butts","quantity":2,"picked_up":true}],"groups":["litter","substances"],"has_litter":true,"has_pet_waste":false,"has_substances":true,"zone":"cottonwood_zone_E","zone_edge_m":56.0,"nbhd_edge_m":null}},{"type":"Feature","geometry":{"type":"Point","coordinates":[-122.55677032471,49.205955505371]},"properties":{"id":546377,"datetime":"2026-06-30T01:33:10.000000Z","filename":"https://olm-s3.s3.eu-west-1.amazonaws.com/2026/06/30/k11yJTZNPfUFA8zsPZbVs6IzTW9JDnm3x5mbj2Jy.jpg","tags":[{"type":"standard","category":"other","item":"paper","quantity":1},{"type":"material","category":"material","item":"paper","quantity":1,"parent_category":"other","parent_item":"paper"},{"type":"custom_tag","category":"custom_tag","item":"flyer","quantity":1,"parent_category":"other","parent_item":"paper"}],"objects":[{"status":"OK","on_map":true,"group":"Piece","subgroup":"","layer":"Paper Piece","full_name":"Piece \u2013 Paper Piece","olm_key":"other/paper","quantity":1,"picked_up":true}],"groups":["litter"],"has_litter":true,"has_pet_waste":false,"has_substances":false,"zone":"cottonwood_zone_E","zone_edge_m":56.0,"nbhd_edge_m":null}},{"type":"Feature","geometry":{"type":"Point","coordinates":[-122.55677032471,49.205955505371]},"properties":{"id":546376,"datetime":"2026-06-30T01:33:16.000000Z","filename":"https://olm-s3.s3.eu-west-1.amazonaws.com/2026/06/30/fnDF2xCIyteZ66u5jAEEAz81JYyfB5W3LTDOAIAB.jpg","tags":[{"type":"standard","category":"marine","item":"polystyrene_fragment","quantity":1}],"objects":[{"status":"OK","on_map":true,"group":"Piece","subgroup":"","layer":"Styrofoam Piece","full_name":"Piece \u2013 Styrofoam Piece","olm_key":"marine/polystyrene_fragment","quantity":1,"picked_up":true}],"groups":["litter"],"has_litter":true,"has_pet_waste":false,"has_substances":false,"zone":"cottonwood_zone_E","zone_edge_m":56.0,"nbhd_edge_m":null}},{"type":"Feature","geometry":{"type":"Point","coordinates":[-122.55677032471,49.205955505371]},"properties":{"id":546375,"datetime":"2026-06-30T01:33:25.000000Z","filename":"https://olm-s3.s3.eu-west-1.amazonaws.com/2026/06/30/dCUcmtoY4i8QkNcM5fxMB55nyVUWTWkvuI3M2Upj.jpg","tags":[{"type":"standard","category":"marine","item":"styrofoam","quantity":1},{"type":"standard","category":"other","item":"plastic","quantity":1}],"objects":[{"status":"OK","on_map":true,"group":"Piece","subgroup":"","layer":"Styrofoam Whole","full_name":"Piece \u2013 Styrofoam Whole","olm_key":"marine/styrofoam","quantity":1,"picked_up":true},{"status":"OK","on_map":true,"group":"Piece","subgroup":"","layer":"Plastic Piece","full_name":"Piece \u2013 Plastic Piece","olm_key":"other/plastic","quantity":1,"picked_up":true}],"groups":["litter"],"has_litter":true,"has_pet_waste":false,"has_substances":false,"zone":"cottonwood_zone_E","zone_edge_m":56.0,"nbhd_edge_m":null}},{"type":"Feature","geometry":{"type":"Point","coordinates":[-122.55677032471,49.205955505371]},"properties":{"id":546374,"datetime":"2026-06-30T01:33:38.000000Z","filename":"https://olm-s3.s3.eu-west-1.amazonaws.com/2026/06/30/y2nA4e8TTwj46iiUAOuTt4zexBO9yZ1jT479uA9r.jpg","tags":[{"type":"standard","category":"other","item":"plastic","quantity":1}],"objects":[{"status":"OK","on_map":true,"group":"Piece","subgroup":"","layer":"Plastic Piece","full_name":"Piece \u2013 Plastic Piece","olm_key":"other/plastic","quantity":1,"picked_up":true}],"groups":["litter"],"has_litter":true,"has_pet_waste":false,"has_substances":false,"zone":"cottonwood_zone_E","zone_edge_m":56.0,"nbhd_edge_m":null}},{"type":"Feature","geometry":{"type":"Point","coordinates":[-122.55677032471,49.205955505371]},"properties":{"id":546373,"datetime":"2026-06-30T01:33:50.000000Z","filename":"https://olm-s3.s3.eu-west-1.amazonaws.com/2026/06/30/Trnr3RXwDB1vmqkEbgzcbeyuprYM5DQ8OQaFpdAm.jpg","tags":[{"type":"standard","category":"other","item":"paper","quantity":1},{"type":"material","category":"material","item":"paper","quantity":1,"parent_category":"other","parent_item":"paper"},{"type":"standard","category":"other","item":"other","quantity":1},{"type":"material","category":"material","item":"plastic","quantity":1,"parent_category":"other","parent_item":"other"},{"type":"material","category":"material","item":"metal","quantity":1,"parent_category":"other","parent_item":"other"},{"type":"custom_tag","category":"custom_tag","item":"Piece","quantity":1,"parent_category":"other","parent_item":"other"},{"type":"custom_tag","category":"custom_tag","item":"Kitchen products","quantity":1,"parent_category":"other","parent_item":"other"}],"objects":[{"status":"OK","on_map":true,"group":"Piece","subgroup":"","layer":"Paper Piece","full_name":"Piece \u2013 Paper Piece","olm_key":"other/paper","quantity":1,"picked_up":true},{"status":"OK","on_map":true,"group":"Household","subgroup":"","layer":"Household misc","full_name":"Household \u2013 Household misc","olm_key":"other/other","quantity":1,"picked_up":true}],"groups":["litter"],"has_litter":true,"has_pet_waste":false,"has_substances":false,"zone":"cottonwood_zone_E","zone_edge_m":56.0,"nbhd_edge_m":null}},{"type":"Feature","geometry":{"type":"Point","coordinates":[-122.55677032471,49.205955505371]},"properties":{"id":546372,"datetime":"2026-06-30T01:34:07.000000Z","filename":"https://olm-s3.s3.eu-west-1.amazonaws.com/2026/06/30/4NzZZmn7PTDdsv66frAtgLQMJrEBlzvYS99NqUBD.jpg","tags":[{"type":"standard","category":"smoking","item":"packaging","quantity":2},{"type":"custom_tag","category":"custom_tag","item":"THC","quantity":1,"parent_category":"smoking","parent_item":"packaging"}],"objects":[{"status":"OK","on_map":true,"group":"Smoking","subgroup":"","layer":"Cannabis Packaging","full_name":"Smoking \u2013 Cannabis Packaging","olm_key":"smoking/packaging","quantity":2,"picked_up":true}],"groups":["substances"],"has_litter":false,"has_pet_waste":false,"has_substances":true,"zone":"cottonwood_zone_E","zone_edge_m":56.0,"nbhd_edge_m":null}},{"type":"Feature","geometry":{"type":"Point","coordinates":[-122.55677032471,49.205955505371]},"properties":{"id":546371,"datetime":"2026-06-30T01:34:18.000000Z","filename":"https://olm-s3.s3.eu-west-1.amazonaws.com/2026/06/30/A1ikdnGgYjjn1NG1haXQFoHhAH7PIsgzKOiqZNiq.jpg","tags":[{"type":"standard","category":"food","item":"wrapper","quantity":1},{"type":"standard","category":"food","item":"napkins","quantity":1},{"type":"standard","category":"medical","item":"gloves","quantity":1},{"type":"standard","category":"other","item":"plastic","quantity":1},{"type":"standard","category":"other","item":"paper","quantity":1},{"type":"standard","category":"smoking","item":"butts","quantity":2}],"objects":[{"status":"OK","on_map":true,"group":"Convenient Food Drink","subgroup":"Snack","layer":"Foil / Plastic Film Snack Wrapper","full_name":"Convenient Food Drink \u2013 Snack \u2013 Foil / Plastic Film Snack Wrapper","olm_key":"food/wrapper","quantity":1,"picked_up":true},{"status":"OK","on_map":true,"group":"Convenient Food Drink","subgroup":"Take-out","layer":"Napkins","full_name":"Convenient Food Drink \u2013 Take-out \u2013 Napkins","olm_key":"food/napkins","quantity":1,"picked_up":true},{"status":"OK","on_map":true,"group":"Household","subgroup":"","layer":"Latex / Nitrile Glove","full_name":"Household \u2013 Latex / Nitrile Glove","olm_key":"medical/gloves","quantity":1,"picked_up":true},{"status":"OK","on_map":true,"group":"Piece","subgroup":"","layer":"Plastic Piece","full_name":"Piece \u2013 Plastic Piece","olm_key":"other/plastic","quantity":1,"picked_up":true},{"status":"OK","on_map":true,"group":"Piece","subgroup":"","layer":"Paper Piece","full_name":"Piece \u2013 Paper Piece","olm_key":"other/paper","quantity":1,"picked_up":true},{"status":"OK","on_map":true,"group":"Smoking","subgroup":"","layer":"Cigarette Butts","full_name":"Smoking \u2013 Cigarette Butts","olm_key":"smoking/butts","quantity":2,"picked_up":true}],"groups":["litter","substances"],"has_litter":true,"has_pet_waste":false,"has_substances":true,"zone":"cottonwood_zone_E","zone_edge_m":56.0,"nbhd_edge_m":null}},{"type":"Feature","geometry":{"type":"Point","coordinates":[-122.55677032471,49.205955505371]},"properties":{"id":546370,"datetime":"2026-06-30T01:34:31.000000Z","filename":"https://olm-s3.s3.eu-west-1.amazonaws.com/2026/06/30/JYVEjkgw3MmsJ8FFwyXzvaDGaS4YyHqKGUM8CXQ6.jpg","tags":[{"type":"standard","category":"other","item":"plastic","quantity":1},{"type":"standard","category":"softdrinks","item":"cup","quantity":1},{"type":"brand","category":"brand","item":"mcdonalds","quantity":1,"parent_category":"softdrinks","parent_item":"cup"}],"objects":[{"status":"OK","on_map":true,"group":"Piece","subgroup":"","layer":"Plastic Piece","full_name":"Piece \u2013 Plastic Piece","olm_key":"other/plastic","quantity":1,"picked_up":true},{"status":"OK","on_map":true,"group":"Convenient Food Drink","subgroup":"Drink","layer":"Cold Beverage Cup","full_name":"Convenient Food Drink \u2013 Drink \u2013 Cold Beverage Cup","olm_key":"softdrinks/cup","quantity":1,"picked_up":true}],"groups":["litter"],"has_litter":true,"has_pet_waste":false,"has_substances":false,"zone":"cottonwood_zone_E","zone_edge_m":56.0,"nbhd_edge_m":null}},{"type":"Feature","geometry":{"type":"Point","coordinates":[-122.55677032471,49.205955505371]},"properties":{"id":546369,"datetime":"2026-06-30T01:34:43.000000Z","filename":"https://olm-s3.s3.eu-west-1.amazonaws.com/2026/06/30/1HQCM1J6rrELJKcAI7HcnSuF9i3zzPGSZDTvNAkf.jpg","tags":[{"type":"standard","category":"food","item":"wrapper","quantity":1},{"type":"material","category":"material","item":"foil","quantity":1,"parent_category":"food","parent_item":"wrapper"}],"objects":[{"status":"OK","on_map":true,"group":"Convenient Food Drink","subgroup":"Snack","layer":"Foil / Plastic Film Snack Wrapper","full_name":"Convenient Food Drink \u2013 Snack \u2013 Foil / Plastic Film Snack Wrapper","olm_key":"food/wrapper","quantity":1,"picked_up":true}],"groups":["litter"],"has_litter":true,"has_pet_waste":false,"has_substances":false,"zone":"cottonwood_zone_E","zone_edge_m":56.0,"nbhd_edge_m":null}},{"type":"Feature","geometry":{"type":"Point","coordinates":[-122.55677032471,49.205955505371]},"properties":{"id":546368,"datetime":"2026-06-30T01:34:49.000000Z","filename":"https://olm-s3.s3.eu-west-1.amazonaws.com/2026/06/30/Zj9u0AmUx4I09809X5A0C6BPHsfQaMPo7muVJJOR.jpg","tags":[{"type":"standard","category":"food","item":"wrapper","quantity":1},{"type":"custom_tag","category":"custom_tag","item":"brand:takdis","quantity":1,"parent_category":"food","parent_item":"wrapper"}],"objects":[{"status":"OK","on_map":true,"group":"Convenient Food Drink","subgroup":"Snack","layer":"Foil / Plastic Film Snack Wrapper","full_name":"Convenient Food Drink \u2013 Snack \u2013 Foil / Plastic Film Snack Wrapper","olm_key":"food/wrapper","quantity":1,"picked_up":true}],"groups":["litter"],"has_litter":true,"has_pet_waste":false,"has_substances":false,"zone":"cottonwood_zone_E","zone_edge_m":56.0,"nbhd_edge_m":null}},{"type":"Feature","geometry":{"type":"Point","coordinates":[-122.55677032471,49.205955505371]},"properties":{"id":546367,"datetime":"2026-06-30T01:35:06.000000Z","filename":"https://olm-s3.s3.eu-west-1.amazonaws.com/2026/06/30/3z26GwwkEiHxNgJFPhi9eKVKFGOJ4Kdw4dqfn2hY.jpg","tags":[{"type":"standard","category":"smoking","item":"butts","quantity":2}],"objects":[{"status":"OK","on_map":true,"group":"Smoking","subgroup":"","layer":"Cigarette Butts","full_name":"Smoking \u2013 Cigarette Butts","olm_key":"smoking/butts","quantity":2,"picked_up":true}],"groups":["substances"],"has_litter":false,"has_pet_waste":false,"has_substances":true,"zone":"cottonwood_zone_E","zone_edge_m":56.0,"nbhd_edge_m":null}},{"type":"Feature","geometry":{"type":"Point","coordinates":[-122.55737304688,49.205795288086]},"properties":{"id":546366,"datetime":"2026-06-30T01:37:22.000000Z","filename":"https://olm-s3.s3.eu-west-1.amazonaws.com/2026/06/30/8BDmGemNXHR7uYZdiNfg5vsgEqv6NKS73n2BmBWs.jpg","tags":[{"type":"standard","category":"smoking","item":"butts","quantity":1}],"objects":[{"status":"OK","on_map":true,"group":"Smoking","subgroup":"","layer":"Cigarette Butts","full_name":"Smoking \u2013 Cigarette Butts","olm_key":"smoking/butts","quantity":1,"picked_up":true}],"groups":["substances"],"has_litter":false,"has_pet_waste":false,"has_substances":true,"zone":"cottonwood_zone_E","zone_edge_m":42.9,"nbhd_edge_m":null}},{"type":"Feature","geometry":{"type":"Point","coordinates":[-122.55737304688,49.205795288086]},"properties":{"id":546365,"datetime":"2026-06-30T01:37:45.000000Z","filename":"https://olm-s3.s3.eu-west-1.amazonaws.com/2026/06/30/2WgM9umdwVT1JkISo9yqZL3fUKxkjKF58GcyMA14.jpg","tags":[{"type":"standard","category":"other","item":"plastic","quantity":1}],"objects":[{"status":"OK","on_map":true,"group":"Piece","subgroup":"","layer":"Plastic Piece","full_name":"Piece \u2013 Plastic Piece","olm_key":"other/plastic","quantity":1,"picked_up":true}],"groups":["litter"],"has_litter":true,"has_pet_waste":false,"has_substances":false,"zone":"cottonwood_zone_E","zone_edge_m":42.9,"nbhd_edge_m":null}},{"type":"Feature","geometry":{"type":"Point","coordinates":[-122.55776977539,49.205989837646]},"properties":{"id":546364,"datetime":"2026-06-30T01:37:57.000000Z","filename":"https://olm-s3.s3.eu-west-1.amazonaws.com/2026/06/30/5iLueJWB9sNZhuBbOUj3Ch3lwpHiYIDNZao7Dm3f.jpg","tags":[{"type":"standard","category":"other","item":"plastic","quantity":2},{"type":"standard","category":"smoking","item":"butts","quantity":3}],"objects":[{"status":"OK","on_map":true,"group":"Piece","subgroup":"","layer":"Plastic Piece","full_name":"Piece \u2013 Plastic Piece","olm_key":"other/plastic","quantity":2,"picked_up":true},{"status":"OK","on_map":true,"group":"Smoking","subgroup":"","layer":"Cigarette Butts","full_name":"Smoking \u2013 Cigarette Butts","olm_key":"smoking/butts","quantity":3,"picked_up":true}],"groups":["litter","substances"],"has_litter":true,"has_pet_waste":false,"has_substances":true,"zone":"cottonwood_zone_E","zone_edge_m":64.5,"nbhd_edge_m":null}},{"type":"Feature","geometry":{"type":"Point","coordinates":[-122.55786132812,49.205947875977]},"properties":{"id":546363,"datetime":"2026-06-30T01:38:14.000000Z","filename":"https://olm-s3.s3.eu-west-1.amazonaws.com/2026/06/30/vUv9MZhz4Q9SKRZzW969wRQguJ8BiGcXi8yMXIv1.jpg","tags":[{"type":"standard","category":"softdrinks","item":"bottle","quantity":1,"object_type":"unknown"},{"type":"material","category":"material","item":"plastic","quantity":1,"parent_category":"softdrinks","parent_item":"bottle"}],"objects":[{"status":"OK","on_map":true,"group":"Convenient Food Drink","subgroup":"Drink","layer":"Plastic or Glass Drink Bottle","full_name":"Convenient Food Drink \u2013 Drink \u2013 Plastic or Glass Drink Bottle","olm_key":"softdrinks/bottle","quantity":1,"picked_up":true}],"groups":["litter"],"has_litter":true,"has_pet_waste":false,"has_substances":false,"zone":"cottonwood_zone_E","zone_edge_m":59.9,"nbhd_edge_m":null}},{"type":"Feature","geometry":{"type":"Point","coordinates":[-122.55830383301,49.205959320068]},"properties":{"id":546362,"datetime":"2026-06-30T01:39:17.000000Z","filename":"https://olm-s3.s3.eu-west-1.amazonaws.com/2026/06/30/8w2EPWNvjmUHqdVd1CFBaJig1VESjFoqvEwSRMGl.jpg","tags":[{"type":"standard","category":"food","item":"napkins","quantity":1},{"type":"standard","category":"food","item":"wrapper","quantity":1}],"objects":[{"status":"OK","on_map":true,"group":"Convenient Food Drink","subgroup":"Take-out","layer":"Napkins","full_name":"Convenient Food Drink \u2013 Take-out \u2013 Napkins","olm_key":"food/napkins","quantity":1,"picked_up":true},{"status":"OK","on_map":true,"group":"Convenient Food Drink","subgroup":"Snack","layer":"Foil / Plastic Film Snack Wrapper","full_name":"Convenient Food Drink \u2013 Snack \u2013 Foil / Plastic Film Snack Wrapper","olm_key":"food/wrapper","quantity":1,"picked_up":true}],"groups":["litter"],"has_litter":true,"has_pet_waste":false,"has_substances":false,"zone":"cottonwood_zone_E","zone_edge_m":61.2,"nbhd_edge_m":null}},{"type":"Feature","geometry":{"type":"Point","coordinates":[-122.5590133667,49.20592880249]},"properties":{"id":546361,"datetime":"2026-06-30T01:40:05.000000Z","filename":"https://olm-s3.s3.eu-west-1.amazonaws.com/2026/06/30/SkUxJJCr4hkNWgXzUKLxQGaxUZfVM3ycUyed7JlF.jpg","tags":[{"type":"standard","category":"other","item":"balloon","quantity":1}],"objects":[{"status":"OK","on_map":true,"group":"Household","subgroup":"","layer":"Party Litter","full_name":"Household \u2013 Party Litter","olm_key":"other/balloon","quantity":1,"picked_up":true}],"groups":["litter"],"has_litter":true,"has_pet_waste":false,"has_substances":false,"zone":"cottonwood_zone_E","zone_edge_m":57.8,"nbhd_edge_m":null}},{"type":"Feature","geometry":{"type":"Point","coordinates":[-122.55916595459,49.205760955811]},"properties":{"id":546360,"datetime":"2026-06-30T01:40:23.000000Z","filename":"https://olm-s3.s3.eu-west-1.amazonaws.com/2026/06/30/BJpuxNOiPbMFQSLdu8zYEbqxqiKyeS1XaBV50Ee7.jpg","tags":[{"type":"standard","category":"other","item":"paper","quantity":2},{"type":"custom_tag","category":"custom_tag","item":"tags","quantity":1,"parent_category":"other","parent_item":"paper"}],"objects":[{"status":"OK","on_map":true,"group":"Piece","subgroup":"","layer":"Paper Piece","full_name":"Piece \u2013 Paper Piece","olm_key":"other/paper","quantity":2,"picked_up":true}],"groups":["litter"],"has_litter":true,"has_pet_waste":false,"has_substances":false,"zone":"cottonwood_zone_E","zone_edge_m":39.1,"nbhd_edge_m":null}},{"type":"Feature","geometry":{"type":"Point","coordinates":[-122.55916595459,49.205760955811]},"properties":{"id":546359,"datetime":"2026-06-30T01:41:04.000000Z","filename":"https://olm-s3.s3.eu-west-1.amazonaws.com/2026/06/30/rPFTDqUOM95gfBPsvkxNq7uUZvU5XYwIYA7txZN3.jpg","tags":[{"type":"standard","category":"other","item":"balloon","quantity":1}],"objects":[{"status":"OK","on_map":true,"group":"Household","subgroup":"","layer":"Party Litter","full_name":"Household \u2013 Party Litter","olm_key":"other/balloon","quantity":1,"picked_up":true}],"groups":["litter"],"has_litter":true,"has_pet_waste":false,"has_substances":false,"zone":"cottonwood_zone_E","zone_edge_m":39.1,"nbhd_edge_m":null}},{"type":"Feature","geometry":{"type":"Point","coordinates":[-122.55916595459,49.205760955811]},"properties":{"id":546358,"datetime":"2026-06-30T01:41:30.000000Z","filename":"https://olm-s3.s3.eu-west-1.amazonaws.com/2026/06/30/Gvb9IYxI2Ba9dKJfBZ7H9o7GPVG6ttOyP0ZcsViN.jpg","tags":[{"type":"standard","category":"alcohol","item":"packaging","quantity":1},{"type":"custom_tag","category":"custom_tag","item":"pack ring","quantity":1,"parent_category":"alcohol","parent_item":"packaging"}],"objects":[{"status":"OK","on_map":true,"group":"Household","subgroup":"Liquor","layer":"Liquor Packaging","full_name":"Household \u2013 Liquor \u2013 Liquor Packaging","olm_key":"alcohol/packaging","quantity":1,"picked_up":true}],"groups":["substances"],"has_litter":false,"has_pet_waste":false,"has_substances":true,"zone":"cottonwood_zone_E","zone_edge_m":39.1,"nbhd_edge_m":null}},{"type":"Feature","geometry":{"type":"Point","coordinates":[-122.55914306641,49.20597076416]},"properties":{"id":546357,"datetime":"2026-06-30T01:42:00.000000Z","filename":"https://olm-s3.s3.eu-west-1.amazonaws.com/2026/06/30/L7lzQjWOzD58STL7aiY80CYrPf1B4qInMCYn35S6.jpg","tags":[{"type":"standard","category":"smoking","item":"butts","quantity":3}],"objects":[{"status":"OK","on_map":true,"group":"Smoking","subgroup":"","layer":"Cigarette Butts","full_name":"Smoking \u2013 Cigarette Butts","olm_key":"smoking/butts","quantity":3,"picked_up":true}],"groups":["substances"],"has_litter":false,"has_pet_waste":false,"has_substances":true,"zone":"cottonwood_zone_E","zone_edge_m":62.4,"nbhd_edge_m":null}},{"type":"Feature","geometry":{"type":"Point","coordinates":[-122.55914306641,49.20597076416]},"properties":{"id":546356,"datetime":"2026-06-30T01:42:30.000000Z","filename":"https://olm-s3.s3.eu-west-1.amazonaws.com/2026/06/30/AfVxgI8oTYtX9oUaMHikb3Flp8Lb2RYSDX1LDSOq.jpg","tags":[{"type":"standard","category":"dumping","item":"dumping","quantity":1,"object_type":"medium"},{"type":"material","category":"material","item":"cardboard","quantity":1,"parent_category":"dumping","parent_item":"dumping"},{"type":"custom_tag","category":"custom_tag","item":"material:fridge box","quantity":1,"parent_category":"dumping","parent_item":"dumping"}],"objects":[{"status":"OK","on_map":true,"group":"Dumping","subgroup":"","layer":"Med","full_name":"Dumping \u2013 Med","olm_key":"dumping/dumping","quantity":1,"picked_up":false}],"groups":["litter"],"has_litter":true,"has_pet_waste":false,"has_substances":false,"zone":"cottonwood_zone_E","zone_edge_m":62.4,"nbhd_edge_m":null}},{"type":"Feature","geometry":{"type":"Point","coordinates":[-122.55914306641,49.20597076416]},"properties":{"id":546355,"datetime":"2026-06-30T01:42:37.000000Z","filename":"https://olm-s3.s3.eu-west-1.amazonaws.com/2026/06/30/Ep6Tiszys5ce2cThhGlF9AKC8OrkMMyXCuE9zQII.jpg","tags":[{"type":"standard","category":"food","item":"packaging","quantity":1},{"type":"material","category":"material","item":"paper","quantity":1,"parent_category":"food","parent_item":"packaging"},{"type":"brand","category":"brand","item":"mcdonalds","quantity":1,"parent_category":"food","parent_item":"packaging"}],"objects":[{"status":"OK","on_map":true,"group":"Convenient Food Drink","subgroup":"Take-out","layer":"Food Packaging","full_name":"Convenient Food Drink \u2013 Take-out \u2013 Food Packaging","olm_key":"food/packaging","quantity":1,"picked_up":true}],"groups":["litter"],"has_litter":true,"has_pet_waste":false,"has_substances":false,"zone":"cottonwood_zone_E","zone_edge_m":62.4,"nbhd_edge_m":null}},{"type":"Feature","geometry":{"type":"Point","coordinates":[-122.55952453613,49.205917358398]},"properties":{"id":546353,"datetime":"2026-06-30T01:43:35.000000Z","filename":"https://olm-s3.s3.eu-west-1.amazonaws.com/2026/06/30/0sA28TZwfFgV8pj8HLZ5rNrAl7lxcMRWEXwT4ttb.jpg","tags":[{"type":"standard","category":"sanitary","item":"wipes","quantity":1}],"objects":[{"status":"OK","on_map":true,"group":"Household","subgroup":"","layer":"Wet Wipes","full_name":"Household \u2013 Wet Wipes","olm_key":"sanitary/wipes","quantity":1,"picked_up":true}],"groups":["litter"],"has_litter":true,"has_pet_waste":false,"has_substances":false,"zone":"cottonwood_zone_E","zone_edge_m":56.5,"nbhd_edge_m":null}},{"type":"Feature","geometry":{"type":"Point","coordinates":[-122.55952453613,49.205909729004]},"properties":{"id":546352,"datetime":"2026-06-30T01:43:59.000000Z","filename":"https://olm-s3.s3.eu-west-1.amazonaws.com/2026/06/30/7hceGi1Tm3GeCaW28LzxExzJWDc8isptOZRs3v8J.jpg","tags":[{"type":"standard","category":"other","item":"plastic_bag","quantity":1}],"objects":[{"status":"OK","on_map":true,"group":"Household","subgroup":"","layer":"Household Plastic Bag","full_name":"Household \u2013 Household Plastic Bag","olm_key":"other/plastic_bag","quantity":1,"picked_up":true}],"groups":["litter"],"has_litter":true,"has_pet_waste":false,"has_substances":false,"zone":"cottonwood_zone_E","zone_edge_m":55.6,"nbhd_edge_m":null}},{"type":"Feature","geometry":{"type":"Point","coordinates":[-122.55952453613,49.205909729004]},"properties":{"id":546351,"datetime":"2026-06-30T01:44:24.000000Z","filename":"https://olm-s3.s3.eu-west-1.amazonaws.com/2026/06/30/VrQ04YUOqLLh72PItHywceohLDSl3ioWvFCzYaV4.jpg","tags":[{"type":"standard","category":"food","item":"wrapper","quantity":1},{"type":"custom_tag","category":"custom_tag","item":"brand:Leclerc","quantity":1,"parent_category":"food","parent_item":"wrapper"}],"objects":[{"status":"OK","on_map":true,"group":"Convenient Food Drink","subgroup":"Snack","layer":"Foil / Plastic Film Snack Wrapper","full_name":"Convenient Food Drink \u2013 Snack \u2013 Foil / Plastic Film Snack Wrapper","olm_key":"food/wrapper","quantity":1,"picked_up":true}],"groups":["litter"],"has_litter":true,"has_pet_waste":false,"has_substances":false,"zone":"cottonwood_zone_E","zone_edge_m":55.6,"nbhd_edge_m":null}},{"type":"Feature","geometry":{"type":"Point","coordinates":[-122.55952453613,49.205909729004]},"properties":{"id":546350,"datetime":"2026-06-30T01:44:49.000000Z","filename":"https://olm-s3.s3.eu-west-1.amazonaws.com/2026/06/30/cLl1t1KpySOGQFsh1YG01JKDqtzJZQbnRmpWzJPS.jpg","tags":[{"type":"standard","category":"food","item":"napkins","quantity":1}],"objects":[{"status":"OK","on_map":true,"group":"Convenient Food Drink","subgroup":"Take-out","layer":"Napkins","full_name":"Convenient Food Drink \u2013 Take-out \u2013 Napkins","olm_key":"food/napkins","quantity":1,"picked_up":true}],"groups":["litter"],"has_litter":true,"has_pet_waste":false,"has_substances":false,"zone":"cottonwood_zone_E","zone_edge_m":55.6,"nbhd_edge_m":null}},{"type":"Feature","geometry":{"type":"Point","coordinates":[-122.56003570557,49.206077575684]},"properties":{"id":546349,"datetime":"2026-06-30T01:45:32.000000Z","filename":"https://olm-s3.s3.eu-west-1.amazonaws.com/2026/06/30/juzma0JokS1QFYDOqHKnUYig6blIIBsmr52U14hO.jpg","tags":[{"type":"standard","category":"pets","item":"dogshit","quantity":2}],"objects":[{"status":"OK","on_map":true,"group":"Fecal","subgroup":"","layer":"Pet Waste Unbagged","full_name":"Fecal \u2013 Pet Waste Unbagged","olm_key":"pets/dogshit","quantity":2,"picked_up":false}],"groups":["pet_waste"],"has_litter":false,"has_pet_waste":true,"has_substances":false,"zone":"cottonwood_zone_E","zone_edge_m":74.3,"nbhd_edge_m":null}},{"type":"Feature","geometry":{"type":"Point","coordinates":[-122.56003570557,49.206077575684]},"properties":{"id":546348,"datetime":"2026-06-30T01:45:36.000000Z","filename":"https://olm-s3.s3.eu-west-1.amazonaws.com/2026/06/30/Ehz71jGWnSEWZYYdTBauVavCSmQZ2a04VOaiTBBc.jpg","tags":[{"type":"standard","category":"pets","item":"dogshit","quantity":2}],"objects":[{"status":"OK","on_map":true,"group":"Fecal","subgroup":"","layer":"Pet Waste Unbagged","full_name":"Fecal \u2013 Pet Waste Unbagged","olm_key":"pets/dogshit","quantity":2,"picked_up":false}],"groups":["pet_waste"],"has_litter":false,"has_pet_waste":true,"has_substances":false,"zone":"cottonwood_zone_E","zone_edge_m":74.3,"nbhd_edge_m":null}},{"type":"Feature","geometry":{"type":"Point","coordinates":[-122.56003570557,49.206077575684]},"properties":{"id":546347,"datetime":"2026-06-30T01:46:19.000000Z","filename":"https://olm-s3.s3.eu-west-1.amazonaws.com/2026/06/30/dLVZ1P2sny03f4fmxqe9aOlRfOOStue2f8ZcrpkA.jpg","tags":[{"type":"standard","category":"other","item":"plastic","quantity":1}],"objects":[{"status":"OK","on_map":true,"group":"Piece","subgroup":"","layer":"Plastic Piece","full_name":"Piece \u2013 Plastic Piece","olm_key":"other/plastic","quantity":1,"picked_up":true}],"groups":["litter"],"has_litter":true,"has_pet_waste":false,"has_substances":false,"zone":"cottonwood_zone_E","zone_edge_m":74.3,"nbhd_edge_m":null}},{"type":"Feature","geometry":{"type":"Point","coordinates":[-122.56003570557,49.206077575684]},"properties":{"id":546346,"datetime":"2026-06-30T01:46:50.000000Z","filename":"https://olm-s3.s3.eu-west-1.amazonaws.com/2026/06/30/1BDLmd1wgDOalju4IvSD8nxklkzD9tZTKx7gQFG2.jpg","tags":[{"type":"standard","category":"other","item":"balloon","quantity":2}],"objects":[{"status":"OK","on_map":true,"group":"Household","subgroup":"","layer":"Party Litter","full_name":"Household \u2013 Party Litter","olm_key":"other/balloon","quantity":2,"picked_up":true}],"groups":["litter"],"has_litter":true,"has_pet_waste":false,"has_substances":false,"zone":"cottonwood_zone_E","zone_edge_m":74.3,"nbhd_edge_m":null}},{"type":"Feature","geometry":{"type":"Point","coordinates":[-122.56003570557,49.206077575684]},"properties":{"id":546345,"datetime":"2026-06-30T01:47:09.000000Z","filename":"https://olm-s3.s3.eu-west-1.amazonaws.com/2026/06/30/rquF5geB9gVJIMqmRvotOkvDgfL1uawrWMddyDOP.jpg","tags":[{"type":"standard","category":"pets","item":"dogshit","quantity":1}],"objects":[{"status":"OK","on_map":true,"group":"Fecal","subgroup":"","layer":"Pet Waste Unbagged","full_name":"Fecal \u2013 Pet Waste Unbagged","olm_key":"pets/dogshit","quantity":1,"picked_up":false}],"groups":["pet_waste"],"has_litter":false,"has_pet_waste":true,"has_substances":false,"zone":"cottonwood_zone_E","zone_edge_m":74.3,"nbhd_edge_m":null}},{"type":"Feature","geometry":{"type":"Point","coordinates":[-122.56003570557,49.206077575684]},"properties":{"id":546344,"datetime":"2026-06-30T01:47:12.000000Z","filename":"https://olm-s3.s3.eu-west-1.amazonaws.com/2026/06/30/sJAyD6TJlobsaKiuFqLYJGy0sEq32w3fDoeIVIFL.jpg","tags":[{"type":"standard","category":"other","item":"plastic","quantity":2}],"objects":[{"status":"OK","on_map":true,"group":"Piece","subgroup":"","layer":"Plastic Piece","full_name":"Piece \u2013 Plastic Piece","olm_key":"other/plastic","quantity":2,"picked_up":true}],"groups":["litter"],"has_litter":true,"has_pet_waste":false,"has_substances":false,"zone":"cottonwood_zone_E","zone_edge_m":74.3,"nbhd_edge_m":null}},{"type":"Feature","geometry":{"type":"Point","coordinates":[-122.56003570557,49.206077575684]},"properties":{"id":546343,"datetime":"2026-06-30T01:47:30.000000Z","filename":"https://olm-s3.s3.eu-west-1.amazonaws.com/2026/06/30/XHpU7WDm91opHXV3BwgOeFNgeJs9PEgVvyaLKIPt.jpg","tags":[{"type":"standard","category":"other","item":"balloon","quantity":1},{"type":"custom_tag","category":"custom_tag","item":"Piece","quantity":1,"parent_category":"other","parent_item":"balloon"}],"objects":[{"status":"OK","on_map":true,"group":"Household","subgroup":"","layer":"Party Litter","full_name":"Household \u2013 Party Litter","olm_key":"other/balloon","quantity":1,"picked_up":true}],"groups":["litter"],"has_litter":true,"has_pet_waste":false,"has_substances":false,"zone":"cottonwood_zone_E","zone_edge_m":74.3,"nbhd_edge_m":null}},{"type":"Feature","geometry":{"type":"Point","coordinates":[-122.56131744385,49.207363128662]},"properties":{"id":546342,"datetime":"2026-06-30T01:48:04.000000Z","filename":"https://olm-s3.s3.eu-west-1.amazonaws.com/2026/06/30/wBhyAI6M54G1cfrYzsbS8zShIgIBbmf7TY2naB7Q.jpg","tags":[{"type":"standard","category":"pets","item":"dogshit_in_bag","quantity":1}],"objects":[{"status":"OK","on_map":true,"group":"Fecal","subgroup":"","layer":"Pet Waste Bagged","full_name":"Fecal \u2013 Pet Waste Bagged","olm_key":"pets/dogshit_in_bag","quantity":1,"picked_up":true}],"groups":["pet_waste"],"has_litter":false,"has_pet_waste":true,"has_substances":false,"zone":"cottonwood_zone_E","zone_edge_m":101.0,"nbhd_edge_m":null}},{"type":"Feature","geometry":{"type":"Point","coordinates":[-122.56131744385,49.207363128662]},"properties":{"id":546341,"datetime":"2026-06-30T01:48:19.000000Z","filename":"https://olm-s3.s3.eu-west-1.amazonaws.com/2026/06/30/sVzjWf557fYG5wuleeHgD6IIWHOE3fEQNtBRVvBV.jpg","tags":[{"type":"standard","category":"other","item":"plastic","quantity":1}],"objects":[{"status":"OK","on_map":true,"group":"Piece","subgroup":"","layer":"Plastic Piece","full_name":"Piece \u2013 Plastic Piece","olm_key":"other/plastic","quantity":1,"picked_up":true}],"groups":["litter"],"has_litter":true,"has_pet_waste":false,"has_substances":false,"zone":"cottonwood_zone_E","zone_edge_m":101.0,"nbhd_edge_m":null}},{"type":"Feature","geometry":{"type":"Point","coordinates":[-122.56131744385,49.207363128662]},"properties":{"id":546340,"datetime":"2026-06-30T01:48:30.000000Z","filename":"https://olm-s3.s3.eu-west-1.amazonaws.com/2026/06/30/nExcXWwUTUA1A429dm28Ibq5sTdMnX2pO8gTueU2.jpg","tags":[{"type":"standard","category":"other","item":"other","quantity":1},{"type":"custom_tag","category":"custom_tag","item":"Piece","quantity":1,"parent_category":"other","parent_item":"other"},{"type":"custom_tag","category":"custom_tag","item":"Sports equipment","quantity":1,"parent_category":"other","parent_item":"other"}],"objects":[{"status":"OK","on_map":true,"group":"Household","subgroup":"","layer":"Household misc","full_name":"Household \u2013 Household misc","olm_key":"other/other","quantity":1,"picked_up":true}],"groups":["litter"],"has_litter":true,"has_pet_waste":false,"has_substances":false,"zone":"cottonwood_zone_E","zone_edge_m":101.0,"nbhd_edge_m":null}},{"type":"Feature","geometry":{"type":"Point","coordinates":[-122.56131744385,49.207363128662]},"properties":{"id":546339,"datetime":"2026-06-30T01:48:43.000000Z","filename":"https://olm-s3.s3.eu-west-1.amazonaws.com/2026/06/30/NtkJvQFiVuAQIMYn9czMsdxi6uC7wyEWdIAfMvfq.jpg","tags":[{"type":"standard","category":"other","item":"paper","quantity":3}],"objects":[{"status":"OK","on_map":true,"group":"Piece","subgroup":"","layer":"Paper Piece","full_name":"Piece \u2013 Paper Piece","olm_key":"other/paper","quantity":3,"picked_up":true}],"groups":["litter"],"has_litter":true,"has_pet_waste":false,"has_substances":false,"zone":"cottonwood_zone_E","zone_edge_m":101.0,"nbhd_edge_m":null}},{"type":"Feature","geometry":{"type":"Point","coordinates":[-122.56131744385,49.207363128662]},"properties":{"id":546338,"datetime":"2026-06-30T01:49:18.000000Z","filename":"https://olm-s3.s3.eu-west-1.amazonaws.com/2026/06/30/XRi5tb4lPe0wbcRmNMHHUfnRbIAenLRkpNa8b8gN.jpg","tags":[{"type":"standard","category":"food","item":"straw","quantity":1},{"type":"custom_tag","category":"custom_tag","item":"material:hard plastic","quantity":1,"parent_category":"food","parent_item":"straw"}],"objects":[{"status":"OK","on_map":true,"group":"Household","subgroup":"","layer":"Plastic Straws","full_name":"Household \u2013 Plastic Straws","olm_key":"food/straw","quantity":1,"picked_up":true}],"groups":["litter"],"has_litter":true,"has_pet_waste":false,"has_substances":false,"zone":"cottonwood_zone_E","zone_edge_m":101.0,"nbhd_edge_m":null}},{"type":"Feature","geometry":{"type":"Point","coordinates":[-122.56037139893,49.210048675537]},"properties":{"id":546324,"datetime":"2026-06-29T01:40:37.000000Z","filename":"https://olm-s3.s3.eu-west-1.amazonaws.com/2026/06/29/rLmSKgPWH146kAjRhQS5pzmKEaOZTv5OixLIiiR5.jpg","tags":[{"type":"standard","category":"other","item":"plastic","quantity":1}],"objects":[{"status":"OK","on_map":true,"group":"Piece","subgroup":"","layer":"Plastic Piece","full_name":"Piece \u2013 Plastic Piece","olm_key":"other/plastic","quantity":1,"picked_up":true}],"groups":["litter"],"has_litter":true,"has_pet_waste":false,"has_substances":false,"zone":"cottonwood_zone_C","zone_edge_m":29.9,"nbhd_edge_m":null}},{"type":"Feature","geometry":{"type":"Point","coordinates":[-122.56037139893,49.210048675537]},"properties":{"id":546323,"datetime":"2026-06-29T01:40:13.000000Z","filename":"https://olm-s3.s3.eu-west-1.amazonaws.com/2026/06/29/wkVeSYEJT4CtoMLK1d6h4LjlxPGPEaDH7M8pu2Ad.jpg","tags":[{"type":"standard","category":"other","item":"plastic","quantity":1}],"objects":[{"status":"OK","on_map":true,"group":"Piece","subgroup":"","layer":"Plastic Piece","full_name":"Piece \u2013 Plastic Piece","olm_key":"other/plastic","quantity":1,"picked_up":true}],"groups":["litter"],"has_litter":true,"has_pet_waste":false,"has_substances":false,"zone":"cottonwood_zone_C","zone_edge_m":29.9,"nbhd_edge_m":null}},{"type":"Feature","geometry":{"type":"Point","coordinates":[-122.56037139893,49.210048675537]},"properties":{"id":546322,"datetime":"2026-06-29T01:40:02.000000Z","filename":"https://olm-s3.s3.eu-west-1.amazonaws.com/2026/06/29/j36XB31ZwrpJEeBih3IUUWyIV8rYIplyAElyddYS.jpg","tags":[{"type":"standard","category":"smoking","item":"butts","quantity":1}],"objects":[{"status":"OK","on_map":true,"group":"Smoking","subgroup":"","layer":"Cigarette Butts","full_name":"Smoking \u2013 Cigarette Butts","olm_key":"smoking/butts","quantity":1,"picked_up":true}],"groups":["substances"],"has_litter":false,"has_pet_waste":false,"has_substances":true,"zone":"cottonwood_zone_C","zone_edge_m":29.9,"nbhd_edge_m":null}},{"type":"Feature","geometry":{"type":"Point","coordinates":[-122.55751037598,49.210121154785]},"properties":{"id":546321,"datetime":"2026-06-29T01:43:24.000000Z","filename":"https://olm-s3.s3.eu-west-1.amazonaws.com/2026/06/29/Yk8xdPrRZuRHmUqC0WDZ1MKp563FD7EVUMgFHLhu.jpg","tags":[{"type":"standard","category":"smoking","item":"butts","quantity":1}],"objects":[{"status":"OK","on_map":true,"group":"Smoking","subgroup":"","layer":"Cigarette Butts","full_name":"Smoking \u2013 Cigarette Butts","olm_key":"smoking/butts","quantity":1,"picked_up":true}],"groups":["substances"],"has_litter":false,"has_pet_waste":false,"has_substances":true,"zone":"cottonwood_zone_C","zone_edge_m":38.0,"nbhd_edge_m":null}},{"type":"Feature","geometry":{"type":"Point","coordinates":[-122.55751037598,49.210121154785]},"properties":{"id":546320,"datetime":"2026-06-29T01:43:16.000000Z","filename":"https://olm-s3.s3.eu-west-1.amazonaws.com/2026/06/29/eJy5RVZjdzp6iGeh0sDeUXzQmhi6O98fLiLWLM0m.jpg","tags":[{"type":"standard","category":"smoking","item":"butts","quantity":1}],"objects":[{"status":"OK","on_map":true,"group":"Smoking","subgroup":"","layer":"Cigarette Butts","full_name":"Smoking \u2013 Cigarette Butts","olm_key":"smoking/butts","quantity":1,"picked_up":true}],"groups":["substances"],"has_litter":false,"has_pet_waste":false,"has_substances":true,"zone":"cottonwood_zone_C","zone_edge_m":38.0,"nbhd_edge_m":null}},{"type":"Feature","geometry":{"type":"Point","coordinates":[-122.55751037598,49.210121154785]},"properties":{"id":546319,"datetime":"2026-06-29T01:43:00.000000Z","filename":"https://olm-s3.s3.eu-west-1.amazonaws.com/2026/06/29/blBEWiiNEbud9T5t8uyQZSzrUKMe6DVKvdz5wkSH.jpg","tags":[{"type":"standard","category":"smoking","item":"butts","quantity":1}],"objects":[{"status":"OK","on_map":true,"group":"Smoking","subgroup":"","layer":"Cigarette Butts","full_name":"Smoking \u2013 Cigarette Butts","olm_key":"smoking/butts","quantity":1,"picked_up":true}],"groups":["substances"],"has_litter":false,"has_pet_waste":false,"has_substances":true,"zone":"cottonwood_zone_C","zone_edge_m":38.0,"nbhd_edge_m":null}},{"type":"Feature","geometry":{"type":"Point","coordinates":[-122.55751037598,49.210121154785]},"properties":{"id":546318,"datetime":"2026-06-29T01:42:48.000000Z","filename":"https://olm-s3.s3.eu-west-1.amazonaws.com/2026/06/29/y7HAOY7Bv8ou5tEZow48pDoFDkLMKLVeUbePpxrN.jpg","tags":[{"type":"standard","category":"smoking","item":"butts","quantity":1}],"objects":[{"status":"OK","on_map":true,"group":"Smoking","subgroup":"","layer":"Cigarette Butts","full_name":"Smoking \u2013 Cigarette Butts","olm_key":"smoking/butts","quantity":1,"picked_up":true}],"groups":["substances"],"has_litter":false,"has_pet_waste":false,"has_substances":true,"zone":"cottonwood_zone_C","zone_edge_m":38.0,"nbhd_edge_m":null}},{"type":"Feature","geometry":{"type":"Point","coordinates":[-122.55751037598,49.210121154785]},"properties":{"id":546317,"datetime":"2026-06-29T01:44:03.000000Z","filename":"https://olm-s3.s3.eu-west-1.amazonaws.com/2026/06/29/HGA1FBlyL3B9gvSr9KR37eJSlP8wfOAUjBVgn3SW.jpg","tags":[{"type":"standard","category":"smoking","item":"butts","quantity":1}],"objects":[{"status":"OK","on_map":true,"group":"Smoking","subgroup":"","layer":"Cigarette Butts","full_name":"Smoking \u2013 Cigarette Butts","olm_key":"smoking/butts","quantity":1,"picked_up":true}],"groups":["substances"],"has_litter":false,"has_pet_waste":false,"has_substances":true,"zone":"cottonwood_zone_C","zone_edge_m":38.0,"nbhd_edge_m":null}},{"type":"Feature","geometry":{"type":"Point","coordinates":[-122.55751037598,49.210121154785]},"properties":{"id":546316,"datetime":"2026-06-29T01:43:55.000000Z","filename":"https://olm-s3.s3.eu-west-1.amazonaws.com/2026/06/29/X6IPq0kf7QlVWlXBE0tInhM0VbBri0TrTi61jTCz.jpg","tags":[{"type":"standard","category":"food","item":"wrapper","quantity":1}],"objects":[{"status":"OK","on_map":true,"group":"Convenient Food Drink","subgroup":"Snack","layer":"Foil / Plastic Film Snack Wrapper","full_name":"Convenient Food Drink \u2013 Snack \u2013 Foil / Plastic Film Snack Wrapper","olm_key":"food/wrapper","quantity":1,"picked_up":true}],"groups":["litter"],"has_litter":true,"has_pet_waste":false,"has_substances":false,"zone":"cottonwood_zone_C","zone_edge_m":38.0,"nbhd_edge_m":null}},{"type":"Feature","geometry":{"type":"Point","coordinates":[-122.55751037598,49.210121154785]},"properties":{"id":546315,"datetime":"2026-06-29T01:43:42.000000Z","filename":"https://olm-s3.s3.eu-west-1.amazonaws.com/2026/06/29/qT3gQglYHFWZDGdALIVxZq1DBZlg13U5iXrIz9LD.jpg","tags":[{"type":"standard","category":"smoking","item":"butts","quantity":1}],"objects":[{"status":"OK","on_map":true,"group":"Smoking","subgroup":"","layer":"Cigarette Butts","full_name":"Smoking \u2013 Cigarette Butts","olm_key":"smoking/butts","quantity":1,"picked_up":true}],"groups":["substances"],"has_litter":false,"has_pet_waste":false,"has_substances":true,"zone":"cottonwood_zone_C","zone_edge_m":38.0,"nbhd_edge_m":null}},{"type":"Feature","geometry":{"type":"Point","coordinates":[-122.55751037598,49.210121154785]},"properties":{"id":546314,"datetime":"2026-06-29T01:43:31.000000Z","filename":"https://olm-s3.s3.eu-west-1.amazonaws.com/2026/06/29/OoaoDqkyAUbO8UHAWhslmslMB2GuWjDPIxKMBCHJ.jpg","tags":[{"type":"standard","category":"smoking","item":"butts","quantity":2}],"objects":[{"status":"OK","on_map":true,"group":"Smoking","subgroup":"","layer":"Cigarette Butts","full_name":"Smoking \u2013 Cigarette Butts","olm_key":"smoking/butts","quantity":2,"picked_up":true}],"groups":["substances"],"has_litter":false,"has_pet_waste":false,"has_substances":true,"zone":"cottonwood_zone_C","zone_edge_m":38.0,"nbhd_edge_m":null}},{"type":"Feature","geometry":{"type":"Point","coordinates":[-122.55698394775,49.21012878418]},"properties":{"id":546313,"datetime":"2026-06-29T01:44:16.000000Z","filename":"https://olm-s3.s3.eu-west-1.amazonaws.com/2026/06/29/JKyhlsXXqYakrcirZHdgKKAOVHaVk46ff1OqjShD.jpg","tags":[{"type":"standard","category":"smoking","item":"butts","quantity":1}],"objects":[{"status":"OK","on_map":true,"group":"Smoking","subgroup":"","layer":"Cigarette Butts","full_name":"Smoking \u2013 Cigarette Butts","olm_key":"smoking/butts","quantity":1,"picked_up":true}],"groups":["substances"],"has_litter":false,"has_pet_waste":false,"has_substances":true,"zone":"cottonwood_zone_C","zone_edge_m":38.8,"nbhd_edge_m":null}},{"type":"Feature","geometry":{"type":"Point","coordinates":[-122.55686950684,49.21008682251]},"properties":{"id":546312,"datetime":"2026-06-29T01:45:29.000000Z","filename":"https://olm-s3.s3.eu-west-1.amazonaws.com/2026/06/29/xogzHRqeEw7OoiOs395bYfmMCm0OrA4BZtEeXO1h.jpg","tags":[{"type":"standard","category":"food","item":"packet","quantity":1},{"type":"brand","category":"brand","item":"Heinz","quantity":1,"parent_category":"food","parent_item":"packet"},{"type":"custom_tag","category":"custom_tag","item":"Ketchup","quantity":1,"parent_category":"food","parent_item":"packet"}],"objects":[{"status":"OK","on_map":true,"group":"Convenient Food Drink","subgroup":"Take-out","layer":"Condiment Packets","full_name":"Convenient Food Drink \u2013 Take-out \u2013 Condiment Packets","olm_key":"food/packet","quantity":1,"picked_up":true}],"groups":["litter"],"has_litter":true,"has_pet_waste":false,"has_substances":false,"zone":"cottonwood_zone_C","zone_edge_m":34.2,"nbhd_edge_m":null}},{"type":"Feature","geometry":{"type":"Point","coordinates":[-122.55686950684,49.21008682251]},"properties":{"id":546311,"datetime":"2026-06-29T01:44:41.000000Z","filename":"https://olm-s3.s3.eu-west-1.amazonaws.com/2026/06/29/cKoT5PYXHKlDmktZdPKA0bsyjwtJpzufaYz7UbIE.jpg","tags":[{"type":"standard","category":"food","item":"packaging","quantity":1},{"type":"material","category":"material","item":"paper","quantity":1,"parent_category":"food","parent_item":"packaging"},{"type":"brand","category":"brand","item":"mcdonalds","quantity":1,"parent_category":"food","parent_item":"packaging"}],"objects":[{"status":"OK","on_map":true,"group":"Convenient Food Drink","subgroup":"Take-out","layer":"Food Packaging","full_name":"Convenient Food Drink \u2013 Take-out \u2013 Food Packaging","olm_key":"food/packaging","quantity":1,"picked_up":true}],"groups":["litter"],"has_litter":true,"has_pet_waste":false,"has_substances":false,"zone":"cottonwood_zone_C","zone_edge_m":34.2,"nbhd_edge_m":null}},{"type":"Feature","geometry":{"type":"Point","coordinates":[-122.55686187744,49.210090637207]},"properties":{"id":546310,"datetime":"2026-06-29T01:44:29.000000Z","filename":"https://olm-s3.s3.eu-west-1.amazonaws.com/2026/06/29/tJDlWpTGdRHPbJ2gbEGwubGNYRh72I42zxgN1QHw.jpg","tags":[{"type":"standard","category":"other","item":"clothing","quantity":1},{"type":"material","category":"material","item":"polyester","quantity":1,"parent_category":"other","parent_item":"clothing"},{"type":"custom_tag","category":"custom_tag","item":"glove","quantity":1,"parent_category":"other","parent_item":"clothing"},{"type":"custom_tag","category":"custom_tag","item":"Single","quantity":1,"parent_category":"other","parent_item":"clothing"}],"objects":[{"status":"OK","on_map":true,"group":"Household","subgroup":"","layer":"Abandoned Textile Apparel","full_name":"Household \u2013 Abandoned Textile Apparel","olm_key":"other/clothing","quantity":1,"picked_up":true}],"groups":["litter"],"has_litter":true,"has_pet_waste":false,"has_substances":false,"zone":"cottonwood_zone_C","zone_edge_m":34.6,"nbhd_edge_m":null}},{"type":"Feature","geometry":{"type":"Point","coordinates":[-122.55690002441,49.210201263428]},"properties":{"id":546309,"datetime":"2026-06-29T01:46:17.000000Z","filename":"https://olm-s3.s3.eu-west-1.amazonaws.com/2026/06/29/SeCG0LjNoSzf43gMz6DVQgrfuT38KeNOh3aNYY0x.jpg","tags":[{"type":"standard","category":"smoking","item":"butts","quantity":1}],"objects":[{"status":"OK","on_map":true,"group":"Smoking","subgroup":"","layer":"Cigarette Butts","full_name":"Smoking \u2013 Cigarette Butts","olm_key":"smoking/butts","quantity":1,"picked_up":true}],"groups":["substances"],"has_litter":false,"has_pet_waste":false,"has_substances":true,"zone":"cottonwood_zone_C","zone_edge_m":46.9,"nbhd_edge_m":null}},{"type":"Feature","geometry":{"type":"Point","coordinates":[-122.55690002441,49.210201263428]},"properties":{"id":546308,"datetime":"2026-06-29T01:46:05.000000Z","filename":"https://olm-s3.s3.eu-west-1.amazonaws.com/2026/06/29/8dMmx6RRo77RE4gEziK7h862Pro0WIHhks2qKzza.jpg","tags":[{"type":"standard","category":"smoking","item":"butts","quantity":1}],"objects":[{"status":"OK","on_map":true,"group":"Smoking","subgroup":"","layer":"Cigarette Butts","full_name":"Smoking \u2013 Cigarette Butts","olm_key":"smoking/butts","quantity":1,"picked_up":true}],"groups":["substances"],"has_litter":false,"has_pet_waste":false,"has_substances":true,"zone":"cottonwood_zone_C","zone_edge_m":46.9,"nbhd_edge_m":null}},{"type":"Feature","geometry":{"type":"Point","coordinates":[-122.55690002441,49.210201263428]},"properties":{"id":546307,"datetime":"2026-06-29T01:45:48.000000Z","filename":"https://olm-s3.s3.eu-west-1.amazonaws.com/2026/06/29/e6iUlg3YPikZPv2lVBfrrofrBVFzf1XMffXS6gUO.jpg","tags":[{"type":"standard","category":"other","item":"paper","quantity":1}],"objects":[{"status":"OK","on_map":true,"group":"Piece","subgroup":"","layer":"Paper Piece","full_name":"Piece \u2013 Paper Piece","olm_key":"other/paper","quantity":1,"picked_up":true}],"groups":["litter"],"has_litter":true,"has_pet_waste":false,"has_substances":false,"zone":"cottonwood_zone_C","zone_edge_m":46.9,"nbhd_edge_m":null}},{"type":"Feature","geometry":{"type":"Point","coordinates":[-122.55690002441,49.210201263428]},"properties":{"id":546306,"datetime":"2026-06-29T01:45:38.000000Z","filename":"https://olm-s3.s3.eu-west-1.amazonaws.com/2026/06/29/5DESPy25zYv2dy8XROLbG7cCA4kcYQTKDxw3lUa5.jpg","tags":[{"type":"standard","category":"smoking","item":"packaging","quantity":1},{"type":"material","category":"material","item":"paper","quantity":1,"parent_category":"smoking","parent_item":"packaging"},{"type":"standard","category":"softdrinks","item":"straw_wrapper","quantity":1}],"objects":[{"status":"OK","on_map":true,"group":"Smoking","subgroup":"","layer":"Nicotine Packaging","full_name":"Smoking \u2013 Nicotine Packaging","olm_key":"smoking/packaging","quantity":1,"picked_up":true},{"status":"OK","on_map":true,"group":"Convenient Food Drink","subgroup":"Drink","layer":"Drink Straw Wrapper","full_name":"Convenient Food Drink \u2013 Drink \u2013 Drink Straw Wrapper","olm_key":"softdrinks/straw_wrapper","quantity":1,"picked_up":true}],"groups":["litter","substances"],"has_litter":true,"has_pet_waste":false,"has_substances":true,"zone":"cottonwood_zone_C","zone_edge_m":46.9,"nbhd_edge_m":null}},{"type":"Feature","geometry":{"type":"Point","coordinates":[-122.55666351318,49.210136413574]},"properties":{"id":546305,"datetime":"2026-06-29T01:46:52.000000Z","filename":"https://olm-s3.s3.eu-west-1.amazonaws.com/2026/06/29/E5n66AaOKmfp6nwVfunZPEKgxTnQU86Lwo1GM4mV.jpg","tags":[{"type":"standard","category":"smoking","item":"butts","quantity":1}],"objects":[{"status":"OK","on_map":true,"group":"Smoking","subgroup":"","layer":"Cigarette Butts","full_name":"Smoking \u2013 Cigarette Butts","olm_key":"smoking/butts","quantity":1,"picked_up":true}],"groups":["substances"],"has_litter":false,"has_pet_waste":false,"has_substances":true,"zone":"cottonwood_zone_C","zone_edge_m":39.7,"nbhd_edge_m":null}},{"type":"Feature","geometry":{"type":"Point","coordinates":[-122.55666351318,49.210136413574]},"properties":{"id":546304,"datetime":"2026-06-29T01:46:41.000000Z","filename":"https://olm-s3.s3.eu-west-1.amazonaws.com/2026/06/29/pTmKFN2PCX1y1maKsSzHTDJ5JnCA9PX44Ljnh4RE.jpg","tags":[{"type":"standard","category":"smoking","item":"butts","quantity":1}],"objects":[{"status":"OK","on_map":true,"group":"Smoking","subgroup":"","layer":"Cigarette Butts","full_name":"Smoking \u2013 Cigarette Butts","olm_key":"smoking/butts","quantity":1,"picked_up":true}],"groups":["substances"],"has_litter":false,"has_pet_waste":false,"has_substances":true,"zone":"cottonwood_zone_C","zone_edge_m":39.7,"nbhd_edge_m":null}},{"type":"Feature","geometry":{"type":"Point","coordinates":[-122.55666351318,49.210136413574]},"properties":{"id":546303,"datetime":"2026-06-29T01:46:33.000000Z","filename":"https://olm-s3.s3.eu-west-1.amazonaws.com/2026/06/29/3x31cc0yw09milrBEF4eEP77Epiy8twJE2Axfla1.jpg","tags":[{"type":"standard","category":"other","item":"plastic_bag","quantity":1},{"type":"material","category":"material","item":"plastic","quantity":1,"parent_category":"other","parent_item":"plastic_bag"},{"type":"custom_tag","category":"custom_tag","item":"Zip bag","quantity":1,"parent_category":"other","parent_item":"plastic_bag"}],"objects":[{"status":"OK","on_map":true,"group":"Household","subgroup":"","layer":"Household Plastic Bag","full_name":"Household \u2013 Household Plastic Bag","olm_key":"other/plastic_bag","quantity":1,"picked_up":true}],"groups":["litter"],"has_litter":true,"has_pet_waste":false,"has_substances":false,"zone":"cottonwood_zone_C","zone_edge_m":39.7,"nbhd_edge_m":null}},{"type":"Feature","geometry":{"type":"Point","coordinates":[-122.55690002441,49.210201263428]},"properties":{"id":546302,"datetime":"2026-06-29T01:46:27.000000Z","filename":"https://olm-s3.s3.eu-west-1.amazonaws.com/2026/06/29/SyWMRJliAmRYdPz2y4Oi7bbAp29w5cXJB86XzeXz.jpg","tags":[{"type":"standard","category":"smoking","item":"butts","quantity":1}],"objects":[{"status":"OK","on_map":true,"group":"Smoking","subgroup":"","layer":"Cigarette Butts","full_name":"Smoking \u2013 Cigarette Butts","olm_key":"smoking/butts","quantity":1,"picked_up":true}],"groups":["substances"],"has_litter":false,"has_pet_waste":false,"has_substances":true,"zone":"cottonwood_zone_C","zone_edge_m":46.9,"nbhd_edge_m":null}},{"type":"Feature","geometry":{"type":"Point","coordinates":[-122.55666351318,49.210136413574]},"properties":{"id":546301,"datetime":"2026-06-29T01:47:37.000000Z","filename":"https://olm-s3.s3.eu-west-1.amazonaws.com/2026/06/29/TMM0sbiEtOuoFofG7h08R2PIpX28kN0IWqsOOTtx.jpg","tags":[{"type":"standard","category":"smoking","item":"butts","quantity":1}],"objects":[{"status":"OK","on_map":true,"group":"Smoking","subgroup":"","layer":"Cigarette Butts","full_name":"Smoking \u2013 Cigarette Butts","olm_key":"smoking/butts","quantity":1,"picked_up":true}],"groups":["substances"],"has_litter":false,"has_pet_waste":false,"has_substances":true,"zone":"cottonwood_zone_C","zone_edge_m":39.7,"nbhd_edge_m":null}},{"type":"Feature","geometry":{"type":"Point","coordinates":[-122.55666351318,49.210136413574]},"properties":{"id":546300,"datetime":"2026-06-29T01:47:28.000000Z","filename":"https://olm-s3.s3.eu-west-1.amazonaws.com/2026/06/29/PgPSjUzguQGhBlDxEEjwmR9FQtjgDpiUjznNEnwq.jpg","tags":[{"type":"standard","category":"other","item":"paper","quantity":1}],"objects":[{"status":"OK","on_map":true,"group":"Piece","subgroup":"","layer":"Paper Piece","full_name":"Piece \u2013 Paper Piece","olm_key":"other/paper","quantity":1,"picked_up":true}],"groups":["litter"],"has_litter":true,"has_pet_waste":false,"has_substances":false,"zone":"cottonwood_zone_C","zone_edge_m":39.7,"nbhd_edge_m":null}},{"type":"Feature","geometry":{"type":"Point","coordinates":[-122.55666351318,49.210136413574]},"properties":{"id":546299,"datetime":"2026-06-29T01:47:14.000000Z","filename":"https://olm-s3.s3.eu-west-1.amazonaws.com/2026/06/29/qHPgQM6M7u4VQQR1Ll9zRu1g4s32wdmNEPpR4J3t.jpg","tags":[{"type":"standard","category":"smoking","item":"butts","quantity":1}],"objects":[{"status":"OK","on_map":true,"group":"Smoking","subgroup":"","layer":"Cigarette Butts","full_name":"Smoking \u2013 Cigarette Butts","olm_key":"smoking/butts","quantity":1,"picked_up":true}],"groups":["substances"],"has_litter":false,"has_pet_waste":false,"has_substances":true,"zone":"cottonwood_zone_C","zone_edge_m":39.7,"nbhd_edge_m":null}},{"type":"Feature","geometry":{"type":"Point","coordinates":[-122.55666351318,49.210136413574]},"properties":{"id":546298,"datetime":"2026-06-29T01:47:01.000000Z","filename":"https://olm-s3.s3.eu-west-1.amazonaws.com/2026/06/29/3WsxAqUJRLGR5QgGAivt7HkJ7Sh8st6qPq9PvVhM.jpg","tags":[{"type":"standard","category":"smoking","item":"butts","quantity":2}],"objects":[{"status":"OK","on_map":true,"group":"Smoking","subgroup":"","layer":"Cigarette Butts","full_name":"Smoking \u2013 Cigarette Butts","olm_key":"smoking/butts","quantity":2,"picked_up":true}],"groups":["substances"],"has_litter":false,"has_pet_waste":false,"has_substances":true,"zone":"cottonwood_zone_C","zone_edge_m":39.7,"nbhd_edge_m":null}},{"type":"Feature","geometry":{"type":"Point","coordinates":[-122.55666351318,49.210136413574]},"properties":{"id":546297,"datetime":"2026-06-29T01:48:34.000000Z","filename":"https://olm-s3.s3.eu-west-1.amazonaws.com/2026/06/29/VeqluBtD9fl5rxdoxovheIRxOMYX9Jtzeu1kEKfF.jpg","tags":[{"type":"standard","category":"smoking","item":"butts","quantity":1},{"type":"standard","category":"smoking","item":"packaging","quantity":1},{"type":"material","category":"material","item":"paper","quantity":1,"parent_category":"smoking","parent_item":"packaging"},{"type":"custom_tag","category":"custom_tag","item":"Humidity control pack","quantity":1,"parent_category":"smoking","parent_item":"packaging"}],"objects":[{"status":"OK","on_map":true,"group":"Smoking","subgroup":"","layer":"Cigarette Butts","full_name":"Smoking \u2013 Cigarette Butts","olm_key":"smoking/butts","quantity":1,"picked_up":true},{"status":"OK","on_map":true,"group":"Smoking","subgroup":"","layer":"Nicotine Packaging","full_name":"Smoking \u2013 Nicotine Packaging","olm_key":"smoking/packaging","quantity":1,"picked_up":true}],"groups":["substances"],"has_litter":false,"has_pet_waste":false,"has_substances":true,"zone":"cottonwood_zone_C","zone_edge_m":39.7,"nbhd_edge_m":null}},{"type":"Feature","geometry":{"type":"Point","coordinates":[-122.55666351318,49.210136413574]},"properties":{"id":546296,"datetime":"2026-06-29T01:48:16.000000Z","filename":"https://olm-s3.s3.eu-west-1.amazonaws.com/2026/06/29/uxx3FpBdINc5GwlclAsMhmFT2zIM5qh8vy0Zpcfs.jpg","tags":[{"type":"standard","category":"food","item":"packet","quantity":1},{"type":"material","category":"material","item":"foil","quantity":1,"parent_category":"food","parent_item":"packet"},{"type":"material","category":"material","item":"plastic","quantity":1,"parent_category":"food","parent_item":"packet"},{"type":"brand","category":"brand","item":"Heinz","quantity":1,"parent_category":"food","parent_item":"packet"},{"type":"custom_tag","category":"custom_tag","item":"Ketchup","quantity":1,"parent_category":"food","parent_item":"packet"}],"objects":[{"status":"OK","on_map":true,"group":"Convenient Food Drink","subgroup":"Take-out","layer":"Condiment Packets","full_name":"Convenient Food Drink \u2013 Take-out \u2013 Condiment Packets","olm_key":"food/packet","quantity":1,"picked_up":true}],"groups":["litter"],"has_litter":true,"has_pet_waste":false,"has_substances":false,"zone":"cottonwood_zone_C","zone_edge_m":39.7,"nbhd_edge_m":null}},{"type":"Feature","geometry":{"type":"Point","coordinates":[-122.55666351318,49.210136413574]},"properties":{"id":546295,"datetime":"2026-06-29T01:48:02.000000Z","filename":"https://olm-s3.s3.eu-west-1.amazonaws.com/2026/06/29/ir5ISUEOk8zwfPVW83KnFGB3elBVchwotCOVP6ty.jpg","tags":[{"type":"standard","category":"smoking","item":"packaging","quantity":1},{"type":"custom_tag","category":"custom_tag","item":"brand:b58","quantity":1,"parent_category":"smoking","parent_item":"packaging"},{"type":"custom_tag","category":"custom_tag","item":"Humidity control pack","quantity":1,"parent_category":"smoking","parent_item":"packaging"}],"objects":[{"status":"OK","on_map":true,"group":"Smoking","subgroup":"","layer":"Nicotine Packaging","full_name":"Smoking \u2013 Nicotine Packaging","olm_key":"smoking/packaging","quantity":1,"picked_up":true}],"groups":["substances"],"has_litter":false,"has_pet_waste":false,"has_substances":true,"zone":"cottonwood_zone_C","zone_edge_m":39.7,"nbhd_edge_m":null}},{"type":"Feature","geometry":{"type":"Point","coordinates":[-122.55666351318,49.210136413574]},"properties":{"id":546294,"datetime":"2026-06-29T01:47:44.000000Z","filename":"https://olm-s3.s3.eu-west-1.amazonaws.com/2026/06/29/ghc9mu4nxs1Tf5jQUoIdeLjfZDv7wCy9ZwvKDX8g.jpg","tags":[{"type":"standard","category":"other","item":"paper","quantity":1},{"type":"material","category":"material","item":"paper","quantity":1,"parent_category":"other","parent_item":"paper"},{"type":"custom_tag","category":"custom_tag","item":"Piece","quantity":1,"parent_category":"other","parent_item":"paper"}],"objects":[{"status":"OK","on_map":true,"group":"Piece","subgroup":"","layer":"Paper Piece","full_name":"Piece \u2013 Paper Piece","olm_key":"other/paper","quantity":1,"picked_up":true}],"groups":["litter"],"has_litter":true,"has_pet_waste":false,"has_substances":false,"zone":"cottonwood_zone_C","zone_edge_m":39.7,"nbhd_edge_m":null}},{"type":"Feature","geometry":{"type":"Point","coordinates":[-122.55666351318,49.210136413574]},"properties":{"id":546293,"datetime":"2026-06-29T01:49:08.000000Z","filename":"https://olm-s3.s3.eu-west-1.amazonaws.com/2026/06/29/xk4D3e8FUTREbQZshsGY51N1Qt9k7oHLU0xyEx2U.jpg","tags":[{"type":"standard","category":"other","item":"plastic","quantity":2}],"objects":[{"status":"OK","on_map":true,"group":"Piece","subgroup":"","layer":"Plastic Piece","full_name":"Piece \u2013 Plastic Piece","olm_key":"other/plastic","quantity":2,"picked_up":true}],"groups":["litter"],"has_litter":true,"has_pet_waste":false,"has_substances":false,"zone":"cottonwood_zone_C","zone_edge_m":39.7,"nbhd_edge_m":null}},{"type":"Feature","geometry":{"type":"Point","coordinates":[-122.55666351318,49.210136413574]},"properties":{"id":546292,"datetime":"2026-06-29T01:48:58.000000Z","filename":"https://olm-s3.s3.eu-west-1.amazonaws.com/2026/06/29/sReYG1qZkUq4Sa2XNZqUIFcS6f1Vb6TBNvRLZtff.jpg","tags":[{"type":"standard","category":"smoking","item":"butts","quantity":1}],"objects":[{"status":"OK","on_map":true,"group":"Smoking","subgroup":"","layer":"Cigarette Butts","full_name":"Smoking \u2013 Cigarette Butts","olm_key":"smoking/butts","quantity":1,"picked_up":true}],"groups":["substances"],"has_litter":false,"has_pet_waste":false,"has_substances":true,"zone":"cottonwood_zone_C","zone_edge_m":39.7,"nbhd_edge_m":null}},{"type":"Feature","geometry":{"type":"Point","coordinates":[-122.55666351318,49.210136413574]},"properties":{"id":546291,"datetime":"2026-06-29T01:48:37.000000Z","filename":"https://olm-s3.s3.eu-west-1.amazonaws.com/2026/06/29/LZaLb8ksMGEAqsq8jNsgzAhHoTLWTJlonbkAT7dR.jpg","tags":[{"type":"standard","category":"smoking","item":"packaging","quantity":1},{"type":"material","category":"material","item":"plastic","quantity":1,"parent_category":"smoking","parent_item":"packaging"},{"type":"custom_tag","category":"custom_tag","item":"THC","quantity":1,"parent_category":"smoking","parent_item":"packaging"}],"objects":[{"status":"OK","on_map":true,"group":"Smoking","subgroup":"","layer":"Cannabis Packaging","full_name":"Smoking \u2013 Cannabis Packaging","olm_key":"smoking/packaging","quantity":1,"picked_up":true}],"groups":["substances"],"has_litter":false,"has_pet_waste":false,"has_substances":true,"zone":"cottonwood_zone_C","zone_edge_m":39.7,"nbhd_edge_m":null}},{"type":"Feature","geometry":{"type":"Point","coordinates":[-122.55666351318,49.210136413574]},"properties":{"id":546290,"datetime":"2026-06-29T01:48:36.000000Z","filename":"https://olm-s3.s3.eu-west-1.amazonaws.com/2026/06/29/uqDGwIvlZ3ERSQRqMGzQdvcVhQqR3Wi52HHBqRRe.jpg","tags":[{"type":"standard","category":"smoking","item":"packaging","quantity":1},{"type":"custom_tag","category":"custom_tag","item":"THC","quantity":1,"parent_category":"smoking","parent_item":"packaging"}],"objects":[{"status":"OK","on_map":true,"group":"Smoking","subgroup":"","layer":"Cannabis Packaging","full_name":"Smoking \u2013 Cannabis Packaging","olm_key":"smoking/packaging","quantity":1,"picked_up":true}],"groups":["substances"],"has_litter":false,"has_pet_waste":false,"has_substances":true,"zone":"cottonwood_zone_C","zone_edge_m":39.7,"nbhd_edge_m":null}},{"type":"Feature","geometry":{"type":"Point","coordinates":[-122.55698394775,49.210662841797]},"properties":{"id":546289,"datetime":"2026-06-29T01:49:37.000000Z","filename":"https://olm-s3.s3.eu-west-1.amazonaws.com/2026/06/29/p9Wc4XD4GhD2XiLYrdMf212WsfJsOMlvmSHeAPF1.jpg","tags":[{"type":"standard","category":"softdrinks","item":"straw_wrapper","quantity":1}],"objects":[{"status":"OK","on_map":true,"group":"Convenient Food Drink","subgroup":"Drink","layer":"Drink Straw Wrapper","full_name":"Convenient Food Drink \u2013 Drink \u2013 Drink Straw Wrapper","olm_key":"softdrinks/straw_wrapper","quantity":1,"picked_up":true}],"groups":["litter"],"has_litter":true,"has_pet_waste":false,"has_substances":false,"zone":"cottonwood_zone_C","zone_edge_m":71.6,"nbhd_edge_m":null}},{"type":"Feature","geometry":{"type":"Point","coordinates":[-122.55666351318,49.210136413574]},"properties":{"id":546288,"datetime":"2026-06-29T01:49:23.000000Z","filename":"https://olm-s3.s3.eu-west-1.amazonaws.com/2026/06/29/KAkybIftzBDFjW1fVrMY9XmDAIIMywRuSBlfY2Ra.jpg","tags":[{"type":"standard","category":"smoking","item":"butts","quantity":2}],"objects":[{"status":"OK","on_map":true,"group":"Smoking","subgroup":"","layer":"Cigarette Butts","full_name":"Smoking \u2013 Cigarette Butts","olm_key":"smoking/butts","quantity":2,"picked_up":true}],"groups":["substances"],"has_litter":false,"has_pet_waste":false,"has_substances":true,"zone":"cottonwood_zone_C","zone_edge_m":39.7,"nbhd_edge_m":null}},{"type":"Feature","geometry":{"type":"Point","coordinates":[-122.55666351318,49.210136413574]},"properties":{"id":546287,"datetime":"2026-06-29T01:49:18.000000Z","filename":"https://olm-s3.s3.eu-west-1.amazonaws.com/2026/06/29/pdHeoFvzPN4PttK0a4EsIbha4dkYlQMXLmPiVdKo.jpg","tags":[{"type":"standard","category":"smoking","item":"butts","quantity":1}],"objects":[{"status":"OK","on_map":true,"group":"Smoking","subgroup":"","layer":"Cigarette Butts","full_name":"Smoking \u2013 Cigarette Butts","olm_key":"smoking/butts","quantity":1,"picked_up":true}],"groups":["substances"],"has_litter":false,"has_pet_waste":false,"has_substances":true,"zone":"cottonwood_zone_C","zone_edge_m":39.7,"nbhd_edge_m":null}},{"type":"Feature","geometry":{"type":"Point","coordinates":[-122.55666351318,49.210136413574]},"properties":{"id":546286,"datetime":"2026-06-29T01:49:12.000000Z","filename":"https://olm-s3.s3.eu-west-1.amazonaws.com/2026/06/29/8MkhQzbi88Uqj8Bf3v0LntEhOBVpdYl7whEJ99JZ.jpg","tags":[{"type":"standard","category":"smoking","item":"butts","quantity":1}],"objects":[{"status":"OK","on_map":true,"group":"Smoking","subgroup":"","layer":"Cigarette Butts","full_name":"Smoking \u2013 Cigarette Butts","olm_key":"smoking/butts","quantity":1,"picked_up":true}],"groups":["substances"],"has_litter":false,"has_pet_waste":false,"has_substances":true,"zone":"cottonwood_zone_C","zone_edge_m":39.7,"nbhd_edge_m":null}},{"type":"Feature","geometry":{"type":"Point","coordinates":[-122.55699157715,49.21040725708]},"properties":{"id":546285,"datetime":"2026-06-29T01:50:27.000000Z","filename":"https://olm-s3.s3.eu-west-1.amazonaws.com/2026/06/29/5qBLm3zK7RYCUCluZvNvVjfBRUCRfgBbLhKOPMU1.jpg","tags":[{"type":"standard","category":"food","item":"napkins","quantity":1}],"objects":[{"status":"OK","on_map":true,"group":"Convenient Food Drink","subgroup":"Take-out","layer":"Napkins","full_name":"Convenient Food Drink \u2013 Take-out \u2013 Napkins","olm_key":"food/napkins","quantity":1,"picked_up":true}],"groups":["litter"],"has_litter":true,"has_pet_waste":false,"has_substances":false,"zone":"cottonwood_zone_C","zone_edge_m":69.8,"nbhd_edge_m":null}},{"type":"Feature","geometry":{"type":"Point","coordinates":[-122.55699157715,49.21040725708]},"properties":{"id":546284,"datetime":"2026-06-29T01:50:17.000000Z","filename":"https://olm-s3.s3.eu-west-1.amazonaws.com/2026/06/29/5SZ8jR7oycisBEh32YJNtnMNKjlvD8YndnEr7fno.jpg","tags":[{"type":"standard","category":"other","item":"paper","quantity":1}],"objects":[{"status":"OK","on_map":true,"group":"Piece","subgroup":"","layer":"Paper Piece","full_name":"Piece \u2013 Paper Piece","olm_key":"other/paper","quantity":1,"picked_up":true}],"groups":["litter"],"has_litter":true,"has_pet_waste":false,"has_substances":false,"zone":"cottonwood_zone_C","zone_edge_m":69.8,"nbhd_edge_m":null}},{"type":"Feature","geometry":{"type":"Point","coordinates":[-122.55699157715,49.21040725708]},"properties":{"id":546283,"datetime":"2026-06-29T01:50:06.000000Z","filename":"https://olm-s3.s3.eu-west-1.amazonaws.com/2026/06/29/4RTSRnMDmOYIhgDWugqP4Gac9CfrV3JFw2pk2KNm.jpg","tags":[{"type":"standard","category":"other","item":"paper","quantity":1},{"type":"standard","category":"smoking","item":"butts","quantity":1}],"objects":[{"status":"OK","on_map":true,"group":"Piece","subgroup":"","layer":"Paper Piece","full_name":"Piece \u2013 Paper Piece","olm_key":"other/paper","quantity":1,"picked_up":true},{"status":"OK","on_map":true,"group":"Smoking","subgroup":"","layer":"Cigarette Butts","full_name":"Smoking \u2013 Cigarette Butts","olm_key":"smoking/butts","quantity":1,"picked_up":true}],"groups":["litter","substances"],"has_litter":true,"has_pet_waste":false,"has_substances":true,"zone":"cottonwood_zone_C","zone_edge_m":69.8,"nbhd_edge_m":null}},{"type":"Feature","geometry":{"type":"Point","coordinates":[-122.55699157715,49.21040725708]},"properties":{"id":546282,"datetime":"2026-06-29T01:49:57.000000Z","filename":"https://olm-s3.s3.eu-west-1.amazonaws.com/2026/06/29/Da7YcD5FQlS4LfCaGclvJY1Za3xq6Q1NVGAJmT6J.jpg","tags":[{"type":"standard","category":"smoking","item":"butts","quantity":1}],"objects":[{"status":"OK","on_map":true,"group":"Smoking","subgroup":"","layer":"Cigarette Butts","full_name":"Smoking \u2013 Cigarette Butts","olm_key":"smoking/butts","quantity":1,"picked_up":true}],"groups":["substances"],"has_litter":false,"has_pet_waste":false,"has_substances":true,"zone":"cottonwood_zone_C","zone_edge_m":69.8,"nbhd_edge_m":null}},{"type":"Feature","geometry":{"type":"Point","coordinates":[-122.55699157715,49.21040725708]},"properties":{"id":546281,"datetime":"2026-06-29T01:51:08.000000Z","filename":"https://olm-s3.s3.eu-west-1.amazonaws.com/2026/06/29/PcQp94MtxfYcWTzD8mfY1ZgW0pM6z6Tgo13LujwH.jpg","tags":[{"type":"standard","category":"food","item":"packaging","quantity":1},{"type":"material","category":"material","item":"paper","quantity":1,"parent_category":"food","parent_item":"packaging"},{"type":"brand","category":"brand","item":"burgerking","quantity":1,"parent_category":"food","parent_item":"packaging"}],"objects":[{"status":"OK","on_map":true,"group":"Convenient Food Drink","subgroup":"Take-out","layer":"Food Packaging","full_name":"Convenient Food Drink \u2013 Take-out \u2013 Food Packaging","olm_key":"food/packaging","quantity":1,"picked_up":true}],"groups":["litter"],"has_litter":true,"has_pet_waste":false,"has_substances":false,"zone":"cottonwood_zone_C","zone_edge_m":69.8,"nbhd_edge_m":null}},{"type":"Feature","geometry":{"type":"Point","coordinates":[-122.55699157715,49.21040725708]},"properties":{"id":546280,"datetime":"2026-06-29T01:51:01.000000Z","filename":"https://olm-s3.s3.eu-west-1.amazonaws.com/2026/06/29/aj9TI59CIg5I1dEonNVWGgjzl22W3mJurVgJgqcn.jpg","tags":[{"type":"standard","category":"smoking","item":"butts","quantity":1}],"objects":[{"status":"OK","on_map":true,"group":"Smoking","subgroup":"","layer":"Cigarette Butts","full_name":"Smoking \u2013 Cigarette Butts","olm_key":"smoking/butts","quantity":1,"picked_up":true}],"groups":["substances"],"has_litter":false,"has_pet_waste":false,"has_substances":true,"zone":"cottonwood_zone_C","zone_edge_m":69.8,"nbhd_edge_m":null}},{"type":"Feature","geometry":{"type":"Point","coordinates":[-122.55699157715,49.21040725708]},"properties":{"id":546279,"datetime":"2026-06-29T01:50:52.000000Z","filename":"https://olm-s3.s3.eu-west-1.amazonaws.com/2026/06/29/AV7USTuDxwfK1SorRsFevxRlDXqwDb6eU89ttyLS.jpg","tags":[{"type":"standard","category":"smoking","item":"butts","quantity":2}],"objects":[{"status":"OK","on_map":true,"group":"Smoking","subgroup":"","layer":"Cigarette Butts","full_name":"Smoking \u2013 Cigarette Butts","olm_key":"smoking/butts","quantity":2,"picked_up":true}],"groups":["substances"],"has_litter":false,"has_pet_waste":false,"has_substances":true,"zone":"cottonwood_zone_C","zone_edge_m":69.8,"nbhd_edge_m":null}},{"type":"Feature","geometry":{"type":"Point","coordinates":[-122.55699157715,49.21040725708]},"properties":{"id":546278,"datetime":"2026-06-29T01:50:46.000000Z","filename":"https://olm-s3.s3.eu-west-1.amazonaws.com/2026/06/29/mPzUgRqE3cMPa05cgHryi9k17FhFRWf67nxm357Q.jpg","tags":[{"type":"standard","category":"coffee","item":"pod","quantity":1}],"objects":[{"status":"OK","on_map":true,"group":"Convenient Food Drink","subgroup":"Drink","layer":"Single-Serve Coffee Pod","full_name":"Convenient Food Drink \u2013 Drink \u2013 Single-Serve Coffee Pod","olm_key":"coffee/pod","quantity":1,"picked_up":true}],"groups":["litter"],"has_litter":true,"has_pet_waste":false,"has_substances":false,"zone":"cottonwood_zone_C","zone_edge_m":69.8,"nbhd_edge_m":null}},{"type":"Feature","geometry":{"type":"Point","coordinates":[-122.55693054199,49.210712432861]},"properties":{"id":546277,"datetime":"2026-06-29T01:51:43.000000Z","filename":"https://olm-s3.s3.eu-west-1.amazonaws.com/2026/06/29/Gxj7On074dYE5CH1MFiHv6A57O6CKcM1d7dkmbiU.jpg","tags":[{"type":"standard","category":"smoking","item":"butts","quantity":1}],"objects":[{"status":"OK","on_map":true,"group":"Smoking","subgroup":"","layer":"Cigarette Butts","full_name":"Smoking \u2013 Cigarette Butts","olm_key":"smoking/butts","quantity":1,"picked_up":true}],"groups":["substances"],"has_litter":false,"has_pet_waste":false,"has_substances":true,"zone":"cottonwood_zone_C","zone_edge_m":67.7,"nbhd_edge_m":null}},{"type":"Feature","geometry":{"type":"Point","coordinates":[-122.55693054199,49.210712432861]},"properties":{"id":546276,"datetime":"2026-06-29T01:51:34.000000Z","filename":"https://olm-s3.s3.eu-west-1.amazonaws.com/2026/06/29/55gASSnvO0D0HXJBiniqR6dc3L28MlvblQOb6Dv4.jpg","tags":[{"type":"standard","category":"sanitary","item":"wipes","quantity":1}],"objects":[{"status":"OK","on_map":true,"group":"Household","subgroup":"","layer":"Wet Wipes","full_name":"Household \u2013 Wet Wipes","olm_key":"sanitary/wipes","quantity":1,"picked_up":true}],"groups":["litter"],"has_litter":true,"has_pet_waste":false,"has_substances":false,"zone":"cottonwood_zone_C","zone_edge_m":67.7,"nbhd_edge_m":null}},{"type":"Feature","geometry":{"type":"Point","coordinates":[-122.55693054199,49.210712432861]},"properties":{"id":546275,"datetime":"2026-06-29T01:51:26.000000Z","filename":"https://olm-s3.s3.eu-west-1.amazonaws.com/2026/06/29/xcWM1Ehr6mnsOZD02T1ohykRSvQxgKlCzSrSaIFq.jpg","tags":[{"type":"standard","category":"smoking","item":"butts","quantity":2}],"objects":[{"status":"OK","on_map":true,"group":"Smoking","subgroup":"","layer":"Cigarette Butts","full_name":"Smoking \u2013 Cigarette Butts","olm_key":"smoking/butts","quantity":2,"picked_up":true}],"groups":["substances"],"has_litter":false,"has_pet_waste":false,"has_substances":true,"zone":"cottonwood_zone_C","zone_edge_m":67.7,"nbhd_edge_m":null}},{"type":"Feature","geometry":{"type":"Point","coordinates":[-122.55699157715,49.21040725708]},"properties":{"id":546274,"datetime":"2026-06-29T01:51:17.000000Z","filename":"https://olm-s3.s3.eu-west-1.amazonaws.com/2026/06/29/sBEzqruUz3VMgvAbqrISRM1jKDQiWdzPtrFKI3xR.jpg","tags":[{"type":"standard","category":"smoking","item":"butts","quantity":2}],"objects":[{"status":"OK","on_map":true,"group":"Smoking","subgroup":"","layer":"Cigarette Butts","full_name":"Smoking \u2013 Cigarette Butts","olm_key":"smoking/butts","quantity":2,"picked_up":true}],"groups":["substances"],"has_litter":false,"has_pet_waste":false,"has_substances":true,"zone":"cottonwood_zone_C","zone_edge_m":69.8,"nbhd_edge_m":null}},{"type":"Feature","geometry":{"type":"Point","coordinates":[-122.55693054199,49.210712432861]},"properties":{"id":546273,"datetime":"2026-06-29T01:52:37.000000Z","filename":"https://olm-s3.s3.eu-west-1.amazonaws.com/2026/06/29/4vF1dSo4sHt0yapfmDputEbdoXbj7GgDMEvrk31d.jpg","tags":[{"type":"standard","category":"softdrinks","item":"bottle_cap","quantity":1},{"type":"material","category":"material","item":"plastic","quantity":1,"parent_category":"softdrinks","parent_item":"bottle_cap"}],"objects":[{"status":"OK","on_map":true,"group":"Convenient Food Drink","subgroup":"Drink","layer":"Drink Bottle Cap","full_name":"Convenient Food Drink \u2013 Drink \u2013 Drink Bottle Cap","olm_key":"softdrinks/bottle_cap","quantity":1,"picked_up":true}],"groups":["litter"],"has_litter":true,"has_pet_waste":false,"has_substances":false,"zone":"cottonwood_zone_C","zone_edge_m":67.7,"nbhd_edge_m":null}},{"type":"Feature","geometry":{"type":"Point","coordinates":[-122.55693054199,49.210712432861]},"properties":{"id":546272,"datetime":"2026-06-29T01:52:25.000000Z","filename":"https://olm-s3.s3.eu-west-1.amazonaws.com/2026/06/29/1JnYhYNppq7J7iWmCrk6qLS1av2GVMdokhzsrqL6.jpg","tags":[{"type":"standard","category":"smoking","item":"butts","quantity":1}],"objects":[{"status":"OK","on_map":true,"group":"Smoking","subgroup":"","layer":"Cigarette Butts","full_name":"Smoking \u2013 Cigarette Butts","olm_key":"smoking/butts","quantity":1,"picked_up":true}],"groups":["substances"],"has_litter":false,"has_pet_waste":false,"has_substances":true,"zone":"cottonwood_zone_C","zone_edge_m":67.7,"nbhd_edge_m":null}},{"type":"Feature","geometry":{"type":"Point","coordinates":[-122.55693054199,49.210712432861]},"properties":{"id":546271,"datetime":"2026-06-29T01:52:04.000000Z","filename":"https://olm-s3.s3.eu-west-1.amazonaws.com/2026/06/29/sJsnnVcyJMiowDDRb2P2SMPXrXB7EETAq0KsYEDM.jpg","tags":[{"type":"standard","category":"food","item":"wrapper","quantity":1},{"type":"material","category":"material","item":"foil","quantity":1,"parent_category":"food","parent_item":"wrapper"},{"type":"material","category":"material","item":"plastic","quantity":1,"parent_category":"food","parent_item":"wrapper"}],"objects":[{"status":"OK","on_map":true,"group":"Convenient Food Drink","subgroup":"Snack","layer":"Foil / Plastic Film Snack Wrapper","full_name":"Convenient Food Drink \u2013 Snack \u2013 Foil / Plastic Film Snack Wrapper","olm_key":"food/wrapper","quantity":1,"picked_up":true}],"groups":["litter"],"has_litter":true,"has_pet_waste":false,"has_substances":false,"zone":"cottonwood_zone_C","zone_edge_m":67.7,"nbhd_edge_m":null}},{"type":"Feature","geometry":{"type":"Point","coordinates":[-122.55693054199,49.210712432861]},"properties":{"id":546270,"datetime":"2026-06-29T01:51:52.000000Z","filename":"https://olm-s3.s3.eu-west-1.amazonaws.com/2026/06/29/j9ofBu18v7U7DPJveR8Dtd5iFznmfTXH7g2C9Sh1.jpg","tags":[{"type":"standard","category":"other","item":"other","quantity":1},{"type":"material","category":"material","item":"plastic","quantity":1,"parent_category":"other","parent_item":"other"}],"objects":[{"status":"OK","on_map":true,"group":"Household","subgroup":"","layer":"Household misc","full_name":"Household \u2013 Household misc","olm_key":"other/other","quantity":1,"picked_up":true}],"groups":["litter"],"has_litter":true,"has_pet_waste":false,"has_substances":false,"zone":"cottonwood_zone_C","zone_edge_m":67.7,"nbhd_edge_m":null}},{"type":"Feature","geometry":{"type":"Point","coordinates":[-122.55693054199,49.210712432861]},"properties":{"id":546269,"datetime":"2026-06-29T01:52:58.000000Z","filename":"https://olm-s3.s3.eu-west-1.amazonaws.com/2026/06/29/4pKlrPldXTflVliB7qu29r1hWc41KzPErZPonsd5.jpg","tags":[{"type":"standard","category":"smoking","item":"butts","quantity":1}],"objects":[{"status":"OK","on_map":true,"group":"Smoking","subgroup":"","layer":"Cigarette Butts","full_name":"Smoking \u2013 Cigarette Butts","olm_key":"smoking/butts","quantity":1,"picked_up":true}],"groups":["substances"],"has_litter":false,"has_pet_waste":false,"has_substances":true,"zone":"cottonwood_zone_C","zone_edge_m":67.7,"nbhd_edge_m":null}},{"type":"Feature","geometry":{"type":"Point","coordinates":[-122.55693054199,49.210712432861]},"properties":{"id":546268,"datetime":"2026-06-29T01:52:52.000000Z","filename":"https://olm-s3.s3.eu-west-1.amazonaws.com/2026/06/29/48g2SYRolLxySZ9t3UbebgiuM9wjkiDRvLfsGKVR.jpg","tags":[{"type":"standard","category":"smoking","item":"butts","quantity":1}],"objects":[{"status":"OK","on_map":true,"group":"Smoking","subgroup":"","layer":"Cigarette Butts","full_name":"Smoking \u2013 Cigarette Butts","olm_key":"smoking/butts","quantity":1,"picked_up":true}],"groups":["substances"],"has_litter":false,"has_pet_waste":false,"has_substances":true,"zone":"cottonwood_zone_C","zone_edge_m":67.7,"nbhd_edge_m":null}},{"type":"Feature","geometry":{"type":"Point","coordinates":[-122.55693054199,49.210712432861]},"properties":{"id":546267,"datetime":"2026-06-29T01:52:49.000000Z","filename":"https://olm-s3.s3.eu-west-1.amazonaws.com/2026/06/29/q8aDQOQAD5Lw97GRv11GaFUzLE25BkAOdD1aHTsK.jpg","tags":[{"type":"standard","category":"smoking","item":"butts","quantity":1}],"objects":[{"status":"OK","on_map":true,"group":"Smoking","subgroup":"","layer":"Cigarette Butts","full_name":"Smoking \u2013 Cigarette Butts","olm_key":"smoking/butts","quantity":1,"picked_up":true}],"groups":["substances"],"has_litter":false,"has_pet_waste":false,"has_substances":true,"zone":"cottonwood_zone_C","zone_edge_m":67.7,"nbhd_edge_m":null}},{"type":"Feature","geometry":{"type":"Point","coordinates":[-122.55693054199,49.210712432861]},"properties":{"id":546266,"datetime":"2026-06-29T01:52:44.000000Z","filename":"https://olm-s3.s3.eu-west-1.amazonaws.com/2026/06/29/AOchLchs49c1gh0spZmSnEQI79V2ICBtKsAzQkDB.jpg","tags":[{"type":"standard","category":"smoking","item":"butts","quantity":1}],"objects":[{"status":"OK","on_map":true,"group":"Smoking","subgroup":"","layer":"Cigarette Butts","full_name":"Smoking \u2013 Cigarette Butts","olm_key":"smoking/butts","quantity":1,"picked_up":true}],"groups":["substances"],"has_litter":false,"has_pet_waste":false,"has_substances":true,"zone":"cottonwood_zone_C","zone_edge_m":67.7,"nbhd_edge_m":null}},{"type":"Feature","geometry":{"type":"Point","coordinates":[-122.55695343018,49.210693359375]},"properties":{"id":546265,"datetime":"2026-06-29T01:53:31.000000Z","filename":"https://olm-s3.s3.eu-west-1.amazonaws.com/2026/06/29/XGHwN5w6uXNRma1S9Zkl55G9UuEsd8Ng9MeWgi26.jpg","tags":[{"type":"standard","category":"smoking","item":"butts","quantity":3}],"objects":[{"status":"OK","on_map":true,"group":"Smoking","subgroup":"","layer":"Cigarette Butts","full_name":"Smoking \u2013 Cigarette Butts","olm_key":"smoking/butts","quantity":3,"picked_up":true}],"groups":["substances"],"has_litter":false,"has_pet_waste":false,"has_substances":true,"zone":"cottonwood_zone_C","zone_edge_m":69.3,"nbhd_edge_m":null}},{"type":"Feature","geometry":{"type":"Point","coordinates":[-122.55695343018,49.210693359375]},"properties":{"id":546264,"datetime":"2026-06-29T01:53:22.000000Z","filename":"https://olm-s3.s3.eu-west-1.amazonaws.com/2026/06/29/CCTDZWBKAMO2jKJTUEFCJ5Y7GiyHtKDgNGtLb7V5.jpg","tags":[{"type":"standard","category":"smoking","item":"butts","quantity":1}],"objects":[{"status":"OK","on_map":true,"group":"Smoking","subgroup":"","layer":"Cigarette Butts","full_name":"Smoking \u2013 Cigarette Butts","olm_key":"smoking/butts","quantity":1,"picked_up":true}],"groups":["substances"],"has_litter":false,"has_pet_waste":false,"has_substances":true,"zone":"cottonwood_zone_C","zone_edge_m":69.3,"nbhd_edge_m":null}},{"type":"Feature","geometry":{"type":"Point","coordinates":[-122.55693054199,49.210712432861]},"properties":{"id":546263,"datetime":"2026-06-29T01:53:15.000000Z","filename":"https://olm-s3.s3.eu-west-1.amazonaws.com/2026/06/29/IKzAQX0jH5OmJRzUbTGl9YWmQrz2jYPKRKecYpIU.jpg","tags":[{"type":"standard","category":"other","item":"plastic","quantity":1},{"type":"material","category":"material","item":"plastic","quantity":1,"parent_category":"other","parent_item":"plastic"},{"type":"custom_tag","category":"custom_tag","item":"Sharp edged","quantity":1,"parent_category":"other","parent_item":"plastic"}],"objects":[{"status":"OK","on_map":true,"group":"Piece","subgroup":"","layer":"Plastic Piece","full_name":"Piece \u2013 Plastic Piece","olm_key":"other/plastic","quantity":1,"picked_up":true}],"groups":["litter"],"has_litter":true,"has_pet_waste":false,"has_substances":false,"zone":"cottonwood_zone_C","zone_edge_m":67.7,"nbhd_edge_m":null}},{"type":"Feature","geometry":{"type":"Point","coordinates":[-122.55693054199,49.210712432861]},"properties":{"id":546262,"datetime":"2026-06-29T01:53:05.000000Z","filename":"https://olm-s3.s3.eu-west-1.amazonaws.com/2026/06/29/eTjlY7c8uMvtyJArhDZKGZ464cq1zWNEey3EQy3i.jpg","tags":[{"type":"standard","category":"smoking","item":"butts","quantity":1}],"objects":[{"status":"OK","on_map":true,"group":"Smoking","subgroup":"","layer":"Cigarette Butts","full_name":"Smoking \u2013 Cigarette Butts","olm_key":"smoking/butts","quantity":1,"picked_up":true}],"groups":["substances"],"has_litter":false,"has_pet_waste":false,"has_substances":true,"zone":"cottonwood_zone_C","zone_edge_m":67.7,"nbhd_edge_m":null}},{"type":"Feature","geometry":{"type":"Point","coordinates":[-122.55695343018,49.210693359375]},"properties":{"id":546261,"datetime":"2026-06-29T01:53:59.000000Z","filename":"https://olm-s3.s3.eu-west-1.amazonaws.com/2026/06/29/jTOFGn7JxxH7cex6LHEXAueJbLPQzRYqu6weoo5Z.jpg","tags":[{"type":"standard","category":"smoking","item":"butts","quantity":1}],"objects":[{"status":"OK","on_map":true,"group":"Smoking","subgroup":"","layer":"Cigarette Butts","full_name":"Smoking \u2013 Cigarette Butts","olm_key":"smoking/butts","quantity":1,"picked_up":true}],"groups":["substances"],"has_litter":false,"has_pet_waste":false,"has_substances":true,"zone":"cottonwood_zone_C","zone_edge_m":69.3,"nbhd_edge_m":null}},{"type":"Feature","geometry":{"type":"Point","coordinates":[-122.55695343018,49.210693359375]},"properties":{"id":546260,"datetime":"2026-06-29T01:53:54.000000Z","filename":"https://olm-s3.s3.eu-west-1.amazonaws.com/2026/06/29/7gYkNeiOu2GOZyE0f5HyTIIIyNtts73oO3OXcdJ8.jpg","tags":[{"type":"standard","category":"industrial","item":"other","quantity":1},{"type":"material","category":"material","item":"metal","quantity":1,"parent_category":"industrial","parent_item":"other"},{"type":"custom_tag","category":"custom_tag","item":"Small","quantity":1,"parent_category":"industrial","parent_item":"other"},{"type":"custom_tag","category":"custom_tag","item":"Piece","quantity":1,"parent_category":"industrial","parent_item":"other"}],"objects":[{"status":"OK","on_map":true,"group":"Industrial","subgroup":"","layer":"Industrial Debris","full_name":"Industrial \u2013 Industrial Debris","olm_key":"industrial/other","quantity":1,"picked_up":true}],"groups":["litter"],"has_litter":true,"has_pet_waste":false,"has_substances":false,"zone":"cottonwood_zone_C","zone_edge_m":69.3,"nbhd_edge_m":null}},{"type":"Feature","geometry":{"type":"Point","coordinates":[-122.55695343018,49.210693359375]},"properties":{"id":546259,"datetime":"2026-06-29T01:53:44.000000Z","filename":"https://olm-s3.s3.eu-west-1.amazonaws.com/2026/06/29/cWzzP8Kmtfo51TD67NaaJ7xfyXAFf83WPcJCA0n1.jpg","tags":[{"type":"standard","category":"industrial","item":"other","quantity":1},{"type":"material","category":"material","item":"metal","quantity":1,"parent_category":"industrial","parent_item":"other"},{"type":"custom_tag","category":"custom_tag","item":"Small","quantity":1,"parent_category":"industrial","parent_item":"other"}],"objects":[{"status":"OK","on_map":true,"group":"Industrial","subgroup":"","layer":"Industrial Debris","full_name":"Industrial \u2013 Industrial Debris","olm_key":"industrial/other","quantity":1,"picked_up":true}],"groups":["litter"],"has_litter":true,"has_pet_waste":false,"has_substances":false,"zone":"cottonwood_zone_C","zone_edge_m":69.3,"nbhd_edge_m":null}},{"type":"Feature","geometry":{"type":"Point","coordinates":[-122.55695343018,49.210693359375]},"properties":{"id":546258,"datetime":"2026-06-29T01:54:59.000000Z","filename":"https://olm-s3.s3.eu-west-1.amazonaws.com/2026/06/29/ZQaYOMiW8PSWj3aAudDkKGYyffwAuBSVH1CJrsVb.jpg","tags":[{"type":"standard","category":"softdrinks","item":"bottle_cap","quantity":1},{"type":"material","category":"material","item":"plastic","quantity":1,"parent_category":"softdrinks","parent_item":"bottle_cap"}],"objects":[{"status":"OK","on_map":true,"group":"Convenient Food Drink","subgroup":"Drink","layer":"Drink Bottle Cap","full_name":"Convenient Food Drink \u2013 Drink \u2013 Drink Bottle Cap","olm_key":"softdrinks/bottle_cap","quantity":1,"picked_up":true}],"groups":["litter"],"has_litter":true,"has_pet_waste":false,"has_substances":false,"zone":"cottonwood_zone_C","zone_edge_m":69.3,"nbhd_edge_m":null}},{"type":"Feature","geometry":{"type":"Point","coordinates":[-122.55695343018,49.210693359375]},"properties":{"id":546257,"datetime":"2026-06-29T01:54:46.000000Z","filename":"https://olm-s3.s3.eu-west-1.amazonaws.com/2026/06/29/QEH6MLkLCijm1vxvV12jcVt6gl9fCfXIRejENSUv.jpg","tags":[{"type":"standard","category":"food","item":"wrapper","quantity":1},{"type":"material","category":"material","item":"foil","quantity":1,"parent_category":"food","parent_item":"wrapper"},{"type":"material","category":"material","item":"plastic","quantity":1,"parent_category":"food","parent_item":"wrapper"},{"type":"brand","category":"brand","item":"Kit Kat","quantity":1,"parent_category":"food","parent_item":"wrapper"}],"objects":[{"status":"OK","on_map":true,"group":"Convenient Food Drink","subgroup":"Snack","layer":"Foil / Plastic Film Snack Wrapper","full_name":"Convenient Food Drink \u2013 Snack \u2013 Foil / Plastic Film Snack Wrapper","olm_key":"food/wrapper","quantity":1,"picked_up":true}],"groups":["litter"],"has_litter":true,"has_pet_waste":false,"has_substances":false,"zone":"cottonwood_zone_C","zone_edge_m":69.3,"nbhd_edge_m":null}},{"type":"Feature","geometry":{"type":"Point","coordinates":[-122.55695343018,49.210693359375]},"properties":{"id":546256,"datetime":"2026-06-29T01:54:33.000000Z","filename":"https://olm-s3.s3.eu-west-1.amazonaws.com/2026/06/29/yl27XVi8EkDBTSEnae1qe7FTfqCPsBrIdGXvycIX.jpg","tags":[{"type":"standard","category":"industrial","item":"other","quantity":1},{"type":"material","category":"material","item":"metal","quantity":1,"parent_category":"industrial","parent_item":"other"},{"type":"custom_tag","category":"custom_tag","item":"Small","quantity":1,"parent_category":"industrial","parent_item":"other"}],"objects":[{"status":"OK","on_map":true,"group":"Industrial","subgroup":"","layer":"Industrial Debris","full_name":"Industrial \u2013 Industrial Debris","olm_key":"industrial/other","quantity":1,"picked_up":true}],"groups":["litter"],"has_litter":true,"has_pet_waste":false,"has_substances":false,"zone":"cottonwood_zone_C","zone_edge_m":69.3,"nbhd_edge_m":null}},{"type":"Feature","geometry":{"type":"Point","coordinates":[-122.55695343018,49.210693359375]},"properties":{"id":546255,"datetime":"2026-06-29T01:54:19.000000Z","filename":"https://olm-s3.s3.eu-west-1.amazonaws.com/2026/06/29/HJQCVcTjdcuMrW2g3pgJBWB229riiWPNeb02i9mg.jpg","tags":[{"type":"standard","category":"food","item":"packaging","quantity":1},{"type":"material","category":"material","item":"plastic","quantity":1,"parent_category":"food","parent_item":"packaging"},{"type":"brand","category":"brand","item":"Sour Patch Kids","quantity":1,"parent_category":"food","parent_item":"packaging"}],"objects":[{"status":"OK","on_map":true,"group":"Convenient Food Drink","subgroup":"Take-out","layer":"Food Packaging","full_name":"Convenient Food Drink \u2013 Take-out \u2013 Food Packaging","olm_key":"food/packaging","quantity":1,"picked_up":true}],"groups":["litter"],"has_litter":true,"has_pet_waste":false,"has_substances":false,"zone":"cottonwood_zone_C","zone_edge_m":69.3,"nbhd_edge_m":null}},{"type":"Feature","geometry":{"type":"Point","coordinates":[-122.55695343018,49.210693359375]},"properties":{"id":546254,"datetime":"2026-06-29T01:55:46.000000Z","filename":"https://olm-s3.s3.eu-west-1.amazonaws.com/2026/06/29/I09PapM4DRv53pBXj1ZlfmVSMRerGaYD4VKpTfWS.jpg","tags":[{"type":"standard","category":"industrial","item":"other","quantity":1},{"type":"material","category":"material","item":"metal","quantity":1,"parent_category":"industrial","parent_item":"other"},{"type":"custom_tag","category":"custom_tag","item":"Small","quantity":1,"parent_category":"industrial","parent_item":"other"},{"type":"custom_tag","category":"custom_tag","item":"Piece","quantity":1,"parent_category":"industrial","parent_item":"other"}],"objects":[{"status":"OK","on_map":true,"group":"Industrial","subgroup":"","layer":"Industrial Debris","full_name":"Industrial \u2013 Industrial Debris","olm_key":"industrial/other","quantity":1,"picked_up":true}],"groups":["litter"],"has_litter":true,"has_pet_waste":false,"has_substances":false,"zone":"cottonwood_zone_C","zone_edge_m":69.3,"nbhd_edge_m":null}},{"type":"Feature","geometry":{"type":"Point","coordinates":[-122.55695343018,49.210693359375]},"properties":{"id":546253,"datetime":"2026-06-29T01:55:32.000000Z","filename":"https://olm-s3.s3.eu-west-1.amazonaws.com/2026/06/29/OTrElZzv0L2juwHIcKielNQZT7ylgOwcWS4Mqkjj.jpg","tags":[{"type":"standard","category":"other","item":"paper","quantity":1}],"objects":[{"status":"OK","on_map":true,"group":"Piece","subgroup":"","layer":"Paper Piece","full_name":"Piece \u2013 Paper Piece","olm_key":"other/paper","quantity":1,"picked_up":true}],"groups":["litter"],"has_litter":true,"has_pet_waste":false,"has_substances":false,"zone":"cottonwood_zone_C","zone_edge_m":69.3,"nbhd_edge_m":null}},{"type":"Feature","geometry":{"type":"Point","coordinates":[-122.55695343018,49.210693359375]},"properties":{"id":546252,"datetime":"2026-06-29T01:55:20.000000Z","filename":"https://olm-s3.s3.eu-west-1.amazonaws.com/2026/06/29/vBeQhECRDwToooctqkCsq1DyoZZnFjy9PLdiQy0X.jpg","tags":[{"type":"standard","category":"smoking","item":"butts","quantity":1}],"objects":[{"status":"OK","on_map":true,"group":"Smoking","subgroup":"","layer":"Cigarette Butts","full_name":"Smoking \u2013 Cigarette Butts","olm_key":"smoking/butts","quantity":1,"picked_up":true}],"groups":["substances"],"has_litter":false,"has_pet_waste":false,"has_substances":true,"zone":"cottonwood_zone_C","zone_edge_m":69.3,"nbhd_edge_m":null}},{"type":"Feature","geometry":{"type":"Point","coordinates":[-122.55695343018,49.210693359375]},"properties":{"id":546251,"datetime":"2026-06-29T01:55:10.000000Z","filename":"https://olm-s3.s3.eu-west-1.amazonaws.com/2026/06/29/xB9bWSDiqElV9DQbZJCI6vNfiDUEapxrW5dEM2Oi.jpg","tags":[{"type":"standard","category":"industrial","item":"other","quantity":1},{"type":"material","category":"material","item":"metal","quantity":1,"parent_category":"industrial","parent_item":"other"},{"type":"custom_tag","category":"custom_tag","item":"Piece","quantity":1,"parent_category":"industrial","parent_item":"other"}],"objects":[{"status":"OK","on_map":true,"group":"Industrial","subgroup":"","layer":"Industrial Debris","full_name":"Industrial \u2013 Industrial Debris","olm_key":"industrial/other","quantity":1,"picked_up":true}],"groups":["litter"],"has_litter":true,"has_pet_waste":false,"has_substances":false,"zone":"cottonwood_zone_C","zone_edge_m":69.3,"nbhd_edge_m":null}},{"type":"Feature","geometry":{"type":"Point","coordinates":[-122.55695343018,49.210765838623]},"properties":{"id":546250,"datetime":"2026-06-29T01:56:41.000000Z","filename":"https://olm-s3.s3.eu-west-1.amazonaws.com/2026/06/29/n6oPlpCb6bgedO6ENDe42E9xCJs6sgdlpVRObaM6.jpg","tags":[{"type":"standard","category":"smoking","item":"butts","quantity":1}],"objects":[{"status":"OK","on_map":true,"group":"Smoking","subgroup":"","layer":"Cigarette Butts","full_name":"Smoking \u2013 Cigarette Butts","olm_key":"smoking/butts","quantity":1,"picked_up":true}],"groups":["substances"],"has_litter":false,"has_pet_waste":false,"has_substances":true,"zone":"cottonwood_zone_C","zone_edge_m":69.3,"nbhd_edge_m":null}},{"type":"Feature","geometry":{"type":"Point","coordinates":[-122.55695343018,49.210765838623]},"properties":{"id":546249,"datetime":"2026-06-29T01:56:34.000000Z","filename":"https://olm-s3.s3.eu-west-1.amazonaws.com/2026/06/29/8vheDJSwVcyPaCzFVl3unx5cBgqkNjxrFLhryjKS.jpg","tags":[{"type":"standard","category":"smoking","item":"butts","quantity":1}],"objects":[{"status":"OK","on_map":true,"group":"Smoking","subgroup":"","layer":"Cigarette Butts","full_name":"Smoking \u2013 Cigarette Butts","olm_key":"smoking/butts","quantity":1,"picked_up":true}],"groups":["substances"],"has_litter":false,"has_pet_waste":false,"has_substances":true,"zone":"cottonwood_zone_C","zone_edge_m":69.3,"nbhd_edge_m":null}},{"type":"Feature","geometry":{"type":"Point","coordinates":[-122.55695343018,49.210693359375]},"properties":{"id":546248,"datetime":"2026-06-29T01:56:10.000000Z","filename":"https://olm-s3.s3.eu-west-1.amazonaws.com/2026/06/29/K0TC7ul8Q85UGJeoig16tdpWaQNhpIN7N47o2AEB.jpg","tags":[{"type":"standard","category":"smoking","item":"butts","quantity":1}],"objects":[{"status":"OK","on_map":true,"group":"Smoking","subgroup":"","layer":"Cigarette Butts","full_name":"Smoking \u2013 Cigarette Butts","olm_key":"smoking/butts","quantity":1,"picked_up":true}],"groups":["substances"],"has_litter":false,"has_pet_waste":false,"has_substances":true,"zone":"cottonwood_zone_C","zone_edge_m":69.3,"nbhd_edge_m":null}},{"type":"Feature","geometry":{"type":"Point","coordinates":[-122.55695343018,49.210693359375]},"properties":{"id":546247,"datetime":"2026-06-29T01:55:59.000000Z","filename":"https://olm-s3.s3.eu-west-1.amazonaws.com/2026/06/29/CkSmzMWK77e6FmJ9XOpzX7QA8haIw8f07VyEKwhx.jpg","tags":[{"type":"standard","category":"coffee","item":"cup","quantity":1},{"type":"material","category":"material","item":"paper","quantity":1,"parent_category":"coffee","parent_item":"cup"},{"type":"material","category":"material","item":"plastic","quantity":1,"parent_category":"coffee","parent_item":"cup"},{"type":"brand","category":"brand","item":"tim_hortons","quantity":1,"parent_category":"coffee","parent_item":"cup"}],"objects":[{"status":"OK","on_map":true,"group":"Convenient Food Drink","subgroup":"Drink","layer":"Poly-lined Hot Beverage Cup","full_name":"Convenient Food Drink \u2013 Drink \u2013 Poly-lined Hot Beverage Cup","olm_key":"coffee/cup","quantity":1,"picked_up":true}],"groups":["litter"],"has_litter":true,"has_pet_waste":false,"has_substances":false,"zone":"cottonwood_zone_C","zone_edge_m":69.3,"nbhd_edge_m":null}},{"type":"Feature","geometry":{"type":"Point","coordinates":[-122.55690002441,49.211307525635]},"properties":{"id":546246,"datetime":"2026-06-29T01:57:27.000000Z","filename":"https://olm-s3.s3.eu-west-1.amazonaws.com/2026/06/29/PqttB4W9DLZ8a9UgvnKA5IDbCYqpyWqWqgsaLHeO.jpg","tags":[{"type":"standard","category":"other","item":"plastic","quantity":1}],"objects":[{"status":"OK","on_map":true,"group":"Piece","subgroup":"","layer":"Plastic Piece","full_name":"Piece \u2013 Plastic Piece","olm_key":"other/plastic","quantity":1,"picked_up":true}],"groups":["litter"],"has_litter":true,"has_pet_waste":false,"has_substances":false,"zone":"cottonwood_zone_C","zone_edge_m":65.5,"nbhd_edge_m":null}},{"type":"Feature","geometry":{"type":"Point","coordinates":[-122.55695343018,49.210765838623]},"properties":{"id":546245,"datetime":"2026-06-29T01:57:19.000000Z","filename":"https://olm-s3.s3.eu-west-1.amazonaws.com/2026/06/29/aNm34erwWVuFAPQEalBmuWi1z50STEWc10mKD6m1.jpg","tags":[{"type":"standard","category":"smoking","item":"butts","quantity":1}],"objects":[{"status":"OK","on_map":true,"group":"Smoking","subgroup":"","layer":"Cigarette Butts","full_name":"Smoking \u2013 Cigarette Butts","olm_key":"smoking/butts","quantity":1,"picked_up":true}],"groups":["substances"],"has_litter":false,"has_pet_waste":false,"has_substances":true,"zone":"cottonwood_zone_C","zone_edge_m":69.3,"nbhd_edge_m":null}},{"type":"Feature","geometry":{"type":"Point","coordinates":[-122.55695343018,49.210765838623]},"properties":{"id":546244,"datetime":"2026-06-29T01:56:53.000000Z","filename":"https://olm-s3.s3.eu-west-1.amazonaws.com/2026/06/29/Fh97URZRvfimUZm9hW0dJvI1ULhKtpu5MbZmQDvs.jpg","tags":[{"type":"standard","category":"other","item":"plastic","quantity":1},{"type":"custom_tag","category":"custom_tag","item":"Piece","quantity":1,"parent_category":"other","parent_item":"plastic"}],"objects":[{"status":"OK","on_map":true,"group":"Piece","subgroup":"","layer":"Plastic Piece","full_name":"Piece \u2013 Plastic Piece","olm_key":"other/plastic","quantity":1,"picked_up":true}],"groups":["litter"],"has_litter":true,"has_pet_waste":false,"has_substances":false,"zone":"cottonwood_zone_C","zone_edge_m":69.3,"nbhd_edge_m":null}},{"type":"Feature","geometry":{"type":"Point","coordinates":[-122.55695343018,49.210765838623]},"properties":{"id":546243,"datetime":"2026-06-29T01:56:48.000000Z","filename":"https://olm-s3.s3.eu-west-1.amazonaws.com/2026/06/29/fvvYvGa0Rh1iW0EbuEwxFw1zeAY5DMhU5vqIGsVR.jpg","tags":[{"type":"standard","category":"smoking","item":"butts","quantity":1}],"objects":[{"status":"OK","on_map":true,"group":"Smoking","subgroup":"","layer":"Cigarette Butts","full_name":"Smoking \u2013 Cigarette Butts","olm_key":"smoking/butts","quantity":1,"picked_up":true}],"groups":["substances"],"has_litter":false,"has_pet_waste":false,"has_substances":true,"zone":"cottonwood_zone_C","zone_edge_m":69.3,"nbhd_edge_m":null}},{"type":"Feature","geometry":{"type":"Point","coordinates":[-122.55673980713,49.211612701416]},"properties":{"id":546242,"datetime":"2026-06-29T01:58:32.000000Z","filename":"https://olm-s3.s3.eu-west-1.amazonaws.com/2026/06/29/qvjP3DyLNzRVF7lwUnJ3mExmbZ2UfN0p88wPQF1G.jpg","tags":[{"type":"standard","category":"smoking","item":"butts","quantity":1}],"objects":[{"status":"OK","on_map":true,"group":"Smoking","subgroup":"","layer":"Cigarette Butts","full_name":"Smoking \u2013 Cigarette Butts","olm_key":"smoking/butts","quantity":1,"picked_up":true}],"groups":["substances"],"has_litter":false,"has_pet_waste":false,"has_substances":true,"zone":"cottonwood_zone_C","zone_edge_m":53.8,"nbhd_edge_m":null}},{"type":"Feature","geometry":{"type":"Point","coordinates":[-122.55673980713,49.211612701416]},"properties":{"id":546241,"datetime":"2026-06-29T01:58:24.000000Z","filename":"https://olm-s3.s3.eu-west-1.amazonaws.com/2026/06/29/vkNJbrBPmWsf2F8HFbJ30Mok9XK1EiZi1trGx57p.jpg","tags":[{"type":"standard","category":"other","item":"plastic","quantity":1},{"type":"material","category":"material","item":"plastic","quantity":1,"parent_category":"other","parent_item":"plastic"},{"type":"custom_tag","category":"custom_tag","item":"Bread clip","quantity":1,"parent_category":"other","parent_item":"plastic"}],"objects":[{"status":"OK","on_map":true,"group":"Piece","subgroup":"","layer":"Plastic Piece","full_name":"Piece \u2013 Plastic Piece","olm_key":"other/plastic","quantity":1,"picked_up":true}],"groups":["litter"],"has_litter":true,"has_pet_waste":false,"has_substances":false,"zone":"cottonwood_zone_C","zone_edge_m":53.8,"nbhd_edge_m":null}},{"type":"Feature","geometry":{"type":"Point","coordinates":[-122.55690002441,49.211307525635]},"properties":{"id":546240,"datetime":"2026-06-29T01:58:17.000000Z","filename":"https://olm-s3.s3.eu-west-1.amazonaws.com/2026/06/29/jTpKySP2jx5yyASIexZGm42B4dvw6UxaQu74VvNr.jpg","tags":[{"type":"standard","category":"other","item":"paper","quantity":1},{"type":"material","category":"material","item":"paper","quantity":1,"parent_category":"other","parent_item":"paper"},{"type":"custom_tag","category":"custom_tag","item":"Fragment","quantity":1,"parent_category":"other","parent_item":"paper"},{"type":"custom_tag","category":"custom_tag","item":"Print","quantity":1,"parent_category":"other","parent_item":"paper"}],"objects":[{"status":"OK","on_map":true,"group":"Piece","subgroup":"","layer":"Paper Piece","full_name":"Piece \u2013 Paper Piece","olm_key":"other/paper","quantity":1,"picked_up":true}],"groups":["litter"],"has_litter":true,"has_pet_waste":false,"has_substances":false,"zone":"cottonwood_zone_C","zone_edge_m":65.5,"nbhd_edge_m":null}},{"type":"Feature","geometry":{"type":"Point","coordinates":[-122.55690002441,49.211307525635]},"properties":{"id":546239,"datetime":"2026-06-29T01:57:56.000000Z","filename":"https://olm-s3.s3.eu-west-1.amazonaws.com/2026/06/29/V5tUZMPfdBq2nIQdCaCIUpD3LcaW8B1plglrvnF7.jpg","tags":[{"type":"standard","category":"other","item":"other","quantity":1},{"type":"material","category":"material","item":"foam","quantity":1,"parent_category":"other","parent_item":"other"},{"type":"custom_tag","category":"custom_tag","item":"Foam bullet toy","quantity":1,"parent_category":"other","parent_item":"other"}],"objects":[{"status":"OK","on_map":true,"group":"Household","subgroup":"","layer":"Household misc","full_name":"Household \u2013 Household misc","olm_key":"other/other","quantity":1,"picked_up":true}],"groups":["litter"],"has_litter":true,"has_pet_waste":false,"has_substances":false,"zone":"cottonwood_zone_C","zone_edge_m":65.5,"nbhd_edge_m":null}},{"type":"Feature","geometry":{"type":"Point","coordinates":[-122.55673980713,49.211612701416]},"properties":{"id":546238,"datetime":"2026-06-29T01:59:19.000000Z","filename":"https://olm-s3.s3.eu-west-1.amazonaws.com/2026/06/29/kKxxXYIafsJLvrcRQLva1aenMY072wQLeHHM0J3H.jpg","tags":[{"type":"standard","category":"softdrinks","item":"straw","quantity":1},{"type":"material","category":"material","item":"paper","quantity":1,"parent_category":"softdrinks","parent_item":"straw"}],"objects":[{"status":"OK","on_map":true,"group":"Convenient Food Drink","subgroup":"Drink","layer":"Paper Drink Straws","full_name":"Convenient Food Drink \u2013 Drink \u2013 Paper Drink Straws","olm_key":"softdrinks/straw","quantity":1,"picked_up":true}],"groups":["litter"],"has_litter":true,"has_pet_waste":false,"has_substances":false,"zone":"cottonwood_zone_C","zone_edge_m":53.8,"nbhd_edge_m":null}},{"type":"Feature","geometry":{"type":"Point","coordinates":[-122.55673980713,49.211612701416]},"properties":{"id":546237,"datetime":"2026-06-29T01:59:08.000000Z","filename":"https://olm-s3.s3.eu-west-1.amazonaws.com/2026/06/29/1eEQbQJIxgys5bJiSSDKmLNLajEbkC0MfNLFi3Ct.jpg","tags":[{"type":"standard","category":"marine","item":"polystyrene_fragment","quantity":1},{"type":"material","category":"material","item":"polystyrene","quantity":1,"parent_category":"marine","parent_item":"polystyrene_fragment"}],"objects":[{"status":"OK","on_map":true,"group":"Piece","subgroup":"","layer":"Styrofoam Piece","full_name":"Piece \u2013 Styrofoam Piece","olm_key":"marine/polystyrene_fragment","quantity":1,"picked_up":true}],"groups":["litter"],"has_litter":true,"has_pet_waste":false,"has_substances":false,"zone":"cottonwood_zone_C","zone_edge_m":53.8,"nbhd_edge_m":null}},{"type":"Feature","geometry":{"type":"Point","coordinates":[-122.55673980713,49.211612701416]},"properties":{"id":546236,"datetime":"2026-06-29T01:58:49.000000Z","filename":"https://olm-s3.s3.eu-west-1.amazonaws.com/2026/06/29/UZYrj9zedhe25WAzZHluyN2RtWDwuuBxgJL78PH5.jpg","tags":[{"type":"standard","category":"smoking","item":"butts","quantity":1}],"objects":[{"status":"OK","on_map":true,"group":"Smoking","subgroup":"","layer":"Cigarette Butts","full_name":"Smoking \u2013 Cigarette Butts","olm_key":"smoking/butts","quantity":1,"picked_up":true}],"groups":["substances"],"has_litter":false,"has_pet_waste":false,"has_substances":true,"zone":"cottonwood_zone_C","zone_edge_m":53.8,"nbhd_edge_m":null}},{"type":"Feature","geometry":{"type":"Point","coordinates":[-122.55673980713,49.211612701416]},"properties":{"id":546235,"datetime":"2026-06-29T01:58:36.000000Z","filename":"https://olm-s3.s3.eu-west-1.amazonaws.com/2026/06/29/YKXGWe97pwif1OvIzu66zBQ1ygb1MeCtQaREorzx.jpg","tags":[{"type":"standard","category":"smoking","item":"butts","quantity":1}],"objects":[{"status":"OK","on_map":true,"group":"Smoking","subgroup":"","layer":"Cigarette Butts","full_name":"Smoking \u2013 Cigarette Butts","olm_key":"smoking/butts","quantity":1,"picked_up":true}],"groups":["substances"],"has_litter":false,"has_pet_waste":false,"has_substances":true,"zone":"cottonwood_zone_C","zone_edge_m":53.8,"nbhd_edge_m":null}},{"type":"Feature","geometry":{"type":"Point","coordinates":[-122.55673980713,49.211612701416]},"properties":{"id":546234,"datetime":"2026-06-29T02:00:30.000000Z","filename":"https://olm-s3.s3.eu-west-1.amazonaws.com/2026/06/29/nYNQe4k2QN7M9JTZAxBmOKKpqjSiMtOufMFI9ggW.jpg","tags":[{"type":"standard","category":"food","item":"wrapper","quantity":1},{"type":"material","category":"material","item":"plastic","quantity":1,"parent_category":"food","parent_item":"wrapper"},{"type":"brand","category":"brand","item":"skyflakes","quantity":1,"parent_category":"food","parent_item":"wrapper"}],"objects":[{"status":"OK","on_map":true,"group":"Convenient Food Drink","subgroup":"Snack","layer":"Foil / Plastic Film Snack Wrapper","full_name":"Convenient Food Drink \u2013 Snack \u2013 Foil / Plastic Film Snack Wrapper","olm_key":"food/wrapper","quantity":1,"picked_up":true}],"groups":["litter"],"has_litter":true,"has_pet_waste":false,"has_substances":false,"zone":"cottonwood_zone_C","zone_edge_m":53.8,"nbhd_edge_m":null}},{"type":"Feature","geometry":{"type":"Point","coordinates":[-122.55673980713,49.211612701416]},"properties":{"id":546233,"datetime":"2026-06-29T02:00:22.000000Z","filename":"https://olm-s3.s3.eu-west-1.amazonaws.com/2026/06/29/5YndIqRBQ0qGs9ICwguDSxSLinIrGU827VnqorBO.jpg","tags":[{"type":"standard","category":"food","item":"wrapper","quantity":1},{"type":"material","category":"material","item":"plastic","quantity":1,"parent_category":"food","parent_item":"wrapper"}],"objects":[{"status":"OK","on_map":true,"group":"Convenient Food Drink","subgroup":"Snack","layer":"Foil / Plastic Film Snack Wrapper","full_name":"Convenient Food Drink \u2013 Snack \u2013 Foil / Plastic Film Snack Wrapper","olm_key":"food/wrapper","quantity":1,"picked_up":true}],"groups":["litter"],"has_litter":true,"has_pet_waste":false,"has_substances":false,"zone":"cottonwood_zone_C","zone_edge_m":53.8,"nbhd_edge_m":null}},{"type":"Feature","geometry":{"type":"Point","coordinates":[-122.55673980713,49.211612701416]},"properties":{"id":546232,"datetime":"2026-06-29T02:00:15.000000Z","filename":"https://olm-s3.s3.eu-west-1.amazonaws.com/2026/06/29/ExoI5Zz7mI4yx9OgZIAs3XcBprOXYSOEIocoCT0h.jpg","tags":[{"type":"standard","category":"food","item":"napkins","quantity":1},{"type":"standard","category":"softdrinks","item":"cup","quantity":1,"object_type":"soda"},{"type":"material","category":"material","item":"paper","quantity":1,"parent_category":"softdrinks","parent_item":"cup"},{"type":"brand","category":"brand","item":"Wendy's","quantity":1,"parent_category":"softdrinks","parent_item":"cup"}],"objects":[{"status":"OK","on_map":true,"group":"Convenient Food Drink","subgroup":"Take-out","layer":"Napkins","full_name":"Convenient Food Drink \u2013 Take-out \u2013 Napkins","olm_key":"food/napkins","quantity":1,"picked_up":true},{"status":"OK","on_map":true,"group":"Convenient Food Drink","subgroup":"Drink","layer":"Cold Beverage Cup","full_name":"Convenient Food Drink \u2013 Drink \u2013 Cold Beverage Cup","olm_key":"softdrinks/cup","quantity":1,"picked_up":true}],"groups":["litter"],"has_litter":true,"has_pet_waste":false,"has_substances":false,"zone":"cottonwood_zone_C","zone_edge_m":53.8,"nbhd_edge_m":null}},{"type":"Feature","geometry":{"type":"Point","coordinates":[-122.55673980713,49.211612701416]},"properties":{"id":546231,"datetime":"2026-06-29T01:59:47.000000Z","filename":"https://olm-s3.s3.eu-west-1.amazonaws.com/2026/06/29/FEivDNu97ZYHEybKDHlAaIq3ESxpORQUqGPqQl8A.jpg","tags":[{"type":"standard","category":"other","item":"plastic","quantity":10},{"type":"material","category":"material","item":"plastic","quantity":1,"parent_category":"other","parent_item":"plastic"},{"type":"brand","category":"brand","item":"7 Eleven","quantity":1,"parent_category":"other","parent_item":"plastic"},{"type":"custom_tag","category":"custom_tag","item":"Shredded cup","quantity":1,"parent_category":"other","parent_item":"plastic"}],"objects":[{"status":"OK","on_map":true,"group":"Piece","subgroup":"","layer":"Plastic Piece","full_name":"Piece \u2013 Plastic Piece","olm_key":"other/plastic","quantity":10,"picked_up":true}],"groups":["litter"],"has_litter":true,"has_pet_waste":false,"has_substances":false,"zone":"cottonwood_zone_C","zone_edge_m":53.8,"nbhd_edge_m":null}},{"type":"Feature","geometry":{"type":"Point","coordinates":[-122.55694580078,49.212131500244]},"properties":{"id":546230,"datetime":"2026-06-29T02:01:12.000000Z","filename":"https://olm-s3.s3.eu-west-1.amazonaws.com/2026/06/29/01TjYRDKNzJn5G99bSVzKe5nheajfL2iozNccZHR.jpg","tags":[{"type":"standard","category":"food","item":"bag","quantity":1},{"type":"material","category":"material","item":"paper","quantity":1,"parent_category":"food","parent_item":"bag"},{"type":"brand","category":"brand","item":"A&W","quantity":1,"parent_category":"food","parent_item":"bag"}],"objects":[{"status":"OK","on_map":true,"group":"Household","subgroup":"","layer":"Plastic (#4) or Paper Food Bag","full_name":"Household \u2013 Plastic (#4) or Paper Food Bag","olm_key":"food/bag","quantity":1,"picked_up":true}],"groups":["litter"],"has_litter":true,"has_pet_waste":false,"has_substances":false,"zone":"cottonwood_zone_C","zone_edge_m":54.4,"nbhd_edge_m":null}},{"type":"Feature","geometry":{"type":"Point","coordinates":[-122.55694580078,49.212131500244]},"properties":{"id":546229,"datetime":"2026-06-29T02:01:01.000000Z","filename":"https://olm-s3.s3.eu-west-1.amazonaws.com/2026/06/29/iHELzFHSaaVBpjL6ZGaar3Ac9zsXYD3OCm2FcGf1.jpg","tags":[{"type":"standard","category":"other","item":"plastic","quantity":1},{"type":"material","category":"material","item":"plastic","quantity":1,"parent_category":"other","parent_item":"plastic"},{"type":"custom_tag","category":"custom_tag","item":"Piece","quantity":1,"parent_category":"other","parent_item":"plastic"}],"objects":[{"status":"OK","on_map":true,"group":"Piece","subgroup":"","layer":"Plastic Piece","full_name":"Piece \u2013 Plastic Piece","olm_key":"other/plastic","quantity":1,"picked_up":true}],"groups":["litter"],"has_litter":true,"has_pet_waste":false,"has_substances":false,"zone":"cottonwood_zone_C","zone_edge_m":54.4,"nbhd_edge_m":null}},{"type":"Feature","geometry":{"type":"Point","coordinates":[-122.55694580078,49.212131500244]},"properties":{"id":546228,"datetime":"2026-06-29T02:00:54.000000Z","filename":"https://olm-s3.s3.eu-west-1.amazonaws.com/2026/06/29/gZEQJH1IV3Jl2KP3Hu6BuOw26vnQC8G3rb6Lfisr.jpg","tags":[{"type":"standard","category":"alcohol","item":"can","quantity":1,"object_type":"spirits"},{"type":"material","category":"material","item":"aluminium","quantity":1,"parent_category":"alcohol","parent_item":"can"},{"type":"brand","category":"brand","item":"Twisted Tea","quantity":1,"parent_category":"alcohol","parent_item":"can"}],"objects":[{"status":"OK","on_map":true,"group":"Household","subgroup":"Liquor","layer":"Liquor Can","full_name":"Household \u2013 Liquor \u2013 Liquor Can","olm_key":"alcohol/can","quantity":1,"picked_up":true}],"groups":["substances"],"has_litter":false,"has_pet_waste":false,"has_substances":true,"zone":"cottonwood_zone_C","zone_edge_m":54.4,"nbhd_edge_m":null}},{"type":"Feature","geometry":{"type":"Point","coordinates":[-122.55673980713,49.211612701416]},"properties":{"id":546227,"datetime":"2026-06-29T02:00:40.000000Z","filename":"https://olm-s3.s3.eu-west-1.amazonaws.com/2026/06/29/a6xDmQJF3XAsRkTqdf1cyOyHiwNSeuAEEJBvzpVn.jpg","tags":[{"type":"standard","category":"food","item":"packet","quantity":1},{"type":"material","category":"material","item":"plastic","quantity":1,"parent_category":"food","parent_item":"packet"},{"type":"material","category":"material","item":"foil","quantity":1,"parent_category":"food","parent_item":"packet"},{"type":"brand","category":"brand","item":"Heinz","quantity":1,"parent_category":"food","parent_item":"packet"}],"objects":[{"status":"OK","on_map":true,"group":"Convenient Food Drink","subgroup":"Take-out","layer":"Condiment Packets","full_name":"Convenient Food Drink \u2013 Take-out \u2013 Condiment Packets","olm_key":"food/packet","quantity":1,"picked_up":true}],"groups":["litter"],"has_litter":true,"has_pet_waste":false,"has_substances":false,"zone":"cottonwood_zone_C","zone_edge_m":53.8,"nbhd_edge_m":null}},{"type":"Feature","geometry":{"type":"Point","coordinates":[-122.55694580078,49.212131500244]},"properties":{"id":546226,"datetime":"2026-06-29T02:02:06.000000Z","filename":"https://olm-s3.s3.eu-west-1.amazonaws.com/2026/06/29/edFAZrz8cuaOqcx4yIpFAxzPyBYW0JfOPps4Mltc.jpg","tags":[{"type":"standard","category":"food","item":"wrapper","quantity":1},{"type":"material","category":"material","item":"foil","quantity":1,"parent_category":"food","parent_item":"wrapper"},{"type":"material","category":"material","item":"plastic","quantity":1,"parent_category":"food","parent_item":"wrapper"},{"type":"brand","category":"brand","item":"kinder","quantity":1,"parent_category":"food","parent_item":"wrapper"}],"objects":[{"status":"OK","on_map":true,"group":"Convenient Food Drink","subgroup":"Snack","layer":"Foil / Plastic Film Snack Wrapper","full_name":"Convenient Food Drink \u2013 Snack \u2013 Foil / Plastic Film Snack Wrapper","olm_key":"food/wrapper","quantity":1,"picked_up":true}],"groups":["litter"],"has_litter":true,"has_pet_waste":false,"has_substances":false,"zone":"cottonwood_zone_C","zone_edge_m":54.4,"nbhd_edge_m":null}},{"type":"Feature","geometry":{"type":"Point","coordinates":[-122.55694580078,49.212131500244]},"properties":{"id":546225,"datetime":"2026-06-29T02:02:00.000000Z","filename":"https://olm-s3.s3.eu-west-1.amazonaws.com/2026/06/29/HdR07ZaxBwdq4vKi35QLDaedGVHPim9QqHLhNEmP.jpg","tags":[{"type":"standard","category":"smoking","item":"butts","quantity":1}],"objects":[{"status":"OK","on_map":true,"group":"Smoking","subgroup":"","layer":"Cigarette Butts","full_name":"Smoking \u2013 Cigarette Butts","olm_key":"smoking/butts","quantity":1,"picked_up":true}],"groups":["substances"],"has_litter":false,"has_pet_waste":false,"has_substances":true,"zone":"cottonwood_zone_C","zone_edge_m":54.4,"nbhd_edge_m":null}},{"type":"Feature","geometry":{"type":"Point","coordinates":[-122.55694580078,49.212131500244]},"properties":{"id":546224,"datetime":"2026-06-29T02:01:55.000000Z","filename":"https://olm-s3.s3.eu-west-1.amazonaws.com/2026/06/29/UfxEPzhqDc5o110OaPTEmvXuHbC7DtBemgfgmIVa.jpg","tags":[{"type":"standard","category":"other","item":"clothing","quantity":1},{"type":"material","category":"material","item":"plastic","quantity":1,"parent_category":"other","parent_item":"clothing"},{"type":"custom_tag","category":"custom_tag","item":"Piece","quantity":1,"parent_category":"other","parent_item":"clothing"},{"type":"custom_tag","category":"custom_tag","item":"Sunglasses","quantity":1,"parent_category":"other","parent_item":"clothing"}],"objects":[{"status":"OK","on_map":true,"group":"Household","subgroup":"","layer":"Abandoned Textile Apparel","full_name":"Household \u2013 Abandoned Textile Apparel","olm_key":"other/clothing","quantity":1,"picked_up":true}],"groups":["litter"],"has_litter":true,"has_pet_waste":false,"has_substances":false,"zone":"cottonwood_zone_C","zone_edge_m":54.4,"nbhd_edge_m":null}},{"type":"Feature","geometry":{"type":"Point","coordinates":[-122.55694580078,49.212131500244]},"properties":{"id":546223,"datetime":"2026-06-29T02:01:44.000000Z","filename":"https://olm-s3.s3.eu-west-1.amazonaws.com/2026/06/29/7qwmqTIe1ZbCBBUBSsNEpGka9Lev8b318Xu0tFjC.jpg","tags":[{"type":"standard","category":"industrial","item":"other","quantity":1},{"type":"material","category":"material","item":"polyester","quantity":1,"parent_category":"industrial","parent_item":"other"},{"type":"custom_tag","category":"custom_tag","item":"Cord","quantity":1,"parent_category":"industrial","parent_item":"other"}],"objects":[{"status":"OK","on_map":true,"group":"Industrial","subgroup":"","layer":"Industrial Debris","full_name":"Industrial \u2013 Industrial Debris","olm_key":"industrial/other","quantity":1,"picked_up":true}],"groups":["litter"],"has_litter":true,"has_pet_waste":false,"has_substances":false,"zone":"cottonwood_zone_C","zone_edge_m":54.4,"nbhd_edge_m":null}},{"type":"Feature","geometry":{"type":"Point","coordinates":[-122.55694580078,49.212131500244]},"properties":{"id":546222,"datetime":"2026-06-29T02:02:45.000000Z","filename":"https://olm-s3.s3.eu-west-1.amazonaws.com/2026/06/29/XGMekfrZKWlEYaoEtst90GWgsKnVCzFZunUVVobh.jpg","tags":[{"type":"standard","category":"smoking","item":"butts","quantity":1}],"objects":[{"status":"OK","on_map":true,"group":"Smoking","subgroup":"","layer":"Cigarette Butts","full_name":"Smoking \u2013 Cigarette Butts","olm_key":"smoking/butts","quantity":1,"picked_up":true}],"groups":["substances"],"has_litter":false,"has_pet_waste":false,"has_substances":true,"zone":"cottonwood_zone_C","zone_edge_m":54.4,"nbhd_edge_m":null}},{"type":"Feature","geometry":{"type":"Point","coordinates":[-122.55694580078,49.212131500244]},"properties":{"id":546221,"datetime":"2026-06-29T02:02:38.000000Z","filename":"https://olm-s3.s3.eu-west-1.amazonaws.com/2026/06/29/GLEFHSVQsfvlutJvAxGPCLjUAeM4gHSDe8mdwlio.jpg","tags":[{"type":"standard","category":"sanitary","item":"dental_floss","quantity":1},{"type":"material","category":"material","item":"plastic","quantity":1,"parent_category":"sanitary","parent_item":"dental_floss"},{"type":"custom_tag","category":"custom_tag","item":"flosser","quantity":1,"parent_category":"sanitary","parent_item":"dental_floss"}],"objects":[{"status":"OK","on_map":true,"group":"Household","subgroup":"","layer":"Dental Waste","full_name":"Household \u2013 Dental Waste","olm_key":"sanitary/dental_floss","quantity":1,"picked_up":true}],"groups":["litter"],"has_litter":true,"has_pet_waste":false,"has_substances":false,"zone":"cottonwood_zone_C","zone_edge_m":54.4,"nbhd_edge_m":null}},{"type":"Feature","geometry":{"type":"Point","coordinates":[-122.55694580078,49.212131500244]},"properties":{"id":546220,"datetime":"2026-06-29T02:02:30.000000Z","filename":"https://olm-s3.s3.eu-west-1.amazonaws.com/2026/06/29/TWmdOL2rWYkFtJGFAgGKpQUwiONs6Ykj7v3GDB0I.jpg","tags":[{"type":"standard","category":"food","item":"packet","quantity":1},{"type":"material","category":"material","item":"foil","quantity":1,"parent_category":"food","parent_item":"packet"},{"type":"material","category":"material","item":"plastic","quantity":1,"parent_category":"food","parent_item":"packet"},{"type":"brand","category":"brand","item":"mcdonalds","quantity":1,"parent_category":"food","parent_item":"packet"},{"type":"custom_tag","category":"custom_tag","item":"Ketchup","quantity":1,"parent_category":"food","parent_item":"packet"}],"objects":[{"status":"OK","on_map":true,"group":"Convenient Food Drink","subgroup":"Take-out","layer":"Condiment Packets","full_name":"Convenient Food Drink \u2013 Take-out \u2013 Condiment Packets","olm_key":"food/packet","quantity":1,"picked_up":true}],"groups":["litter"],"has_litter":true,"has_pet_waste":false,"has_substances":false,"zone":"cottonwood_zone_C","zone_edge_m":54.4,"nbhd_edge_m":null}},{"type":"Feature","geometry":{"type":"Point","coordinates":[-122.55694580078,49.212131500244]},"properties":{"id":546219,"datetime":"2026-06-29T02:02:18.000000Z","filename":"https://olm-s3.s3.eu-west-1.amazonaws.com/2026/06/29/uUMm9MSHnve0P6belnqGAsarufZKkSyR8Dbn22mE.jpg","tags":[{"type":"standard","category":"marine","item":"polystyrene_fragment","quantity":1},{"type":"material","category":"material","item":"polystyrene","quantity":1,"parent_category":"marine","parent_item":"polystyrene_fragment"},{"type":"custom_tag","category":"custom_tag","item":"packing peanut","quantity":1,"parent_category":"marine","parent_item":"polystyrene_fragment"}],"objects":[{"status":"OK","on_map":true,"group":"Piece","subgroup":"","layer":"Styrofoam Piece","full_name":"Piece \u2013 Styrofoam Piece","olm_key":"marine/polystyrene_fragment","quantity":1,"picked_up":true}],"groups":["litter"],"has_litter":true,"has_pet_waste":false,"has_substances":false,"zone":"cottonwood_zone_C","zone_edge_m":54.4,"nbhd_edge_m":null}},{"type":"Feature","geometry":{"type":"Point","coordinates":[-122.55699920654,49.212829589844]},"properties":{"id":546218,"datetime":"2026-06-29T02:03:16.000000Z","filename":"https://olm-s3.s3.eu-west-1.amazonaws.com/2026/06/29/wAmB9Z84gxw8Prap6yVjroDwroSz8FZWTEC4o40k.jpg","tags":[{"type":"standard","category":"other","item":"plastic","quantity":1},{"type":"custom_tag","category":"custom_tag","item":"material:hard plastic","quantity":1,"parent_category":"other","parent_item":"plastic"},{"type":"custom_tag","category":"custom_tag","item":"Sharp edged","quantity":1,"parent_category":"other","parent_item":"plastic"}],"objects":[{"status":"OK","on_map":true,"group":"Piece","subgroup":"","layer":"Plastic Piece","full_name":"Piece \u2013 Plastic Piece","olm_key":"other/plastic","quantity":1,"picked_up":true}],"groups":["litter"],"has_litter":true,"has_pet_waste":false,"has_substances":false,"zone":"cottonwood_zone_B","zone_edge_m":23.3,"nbhd_edge_m":null}},{"type":"Feature","geometry":{"type":"Point","coordinates":[-122.55699920654,49.212829589844]},"properties":{"id":546217,"datetime":"2026-06-29T02:03:09.000000Z","filename":"https://olm-s3.s3.eu-west-1.amazonaws.com/2026/06/29/g2ozbyP2ziVHS5gT8LNWtPp0Kcycw7m3GvKkb8x1.jpg","tags":[{"type":"standard","category":"other","item":"clothing","quantity":1},{"type":"material","category":"material","item":"plastic","quantity":1,"parent_category":"other","parent_item":"clothing"},{"type":"custom_tag","category":"custom_tag","item":"Piece","quantity":1,"parent_category":"other","parent_item":"clothing"},{"type":"custom_tag","category":"custom_tag","item":"Sunglasses","quantity":1,"parent_category":"other","parent_item":"clothing"}],"objects":[{"status":"OK","on_map":true,"group":"Household","subgroup":"","layer":"Abandoned Textile Apparel","full_name":"Household \u2013 Abandoned Textile Apparel","olm_key":"other/clothing","quantity":1,"picked_up":true}],"groups":["litter"],"has_litter":true,"has_pet_waste":false,"has_substances":false,"zone":"cottonwood_zone_B","zone_edge_m":23.3,"nbhd_edge_m":null}},{"type":"Feature","geometry":{"type":"Point","coordinates":[-122.55699920654,49.212829589844]},"properties":{"id":546216,"datetime":"2026-06-29T02:02:58.000000Z","filename":"https://olm-s3.s3.eu-west-1.amazonaws.com/2026/06/29/S8HHzMC07688CpOuCbj9BJsP74Exf2nASnqmpH4H.jpg","tags":[{"type":"standard","category":"smoking","item":"butts","quantity":1}],"objects":[{"status":"OK","on_map":true,"group":"Smoking","subgroup":"","layer":"Cigarette Butts","full_name":"Smoking \u2013 Cigarette Butts","olm_key":"smoking/butts","quantity":1,"picked_up":true}],"groups":["substances"],"has_litter":false,"has_pet_waste":false,"has_substances":true,"zone":"cottonwood_zone_B","zone_edge_m":23.3,"nbhd_edge_m":null}},{"type":"Feature","geometry":{"type":"Point","coordinates":[-122.55694580078,49.212131500244]},"properties":{"id":546215,"datetime":"2026-06-29T02:02:51.000000Z","filename":"https://olm-s3.s3.eu-west-1.amazonaws.com/2026/06/29/5TRtqTGvSSSBy6YggqC5Atq7RudletEiv7sex0mN.jpg","tags":[{"type":"standard","category":"smoking","item":"butts","quantity":1}],"objects":[{"status":"OK","on_map":true,"group":"Smoking","subgroup":"","layer":"Cigarette Butts","full_name":"Smoking \u2013 Cigarette Butts","olm_key":"smoking/butts","quantity":1,"picked_up":true}],"groups":["substances"],"has_litter":false,"has_pet_waste":false,"has_substances":true,"zone":"cottonwood_zone_C","zone_edge_m":54.4,"nbhd_edge_m":null}},{"type":"Feature","geometry":{"type":"Point","coordinates":[-122.55662536621,49.212760925293]},"properties":{"id":546214,"datetime":"2026-06-29T02:04:06.000000Z","filename":"https://olm-s3.s3.eu-west-1.amazonaws.com/2026/06/29/FuRWvJ9LCEn3S5IO8mbrhfW5wTR1Gyi8Vnhz6GGf.jpg","tags":[{"type":"standard","category":"smoking","item":"packaging","quantity":1},{"type":"material","category":"material","item":"paper","quantity":1,"parent_category":"smoking","parent_item":"packaging"},{"type":"brand","category":"brand","item":"Belmont","quantity":1,"parent_category":"smoking","parent_item":"packaging"}],"objects":[{"status":"OK","on_map":true,"group":"Smoking","subgroup":"","layer":"Nicotine Packaging","full_name":"Smoking \u2013 Nicotine Packaging","olm_key":"smoking/packaging","quantity":1,"picked_up":true}],"groups":["substances"],"has_litter":false,"has_pet_waste":false,"has_substances":true,"zone":"cottonwood_zone_B","zone_edge_m":15.7,"nbhd_edge_m":null}},{"type":"Feature","geometry":{"type":"Point","coordinates":[-122.55699920654,49.212829589844]},"properties":{"id":546213,"datetime":"2026-06-29T02:03:51.000000Z","filename":"https://olm-s3.s3.eu-west-1.amazonaws.com/2026/06/29/NdcXk1mzO0myBZhsyLimZnt9YAqc4bT7TxMQeymT.jpg","tags":[{"type":"standard","category":"smoking","item":"butts","quantity":1}],"objects":[{"status":"OK","on_map":true,"group":"Smoking","subgroup":"","layer":"Cigarette Butts","full_name":"Smoking \u2013 Cigarette Butts","olm_key":"smoking/butts","quantity":1,"picked_up":true}],"groups":["substances"],"has_litter":false,"has_pet_waste":false,"has_substances":true,"zone":"cottonwood_zone_B","zone_edge_m":23.3,"nbhd_edge_m":null}},{"type":"Feature","geometry":{"type":"Point","coordinates":[-122.55699920654,49.212829589844]},"properties":{"id":546212,"datetime":"2026-06-29T02:03:44.000000Z","filename":"https://olm-s3.s3.eu-west-1.amazonaws.com/2026/06/29/A8hvh8s91xYy7jWnpOfUAwIXC5naArfbqqtpVr8F.jpg","tags":[{"type":"standard","category":"smoking","item":"butts","quantity":1}],"objects":[{"status":"OK","on_map":true,"group":"Smoking","subgroup":"","layer":"Cigarette Butts","full_name":"Smoking \u2013 Cigarette Butts","olm_key":"smoking/butts","quantity":1,"picked_up":true}],"groups":["substances"],"has_litter":false,"has_pet_waste":false,"has_substances":true,"zone":"cottonwood_zone_B","zone_edge_m":23.3,"nbhd_edge_m":null}},{"type":"Feature","geometry":{"type":"Point","coordinates":[-122.55699920654,49.212829589844]},"properties":{"id":546211,"datetime":"2026-06-29T02:03:35.000000Z","filename":"https://olm-s3.s3.eu-west-1.amazonaws.com/2026/06/29/blzoiUUUeeYdpKxa5Zukz93vWyNqabRBXiNWLO9R.jpg","tags":[{"type":"standard","category":"smoking","item":"butts","quantity":1}],"objects":[{"status":"OK","on_map":true,"group":"Smoking","subgroup":"","layer":"Cigarette Butts","full_name":"Smoking \u2013 Cigarette Butts","olm_key":"smoking/butts","quantity":1,"picked_up":true}],"groups":["substances"],"has_litter":false,"has_pet_waste":false,"has_substances":true,"zone":"cottonwood_zone_B","zone_edge_m":23.3,"nbhd_edge_m":null}},{"type":"Feature","geometry":{"type":"Point","coordinates":[-122.55662536621,49.212760925293]},"properties":{"id":546210,"datetime":"2026-06-29T02:04:49.000000Z","filename":"https://olm-s3.s3.eu-west-1.amazonaws.com/2026/06/29/TyTbGpoQWhaMtLgz3U4lIcpwBOqda99MNg26BkRy.jpg","tags":[{"type":"standard","category":"smoking","item":"butts","quantity":1}],"objects":[{"status":"OK","on_map":true,"group":"Smoking","subgroup":"","layer":"Cigarette Butts","full_name":"Smoking \u2013 Cigarette Butts","olm_key":"smoking/butts","quantity":1,"picked_up":true}],"groups":["substances"],"has_litter":false,"has_pet_waste":false,"has_substances":true,"zone":"cottonwood_zone_B","zone_edge_m":15.7,"nbhd_edge_m":null}},{"type":"Feature","geometry":{"type":"Point","coordinates":[-122.55662536621,49.212760925293]},"properties":{"id":546209,"datetime":"2026-06-29T02:04:39.000000Z","filename":"https://olm-s3.s3.eu-west-1.amazonaws.com/2026/06/29/CQgUAfucIDHECgwDuBS2diVmIbHouBYfmCOnifqY.jpg","tags":[{"type":"standard","category":"smoking","item":"butts","quantity":1}],"objects":[{"status":"OK","on_map":true,"group":"Smoking","subgroup":"","layer":"Cigarette Butts","full_name":"Smoking \u2013 Cigarette Butts","olm_key":"smoking/butts","quantity":1,"picked_up":true}],"groups":["substances"],"has_litter":false,"has_pet_waste":false,"has_substances":true,"zone":"cottonwood_zone_B","zone_edge_m":15.7,"nbhd_edge_m":null}},{"type":"Feature","geometry":{"type":"Point","coordinates":[-122.55662536621,49.212760925293]},"properties":{"id":546208,"datetime":"2026-06-29T02:04:29.000000Z","filename":"https://olm-s3.s3.eu-west-1.amazonaws.com/2026/06/29/rigAB48zX0ktZSfr7GsBaBkmr79Ia3DlrDBNHQYo.jpg","tags":[{"type":"standard","category":"other","item":"plastic","quantity":1}],"objects":[{"status":"OK","on_map":true,"group":"Piece","subgroup":"","layer":"Plastic Piece","full_name":"Piece \u2013 Plastic Piece","olm_key":"other/plastic","quantity":1,"picked_up":true}],"groups":["litter"],"has_litter":true,"has_pet_waste":false,"has_substances":false,"zone":"cottonwood_zone_B","zone_edge_m":15.7,"nbhd_edge_m":null}},{"type":"Feature","geometry":{"type":"Point","coordinates":[-122.55662536621,49.212760925293]},"properties":{"id":546207,"datetime":"2026-06-29T02:04:17.000000Z","filename":"https://olm-s3.s3.eu-west-1.amazonaws.com/2026/06/29/R983CHEMaEF2aukFzUCleesSQpA0WzzKBUg6P0eY.jpg","tags":[{"type":"standard","category":"other","item":"plastic","quantity":1}],"objects":[{"status":"OK","on_map":true,"group":"Piece","subgroup":"","layer":"Plastic Piece","full_name":"Piece \u2013 Plastic Piece","olm_key":"other/plastic","quantity":1,"picked_up":true}],"groups":["litter"],"has_litter":true,"has_pet_waste":false,"has_substances":false,"zone":"cottonwood_zone_B","zone_edge_m":15.7,"nbhd_edge_m":null}},{"type":"Feature","geometry":{"type":"Point","coordinates":[-122.55662536621,49.212760925293]},"properties":{"id":546206,"datetime":"2026-06-29T02:05:30.000000Z","filename":"https://olm-s3.s3.eu-west-1.amazonaws.com/2026/06/29/SHkRhANIaslpmgSc6Gh9fzm6e99lpy4jrVuQMDoB.jpg","tags":[{"type":"standard","category":"smoking","item":"butts","quantity":1}],"objects":[{"status":"OK","on_map":true,"group":"Smoking","subgroup":"","layer":"Cigarette Butts","full_name":"Smoking \u2013 Cigarette Butts","olm_key":"smoking/butts","quantity":1,"picked_up":true}],"groups":["substances"],"has_litter":false,"has_pet_waste":false,"has_substances":true,"zone":"cottonwood_zone_B","zone_edge_m":15.7,"nbhd_edge_m":null}},{"type":"Feature","geometry":{"type":"Point","coordinates":[-122.55662536621,49.212760925293]},"properties":{"id":546205,"datetime":"2026-06-29T02:05:23.000000Z","filename":"https://olm-s3.s3.eu-west-1.amazonaws.com/2026/06/29/VatJo3gg6D2THp8TvWjUTGaX8NWukuBI5aVMmPNb.jpg","tags":[{"type":"standard","category":"smoking","item":"butts","quantity":1}],"objects":[{"status":"OK","on_map":true,"group":"Smoking","subgroup":"","layer":"Cigarette Butts","full_name":"Smoking \u2013 Cigarette Butts","olm_key":"smoking/butts","quantity":1,"picked_up":true}],"groups":["substances"],"has_litter":false,"has_pet_waste":false,"has_substances":true,"zone":"cottonwood_zone_B","zone_edge_m":15.7,"nbhd_edge_m":null}},{"type":"Feature","geometry":{"type":"Point","coordinates":[-122.55662536621,49.212760925293]},"properties":{"id":546204,"datetime":"2026-06-29T02:05:02.000000Z","filename":"https://olm-s3.s3.eu-west-1.amazonaws.com/2026/06/29/6cJ645lq38aAC9wPhiTqufRcc4KOCPjwy05l7O2r.jpg","tags":[{"type":"standard","category":"smoking","item":"butts","quantity":1}],"objects":[{"status":"OK","on_map":true,"group":"Smoking","subgroup":"","layer":"Cigarette Butts","full_name":"Smoking \u2013 Cigarette Butts","olm_key":"smoking/butts","quantity":1,"picked_up":true}],"groups":["substances"],"has_litter":false,"has_pet_waste":false,"has_substances":true,"zone":"cottonwood_zone_B","zone_edge_m":15.7,"nbhd_edge_m":null}},{"type":"Feature","geometry":{"type":"Point","coordinates":[-122.55662536621,49.212760925293]},"properties":{"id":546203,"datetime":"2026-06-29T02:04:53.000000Z","filename":"https://olm-s3.s3.eu-west-1.amazonaws.com/2026/06/29/uQ6Lq33r4PwJOAeeFc9L2lRohCHUBvvrkoDawaZ5.jpg","tags":[{"type":"standard","category":"smoking","item":"butts","quantity":1}],"objects":[{"status":"OK","on_map":true,"group":"Smoking","subgroup":"","layer":"Cigarette Butts","full_name":"Smoking \u2013 Cigarette Butts","olm_key":"smoking/butts","quantity":1,"picked_up":true}],"groups":["substances"],"has_litter":false,"has_pet_waste":false,"has_substances":true,"zone":"cottonwood_zone_B","zone_edge_m":15.7,"nbhd_edge_m":null}},{"type":"Feature","geometry":{"type":"Point","coordinates":[-122.55662536621,49.212760925293]},"properties":{"id":546202,"datetime":"2026-06-29T02:06:16.000000Z","filename":"https://olm-s3.s3.eu-west-1.amazonaws.com/2026/06/29/0qOtGW7fkZorJhVg0m3jwSwh6IvgqFYdngedVRbx.jpg","tags":[{"type":"standard","category":"smoking","item":"butts","quantity":1}],"objects":[{"status":"OK","on_map":true,"group":"Smoking","subgroup":"","layer":"Cigarette Butts","full_name":"Smoking \u2013 Cigarette Butts","olm_key":"smoking/butts","quantity":1,"picked_up":true}],"groups":["substances"],"has_litter":false,"has_pet_waste":false,"has_substances":true,"zone":"cottonwood_zone_B","zone_edge_m":15.7,"nbhd_edge_m":null}},{"type":"Feature","geometry":{"type":"Point","coordinates":[-122.55662536621,49.212760925293]},"properties":{"id":546201,"datetime":"2026-06-29T02:06:02.000000Z","filename":"https://olm-s3.s3.eu-west-1.amazonaws.com/2026/06/29/9yI8F80H8OWgGQAM76RdTgt3DxA8vF0HEj9h7SWB.jpg","tags":[{"type":"standard","category":"smoking","item":"butts","quantity":1}],"objects":[{"status":"OK","on_map":true,"group":"Smoking","subgroup":"","layer":"Cigarette Butts","full_name":"Smoking \u2013 Cigarette Butts","olm_key":"smoking/butts","quantity":1,"picked_up":true}],"groups":["substances"],"has_litter":false,"has_pet_waste":false,"has_substances":true,"zone":"cottonwood_zone_B","zone_edge_m":15.7,"nbhd_edge_m":null}},{"type":"Feature","geometry":{"type":"Point","coordinates":[-122.55662536621,49.212760925293]},"properties":{"id":546200,"datetime":"2026-06-29T02:05:49.000000Z","filename":"https://olm-s3.s3.eu-west-1.amazonaws.com/2026/06/29/V8DK6iv3MJMUNODgpaqBps6QEa8fekZ1UiFib00E.jpg","tags":[{"type":"standard","category":"smoking","item":"butts","quantity":1}],"objects":[{"status":"OK","on_map":true,"group":"Smoking","subgroup":"","layer":"Cigarette Butts","full_name":"Smoking \u2013 Cigarette Butts","olm_key":"smoking/butts","quantity":1,"picked_up":true}],"groups":["substances"],"has_litter":false,"has_pet_waste":false,"has_substances":true,"zone":"cottonwood_zone_B","zone_edge_m":15.7,"nbhd_edge_m":null}},{"type":"Feature","geometry":{"type":"Point","coordinates":[-122.55662536621,49.212760925293]},"properties":{"id":546199,"datetime":"2026-06-29T02:05:40.000000Z","filename":"https://olm-s3.s3.eu-west-1.amazonaws.com/2026/06/29/yM7AZuPCkY4AKb1Y1X7suKpAYBHOxaQ7qzh6VZzf.jpg","tags":[{"type":"standard","category":"other","item":"other","quantity":1},{"type":"custom_tag","category":"custom_tag","item":"sticker","quantity":1,"parent_category":"other","parent_item":"other"}],"objects":[{"status":"OK","on_map":true,"group":"Household","subgroup":"","layer":"Household misc","full_name":"Household \u2013 Household misc","olm_key":"other/other","quantity":1,"picked_up":true}],"groups":["litter"],"has_litter":true,"has_pet_waste":false,"has_substances":false,"zone":"cottonwood_zone_B","zone_edge_m":15.7,"nbhd_edge_m":null}},{"type":"Feature","geometry":{"type":"Point","coordinates":[-122.55703735352,49.212909698486]},"properties":{"id":546198,"datetime":"2026-06-29T02:09:28.000000Z","filename":"https://olm-s3.s3.eu-west-1.amazonaws.com/2026/06/29/So1gU4B2U4iIziVGSXI64zlrqZEUV59xU358WdA6.jpg","tags":[{"type":"standard","category":"food","item":"napkins","quantity":2}],"objects":[{"status":"OK","on_map":true,"group":"Convenient Food Drink","subgroup":"Take-out","layer":"Napkins","full_name":"Convenient Food Drink \u2013 Take-out \u2013 Napkins","olm_key":"food/napkins","quantity":2,"picked_up":true}],"groups":["litter"],"has_litter":true,"has_pet_waste":false,"has_substances":false,"zone":"cottonwood_zone_B","zone_edge_m":32.2,"nbhd_edge_m":null}},{"type":"Feature","geometry":{"type":"Point","coordinates":[-122.55703735352,49.212909698486]},"properties":{"id":546197,"datetime":"2026-06-29T02:09:13.000000Z","filename":"https://olm-s3.s3.eu-west-1.amazonaws.com/2026/06/29/b36eA2KeqeYymSKsJuTOqJY1plQy0k2a9LY9bJtu.jpg","tags":[{"type":"standard","category":"smoking","item":"butts","quantity":1}],"objects":[{"status":"OK","on_map":true,"group":"Smoking","subgroup":"","layer":"Cigarette Butts","full_name":"Smoking \u2013 Cigarette Butts","olm_key":"smoking/butts","quantity":1,"picked_up":true}],"groups":["substances"],"has_litter":false,"has_pet_waste":false,"has_substances":true,"zone":"cottonwood_zone_B","zone_edge_m":32.2,"nbhd_edge_m":null}},{"type":"Feature","geometry":{"type":"Point","coordinates":[-122.55662536621,49.212760925293]},"properties":{"id":546196,"datetime":"2026-06-29T02:06:40.000000Z","filename":"https://olm-s3.s3.eu-west-1.amazonaws.com/2026/06/29/VPncFSuRUDQoGq83U5gocJx1COjnUZFKMkPApnFD.jpg","tags":[{"type":"standard","category":"industrial","item":"other","quantity":1},{"type":"material","category":"material","item":"metal","quantity":1,"parent_category":"industrial","parent_item":"other"}],"objects":[{"status":"OK","on_map":true,"group":"Industrial","subgroup":"","layer":"Industrial Debris","full_name":"Industrial \u2013 Industrial Debris","olm_key":"industrial/other","quantity":1,"picked_up":true}],"groups":["litter"],"has_litter":true,"has_pet_waste":false,"has_substances":false,"zone":"cottonwood_zone_B","zone_edge_m":15.7,"nbhd_edge_m":null}},{"type":"Feature","geometry":{"type":"Point","coordinates":[-122.55662536621,49.212760925293]},"properties":{"id":546195,"datetime":"2026-06-29T02:06:27.000000Z","filename":"https://olm-s3.s3.eu-west-1.amazonaws.com/2026/06/29/YQMMtchQLSuw0kO9bJADrIcdCLRFTLVoizeWX95t.jpg","tags":[{"type":"standard","category":"other","item":"balloon","quantity":1},{"type":"custom_tag","category":"custom_tag","item":"Piece","quantity":1,"parent_category":"other","parent_item":"balloon"}],"objects":[{"status":"OK","on_map":true,"group":"Household","subgroup":"","layer":"Party Litter","full_name":"Household \u2013 Party Litter","olm_key":"other/balloon","quantity":1,"picked_up":true}],"groups":["litter"],"has_litter":true,"has_pet_waste":false,"has_substances":false,"zone":"cottonwood_zone_B","zone_edge_m":15.7,"nbhd_edge_m":null}},{"type":"Feature","geometry":{"type":"Point","coordinates":[-122.55673217773,49.213485717773]},"properties":{"id":546194,"datetime":"2026-06-29T02:10:47.000000Z","filename":"https://olm-s3.s3.eu-west-1.amazonaws.com/2026/06/29/sa8KrfnJZwhRvBFHvGhiu1TtHf1hQz40UqoFqhf1.jpg","tags":[{"type":"standard","category":"smoking","item":"butts","quantity":1}],"objects":[{"status":"OK","on_map":true,"group":"Smoking","subgroup":"","layer":"Cigarette Butts","full_name":"Smoking \u2013 Cigarette Butts","olm_key":"smoking/butts","quantity":1,"picked_up":true}],"groups":["substances"],"has_litter":false,"has_pet_waste":false,"has_substances":true,"zone":"cottonwood_zone_B","zone_edge_m":53.2,"nbhd_edge_m":null}},{"type":"Feature","geometry":{"type":"Point","coordinates":[-122.55673217773,49.213485717773]},"properties":{"id":546193,"datetime":"2026-06-29T02:10:32.000000Z","filename":"https://olm-s3.s3.eu-west-1.amazonaws.com/2026/06/29/FliOdbKsXw6bcP6AGYuJvoVzJhJdjx7dl4rjfEO9.jpg","tags":[{"type":"standard","category":"other","item":"plastic","quantity":1},{"type":"custom_tag","category":"custom_tag","item":"Piece","quantity":1,"parent_category":"other","parent_item":"plastic"}],"objects":[{"status":"OK","on_map":true,"group":"Piece","subgroup":"","layer":"Plastic Piece","full_name":"Piece \u2013 Plastic Piece","olm_key":"other/plastic","quantity":1,"picked_up":true}],"groups":["litter"],"has_litter":true,"has_pet_waste":false,"has_substances":false,"zone":"cottonwood_zone_B","zone_edge_m":53.2,"nbhd_edge_m":null}},{"type":"Feature","geometry":{"type":"Point","coordinates":[-122.55673217773,49.213485717773]},"properties":{"id":546192,"datetime":"2026-06-29T02:10:16.000000Z","filename":"https://olm-s3.s3.eu-west-1.amazonaws.com/2026/06/29/nkgSJuqeO0PePX9IlQu9mZRfNKJXZcb3xkFm7YYN.jpg","tags":[{"type":"standard","category":"smoking","item":"butts","quantity":1}],"objects":[{"status":"OK","on_map":true,"group":"Smoking","subgroup":"","layer":"Cigarette Butts","full_name":"Smoking \u2013 Cigarette Butts","olm_key":"smoking/butts","quantity":1,"picked_up":true}],"groups":["substances"],"has_litter":false,"has_pet_waste":false,"has_substances":true,"zone":"cottonwood_zone_B","zone_edge_m":53.2,"nbhd_edge_m":null}},{"type":"Feature","geometry":{"type":"Point","coordinates":[-122.55704498291,49.212917327881]},"properties":{"id":546191,"datetime":"2026-06-29T02:09:55.000000Z","filename":"https://olm-s3.s3.eu-west-1.amazonaws.com/2026/06/29/HpQTdqrpvUQBWblGjNSm4ykA0ikhvVvcM1Ortvpp.jpg","tags":[{"type":"standard","category":"smoking","item":"butts","quantity":1}],"objects":[{"status":"OK","on_map":true,"group":"Smoking","subgroup":"","layer":"Cigarette Butts","full_name":"Smoking \u2013 Cigarette Butts","olm_key":"smoking/butts","quantity":1,"picked_up":true}],"groups":["substances"],"has_litter":false,"has_pet_waste":false,"has_substances":true,"zone":"cottonwood_zone_B","zone_edge_m":33.1,"nbhd_edge_m":null}},{"type":"Feature","geometry":{"type":"Point","coordinates":[-122.55673217773,49.213485717773]},"properties":{"id":546190,"datetime":"2026-06-29T02:11:15.000000Z","filename":"https://olm-s3.s3.eu-west-1.amazonaws.com/2026/06/29/p0Yb0MSah4B0aXFb1f4OIaOaNwbvZiGvx5jRUhWZ.jpg","tags":[{"type":"standard","category":"softdrinks","item":"lid","quantity":1},{"type":"material","category":"material","item":"plastic","quantity":1,"parent_category":"softdrinks","parent_item":"lid"}],"objects":[{"status":"OK","on_map":true,"group":"Convenient Food Drink","subgroup":"Drink","layer":"Cold Beverage Lid","full_name":"Convenient Food Drink \u2013 Drink \u2013 Cold Beverage Lid","olm_key":"softdrinks/lid","quantity":1,"picked_up":true}],"groups":["litter"],"has_litter":true,"has_pet_waste":false,"has_substances":false,"zone":"cottonwood_zone_B","zone_edge_m":53.2,"nbhd_edge_m":null}},{"type":"Feature","geometry":{"type":"Point","coordinates":[-122.55673217773,49.213485717773]},"properties":{"id":546189,"datetime":"2026-06-29T02:11:06.000000Z","filename":"https://olm-s3.s3.eu-west-1.amazonaws.com/2026/06/29/m0pE58F2m0dMpI1gTuaEwVCzybQvLByu4b9LufOJ.jpg","tags":[{"type":"standard","category":"smoking","item":"butts","quantity":1}],"objects":[{"status":"OK","on_map":true,"group":"Smoking","subgroup":"","layer":"Cigarette Butts","full_name":"Smoking \u2013 Cigarette Butts","olm_key":"smoking/butts","quantity":1,"picked_up":true}],"groups":["substances"],"has_litter":false,"has_pet_waste":false,"has_substances":true,"zone":"cottonwood_zone_B","zone_edge_m":53.2,"nbhd_edge_m":null}},{"type":"Feature","geometry":{"type":"Point","coordinates":[-122.55673217773,49.213485717773]},"properties":{"id":546188,"datetime":"2026-06-29T02:11:00.000000Z","filename":"https://olm-s3.s3.eu-west-1.amazonaws.com/2026/06/29/RK25rqIhw4JS7HdXEeKVobpLzWjAG6kpiC9jPdHM.jpg","tags":[{"type":"standard","category":"smoking","item":"butts","quantity":1}],"objects":[{"status":"OK","on_map":true,"group":"Smoking","subgroup":"","layer":"Cigarette Butts","full_name":"Smoking \u2013 Cigarette Butts","olm_key":"smoking/butts","quantity":1,"picked_up":true}],"groups":["substances"],"has_litter":false,"has_pet_waste":false,"has_substances":true,"zone":"cottonwood_zone_B","zone_edge_m":53.2,"nbhd_edge_m":null}},{"type":"Feature","geometry":{"type":"Point","coordinates":[-122.55673217773,49.213485717773]},"properties":{"id":546187,"datetime":"2026-06-29T02:10:55.000000Z","filename":"https://olm-s3.s3.eu-west-1.amazonaws.com/2026/06/29/sNxmyuSO6u3QI9Dmy8w2bPcgoJQGoTTytsFqZdGi.jpg","tags":[{"type":"standard","category":"other","item":"balloon","quantity":1}],"objects":[{"status":"OK","on_map":true,"group":"Household","subgroup":"","layer":"Party Litter","full_name":"Household \u2013 Party Litter","olm_key":"other/balloon","quantity":1,"picked_up":true}],"groups":["litter"],"has_litter":true,"has_pet_waste":false,"has_substances":false,"zone":"cottonwood_zone_B","zone_edge_m":53.2,"nbhd_edge_m":null}},{"type":"Feature","geometry":{"type":"Point","coordinates":[-122.55701446533,49.212921142578]},"properties":{"id":546186,"datetime":"2026-06-29T02:12:12.000000Z","filename":"https://olm-s3.s3.eu-west-1.amazonaws.com/2026/06/29/gutFkxspZ7C7MtyFMB1unjfv2pAPKCGXcwcHYvPN.jpg","tags":[{"type":"standard","category":"softdrinks","item":"bottle","quantity":1,"object_type":"sports"},{"type":"material","category":"material","item":"plastic","quantity":1,"parent_category":"softdrinks","parent_item":"bottle"},{"type":"brand","category":"brand","item":"gatorade","quantity":1,"parent_category":"softdrinks","parent_item":"bottle"}],"objects":[{"status":"OK","on_map":true,"group":"Convenient Food Drink","subgroup":"Drink","layer":"Plastic or Glass Drink Bottle","full_name":"Convenient Food Drink \u2013 Drink \u2013 Plastic or Glass Drink Bottle","olm_key":"softdrinks/bottle","quantity":1,"picked_up":true}],"groups":["litter"],"has_litter":true,"has_pet_waste":false,"has_substances":false,"zone":"cottonwood_zone_B","zone_edge_m":33.5,"nbhd_edge_m":null}},{"type":"Feature","geometry":{"type":"Point","coordinates":[-122.55701446533,49.212921142578]},"properties":{"id":546185,"datetime":"2026-06-29T02:11:46.000000Z","filename":"https://olm-s3.s3.eu-west-1.amazonaws.com/2026/06/29/qp5NhrTz2mPAJFzHEKKdXGrqehkry24LQZRk3s3H.jpg","tags":[{"type":"standard","category":"food","item":"bag","quantity":1},{"type":"material","category":"material","item":"plastic","quantity":1,"parent_category":"food","parent_item":"bag"}],"objects":[{"status":"OK","on_map":true,"group":"Household","subgroup":"","layer":"Plastic (#4) or Paper Food Bag","full_name":"Household \u2013 Plastic (#4) or Paper Food Bag","olm_key":"food/bag","quantity":1,"picked_up":true}],"groups":["litter"],"has_litter":true,"has_pet_waste":false,"has_substances":false,"zone":"cottonwood_zone_B","zone_edge_m":33.5,"nbhd_edge_m":null}},{"type":"Feature","geometry":{"type":"Point","coordinates":[-122.55701446533,49.212921142578]},"properties":{"id":546184,"datetime":"2026-06-29T02:11:33.000000Z","filename":"https://olm-s3.s3.eu-west-1.amazonaws.com/2026/06/29/U5n6YY1McI7qVHOPpqqrd7oJL37ODuEeXl7OwqKt.jpg","tags":[{"type":"standard","category":"smoking","item":"butts","quantity":1}],"objects":[{"status":"OK","on_map":true,"group":"Smoking","subgroup":"","layer":"Cigarette Butts","full_name":"Smoking \u2013 Cigarette Butts","olm_key":"smoking/butts","quantity":1,"picked_up":true}],"groups":["substances"],"has_litter":false,"has_pet_waste":false,"has_substances":true,"zone":"cottonwood_zone_B","zone_edge_m":33.5,"nbhd_edge_m":null}},{"type":"Feature","geometry":{"type":"Point","coordinates":[-122.55701446533,49.212921142578]},"properties":{"id":546183,"datetime":"2026-06-29T02:11:25.000000Z","filename":"https://olm-s3.s3.eu-west-1.amazonaws.com/2026/06/29/pNZK0W3GPv7D2WgdY8zHUeJwPLPWTMyhmJCbH7az.jpg","tags":[{"type":"standard","category":"smoking","item":"butts","quantity":1}],"objects":[{"status":"OK","on_map":true,"group":"Smoking","subgroup":"","layer":"Cigarette Butts","full_name":"Smoking \u2013 Cigarette Butts","olm_key":"smoking/butts","quantity":1,"picked_up":true}],"groups":["substances"],"has_litter":false,"has_pet_waste":false,"has_substances":true,"zone":"cottonwood_zone_B","zone_edge_m":33.5,"nbhd_edge_m":null}},{"type":"Feature","geometry":{"type":"Point","coordinates":[-122.5570602417,49.213005065918]},"properties":{"id":546182,"datetime":"2026-06-29T02:13:19.000000Z","filename":"https://olm-s3.s3.eu-west-1.amazonaws.com/2026/06/29/YDnZdRtztsyxE3xDSDKncrZKsOaIPiuoRuCioPIF.jpg","tags":[{"type":"standard","category":"smoking","item":"butts","quantity":1}],"objects":[{"status":"OK","on_map":true,"group":"Smoking","subgroup":"","layer":"Cigarette Butts","full_name":"Smoking \u2013 Cigarette Butts","olm_key":"smoking/butts","quantity":1,"picked_up":true}],"groups":["substances"],"has_litter":false,"has_pet_waste":false,"has_substances":true,"zone":"cottonwood_zone_B","zone_edge_m":42.9,"nbhd_edge_m":null}},{"type":"Feature","geometry":{"type":"Point","coordinates":[-122.5570602417,49.213005065918]},"properties":{"id":546181,"datetime":"2026-06-29T02:13:02.000000Z","filename":"https://olm-s3.s3.eu-west-1.amazonaws.com/2026/06/29/FLAUtCfa8rqcmKsTnopwMAV5feUOVEkRQDQSCEp8.jpg","tags":[{"type":"standard","category":"food","item":"wrapper","quantity":1},{"type":"brand","category":"brand","item":"ricola","quantity":1,"parent_category":"food","parent_item":"wrapper"},{"type":"custom_tag","category":"custom_tag","item":"material:wax paper","quantity":1,"parent_category":"food","parent_item":"wrapper"}],"objects":[{"status":"OK","on_map":true,"group":"Convenient Food Drink","subgroup":"Snack","layer":"Foil / Plastic Film Snack Wrapper","full_name":"Convenient Food Drink \u2013 Snack \u2013 Foil / Plastic Film Snack Wrapper","olm_key":"food/wrapper","quantity":1,"picked_up":true}],"groups":["litter"],"has_litter":true,"has_pet_waste":false,"has_substances":false,"zone":"cottonwood_zone_B","zone_edge_m":42.9,"nbhd_edge_m":null}},{"type":"Feature","geometry":{"type":"Point","coordinates":[-122.55701446533,49.212921142578]},"properties":{"id":546180,"datetime":"2026-06-29T02:12:52.000000Z","filename":"https://olm-s3.s3.eu-west-1.amazonaws.com/2026/06/29/PY54ph9pp82YjStNYe5uTYLHBWbyV6JcNzXwGFMi.jpg","tags":[{"type":"standard","category":"food","item":"wrapper","quantity":1},{"type":"custom_tag","category":"custom_tag","item":"brand:Sesame Snaps","quantity":1,"parent_category":"food","parent_item":"wrapper"},{"type":"custom_tag","category":"custom_tag","item":"material:plastic","quantity":1,"parent_category":"food","parent_item":"wrapper"}],"objects":[{"status":"OK","on_map":true,"group":"Convenient Food Drink","subgroup":"Snack","layer":"Foil / Plastic Film Snack Wrapper","full_name":"Convenient Food Drink \u2013 Snack \u2013 Foil / Plastic Film Snack Wrapper","olm_key":"food/wrapper","quantity":1,"picked_up":true}],"groups":["litter"],"has_litter":true,"has_pet_waste":false,"has_substances":false,"zone":"cottonwood_zone_B","zone_edge_m":33.5,"nbhd_edge_m":null}},{"type":"Feature","geometry":{"type":"Point","coordinates":[-122.55701446533,49.212921142578]},"properties":{"id":546179,"datetime":"2026-06-29T02:12:35.000000Z","filename":"https://olm-s3.s3.eu-west-1.amazonaws.com/2026/06/29/TrkwiyI3dWVTc7IuVVJyQeIC3kP2CplXulQogjXr.jpg","tags":[{"type":"standard","category":"smoking","item":"packaging","quantity":1},{"type":"material","category":"material","item":"paper","quantity":1,"parent_category":"smoking","parent_item":"packaging"}],"objects":[{"status":"OK","on_map":true,"group":"Smoking","subgroup":"","layer":"Nicotine Packaging","full_name":"Smoking \u2013 Nicotine Packaging","olm_key":"smoking/packaging","quantity":1,"picked_up":true}],"groups":["substances"],"has_litter":false,"has_pet_waste":false,"has_substances":true,"zone":"cottonwood_zone_B","zone_edge_m":33.5,"nbhd_edge_m":null}},{"type":"Feature","geometry":{"type":"Point","coordinates":[-122.55696868896,49.214492797852]},"properties":{"id":546178,"datetime":"2026-06-29T02:14:43.000000Z","filename":"https://olm-s3.s3.eu-west-1.amazonaws.com/2026/06/29/Ofw9n9T0W0YkAZgke3YCHF6qJNcItiRlCd18r0gp.jpg","tags":[{"type":"standard","category":"smoking","item":"butts","quantity":2}],"objects":[{"status":"OK","on_map":true,"group":"Smoking","subgroup":"","layer":"Cigarette Butts","full_name":"Smoking \u2013 Cigarette Butts","olm_key":"smoking/butts","quantity":2,"picked_up":true}],"groups":["substances"],"has_litter":false,"has_pet_waste":false,"has_substances":true,"zone":"cottonwood_zone_B","zone_edge_m":70.4,"nbhd_edge_m":null}},{"type":"Feature","geometry":{"type":"Point","coordinates":[-122.5570602417,49.213005065918]},"properties":{"id":546177,"datetime":"2026-06-29T02:14:01.000000Z","filename":"https://olm-s3.s3.eu-west-1.amazonaws.com/2026/06/29/K4DFQbwPjSg1CieXHCTNmaw6fax8b3R6az1w42zM.jpg","tags":[{"type":"standard","category":"marine","item":"polystyrene_fragment","quantity":5}],"objects":[{"status":"OK","on_map":true,"group":"Piece","subgroup":"","layer":"Styrofoam Piece","full_name":"Piece \u2013 Styrofoam Piece","olm_key":"marine/polystyrene_fragment","quantity":5,"picked_up":true}],"groups":["litter"],"has_litter":true,"has_pet_waste":false,"has_substances":false,"zone":"cottonwood_zone_B","zone_edge_m":42.9,"nbhd_edge_m":null}},{"type":"Feature","geometry":{"type":"Point","coordinates":[-122.5570602417,49.213005065918]},"properties":{"id":546176,"datetime":"2026-06-29T02:13:54.000000Z","filename":"https://olm-s3.s3.eu-west-1.amazonaws.com/2026/06/29/XcxR9m32I54P5HoaHYvaF6Tnszkz34tOxc6iwgav.jpg","tags":[{"type":"standard","category":"other","item":"plastic","quantity":1}],"objects":[{"status":"OK","on_map":true,"group":"Piece","subgroup":"","layer":"Plastic Piece","full_name":"Piece \u2013 Plastic Piece","olm_key":"other/plastic","quantity":1,"picked_up":true}],"groups":["litter"],"has_litter":true,"has_pet_waste":false,"has_substances":false,"zone":"cottonwood_zone_B","zone_edge_m":42.9,"nbhd_edge_m":null}},{"type":"Feature","geometry":{"type":"Point","coordinates":[-122.5570602417,49.213005065918]},"properties":{"id":546175,"datetime":"2026-06-29T02:13:22.000000Z","filename":"https://olm-s3.s3.eu-west-1.amazonaws.com/2026/06/29/4gddMg39tYTF0iEhFMQ2fAxKvkFQG60yFS6hkWda.jpg","tags":[{"type":"standard","category":"smoking","item":"butts","quantity":1}],"objects":[{"status":"OK","on_map":true,"group":"Smoking","subgroup":"","layer":"Cigarette Butts","full_name":"Smoking \u2013 Cigarette Butts","olm_key":"smoking/butts","quantity":1,"picked_up":true}],"groups":["substances"],"has_litter":false,"has_pet_waste":false,"has_substances":true,"zone":"cottonwood_zone_B","zone_edge_m":42.9,"nbhd_edge_m":null}},{"type":"Feature","geometry":{"type":"Point","coordinates":[-122.55699920654,49.213230133057]},"properties":{"id":546174,"datetime":"2026-06-29T02:15:27.000000Z","filename":"https://olm-s3.s3.eu-west-1.amazonaws.com/2026/06/29/TNpCgkS9yxidJAy7OnKmGHOMzFtn4Diyrm4AuMc6.jpg","tags":[{"type":"standard","category":"smoking","item":"butts","quantity":1}],"objects":[{"status":"OK","on_map":true,"group":"Smoking","subgroup":"","layer":"Cigarette Butts","full_name":"Smoking \u2013 Cigarette Butts","olm_key":"smoking/butts","quantity":1,"picked_up":true}],"groups":["substances"],"has_litter":false,"has_pet_waste":false,"has_substances":true,"zone":"cottonwood_zone_B","zone_edge_m":67.9,"nbhd_edge_m":null}},{"type":"Feature","geometry":{"type":"Point","coordinates":[-122.55696868896,49.214492797852]},"properties":{"id":546173,"datetime":"2026-06-29T02:15:11.000000Z","filename":"https://olm-s3.s3.eu-west-1.amazonaws.com/2026/06/29/JHtQdJxxBG1QezZvRbHIaqTylkkP2BJfWZqwcOki.jpg","tags":[{"type":"standard","category":"food","item":"bag","quantity":1},{"type":"material","category":"material","item":"paper","quantity":1,"parent_category":"food","parent_item":"bag"},{"type":"brand","category":"brand","item":"tim_hortons","quantity":1,"parent_category":"food","parent_item":"bag"}],"objects":[{"status":"OK","on_map":true,"group":"Household","subgroup":"","layer":"Plastic (#4) or Paper Food Bag","full_name":"Household \u2013 Plastic (#4) or Paper Food Bag","olm_key":"food/bag","quantity":1,"picked_up":true}],"groups":["litter"],"has_litter":true,"has_pet_waste":false,"has_substances":false,"zone":"cottonwood_zone_B","zone_edge_m":70.4,"nbhd_edge_m":null}},{"type":"Feature","geometry":{"type":"Point","coordinates":[-122.55696868896,49.214492797852]},"properties":{"id":546172,"datetime":"2026-06-29T02:14:56.000000Z","filename":"https://olm-s3.s3.eu-west-1.amazonaws.com/2026/06/29/M2RrNzNCyzY2rJocbc0rBqefIIA09hqY9qDvkepL.jpg","tags":[{"type":"standard","category":"smoking","item":"butts","quantity":1}],"objects":[{"status":"OK","on_map":true,"group":"Smoking","subgroup":"","layer":"Cigarette Butts","full_name":"Smoking \u2013 Cigarette Butts","olm_key":"smoking/butts","quantity":1,"picked_up":true}],"groups":["substances"],"has_litter":false,"has_pet_waste":false,"has_substances":true,"zone":"cottonwood_zone_B","zone_edge_m":70.4,"nbhd_edge_m":null}},{"type":"Feature","geometry":{"type":"Point","coordinates":[-122.55696868896,49.214492797852]},"properties":{"id":546171,"datetime":"2026-06-29T02:14:50.000000Z","filename":"https://olm-s3.s3.eu-west-1.amazonaws.com/2026/06/29/9uPFCJpuFcLzyaxH0miXtX7wrXs5jvmHQ0SAChUi.jpg","tags":[{"type":"standard","category":"softdrinks","item":"bottle_cap","quantity":1},{"type":"material","category":"material","item":"metal","quantity":1,"parent_category":"softdrinks","parent_item":"bottle_cap"}],"objects":[{"status":"OK","on_map":true,"group":"Convenient Food Drink","subgroup":"Drink","layer":"Drink Bottle Cap","full_name":"Convenient Food Drink \u2013 Drink \u2013 Drink Bottle Cap","olm_key":"softdrinks/bottle_cap","quantity":1,"picked_up":true}],"groups":["litter"],"has_litter":true,"has_pet_waste":false,"has_substances":false,"zone":"cottonwood_zone_B","zone_edge_m":70.4,"nbhd_edge_m":null}},{"type":"Feature","geometry":{"type":"Point","coordinates":[-122.5570526123,49.214557647705]},"properties":{"id":546170,"datetime":"2026-06-29T02:16:25.000000Z","filename":"https://olm-s3.s3.eu-west-1.amazonaws.com/2026/06/29/Nhz6dheRTLywj1HdQazVZL6I0HboBm0x96HRXbfK.jpg","tags":[{"type":"standard","category":"smoking","item":"butts","quantity":1}],"objects":[{"status":"OK","on_map":true,"group":"Smoking","subgroup":"","layer":"Cigarette Butts","full_name":"Smoking \u2013 Cigarette Butts","olm_key":"smoking/butts","quantity":1,"picked_up":true}],"groups":["substances"],"has_litter":false,"has_pet_waste":false,"has_substances":true,"zone":"cottonwood_zone_B","zone_edge_m":76.5,"nbhd_edge_m":null}},{"type":"Feature","geometry":{"type":"Point","coordinates":[-122.5570526123,49.214557647705]},"properties":{"id":546169,"datetime":"2026-06-29T02:16:02.000000Z","filename":"https://olm-s3.s3.eu-west-1.amazonaws.com/2026/06/29/JV8hgceQm4jsJkFJNATpeJJSV6GzT4180q4Uue93.jpg","tags":[{"type":"standard","category":"smoking","item":"butts","quantity":2}],"objects":[{"status":"OK","on_map":true,"group":"Smoking","subgroup":"","layer":"Cigarette Butts","full_name":"Smoking \u2013 Cigarette Butts","olm_key":"smoking/butts","quantity":2,"picked_up":true}],"groups":["substances"],"has_litter":false,"has_pet_waste":false,"has_substances":true,"zone":"cottonwood_zone_B","zone_edge_m":76.5,"nbhd_edge_m":null}},{"type":"Feature","geometry":{"type":"Point","coordinates":[-122.55674743652,49.214588165283]},"properties":{"id":546168,"datetime":"2026-06-29T02:15:56.000000Z","filename":"https://olm-s3.s3.eu-west-1.amazonaws.com/2026/06/29/Jj4IdZP6GPrvST7Pq3961GdcpKdaQ01LZ8aVjhil.jpg","tags":[{"type":"standard","category":"smoking","item":"butts","quantity":1}],"objects":[{"status":"OK","on_map":true,"group":"Smoking","subgroup":"","layer":"Cigarette Butts","full_name":"Smoking \u2013 Cigarette Butts","olm_key":"smoking/butts","quantity":1,"picked_up":true}],"groups":["substances"],"has_litter":false,"has_pet_waste":false,"has_substances":true,"zone":"cottonwood_zone_B","zone_edge_m":54.4,"nbhd_edge_m":null}},{"type":"Feature","geometry":{"type":"Point","coordinates":[-122.55674743652,49.214588165283]},"properties":{"id":546167,"datetime":"2026-06-29T02:15:50.000000Z","filename":"https://olm-s3.s3.eu-west-1.amazonaws.com/2026/06/29/sGv2zMBax9Oy6VMxnxm4FOiWspEJEmg82n6iGI27.jpg","tags":[{"type":"standard","category":"other","item":"clothing","quantity":1},{"type":"custom_tag","category":"custom_tag","item":"Fragment","quantity":1,"parent_category":"other","parent_item":"clothing"}],"objects":[{"status":"OK","on_map":true,"group":"Household","subgroup":"","layer":"Abandoned Textile Apparel","full_name":"Household \u2013 Abandoned Textile Apparel","olm_key":"other/clothing","quantity":1,"picked_up":true}],"groups":["litter"],"has_litter":true,"has_pet_waste":false,"has_substances":false,"zone":"cottonwood_zone_B","zone_edge_m":54.4,"nbhd_edge_m":null}},{"type":"Feature","geometry":{"type":"Point","coordinates":[-122.5570526123,49.214557647705]},"properties":{"id":546166,"datetime":"2026-06-29T02:16:53.000000Z","filename":"https://olm-s3.s3.eu-west-1.amazonaws.com/2026/06/29/GzItNPym71uwV8pW4Dvd0UPdEMcLPxKCMJP53kIu.jpg","tags":[{"type":"standard","category":"softdrinks","item":"bottle_cap","quantity":1}],"objects":[{"status":"OK","on_map":true,"group":"Convenient Food Drink","subgroup":"Drink","layer":"Drink Bottle Cap","full_name":"Convenient Food Drink \u2013 Drink \u2013 Drink Bottle Cap","olm_key":"softdrinks/bottle_cap","quantity":1,"picked_up":true}],"groups":["litter"],"has_litter":true,"has_pet_waste":false,"has_substances":false,"zone":"cottonwood_zone_B","zone_edge_m":76.5,"nbhd_edge_m":null}},{"type":"Feature","geometry":{"type":"Point","coordinates":[-122.5570526123,49.214557647705]},"properties":{"id":546165,"datetime":"2026-06-29T02:16:47.000000Z","filename":"https://olm-s3.s3.eu-west-1.amazonaws.com/2026/06/29/bqPbu8N9S86I3Sot2Px4eU19QDnN3y0ceqsxIZPX.jpg","tags":[{"type":"standard","category":"smoking","item":"butts","quantity":1}],"objects":[{"status":"OK","on_map":true,"group":"Smoking","subgroup":"","layer":"Cigarette Butts","full_name":"Smoking \u2013 Cigarette Butts","olm_key":"smoking/butts","quantity":1,"picked_up":true}],"groups":["substances"],"has_litter":false,"has_pet_waste":false,"has_substances":true,"zone":"cottonwood_zone_B","zone_edge_m":76.5,"nbhd_edge_m":null}},{"type":"Feature","geometry":{"type":"Point","coordinates":[-122.5570526123,49.214557647705]},"properties":{"id":546164,"datetime":"2026-06-29T02:16:41.000000Z","filename":"https://olm-s3.s3.eu-west-1.amazonaws.com/2026/06/29/SlaoATe0qipWvWXO4IZbuyTnIMSgwRxhntr9QB1j.jpg","tags":[{"type":"standard","category":"other","item":"paper","quantity":1}],"objects":[{"status":"OK","on_map":true,"group":"Piece","subgroup":"","layer":"Paper Piece","full_name":"Piece \u2013 Paper Piece","olm_key":"other/paper","quantity":1,"picked_up":true}],"groups":["litter"],"has_litter":true,"has_pet_waste":false,"has_substances":false,"zone":"cottonwood_zone_B","zone_edge_m":76.5,"nbhd_edge_m":null}},{"type":"Feature","geometry":{"type":"Point","coordinates":[-122.5570526123,49.214557647705]},"properties":{"id":546163,"datetime":"2026-06-29T02:16:32.000000Z","filename":"https://olm-s3.s3.eu-west-1.amazonaws.com/2026/06/29/RZ4HZds0qHtxg2t4xwqUwJ2GJqrS1VD503uzq9gE.jpg","tags":[{"type":"standard","category":"industrial","item":"other","quantity":1}],"objects":[{"status":"OK","on_map":true,"group":"Industrial","subgroup":"","layer":"Industrial Debris","full_name":"Industrial \u2013 Industrial Debris","olm_key":"industrial/other","quantity":1,"picked_up":true}],"groups":["litter"],"has_litter":true,"has_pet_waste":false,"has_substances":false,"zone":"cottonwood_zone_B","zone_edge_m":76.5,"nbhd_edge_m":null}},{"type":"Feature","geometry":{"type":"Point","coordinates":[-122.5570526123,49.214557647705]},"properties":{"id":546162,"datetime":"2026-06-29T02:17:42.000000Z","filename":"https://olm-s3.s3.eu-west-1.amazonaws.com/2026/06/29/lbHSZ2i1WZDNMvDiJS6T27IfrEPcKdoYVcJIkcyA.jpg","tags":[{"type":"standard","category":"smoking","item":"butts","quantity":1}],"objects":[{"status":"OK","on_map":true,"group":"Smoking","subgroup":"","layer":"Cigarette Butts","full_name":"Smoking \u2013 Cigarette Butts","olm_key":"smoking/butts","quantity":1,"picked_up":true}],"groups":["substances"],"has_litter":false,"has_pet_waste":false,"has_substances":true,"zone":"cottonwood_zone_B","zone_edge_m":76.5,"nbhd_edge_m":null}},{"type":"Feature","geometry":{"type":"Point","coordinates":[-122.5570526123,49.214557647705]},"properties":{"id":546161,"datetime":"2026-06-29T02:17:32.000000Z","filename":"https://olm-s3.s3.eu-west-1.amazonaws.com/2026/06/29/hQOFuTwbBVP8NdjDt6LgUS407IT4xHMdUT2fO2mV.jpg","tags":[{"type":"standard","category":"smoking","item":"butts","quantity":1}],"objects":[{"status":"OK","on_map":true,"group":"Smoking","subgroup":"","layer":"Cigarette Butts","full_name":"Smoking \u2013 Cigarette Butts","olm_key":"smoking/butts","quantity":1,"picked_up":true}],"groups":["substances"],"has_litter":false,"has_pet_waste":false,"has_substances":true,"zone":"cottonwood_zone_B","zone_edge_m":76.5,"nbhd_edge_m":null}},{"type":"Feature","geometry":{"type":"Point","coordinates":[-122.5570526123,49.214557647705]},"properties":{"id":546160,"datetime":"2026-06-29T02:17:24.000000Z","filename":"https://olm-s3.s3.eu-west-1.amazonaws.com/2026/06/29/JBWeuaATIhmteQnFRh62N5JlFXshaIWdvKCzyRnY.jpg","tags":[{"type":"standard","category":"smoking","item":"butts","quantity":1}],"objects":[{"status":"OK","on_map":true,"group":"Smoking","subgroup":"","layer":"Cigarette Butts","full_name":"Smoking \u2013 Cigarette Butts","olm_key":"smoking/butts","quantity":1,"picked_up":true}],"groups":["substances"],"has_litter":false,"has_pet_waste":false,"has_substances":true,"zone":"cottonwood_zone_B","zone_edge_m":76.5,"nbhd_edge_m":null}},{"type":"Feature","geometry":{"type":"Point","coordinates":[-122.5570526123,49.214557647705]},"properties":{"id":546159,"datetime":"2026-06-29T02:17:02.000000Z","filename":"https://olm-s3.s3.eu-west-1.amazonaws.com/2026/06/29/T4RkahfqL8fPUCOGogTUWaLcJGfZgZbl8bpZMS6E.jpg","tags":[{"type":"standard","category":"smoking","item":"butts","quantity":1}],"objects":[{"status":"OK","on_map":true,"group":"Smoking","subgroup":"","layer":"Cigarette Butts","full_name":"Smoking \u2013 Cigarette Butts","olm_key":"smoking/butts","quantity":1,"picked_up":true}],"groups":["substances"],"has_litter":false,"has_pet_waste":false,"has_substances":true,"zone":"cottonwood_zone_B","zone_edge_m":76.5,"nbhd_edge_m":null}},{"type":"Feature","geometry":{"type":"Point","coordinates":[-122.5570526123,49.214557647705]},"properties":{"id":546158,"datetime":"2026-06-29T02:18:00.000000Z","filename":"https://olm-s3.s3.eu-west-1.amazonaws.com/2026/06/29/b1qxEH3dxx6Y5q8AhCq1OgomHEX995YuYFnGokap.jpg","tags":[{"type":"standard","category":"food","item":"bag","quantity":1},{"type":"brand","category":"brand","item":"Kirkland","quantity":1,"parent_category":"food","parent_item":"bag"}],"objects":[{"status":"OK","on_map":true,"group":"Household","subgroup":"","layer":"Plastic (#4) or Paper Food Bag","full_name":"Household \u2013 Plastic (#4) or Paper Food Bag","olm_key":"food/bag","quantity":1,"picked_up":true}],"groups":["litter"],"has_litter":true,"has_pet_waste":false,"has_substances":false,"zone":"cottonwood_zone_B","zone_edge_m":76.5,"nbhd_edge_m":null}},{"type":"Feature","geometry":{"type":"Point","coordinates":[-122.5570526123,49.214557647705]},"properties":{"id":546157,"datetime":"2026-06-29T02:17:47.000000Z","filename":"https://olm-s3.s3.eu-west-1.amazonaws.com/2026/06/29/cIWYqx51NnPIqeHnto176SmWszzP0iM6rs9BmFqO.jpg","tags":[{"type":"standard","category":"smoking","item":"butts","quantity":1}],"objects":[{"status":"OK","on_map":true,"group":"Smoking","subgroup":"","layer":"Cigarette Butts","full_name":"Smoking \u2013 Cigarette Butts","olm_key":"smoking/butts","quantity":1,"picked_up":true}],"groups":["substances"],"has_litter":false,"has_pet_waste":false,"has_substances":true,"zone":"cottonwood_zone_B","zone_edge_m":76.5,"nbhd_edge_m":null}},{"type":"Feature","geometry":{"type":"Point","coordinates":[-122.5570526123,49.214557647705]},"properties":{"id":546156,"datetime":"2026-06-29T02:18:19.000000Z","filename":"https://olm-s3.s3.eu-west-1.amazonaws.com/2026/06/29/4IuJl2bpk9YzY97uXwiFjy3vY9xHwkAWUd8lbRJd.jpg","tags":[{"type":"standard","category":"smoking","item":"butts","quantity":1}],"objects":[{"status":"OK","on_map":true,"group":"Smoking","subgroup":"","layer":"Cigarette Butts","full_name":"Smoking \u2013 Cigarette Butts","olm_key":"smoking/butts","quantity":1,"picked_up":true}],"groups":["substances"],"has_litter":false,"has_pet_waste":false,"has_substances":true,"zone":"cottonwood_zone_B","zone_edge_m":76.5,"nbhd_edge_m":null}},{"type":"Feature","geometry":{"type":"Point","coordinates":[-122.55683898926,49.215229034424]},"properties":{"id":546155,"datetime":"2026-06-29T02:18:42.000000Z","filename":"https://olm-s3.s3.eu-west-1.amazonaws.com/2026/06/29/LsIBVxvwbcgnWf3UlaIQsxJh3NiZwopxnvq6lmU9.jpg","tags":[{"type":"standard","category":"smoking","item":"butts","quantity":2}],"objects":[{"status":"OK","on_map":true,"group":"Smoking","subgroup":"","layer":"Cigarette Butts","full_name":"Smoking \u2013 Cigarette Butts","olm_key":"smoking/butts","quantity":2,"picked_up":true}],"groups":["substances"],"has_litter":false,"has_pet_waste":false,"has_substances":true,"zone":"cottonwood_zone_B","zone_edge_m":61.0,"nbhd_edge_m":null}},{"type":"Feature","geometry":{"type":"Point","coordinates":[-122.55683898926,49.215229034424]},"properties":{"id":546154,"datetime":"2026-06-29T02:18:40.000000Z","filename":"https://olm-s3.s3.eu-west-1.amazonaws.com/2026/06/29/yOGYiRW9mYlUvlZY2Sn390GIQQ5UnlMUY1bI8Jxn.jpg","tags":[{"type":"standard","category":"softdrinks","item":"bottle_cap","quantity":1},{"type":"material","category":"material","item":"plastic","quantity":1,"parent_category":"softdrinks","parent_item":"bottle_cap"}],"objects":[{"status":"OK","on_map":true,"group":"Convenient Food Drink","subgroup":"Drink","layer":"Drink Bottle Cap","full_name":"Convenient Food Drink \u2013 Drink \u2013 Drink Bottle Cap","olm_key":"softdrinks/bottle_cap","quantity":1,"picked_up":true}],"groups":["litter"],"has_litter":true,"has_pet_waste":false,"has_substances":false,"zone":"cottonwood_zone_B","zone_edge_m":61.0,"nbhd_edge_m":null}},{"type":"Feature","geometry":{"type":"Point","coordinates":[-122.55702209473,49.214797973633]},"properties":{"id":546153,"datetime":"2026-06-29T02:18:33.000000Z","filename":"https://olm-s3.s3.eu-west-1.amazonaws.com/2026/06/29/txtQ3IPHWqLby5Y8switdQ4vbs3ypEHJQC6uo00F.jpg","tags":[{"type":"standard","category":"smoking","item":"butts","quantity":1}],"objects":[{"status":"OK","on_map":true,"group":"Smoking","subgroup":"","layer":"Cigarette Butts","full_name":"Smoking \u2013 Cigarette Butts","olm_key":"smoking/butts","quantity":1,"picked_up":true}],"groups":["substances"],"has_litter":false,"has_pet_waste":false,"has_substances":true,"zone":"cottonwood_zone_B","zone_edge_m":74.3,"nbhd_edge_m":null}},{"type":"Feature","geometry":{"type":"Point","coordinates":[-122.5570526123,49.214557647705]},"properties":{"id":546152,"datetime":"2026-06-29T02:18:25.000000Z","filename":"https://olm-s3.s3.eu-west-1.amazonaws.com/2026/06/29/2bHTVD5Tj5RBYyggFbgKfRc4R4oCdkqvSB6iMmXI.jpg","tags":[{"type":"standard","category":"smoking","item":"butts","quantity":1}],"objects":[{"status":"OK","on_map":true,"group":"Smoking","subgroup":"","layer":"Cigarette Butts","full_name":"Smoking \u2013 Cigarette Butts","olm_key":"smoking/butts","quantity":1,"picked_up":true}],"groups":["substances"],"has_litter":false,"has_pet_waste":false,"has_substances":true,"zone":"cottonwood_zone_B","zone_edge_m":76.5,"nbhd_edge_m":null}},{"type":"Feature","geometry":{"type":"Point","coordinates":[-122.55683898926,49.215229034424]},"properties":{"id":546151,"datetime":"2026-06-29T02:19:27.000000Z","filename":"https://olm-s3.s3.eu-west-1.amazonaws.com/2026/06/29/gMIqT7DsrtarTixKmnRo6KZojMjYqYe20ONiZD0w.jpg","tags":[{"type":"standard","category":"smoking","item":"butts","quantity":2}],"objects":[{"status":"OK","on_map":true,"group":"Smoking","subgroup":"","layer":"Cigarette Butts","full_name":"Smoking \u2013 Cigarette Butts","olm_key":"smoking/butts","quantity":2,"picked_up":true}],"groups":["substances"],"has_litter":false,"has_pet_waste":false,"has_substances":true,"zone":"cottonwood_zone_B","zone_edge_m":61.0,"nbhd_edge_m":null}},{"type":"Feature","geometry":{"type":"Point","coordinates":[-122.55683898926,49.215229034424]},"properties":{"id":546150,"datetime":"2026-06-29T02:19:21.000000Z","filename":"https://olm-s3.s3.eu-west-1.amazonaws.com/2026/06/29/GkCuNgEr89vkpcnxv0f81lmoLASIoCzzXZcK7vPL.jpg","tags":[{"type":"standard","category":"smoking","item":"butts","quantity":1}],"objects":[{"status":"OK","on_map":true,"group":"Smoking","subgroup":"","layer":"Cigarette Butts","full_name":"Smoking \u2013 Cigarette Butts","olm_key":"smoking/butts","quantity":1,"picked_up":true}],"groups":["substances"],"has_litter":false,"has_pet_waste":false,"has_substances":true,"zone":"cottonwood_zone_B","zone_edge_m":61.0,"nbhd_edge_m":null}},{"type":"Feature","geometry":{"type":"Point","coordinates":[-122.55683898926,49.215229034424]},"properties":{"id":546149,"datetime":"2026-06-29T02:19:05.000000Z","filename":"https://olm-s3.s3.eu-west-1.amazonaws.com/2026/06/29/c5L9aZ8QHoGgsfMYQ9OsCQrOXzQF2r4C83lzmsCa.jpg","tags":[{"type":"standard","category":"other","item":"paper","quantity":1},{"type":"custom_tag","category":"custom_tag","item":"cardboard packaging","quantity":1,"parent_category":"other","parent_item":"paper"}],"objects":[{"status":"OK","on_map":true,"group":"Piece","subgroup":"","layer":"Paper Piece","full_name":"Piece \u2013 Paper Piece","olm_key":"other/paper","quantity":1,"picked_up":true}],"groups":["litter"],"has_litter":true,"has_pet_waste":false,"has_substances":false,"zone":"cottonwood_zone_B","zone_edge_m":61.0,"nbhd_edge_m":null}},{"type":"Feature","geometry":{"type":"Point","coordinates":[-122.55683898926,49.215229034424]},"properties":{"id":546148,"datetime":"2026-06-29T02:18:58.000000Z","filename":"https://olm-s3.s3.eu-west-1.amazonaws.com/2026/06/29/wSxXq2HbkUQ6SZDFtToyxX8DP7R1cwGBewATXDev.jpg","tags":[{"type":"standard","category":"food","item":"packaging","quantity":1},{"type":"material","category":"material","item":"plastic","quantity":1,"parent_category":"food","parent_item":"packaging"},{"type":"brand","category":"brand","item":"7 Eleven","quantity":1,"parent_category":"food","parent_item":"packaging"}],"objects":[{"status":"OK","on_map":true,"group":"Convenient Food Drink","subgroup":"Take-out","layer":"Food Packaging","full_name":"Convenient Food Drink \u2013 Take-out \u2013 Food Packaging","olm_key":"food/packaging","quantity":1,"picked_up":true}],"groups":["litter"],"has_litter":true,"has_pet_waste":false,"has_substances":false,"zone":"cottonwood_zone_B","zone_edge_m":61.0,"nbhd_edge_m":null}},{"type":"Feature","geometry":{"type":"Point","coordinates":[-122.55680084229,49.21537399292]},"properties":{"id":546147,"datetime":"2026-06-29T02:19:58.000000Z","filename":"https://olm-s3.s3.eu-west-1.amazonaws.com/2026/06/29/kR622Qa9sBAlCLtJfJYMO4rZMDa97MLHxU4ilpk1.jpg","tags":[{"type":"standard","category":"marine","item":"polystyrene_fragment","quantity":1},{"type":"standard","category":"other","item":"paper","quantity":1},{"type":"standard","category":"smoking","item":"butts","quantity":1}],"objects":[{"status":"OK","on_map":true,"group":"Piece","subgroup":"","layer":"Styrofoam Piece","full_name":"Piece \u2013 Styrofoam Piece","olm_key":"marine/polystyrene_fragment","quantity":1,"picked_up":true},{"status":"OK","on_map":true,"group":"Piece","subgroup":"","layer":"Paper Piece","full_name":"Piece \u2013 Paper Piece","olm_key":"other/paper","quantity":1,"picked_up":true},{"status":"OK","on_map":true,"group":"Smoking","subgroup":"","layer":"Cigarette Butts","full_name":"Smoking \u2013 Cigarette Butts","olm_key":"smoking/butts","quantity":1,"picked_up":true}],"groups":["litter","substances"],"has_litter":true,"has_pet_waste":false,"has_substances":true,"zone":"cottonwood_zone_B","zone_edge_m":58.2,"nbhd_edge_m":null}},{"type":"Feature","geometry":{"type":"Point","coordinates":[-122.55699920654,49.214504241943]},"properties":{"id":546146,"datetime":"2026-06-29T02:19:51.000000Z","filename":"https://olm-s3.s3.eu-west-1.amazonaws.com/2026/06/29/kW4ESteMnmMlG5NOeAnt0t0H7hfPD8aMCx4AG1ew.jpg","tags":[{"type":"standard","category":"smoking","item":"butts","quantity":1}],"objects":[{"status":"OK","on_map":true,"group":"Smoking","subgroup":"","layer":"Cigarette Butts","full_name":"Smoking \u2013 Cigarette Butts","olm_key":"smoking/butts","quantity":1,"picked_up":true}],"groups":["substances"],"has_litter":false,"has_pet_waste":false,"has_substances":true,"zone":"cottonwood_zone_B","zone_edge_m":72.7,"nbhd_edge_m":null}},{"type":"Feature","geometry":{"type":"Point","coordinates":[-122.55699920654,49.214504241943]},"properties":{"id":546145,"datetime":"2026-06-29T02:19:44.000000Z","filename":"https://olm-s3.s3.eu-west-1.amazonaws.com/2026/06/29/FkMw7odPDngIl0qtJxgix6S4psRl2MzSfB2zjBUd.jpg","tags":[{"type":"standard","category":"other","item":"plastic","quantity":1},{"type":"material","category":"material","item":"plastic","quantity":1,"parent_category":"other","parent_item":"plastic"},{"type":"custom_tag","category":"custom_tag","item":"safety seal","quantity":1,"parent_category":"other","parent_item":"plastic"}],"objects":[{"status":"OK","on_map":true,"group":"Piece","subgroup":"","layer":"Plastic Piece","full_name":"Piece \u2013 Plastic Piece","olm_key":"other/plastic","quantity":1,"picked_up":true}],"groups":["litter"],"has_litter":true,"has_pet_waste":false,"has_substances":false,"zone":"cottonwood_zone_B","zone_edge_m":72.7,"nbhd_edge_m":null}},{"type":"Feature","geometry":{"type":"Point","coordinates":[-122.55699920654,49.214504241943]},"properties":{"id":546144,"datetime":"2026-06-29T02:19:40.000000Z","filename":"https://olm-s3.s3.eu-west-1.amazonaws.com/2026/06/29/PPTvRKUjBF0Yvx55bbAJh6OSyaY2B022LW35NyuV.jpg","tags":[{"type":"standard","category":"other","item":"other","quantity":1},{"type":"material","category":"material","item":"wood","quantity":1,"parent_category":"other","parent_item":"other"}],"objects":[{"status":"OK","on_map":true,"group":"Piece","subgroup":"","layer":"Wood Debris","full_name":"Piece \u2013 Wood Debris","olm_key":"other/other","quantity":1,"picked_up":true}],"groups":["litter"],"has_litter":true,"has_pet_waste":false,"has_substances":false,"zone":"cottonwood_zone_B","zone_edge_m":72.7,"nbhd_edge_m":null}},{"type":"Feature","geometry":{"type":"Point","coordinates":[-122.55681610107,49.21537399292]},"properties":{"id":546143,"datetime":"2026-06-29T02:20:53.000000Z","filename":"https://olm-s3.s3.eu-west-1.amazonaws.com/2026/06/29/uqEdw04oijEkHOld39chtFsrahynDrbxVfVmZgf9.jpg","tags":[{"type":"standard","category":"smoking","item":"butts","quantity":2}],"objects":[{"status":"OK","on_map":true,"group":"Smoking","subgroup":"","layer":"Cigarette Butts","full_name":"Smoking \u2013 Cigarette Butts","olm_key":"smoking/butts","quantity":2,"picked_up":true}],"groups":["substances"],"has_litter":false,"has_pet_waste":false,"has_substances":true,"zone":"cottonwood_zone_B","zone_edge_m":59.3,"nbhd_edge_m":null}},{"type":"Feature","geometry":{"type":"Point","coordinates":[-122.55681610107,49.21537399292]},"properties":{"id":546142,"datetime":"2026-06-29T02:20:41.000000Z","filename":"https://olm-s3.s3.eu-west-1.amazonaws.com/2026/06/29/8mdcywB8Oxt90Dsn1vyA31j6x3YfF6BKpXgnc6Kn.jpg","tags":[{"type":"standard","category":"smoking","item":"butts","quantity":1}],"objects":[{"status":"OK","on_map":true,"group":"Smoking","subgroup":"","layer":"Cigarette Butts","full_name":"Smoking \u2013 Cigarette Butts","olm_key":"smoking/butts","quantity":1,"picked_up":true}],"groups":["substances"],"has_litter":false,"has_pet_waste":false,"has_substances":true,"zone":"cottonwood_zone_B","zone_edge_m":59.3,"nbhd_edge_m":null}},{"type":"Feature","geometry":{"type":"Point","coordinates":[-122.55681610107,49.21537399292]},"properties":{"id":546141,"datetime":"2026-06-29T02:20:32.000000Z","filename":"https://olm-s3.s3.eu-west-1.amazonaws.com/2026/06/29/6Bhb16TTuHH9iYczNvhNvINo1DJQ9teSAgZSbGPm.jpg","tags":[{"type":"standard","category":"other","item":"other","quantity":1}],"objects":[{"status":"OK","on_map":true,"group":"Household","subgroup":"","layer":"Household misc","full_name":"Household \u2013 Household misc","olm_key":"other/other","quantity":1,"picked_up":true}],"groups":["litter"],"has_litter":true,"has_pet_waste":false,"has_substances":false,"zone":"cottonwood_zone_B","zone_edge_m":59.3,"nbhd_edge_m":null}},{"type":"Feature","geometry":{"type":"Point","coordinates":[-122.55680847168,49.215396881104]},"properties":{"id":546140,"datetime":"2026-06-29T02:20:14.000000Z","filename":"https://olm-s3.s3.eu-west-1.amazonaws.com/2026/06/29/jh8UMs0uJkXr9r2wcf3kYA6DndjFZQ0v93KzrSq9.jpg","tags":[{"type":"standard","category":"smoking","item":"butts","quantity":1}],"objects":[{"status":"OK","on_map":true,"group":"Smoking","subgroup":"","layer":"Cigarette Butts","full_name":"Smoking \u2013 Cigarette Butts","olm_key":"smoking/butts","quantity":1,"picked_up":true}],"groups":["substances"],"has_litter":false,"has_pet_waste":false,"has_substances":true,"zone":"cottonwood_zone_B","zone_edge_m":58.8,"nbhd_edge_m":null}},{"type":"Feature","geometry":{"type":"Point","coordinates":[-122.55681610107,49.21537399292]},"properties":{"id":546139,"datetime":"2026-06-29T02:21:34.000000Z","filename":"https://olm-s3.s3.eu-west-1.amazonaws.com/2026/06/29/YtptRVY3FFGJvSa489UiFeYXuOXYBjOplyfIgjLF.jpg","tags":[{"type":"standard","category":"smoking","item":"butts","quantity":1}],"objects":[{"status":"OK","on_map":true,"group":"Smoking","subgroup":"","layer":"Cigarette Butts","full_name":"Smoking \u2013 Cigarette Butts","olm_key":"smoking/butts","quantity":1,"picked_up":true}],"groups":["substances"],"has_litter":false,"has_pet_waste":false,"has_substances":true,"zone":"cottonwood_zone_B","zone_edge_m":59.3,"nbhd_edge_m":null}},{"type":"Feature","geometry":{"type":"Point","coordinates":[-122.55681610107,49.21537399292]},"properties":{"id":546138,"datetime":"2026-06-29T02:21:26.000000Z","filename":"https://olm-s3.s3.eu-west-1.amazonaws.com/2026/06/29/m1Ee3i2l1GCnamvAFeoiKwBi3iquBk162evfHNt8.jpg","tags":[{"type":"standard","category":"food","item":"napkins","quantity":1}],"objects":[{"status":"OK","on_map":true,"group":"Convenient Food Drink","subgroup":"Take-out","layer":"Napkins","full_name":"Convenient Food Drink \u2013 Take-out \u2013 Napkins","olm_key":"food/napkins","quantity":1,"picked_up":true}],"groups":["litter"],"has_litter":true,"has_pet_waste":false,"has_substances":false,"zone":"cottonwood_zone_B","zone_edge_m":59.3,"nbhd_edge_m":null}},{"type":"Feature","geometry":{"type":"Point","coordinates":[-122.55681610107,49.21537399292]},"properties":{"id":546137,"datetime":"2026-06-29T02:21:19.000000Z","filename":"https://olm-s3.s3.eu-west-1.amazonaws.com/2026/06/29/cRpZ0UMr5STzKjqbKSaAKEKkW4l3LFSsWZx1s4BQ.jpg","tags":[{"type":"standard","category":"smoking","item":"butts","quantity":1}],"objects":[{"status":"OK","on_map":true,"group":"Smoking","subgroup":"","layer":"Cigarette Butts","full_name":"Smoking \u2013 Cigarette Butts","olm_key":"smoking/butts","quantity":1,"picked_up":true}],"groups":["substances"],"has_litter":false,"has_pet_waste":false,"has_substances":true,"zone":"cottonwood_zone_B","zone_edge_m":59.3,"nbhd_edge_m":null}},{"type":"Feature","geometry":{"type":"Point","coordinates":[-122.55681610107,49.21537399292]},"properties":{"id":546136,"datetime":"2026-06-29T02:21:07.000000Z","filename":"https://olm-s3.s3.eu-west-1.amazonaws.com/2026/06/29/HxRpPwC1Hutf3IWTLQwZJbl61ILRPbVYBJuRtBb3.jpg","tags":[{"type":"standard","category":"other","item":"other","quantity":1},{"type":"custom_tag","category":"custom_tag","item":"material:stainless steel","quantity":1,"parent_category":"other","parent_item":"other"},{"type":"custom_tag","category":"custom_tag","item":"fork","quantity":1,"parent_category":"other","parent_item":"other"},{"type":"custom_tag","category":"custom_tag","item":"Household","quantity":1,"parent_category":"other","parent_item":"other"}],"objects":[{"status":"OK","on_map":true,"group":"Household","subgroup":"","layer":"Household misc","full_name":"Household \u2013 Household misc","olm_key":"other/other","quantity":1,"picked_up":true}],"groups":["litter"],"has_litter":true,"has_pet_waste":false,"has_substances":false,"zone":"cottonwood_zone_B","zone_edge_m":59.3,"nbhd_edge_m":null}},{"type":"Feature","geometry":{"type":"Point","coordinates":[-122.55681610107,49.21537399292]},"properties":{"id":546135,"datetime":"2026-06-29T02:22:07.000000Z","filename":"https://olm-s3.s3.eu-west-1.amazonaws.com/2026/06/29/yfLNl4rqWmcdGb7yCPjZKMCtcMCyvYC6lFWyIUuX.jpg","tags":[{"type":"standard","category":"smoking","item":"butts","quantity":1}],"objects":[{"status":"OK","on_map":true,"group":"Smoking","subgroup":"","layer":"Cigarette Butts","full_name":"Smoking \u2013 Cigarette Butts","olm_key":"smoking/butts","quantity":1,"picked_up":true}],"groups":["substances"],"has_litter":false,"has_pet_waste":false,"has_substances":true,"zone":"cottonwood_zone_B","zone_edge_m":59.3,"nbhd_edge_m":null}},{"type":"Feature","geometry":{"type":"Point","coordinates":[-122.55681610107,49.21537399292]},"properties":{"id":546134,"datetime":"2026-06-29T02:21:57.000000Z","filename":"https://olm-s3.s3.eu-west-1.amazonaws.com/2026/06/29/87rFITnfpshazPJMUae4VmsUZ7ClbdiJAsLE9s8I.jpg","tags":[{"type":"standard","category":"dumping","item":"dumping","quantity":1,"object_type":"small"},{"type":"material","category":"material","item":"metal","quantity":1,"parent_category":"dumping","parent_item":"dumping"}],"objects":[{"status":"OK","on_map":true,"group":"Dumping","subgroup":"","layer":"Sml","full_name":"Dumping \u2013 Sml","olm_key":"dumping/dumping","quantity":1,"picked_up":false}],"groups":["litter"],"has_litter":true,"has_pet_waste":false,"has_substances":false,"zone":"cottonwood_zone_B","zone_edge_m":59.3,"nbhd_edge_m":null}},{"type":"Feature","geometry":{"type":"Point","coordinates":[-122.55681610107,49.21537399292]},"properties":{"id":546133,"datetime":"2026-06-29T02:21:49.000000Z","filename":"https://olm-s3.s3.eu-west-1.amazonaws.com/2026/06/29/GDgzZKJodPSxsAWvS0QZUtFnsbIXxsI9Bx7aIv33.jpg","tags":[{"type":"standard","category":"other","item":"paper","quantity":1}],"objects":[{"status":"OK","on_map":true,"group":"Piece","subgroup":"","layer":"Paper Piece","full_name":"Piece \u2013 Paper Piece","olm_key":"other/paper","quantity":1,"picked_up":true}],"groups":["litter"],"has_litter":true,"has_pet_waste":false,"has_substances":false,"zone":"cottonwood_zone_B","zone_edge_m":59.3,"nbhd_edge_m":null}},{"type":"Feature","geometry":{"type":"Point","coordinates":[-122.55681610107,49.21537399292]},"properties":{"id":546132,"datetime":"2026-06-29T02:21:42.000000Z","filename":"https://olm-s3.s3.eu-west-1.amazonaws.com/2026/06/29/0X6YQRcl0DYQfpiJTgHZ06h2dd1n7oa0bOzOQmSq.jpg","tags":[{"type":"standard","category":"food","item":"tinfoil","quantity":1}],"objects":[{"status":"OK","on_map":true,"group":"Piece","subgroup":"","layer":"Foil Piece","full_name":"Piece \u2013 Foil Piece","olm_key":"food/tinfoil","quantity":1,"picked_up":true}],"groups":["litter"],"has_litter":true,"has_pet_waste":false,"has_substances":false,"zone":"cottonwood_zone_B","zone_edge_m":59.3,"nbhd_edge_m":null}},{"type":"Feature","geometry":{"type":"Point","coordinates":[-122.55681610107,49.21537399292]},"properties":{"id":546131,"datetime":"2026-06-29T02:23:07.000000Z","filename":"https://olm-s3.s3.eu-west-1.amazonaws.com/2026/06/29/w1DA7AqnJCYHPD7cOjqWjUuXCUkKlsjkAC0rbekk.jpg","tags":[{"type":"standard","category":"smoking","item":"butts","quantity":1}],"objects":[{"status":"OK","on_map":true,"group":"Smoking","subgroup":"","layer":"Cigarette Butts","full_name":"Smoking \u2013 Cigarette Butts","olm_key":"smoking/butts","quantity":1,"picked_up":true}],"groups":["substances"],"has_litter":false,"has_pet_waste":false,"has_substances":true,"zone":"cottonwood_zone_B","zone_edge_m":59.3,"nbhd_edge_m":null}},{"type":"Feature","geometry":{"type":"Point","coordinates":[-122.55681610107,49.21537399292]},"properties":{"id":546130,"datetime":"2026-06-29T02:22:57.000000Z","filename":"https://olm-s3.s3.eu-west-1.amazonaws.com/2026/06/29/irTcRp5sxZL1wos8QgEhiHMhisXh84H8uy7ZpSGd.jpg","tags":[{"type":"standard","category":"food","item":"tinfoil","quantity":1}],"objects":[{"status":"OK","on_map":true,"group":"Piece","subgroup":"","layer":"Foil Piece","full_name":"Piece \u2013 Foil Piece","olm_key":"food/tinfoil","quantity":1,"picked_up":true}],"groups":["litter"],"has_litter":true,"has_pet_waste":false,"has_substances":false,"zone":"cottonwood_zone_B","zone_edge_m":59.3,"nbhd_edge_m":null}},{"type":"Feature","geometry":{"type":"Point","coordinates":[-122.55681610107,49.21537399292]},"properties":{"id":546129,"datetime":"2026-06-29T02:22:36.000000Z","filename":"https://olm-s3.s3.eu-west-1.amazonaws.com/2026/06/29/2WKnSD5OaRsYWv7oiT50bfTNQAOjRMOB1R4fpdkP.jpg","tags":[{"type":"standard","category":"other","item":"other","quantity":1},{"type":"material","category":"material","item":"plastic","quantity":1,"parent_category":"other","parent_item":"other"},{"type":"standard","category":"smoking","item":"butts","quantity":1}],"objects":[{"status":"OK","on_map":true,"group":"Household","subgroup":"","layer":"Household misc","full_name":"Household \u2013 Household misc","olm_key":"other/other","quantity":1,"picked_up":true},{"status":"OK","on_map":true,"group":"Smoking","subgroup":"","layer":"Cigarette Butts","full_name":"Smoking \u2013 Cigarette Butts","olm_key":"smoking/butts","quantity":1,"picked_up":true}],"groups":["litter","substances"],"has_litter":true,"has_pet_waste":false,"has_substances":true,"zone":"cottonwood_zone_B","zone_edge_m":59.3,"nbhd_edge_m":null}},{"type":"Feature","geometry":{"type":"Point","coordinates":[-122.55681610107,49.21537399292]},"properties":{"id":546128,"datetime":"2026-06-29T02:22:21.000000Z","filename":"https://olm-s3.s3.eu-west-1.amazonaws.com/2026/06/29/D07fwAmZE1I1iyiKBhxQ0p0Y4C8lIahM5hmhEZDT.jpg","tags":[{"type":"standard","category":"smoking","item":"butts","quantity":1}],"objects":[{"status":"OK","on_map":true,"group":"Smoking","subgroup":"","layer":"Cigarette Butts","full_name":"Smoking \u2013 Cigarette Butts","olm_key":"smoking/butts","quantity":1,"picked_up":true}],"groups":["substances"],"has_litter":false,"has_pet_waste":false,"has_substances":true,"zone":"cottonwood_zone_B","zone_edge_m":59.3,"nbhd_edge_m":null}},{"type":"Feature","geometry":{"type":"Point","coordinates":[-122.55735015869,49.216197967529]},"properties":{"id":546127,"datetime":"2026-06-29T02:23:54.000000Z","filename":"https://olm-s3.s3.eu-west-1.amazonaws.com/2026/06/29/2lCh8XJ6C8DPEvFYpCRkzxvS2sPXw4yFFrhlai8h.jpg","tags":[{"type":"standard","category":"industrial","item":"other","quantity":1},{"type":"material","category":"material","item":"plastic","quantity":1,"parent_category":"industrial","parent_item":"other"},{"type":"custom_tag","category":"custom_tag","item":"Electric","quantity":1,"parent_category":"industrial","parent_item":"other"}],"objects":[{"status":"OK","on_map":true,"group":"Industrial","subgroup":"","layer":"Industrial Debris","full_name":"Industrial \u2013 Industrial Debris","olm_key":"industrial/other","quantity":1,"picked_up":true}],"groups":["litter"],"has_litter":true,"has_pet_waste":false,"has_substances":false,"zone":"cottonwood_zone_B","zone_edge_m":98.2,"nbhd_edge_m":null}},{"type":"Feature","geometry":{"type":"Point","coordinates":[-122.55738830566,49.216178894043]},"properties":{"id":546126,"datetime":"2026-06-29T02:23:33.000000Z","filename":"https://olm-s3.s3.eu-west-1.amazonaws.com/2026/06/29/6h9qJXZL9eaoN9aWvvingPM497rWEFPO41T7aSfz.jpg","tags":[{"type":"standard","category":"alcohol","item":"can","quantity":1,"object_type":"beer"},{"type":"material","category":"material","item":"aluminium","quantity":1,"parent_category":"alcohol","parent_item":"can"},{"type":"brand","category":"brand","item":"budweiser","quantity":1,"parent_category":"alcohol","parent_item":"can"}],"objects":[{"status":"OK","on_map":true,"group":"Household","subgroup":"Liquor","layer":"Liquor Can","full_name":"Household \u2013 Liquor \u2013 Liquor Can","olm_key":"alcohol/can","quantity":1,"picked_up":true}],"groups":["substances"],"has_litter":false,"has_pet_waste":false,"has_substances":true,"zone":"cottonwood_zone_B","zone_edge_m":101.0,"nbhd_edge_m":null}},{"type":"Feature","geometry":{"type":"Point","coordinates":[-122.55738830566,49.216178894043]},"properties":{"id":546125,"datetime":"2026-06-29T02:23:17.000000Z","filename":"https://olm-s3.s3.eu-west-1.amazonaws.com/2026/06/29/YUhu5fSJQGoLFGojE3CZsumVWyDOAcpBo5EhAJ1g.jpg","tags":[{"type":"standard","category":"smoking","item":"butts","quantity":1}],"objects":[{"status":"OK","on_map":true,"group":"Smoking","subgroup":"","layer":"Cigarette Butts","full_name":"Smoking \u2013 Cigarette Butts","olm_key":"smoking/butts","quantity":1,"picked_up":true}],"groups":["substances"],"has_litter":false,"has_pet_waste":false,"has_substances":true,"zone":"cottonwood_zone_B","zone_edge_m":101.0,"nbhd_edge_m":null}},{"type":"Feature","geometry":{"type":"Point","coordinates":[-122.55681610107,49.21537399292]},"properties":{"id":546124,"datetime":"2026-06-29T02:23:13.000000Z","filename":"https://olm-s3.s3.eu-west-1.amazonaws.com/2026/06/29/qCgd72p5e4dlHELiSMdEWfvTZYdWEP5xmMmxzdJr.jpg","tags":[{"type":"standard","category":"smoking","item":"butts","quantity":1}],"objects":[{"status":"OK","on_map":true,"group":"Smoking","subgroup":"","layer":"Cigarette Butts","full_name":"Smoking \u2013 Cigarette Butts","olm_key":"smoking/butts","quantity":1,"picked_up":true}],"groups":["substances"],"has_litter":false,"has_pet_waste":false,"has_substances":true,"zone":"cottonwood_zone_B","zone_edge_m":59.3,"nbhd_edge_m":null}},{"type":"Feature","geometry":{"type":"Point","coordinates":[-122.55735015869,49.216197967529]},"properties":{"id":546123,"datetime":"2026-06-29T02:24:36.000000Z","filename":"https://olm-s3.s3.eu-west-1.amazonaws.com/2026/06/29/Z4tpRaNjNLlrafSX1ZTc8LwXwiCh7FnnHx8ACcOY.jpg","tags":[{"type":"standard","category":"industrial","item":"other","quantity":1},{"type":"standard","category":"smoking","item":"butts","quantity":3}],"objects":[{"status":"OK","on_map":true,"group":"Industrial","subgroup":"","layer":"Industrial Debris","full_name":"Industrial \u2013 Industrial Debris","olm_key":"industrial/other","quantity":1,"picked_up":true},{"status":"OK","on_map":true,"group":"Smoking","subgroup":"","layer":"Cigarette Butts","full_name":"Smoking \u2013 Cigarette Butts","olm_key":"smoking/butts","quantity":3,"picked_up":true}],"groups":["litter","substances"],"has_litter":true,"has_pet_waste":false,"has_substances":true,"zone":"cottonwood_zone_B","zone_edge_m":98.2,"nbhd_edge_m":null}},{"type":"Feature","geometry":{"type":"Point","coordinates":[-122.55735015869,49.216197967529]},"properties":{"id":546122,"datetime":"2026-06-29T02:24:30.000000Z","filename":"https://olm-s3.s3.eu-west-1.amazonaws.com/2026/06/29/eDLAiCMC0eymB8fsw3VUtPaGiJG138bTMb38iKNK.jpg","tags":[{"type":"standard","category":"smoking","item":"butts","quantity":1}],"objects":[{"status":"OK","on_map":true,"group":"Smoking","subgroup":"","layer":"Cigarette Butts","full_name":"Smoking \u2013 Cigarette Butts","olm_key":"smoking/butts","quantity":1,"picked_up":true}],"groups":["substances"],"has_litter":false,"has_pet_waste":false,"has_substances":true,"zone":"cottonwood_zone_B","zone_edge_m":98.2,"nbhd_edge_m":null}},{"type":"Feature","geometry":{"type":"Point","coordinates":[-122.55735015869,49.216197967529]},"properties":{"id":546121,"datetime":"2026-06-29T02:24:15.000000Z","filename":"https://olm-s3.s3.eu-west-1.amazonaws.com/2026/06/29/ToyCgxaLgc929EVh4AeP1yrCglbhtq5nmusNWQbV.jpg","tags":[{"type":"standard","category":"industrial","item":"other","quantity":1},{"type":"material","category":"material","item":"foam","quantity":1,"parent_category":"industrial","parent_item":"other"},{"type":"custom_tag","category":"custom_tag","item":"PPE","quantity":1,"parent_category":"industrial","parent_item":"other"}],"objects":[{"status":"OK","on_map":true,"group":"Industrial","subgroup":"","layer":"Industrial Debris","full_name":"Industrial \u2013 Industrial Debris","olm_key":"industrial/other","quantity":1,"picked_up":true}],"groups":["litter"],"has_litter":true,"has_pet_waste":false,"has_substances":false,"zone":"cottonwood_zone_B","zone_edge_m":98.2,"nbhd_edge_m":null}},{"type":"Feature","geometry":{"type":"Point","coordinates":[-122.55735015869,49.216197967529]},"properties":{"id":546120,"datetime":"2026-06-29T02:24:04.000000Z","filename":"https://olm-s3.s3.eu-west-1.amazonaws.com/2026/06/29/0BoXoiuNVGpxVfsUghkl4gE0Mi78t5ZUsPugqIFn.jpg","tags":[{"type":"standard","category":"food","item":"wrapper","quantity":1},{"type":"material","category":"material","item":"plastic","quantity":1,"parent_category":"food","parent_item":"wrapper"},{"type":"brand","category":"brand","item":"Popsicle","quantity":1,"parent_category":"food","parent_item":"wrapper"}],"objects":[{"status":"OK","on_map":true,"group":"Convenient Food Drink","subgroup":"Snack","layer":"Foil / Plastic Film Snack Wrapper","full_name":"Convenient Food Drink \u2013 Snack \u2013 Foil / Plastic Film Snack Wrapper","olm_key":"food/wrapper","quantity":1,"picked_up":true}],"groups":["litter"],"has_litter":true,"has_pet_waste":false,"has_substances":false,"zone":"cottonwood_zone_B","zone_edge_m":98.2,"nbhd_edge_m":null}},{"type":"Feature","geometry":{"type":"Point","coordinates":[-122.55735015869,49.216197967529]},"properties":{"id":546119,"datetime":"2026-06-29T02:25:19.000000Z","filename":"https://olm-s3.s3.eu-west-1.amazonaws.com/2026/06/29/maLd9Cde3FlgzamJhUjGRl61M5pd6BNCFdgiy763.jpg","tags":[{"type":"standard","category":"other","item":"plastic","quantity":1}],"objects":[{"status":"OK","on_map":true,"group":"Piece","subgroup":"","layer":"Plastic Piece","full_name":"Piece \u2013 Plastic Piece","olm_key":"other/plastic","quantity":1,"picked_up":true}],"groups":["litter"],"has_litter":true,"has_pet_waste":false,"has_substances":false,"zone":"cottonwood_zone_B","zone_edge_m":98.2,"nbhd_edge_m":null}},{"type":"Feature","geometry":{"type":"Point","coordinates":[-122.55735015869,49.216197967529]},"properties":{"id":546118,"datetime":"2026-06-29T02:25:12.000000Z","filename":"https://olm-s3.s3.eu-west-1.amazonaws.com/2026/06/29/nvUvLsxzalqiKSyqJKOXle8OQS7czoqru9h5d7sT.jpg","tags":[{"type":"standard","category":"smoking","item":"butts","quantity":1}],"objects":[{"status":"OK","on_map":true,"group":"Smoking","subgroup":"","layer":"Cigarette Butts","full_name":"Smoking \u2013 Cigarette Butts","olm_key":"smoking/butts","quantity":1,"picked_up":true}],"groups":["substances"],"has_litter":false,"has_pet_waste":false,"has_substances":true,"zone":"cottonwood_zone_B","zone_edge_m":98.2,"nbhd_edge_m":null}},{"type":"Feature","geometry":{"type":"Point","coordinates":[-122.55735015869,49.216197967529]},"properties":{"id":546117,"datetime":"2026-06-29T02:25:04.000000Z","filename":"https://olm-s3.s3.eu-west-1.amazonaws.com/2026/06/29/nyTOR6s5xkhtwz1VRQHkhqbcstPOYgftSFIJu8m3.jpg","tags":[{"type":"standard","category":"smoking","item":"butts","quantity":1}],"objects":[{"status":"OK","on_map":true,"group":"Smoking","subgroup":"","layer":"Cigarette Butts","full_name":"Smoking \u2013 Cigarette Butts","olm_key":"smoking/butts","quantity":1,"picked_up":true}],"groups":["substances"],"has_litter":false,"has_pet_waste":false,"has_substances":true,"zone":"cottonwood_zone_B","zone_edge_m":98.2,"nbhd_edge_m":null}},{"type":"Feature","geometry":{"type":"Point","coordinates":[-122.55735015869,49.216197967529]},"properties":{"id":546116,"datetime":"2026-06-29T02:24:56.000000Z","filename":"https://olm-s3.s3.eu-west-1.amazonaws.com/2026/06/29/1464GHQn4lYarjozxUQbj6ZB3Wo8EmdxeeLfpLL0.jpg","tags":[{"type":"standard","category":"softdrinks","item":"bottle_cap","quantity":1},{"type":"material","category":"material","item":"plastic","quantity":1,"parent_category":"softdrinks","parent_item":"bottle_cap"}],"objects":[{"status":"OK","on_map":true,"group":"Convenient Food Drink","subgroup":"Drink","layer":"Drink Bottle Cap","full_name":"Convenient Food Drink \u2013 Drink \u2013 Drink Bottle Cap","olm_key":"softdrinks/bottle_cap","quantity":1,"picked_up":true}],"groups":["litter"],"has_litter":true,"has_pet_waste":false,"has_substances":false,"zone":"cottonwood_zone_B","zone_edge_m":98.2,"nbhd_edge_m":null}},{"type":"Feature","geometry":{"type":"Point","coordinates":[-122.55693054199,49.216655731201]},"properties":{"id":546115,"datetime":"2026-06-29T02:26:07.000000Z","filename":"https://olm-s3.s3.eu-west-1.amazonaws.com/2026/06/29/pYvZi04nKpSWncYFwKFzxCBLdP6ynInPXe2Eh7md.jpg","tags":[{"type":"standard","category":"other","item":"metal","quantity":1},{"type":"custom_tag","category":"custom_tag","item":"Commercial container","quantity":1,"parent_category":"other","parent_item":"metal"}],"objects":[{"status":"OK","on_map":true,"group":"Piece","subgroup":"","layer":"Household or Unknown Metal Piece","full_name":"Piece \u2013 Household or Unknown Metal Piece","olm_key":"other/metal","quantity":1,"picked_up":true}],"groups":["litter"],"has_litter":true,"has_pet_waste":false,"has_substances":false,"zone":"cottonwood_zone_B","zone_edge_m":50.6,"nbhd_edge_m":null}},{"type":"Feature","geometry":{"type":"Point","coordinates":[-122.55693054199,49.216655731201]},"properties":{"id":546114,"datetime":"2026-06-29T02:25:55.000000Z","filename":"https://olm-s3.s3.eu-west-1.amazonaws.com/2026/06/29/HPGt2D8PcKDl4AN3wq3uxJCnQEm7bgQTSnHntpCU.jpg","tags":[{"type":"standard","category":"sanitary","item":"wipes","quantity":1}],"objects":[{"status":"OK","on_map":true,"group":"Household","subgroup":"","layer":"Wet Wipes","full_name":"Household \u2013 Wet Wipes","olm_key":"sanitary/wipes","quantity":1,"picked_up":true}],"groups":["litter"],"has_litter":true,"has_pet_waste":false,"has_substances":false,"zone":"cottonwood_zone_B","zone_edge_m":50.6,"nbhd_edge_m":null}},{"type":"Feature","geometry":{"type":"Point","coordinates":[-122.55689239502,49.216354370117]},"properties":{"id":546111,"datetime":"2026-06-29T02:26:45.000000Z","filename":"https://olm-s3.s3.eu-west-1.amazonaws.com/2026/06/29/U0tCJ4PPgkisV1XBhh1LhFOLyIIjAWtcURGqw03l.jpg","tags":[{"type":"standard","category":"smoking","item":"butts","quantity":1}],"objects":[{"status":"OK","on_map":true,"group":"Smoking","subgroup":"","layer":"Cigarette Butts","full_name":"Smoking \u2013 Cigarette Butts","olm_key":"smoking/butts","quantity":1,"picked_up":true}],"groups":["substances"],"has_litter":false,"has_pet_waste":false,"has_substances":true,"zone":"cottonwood_zone_B","zone_edge_m":64.9,"nbhd_edge_m":null}},{"type":"Feature","geometry":{"type":"Point","coordinates":[-122.55689239502,49.216354370117]},"properties":{"id":546110,"datetime":"2026-06-29T02:26:38.000000Z","filename":"https://olm-s3.s3.eu-west-1.amazonaws.com/2026/06/29/7zbniYHMEQPa6yLN5xvpdhbcAKOuzrAxAurzNgdW.jpg","tags":[{"type":"standard","category":"smoking","item":"butts","quantity":1}],"objects":[{"status":"OK","on_map":true,"group":"Smoking","subgroup":"","layer":"Cigarette Butts","full_name":"Smoking \u2013 Cigarette Butts","olm_key":"smoking/butts","quantity":1,"picked_up":true}],"groups":["substances"],"has_litter":false,"has_pet_waste":false,"has_substances":true,"zone":"cottonwood_zone_B","zone_edge_m":64.9,"nbhd_edge_m":null}},{"type":"Feature","geometry":{"type":"Point","coordinates":[-122.55697631836,49.21671295166]},"properties":{"id":546109,"datetime":"2026-06-29T02:26:32.000000Z","filename":"https://olm-s3.s3.eu-west-1.amazonaws.com/2026/06/29/ieSiF87GXea2hpTCYfa0eXaCNSTAuUvu9napQZIi.jpg","tags":[{"type":"standard","category":"smoking","item":"butts","quantity":1}],"objects":[{"status":"OK","on_map":true,"group":"Smoking","subgroup":"","layer":"Cigarette Butts","full_name":"Smoking \u2013 Cigarette Butts","olm_key":"smoking/butts","quantity":1,"picked_up":true}],"groups":["substances"],"has_litter":false,"has_pet_waste":false,"has_substances":true,"zone":"cottonwood_zone_B","zone_edge_m":44.2,"nbhd_edge_m":null}},{"type":"Feature","geometry":{"type":"Point","coordinates":[-122.55693054199,49.216655731201]},"properties":{"id":546108,"datetime":"2026-06-29T02:26:26.000000Z","filename":"https://olm-s3.s3.eu-west-1.amazonaws.com/2026/06/29/WaTcpRdyDQL1p4uchW1VD9l1FuYuBvfBt4x6YwXE.jpg","tags":[{"type":"standard","category":"food","item":"tinfoil","quantity":1},{"type":"material","category":"material","item":"foil","quantity":1,"parent_category":"food","parent_item":"tinfoil"},{"type":"custom_tag","category":"custom_tag","item":"Piece","quantity":1,"parent_category":"food","parent_item":"tinfoil"}],"objects":[{"status":"OK","on_map":true,"group":"Piece","subgroup":"","layer":"Foil Piece","full_name":"Piece \u2013 Foil Piece","olm_key":"food/tinfoil","quantity":1,"picked_up":true}],"groups":["litter"],"has_litter":true,"has_pet_waste":false,"has_substances":false,"zone":"cottonwood_zone_B","zone_edge_m":50.6,"nbhd_edge_m":null}},{"type":"Feature","geometry":{"type":"Point","coordinates":[-122.55689239502,49.216354370117]},"properties":{"id":546107,"datetime":"2026-06-29T02:27:48.000000Z","filename":"https://olm-s3.s3.eu-west-1.amazonaws.com/2026/06/29/hbKD3Bsnt9AaaE5QOWFgD8vIGIH1pBe329Mo6v0d.jpg","tags":[{"type":"standard","category":"other","item":"plastic","quantity":1},{"type":"custom_tag","category":"custom_tag","item":"Piece","quantity":1,"parent_category":"other","parent_item":"plastic"}],"objects":[{"status":"OK","on_map":true,"group":"Piece","subgroup":"","layer":"Plastic Piece","full_name":"Piece \u2013 Plastic Piece","olm_key":"other/plastic","quantity":1,"picked_up":true}],"groups":["litter"],"has_litter":true,"has_pet_waste":false,"has_substances":false,"zone":"cottonwood_zone_B","zone_edge_m":64.9,"nbhd_edge_m":null}},{"type":"Feature","geometry":{"type":"Point","coordinates":[-122.55689239502,49.216354370117]},"properties":{"id":546106,"datetime":"2026-06-29T02:27:41.000000Z","filename":"https://olm-s3.s3.eu-west-1.amazonaws.com/2026/06/29/0ca4RtE4MMbbHIWt6q8OL1uJZv6JlNKWynGOMtW3.jpg","tags":[{"type":"standard","category":"food","item":"wrapper","quantity":1},{"type":"material","category":"material","item":"plastic","quantity":1,"parent_category":"food","parent_item":"wrapper"},{"type":"material","category":"material","item":"foil","quantity":1,"parent_category":"food","parent_item":"wrapper"},{"type":"brand","category":"brand","item":"cadburys","quantity":1,"parent_category":"food","parent_item":"wrapper"}],"objects":[{"status":"OK","on_map":true,"group":"Convenient Food Drink","subgroup":"Snack","layer":"Foil / Plastic Film Snack Wrapper","full_name":"Convenient Food Drink \u2013 Snack \u2013 Foil / Plastic Film Snack Wrapper","olm_key":"food/wrapper","quantity":1,"picked_up":true}],"groups":["litter"],"has_litter":true,"has_pet_waste":false,"has_substances":false,"zone":"cottonwood_zone_B","zone_edge_m":64.9,"nbhd_edge_m":null}},{"type":"Feature","geometry":{"type":"Point","coordinates":[-122.55689239502,49.216354370117]},"properties":{"id":546105,"datetime":"2026-06-29T02:27:09.000000Z","filename":"https://olm-s3.s3.eu-west-1.amazonaws.com/2026/06/29/LeHnvQzUtp5o2KDa8IDimjDOZiCtlGBCDPilqJTn.jpg","tags":[{"type":"standard","category":"other","item":"plastic_bag","quantity":1}],"objects":[{"status":"OK","on_map":true,"group":"Household","subgroup":"","layer":"Household Plastic Bag","full_name":"Household \u2013 Household Plastic Bag","olm_key":"other/plastic_bag","quantity":1,"picked_up":true}],"groups":["litter"],"has_litter":true,"has_pet_waste":false,"has_substances":false,"zone":"cottonwood_zone_B","zone_edge_m":64.9,"nbhd_edge_m":null}},{"type":"Feature","geometry":{"type":"Point","coordinates":[-122.55689239502,49.216354370117]},"properties":{"id":546104,"datetime":"2026-06-29T02:26:55.000000Z","filename":"https://olm-s3.s3.eu-west-1.amazonaws.com/2026/06/29/37c7MOEXEJ8vchA0Ul8ks8GlpSWazOqPq9qep9yu.jpg","tags":[{"type":"standard","category":"smoking","item":"butts","quantity":1}],"objects":[{"status":"OK","on_map":true,"group":"Smoking","subgroup":"","layer":"Cigarette Butts","full_name":"Smoking \u2013 Cigarette Butts","olm_key":"smoking/butts","quantity":1,"picked_up":true}],"groups":["substances"],"has_litter":false,"has_pet_waste":false,"has_substances":true,"zone":"cottonwood_zone_B","zone_edge_m":64.9,"nbhd_edge_m":null}},{"type":"Feature","geometry":{"type":"Point","coordinates":[-122.55689239502,49.216354370117]},"properties":{"id":546103,"datetime":"2026-06-29T02:28:06.000000Z","filename":"https://olm-s3.s3.eu-west-1.amazonaws.com/2026/06/29/3YJD1Z5r9GUzBwud1XTWkcLAS4Jt3K0sKUrY9fHU.jpg","tags":[{"type":"standard","category":"food","item":"packaging","quantity":1},{"type":"material","category":"material","item":"plastic","quantity":1,"parent_category":"food","parent_item":"packaging"},{"type":"brand","category":"brand","item":"mr-freeze","quantity":1,"parent_category":"food","parent_item":"packaging"}],"objects":[{"status":"OK","on_map":true,"group":"Convenient Food Drink","subgroup":"Take-out","layer":"Food Packaging","full_name":"Convenient Food Drink \u2013 Take-out \u2013 Food Packaging","olm_key":"food/packaging","quantity":1,"picked_up":true}],"groups":["litter"],"has_litter":true,"has_pet_waste":false,"has_substances":false,"zone":"cottonwood_zone_B","zone_edge_m":64.9,"nbhd_edge_m":null}},{"type":"Feature","geometry":{"type":"Point","coordinates":[-122.55686187744,49.216918945312]},"properties":{"id":546102,"datetime":"2026-06-29T02:28:52.000000Z","filename":"https://olm-s3.s3.eu-west-1.amazonaws.com/2026/06/29/AYW0hPwfAkoolM9CyjN3LO9srz4z9mg9glIcMVVO.jpg","tags":[{"type":"standard","category":"smoking","item":"butts","quantity":3}],"objects":[{"status":"OK","on_map":true,"group":"Smoking","subgroup":"","layer":"Cigarette Butts","full_name":"Smoking \u2013 Cigarette Butts","olm_key":"smoking/butts","quantity":3,"picked_up":true}],"groups":["substances"],"has_litter":false,"has_pet_waste":false,"has_substances":true,"zone":"cottonwood_zone_B","zone_edge_m":21.3,"nbhd_edge_m":null}},{"type":"Feature","geometry":{"type":"Point","coordinates":[-122.55687713623,49.216835021973]},"properties":{"id":546101,"datetime":"2026-06-29T02:28:36.000000Z","filename":"https://olm-s3.s3.eu-west-1.amazonaws.com/2026/06/29/cVXl4gEWcWMdMYW9G9NracD618maswiRcs4RecW7.jpg","tags":[{"type":"standard","category":"other","item":"plastic","quantity":1}],"objects":[{"status":"OK","on_map":true,"group":"Piece","subgroup":"","layer":"Plastic Piece","full_name":"Piece \u2013 Plastic Piece","olm_key":"other/plastic","quantity":1,"picked_up":true}],"groups":["litter"],"has_litter":true,"has_pet_waste":false,"has_substances":false,"zone":"cottonwood_zone_B","zone_edge_m":30.6,"nbhd_edge_m":null}},{"type":"Feature","geometry":{"type":"Point","coordinates":[-122.55689239502,49.216354370117]},"properties":{"id":546100,"datetime":"2026-06-29T02:28:17.000000Z","filename":"https://olm-s3.s3.eu-west-1.amazonaws.com/2026/06/29/DI4g3FjaMnwphIdjo2JTYczUfGdmsWdv0fn6Xs3W.jpg","tags":[{"type":"standard","category":"other","item":"plastic","quantity":1},{"type":"custom_tag","category":"custom_tag","item":"Piece","quantity":1,"parent_category":"other","parent_item":"plastic"}],"objects":[{"status":"OK","on_map":true,"group":"Piece","subgroup":"","layer":"Plastic Piece","full_name":"Piece \u2013 Plastic Piece","olm_key":"other/plastic","quantity":1,"picked_up":true}],"groups":["litter"],"has_litter":true,"has_pet_waste":false,"has_substances":false,"zone":"cottonwood_zone_B","zone_edge_m":64.9,"nbhd_edge_m":null}},{"type":"Feature","geometry":{"type":"Point","coordinates":[-122.55686187744,49.216918945312]},"properties":{"id":546099,"datetime":"2026-06-29T02:29:32.000000Z","filename":"https://olm-s3.s3.eu-west-1.amazonaws.com/2026/06/29/wBzsVxzSsbYVkZkkdqY30uSG6lOsKvImpbuGsDkI.jpg","tags":[{"type":"standard","category":"softdrinks","item":"straw_wrapper","quantity":1},{"type":"material","category":"material","item":"plastic","quantity":1,"parent_category":"softdrinks","parent_item":"straw_wrapper"}],"objects":[{"status":"OK","on_map":true,"group":"Convenient Food Drink","subgroup":"Drink","layer":"Drink Straw Wrapper","full_name":"Convenient Food Drink \u2013 Drink \u2013 Drink Straw Wrapper","olm_key":"softdrinks/straw_wrapper","quantity":1,"picked_up":true}],"groups":["litter"],"has_litter":true,"has_pet_waste":false,"has_substances":false,"zone":"cottonwood_zone_B","zone_edge_m":21.3,"nbhd_edge_m":null}},{"type":"Feature","geometry":{"type":"Point","coordinates":[-122.55686187744,49.216918945312]},"properties":{"id":546098,"datetime":"2026-06-29T02:29:23.000000Z","filename":"https://olm-s3.s3.eu-west-1.amazonaws.com/2026/06/29/cpj4i8GfBPu2tCsY26QHzUHpy8XvmHGz4m2qLwWh.jpg","tags":[{"type":"standard","category":"other","item":"other","quantity":2}],"objects":[{"status":"OK","on_map":true,"group":"Household","subgroup":"","layer":"Household misc","full_name":"Household \u2013 Household misc","olm_key":"other/other","quantity":2,"picked_up":true}],"groups":["litter"],"has_litter":true,"has_pet_waste":false,"has_substances":false,"zone":"cottonwood_zone_B","zone_edge_m":21.3,"nbhd_edge_m":null}},{"type":"Feature","geometry":{"type":"Point","coordinates":[-122.55686187744,49.216918945312]},"properties":{"id":546097,"datetime":"2026-06-29T02:29:17.000000Z","filename":"https://olm-s3.s3.eu-west-1.amazonaws.com/2026/06/29/ki2Obh2byA6y728kKURA4vRZfzk6cMeGp0f8Ktxg.jpg","tags":[{"type":"standard","category":"smoking","item":"butts","quantity":1}],"objects":[{"status":"OK","on_map":true,"group":"Smoking","subgroup":"","layer":"Cigarette Butts","full_name":"Smoking \u2013 Cigarette Butts","olm_key":"smoking/butts","quantity":1,"picked_up":true}],"groups":["substances"],"has_litter":false,"has_pet_waste":false,"has_substances":true,"zone":"cottonwood_zone_B","zone_edge_m":21.3,"nbhd_edge_m":null}},{"type":"Feature","geometry":{"type":"Point","coordinates":[-122.55686187744,49.216918945312]},"properties":{"id":546096,"datetime":"2026-06-29T02:29:12.000000Z","filename":"https://olm-s3.s3.eu-west-1.amazonaws.com/2026/06/29/z6BNkYuu06OionF33dKfU902Y7JFKMyBDitFxLZf.jpg","tags":[{"type":"standard","category":"smoking","item":"butts","quantity":2}],"objects":[{"status":"OK","on_map":true,"group":"Smoking","subgroup":"","layer":"Cigarette Butts","full_name":"Smoking \u2013 Cigarette Butts","olm_key":"smoking/butts","quantity":2,"picked_up":true}],"groups":["substances"],"has_litter":false,"has_pet_waste":false,"has_substances":true,"zone":"cottonwood_zone_B","zone_edge_m":21.3,"nbhd_edge_m":null}},{"type":"Feature","geometry":{"type":"Point","coordinates":[-122.55686187744,49.216918945312]},"properties":{"id":546095,"datetime":"2026-06-29T02:30:17.000000Z","filename":"https://olm-s3.s3.eu-west-1.amazonaws.com/2026/06/29/8R2w60yKB9oDkIFGwkX6kJy56MwzYNKIEZIypqmt.jpg","tags":[{"type":"standard","category":"smoking","item":"butts","quantity":1}],"objects":[{"status":"OK","on_map":true,"group":"Smoking","subgroup":"","layer":"Cigarette Butts","full_name":"Smoking \u2013 Cigarette Butts","olm_key":"smoking/butts","quantity":1,"picked_up":true}],"groups":["substances"],"has_litter":false,"has_pet_waste":false,"has_substances":true,"zone":"cottonwood_zone_B","zone_edge_m":21.3,"nbhd_edge_m":null}},{"type":"Feature","geometry":{"type":"Point","coordinates":[-122.55686187744,49.216918945312]},"properties":{"id":546094,"datetime":"2026-06-29T02:30:08.000000Z","filename":"https://olm-s3.s3.eu-west-1.amazonaws.com/2026/06/29/7poH4XFzKYq3xDVIAbEyR1nxW2b2GuElPuCZlu33.jpg","tags":[{"type":"standard","category":"smoking","item":"butts","quantity":1}],"objects":[{"status":"OK","on_map":true,"group":"Smoking","subgroup":"","layer":"Cigarette Butts","full_name":"Smoking \u2013 Cigarette Butts","olm_key":"smoking/butts","quantity":1,"picked_up":true}],"groups":["substances"],"has_litter":false,"has_pet_waste":false,"has_substances":true,"zone":"cottonwood_zone_B","zone_edge_m":21.3,"nbhd_edge_m":null}},{"type":"Feature","geometry":{"type":"Point","coordinates":[-122.55686187744,49.216918945312]},"properties":{"id":546093,"datetime":"2026-06-29T02:30:01.000000Z","filename":"https://olm-s3.s3.eu-west-1.amazonaws.com/2026/06/29/Ceb65EpOfEzSiU50s2o1vFfnnuE6UK7MjPerJBzq.jpg","tags":[{"type":"standard","category":"industrial","item":"other","quantity":1},{"type":"material","category":"material","item":"metal","quantity":1,"parent_category":"industrial","parent_item":"other"}],"objects":[{"status":"OK","on_map":true,"group":"Industrial","subgroup":"","layer":"Industrial Debris","full_name":"Industrial \u2013 Industrial Debris","olm_key":"industrial/other","quantity":1,"picked_up":true}],"groups":["litter"],"has_litter":true,"has_pet_waste":false,"has_substances":false,"zone":"cottonwood_zone_B","zone_edge_m":21.3,"nbhd_edge_m":null}},{"type":"Feature","geometry":{"type":"Point","coordinates":[-122.55686187744,49.216918945312]},"properties":{"id":546092,"datetime":"2026-06-29T02:29:53.000000Z","filename":"https://olm-s3.s3.eu-west-1.amazonaws.com/2026/06/29/pjfQi2NdfdXTcyXyE50FfuTDNwUyOHqxm5KE4Luw.jpg","tags":[{"type":"standard","category":"smoking","item":"butts","quantity":1}],"objects":[{"status":"OK","on_map":true,"group":"Smoking","subgroup":"","layer":"Cigarette Butts","full_name":"Smoking \u2013 Cigarette Butts","olm_key":"smoking/butts","quantity":1,"picked_up":true}],"groups":["substances"],"has_litter":false,"has_pet_waste":false,"has_substances":true,"zone":"cottonwood_zone_B","zone_edge_m":21.3,"nbhd_edge_m":null}},{"type":"Feature","geometry":{"type":"Point","coordinates":[-122.55686187744,49.216918945312]},"properties":{"id":546091,"datetime":"2026-06-29T02:31:20.000000Z","filename":"https://olm-s3.s3.eu-west-1.amazonaws.com/2026/06/29/l4wgVtpJkm3PeZIIv260UOd2O21QeiZbEJjio1F1.jpg","tags":[{"type":"standard","category":"smoking","item":"butts","quantity":1}],"objects":[{"status":"OK","on_map":true,"group":"Smoking","subgroup":"","layer":"Cigarette Butts","full_name":"Smoking \u2013 Cigarette Butts","olm_key":"smoking/butts","quantity":1,"picked_up":true}],"groups":["substances"],"has_litter":false,"has_pet_waste":false,"has_substances":true,"zone":"cottonwood_zone_B","zone_edge_m":21.3,"nbhd_edge_m":null}},{"type":"Feature","geometry":{"type":"Point","coordinates":[-122.55686187744,49.216918945312]},"properties":{"id":546090,"datetime":"2026-06-29T02:31:12.000000Z","filename":"https://olm-s3.s3.eu-west-1.amazonaws.com/2026/06/29/u4iXVL6AC9fhyykrvRjfY0h2WqkJVKr4xfXh20tY.jpg","tags":[{"type":"standard","category":"smoking","item":"butts","quantity":1}],"objects":[{"status":"OK","on_map":true,"group":"Smoking","subgroup":"","layer":"Cigarette Butts","full_name":"Smoking \u2013 Cigarette Butts","olm_key":"smoking/butts","quantity":1,"picked_up":true}],"groups":["substances"],"has_litter":false,"has_pet_waste":false,"has_substances":true,"zone":"cottonwood_zone_B","zone_edge_m":21.3,"nbhd_edge_m":null}},{"type":"Feature","geometry":{"type":"Point","coordinates":[-122.55686187744,49.216918945312]},"properties":{"id":546089,"datetime":"2026-06-29T02:30:42.000000Z","filename":"https://olm-s3.s3.eu-west-1.amazonaws.com/2026/06/29/egF1dMXmHlQ9Aep4hTF7Nw7LoPMvbp8VON0meXkS.jpg","tags":[{"type":"standard","category":"industrial","item":"other","quantity":1},{"type":"material","category":"material","item":"plastic","quantity":1,"parent_category":"industrial","parent_item":"other"},{"type":"custom_tag","category":"custom_tag","item":"Electric","quantity":1,"parent_category":"industrial","parent_item":"other"}],"objects":[{"status":"OK","on_map":true,"group":"Industrial","subgroup":"","layer":"Industrial Debris","full_name":"Industrial \u2013 Industrial Debris","olm_key":"industrial/other","quantity":1,"picked_up":true}],"groups":["litter"],"has_litter":true,"has_pet_waste":false,"has_substances":false,"zone":"cottonwood_zone_B","zone_edge_m":21.3,"nbhd_edge_m":null}},{"type":"Feature","geometry":{"type":"Point","coordinates":[-122.55686187744,49.216918945312]},"properties":{"id":546088,"datetime":"2026-06-29T02:30:26.000000Z","filename":"https://olm-s3.s3.eu-west-1.amazonaws.com/2026/06/29/NPst4ltni2Dnls5yaNNLq60AlMQfLqdq2RiyBVEi.jpg","tags":[{"type":"standard","category":"other","item":"clothing","quantity":1},{"type":"custom_tag","category":"custom_tag","item":"Hair tie","quantity":1,"parent_category":"other","parent_item":"clothing"}],"objects":[{"status":"OK","on_map":true,"group":"Household","subgroup":"","layer":"Abandoned Textile Apparel","full_name":"Household \u2013 Abandoned Textile Apparel","olm_key":"other/clothing","quantity":1,"picked_up":true}],"groups":["litter"],"has_litter":true,"has_pet_waste":false,"has_substances":false,"zone":"cottonwood_zone_B","zone_edge_m":21.3,"nbhd_edge_m":null}},{"type":"Feature","geometry":{"type":"Point","coordinates":[-122.55715179443,49.21728515625]},"properties":{"id":546087,"datetime":"2026-06-29T02:32:10.000000Z","filename":"https://olm-s3.s3.eu-west-1.amazonaws.com/2026/06/29/n2Cr7PbU2as1e32Y1geNqlBcjWZpNmnoMR72ujvw.jpg","tags":[{"type":"standard","category":"smoking","item":"butts","quantity":3}],"objects":[{"status":"OK","on_map":true,"group":"Smoking","subgroup":"","layer":"Cigarette Butts","full_name":"Smoking \u2013 Cigarette Butts","olm_key":"smoking/butts","quantity":3,"picked_up":true}],"groups":["substances"],"has_litter":false,"has_pet_waste":false,"has_substances":true,"zone":"cottonwood_zone_A","zone_edge_m":19.5,"nbhd_edge_m":null}},{"type":"Feature","geometry":{"type":"Point","coordinates":[-122.55715179443,49.21728515625]},"properties":{"id":546086,"datetime":"2026-06-29T02:31:49.000000Z","filename":"https://olm-s3.s3.eu-west-1.amazonaws.com/2026/06/29/izYX3FTMUeT7CjnAOSFwlyO0VOWmpezfCF8SmWYP.jpg","tags":[{"type":"standard","category":"softdrinks","item":"straw_wrapper","quantity":1}],"objects":[{"status":"OK","on_map":true,"group":"Convenient Food Drink","subgroup":"Drink","layer":"Drink Straw Wrapper","full_name":"Convenient Food Drink \u2013 Drink \u2013 Drink Straw Wrapper","olm_key":"softdrinks/straw_wrapper","quantity":1,"picked_up":true}],"groups":["litter"],"has_litter":true,"has_pet_waste":false,"has_substances":false,"zone":"cottonwood_zone_A","zone_edge_m":19.5,"nbhd_edge_m":null}},{"type":"Feature","geometry":{"type":"Point","coordinates":[-122.55715179443,49.21728515625]},"properties":{"id":546085,"datetime":"2026-06-29T02:31:43.000000Z","filename":"https://olm-s3.s3.eu-west-1.amazonaws.com/2026/06/29/QLJLtaOYgUIc4GfrLQJgOTidCfTfOVKQ9fi8TKvK.jpg","tags":[{"type":"standard","category":"other","item":"plastic","quantity":1}],"objects":[{"status":"OK","on_map":true,"group":"Piece","subgroup":"","layer":"Plastic Piece","full_name":"Piece \u2013 Plastic Piece","olm_key":"other/plastic","quantity":1,"picked_up":true}],"groups":["litter"],"has_litter":true,"has_pet_waste":false,"has_substances":false,"zone":"cottonwood_zone_A","zone_edge_m":19.5,"nbhd_edge_m":null}},{"type":"Feature","geometry":{"type":"Point","coordinates":[-122.55715179443,49.21728515625]},"properties":{"id":546084,"datetime":"2026-06-29T02:31:30.000000Z","filename":"https://olm-s3.s3.eu-west-1.amazonaws.com/2026/06/29/GIAJ2wntH34Tz6Q6ds4owHKj6o27XmGlIuGS96jA.jpg","tags":[{"type":"standard","category":"smoking","item":"butts","quantity":1}],"objects":[{"status":"OK","on_map":true,"group":"Smoking","subgroup":"","layer":"Cigarette Butts","full_name":"Smoking \u2013 Cigarette Butts","olm_key":"smoking/butts","quantity":1,"picked_up":true}],"groups":["substances"],"has_litter":false,"has_pet_waste":false,"has_substances":true,"zone":"cottonwood_zone_A","zone_edge_m":19.5,"nbhd_edge_m":null}},{"type":"Feature","geometry":{"type":"Point","coordinates":[-122.55725097656,49.217578887939]},"properties":{"id":546083,"datetime":"2026-06-29T02:33:06.000000Z","filename":"https://olm-s3.s3.eu-west-1.amazonaws.com/2026/06/29/vMWLPyUya0qotQUuYSCcteXM4kqVBeLtf2itjfKn.jpg","tags":[{"type":"standard","category":"industrial","item":"other","quantity":1},{"type":"material","category":"material","item":"paper","quantity":1,"parent_category":"industrial","parent_item":"other"}],"objects":[{"status":"OK","on_map":true,"group":"Industrial","subgroup":"","layer":"Industrial Debris","full_name":"Industrial \u2013 Industrial Debris","olm_key":"industrial/other","quantity":1,"picked_up":true}],"groups":["litter"],"has_litter":true,"has_pet_waste":false,"has_substances":false,"zone":"cottonwood_zone_A","zone_edge_m":52.2,"nbhd_edge_m":null}},{"type":"Feature","geometry":{"type":"Point","coordinates":[-122.55725097656,49.217578887939]},"properties":{"id":546082,"datetime":"2026-06-29T02:32:59.000000Z","filename":"https://olm-s3.s3.eu-west-1.amazonaws.com/2026/06/29/HhVchTLS9LIlwN3csPot08sHRRrgs9zDwMRML06k.jpg","tags":[{"type":"standard","category":"food","item":"wrapper","quantity":1},{"type":"material","category":"material","item":"plastic","quantity":1,"parent_category":"food","parent_item":"wrapper"}],"objects":[{"status":"OK","on_map":true,"group":"Convenient Food Drink","subgroup":"Snack","layer":"Foil / Plastic Film Snack Wrapper","full_name":"Convenient Food Drink \u2013 Snack \u2013 Foil / Plastic Film Snack Wrapper","olm_key":"food/wrapper","quantity":1,"picked_up":true}],"groups":["litter"],"has_litter":true,"has_pet_waste":false,"has_substances":false,"zone":"cottonwood_zone_A","zone_edge_m":52.2,"nbhd_edge_m":null}},{"type":"Feature","geometry":{"type":"Point","coordinates":[-122.55715179443,49.21728515625]},"properties":{"id":546081,"datetime":"2026-06-29T02:32:48.000000Z","filename":"https://olm-s3.s3.eu-west-1.amazonaws.com/2026/06/29/nHFqc7nJX2atUnJB2W0im8toC37lYKqHgdXZMSfa.jpg","tags":[{"type":"standard","category":"industrial","item":"other","quantity":1},{"type":"material","category":"material","item":"metal","quantity":1,"parent_category":"industrial","parent_item":"other"}],"objects":[{"status":"OK","on_map":true,"group":"Industrial","subgroup":"","layer":"Industrial Debris","full_name":"Industrial \u2013 Industrial Debris","olm_key":"industrial/other","quantity":1,"picked_up":true}],"groups":["litter"],"has_litter":true,"has_pet_waste":false,"has_substances":false,"zone":"cottonwood_zone_A","zone_edge_m":19.5,"nbhd_edge_m":null}},{"type":"Feature","geometry":{"type":"Point","coordinates":[-122.55715179443,49.21728515625]},"properties":{"id":546080,"datetime":"2026-06-29T02:32:31.000000Z","filename":"https://olm-s3.s3.eu-west-1.amazonaws.com/2026/06/29/ZJJoVVvLirEtOPpNGeYiHgMIuxYhiSHT0WRKcnXy.jpg","tags":[{"type":"standard","category":"smoking","item":"butts","quantity":1}],"objects":[{"status":"OK","on_map":true,"group":"Smoking","subgroup":"","layer":"Cigarette Butts","full_name":"Smoking \u2013 Cigarette Butts","olm_key":"smoking/butts","quantity":1,"picked_up":true}],"groups":["substances"],"has_litter":false,"has_pet_waste":false,"has_substances":true,"zone":"cottonwood_zone_A","zone_edge_m":19.5,"nbhd_edge_m":null}},{"type":"Feature","geometry":{"type":"Point","coordinates":[-122.55725097656,49.217578887939]},"properties":{"id":546079,"datetime":"2026-06-29T02:34:08.000000Z","filename":"https://olm-s3.s3.eu-west-1.amazonaws.com/2026/06/29/9UsNNHrfaDGH6l1ISyeqEBPl9kUoDpIVHppcIqdV.jpg","tags":[{"type":"standard","category":"food","item":"wrapper","quantity":1},{"type":"custom_tag","category":"custom_tag","item":"brand:rice crispies","quantity":1,"parent_category":"food","parent_item":"wrapper"},{"type":"custom_tag","category":"custom_tag","item":"material:plastic foil","quantity":1,"parent_category":"food","parent_item":"wrapper"}],"objects":[{"status":"OK","on_map":true,"group":"Convenient Food Drink","subgroup":"Snack","layer":"Foil / Plastic Film Snack Wrapper","full_name":"Convenient Food Drink \u2013 Snack \u2013 Foil / Plastic Film Snack Wrapper","olm_key":"food/wrapper","quantity":1,"picked_up":true}],"groups":["litter"],"has_litter":true,"has_pet_waste":false,"has_substances":false,"zone":"cottonwood_zone_A","zone_edge_m":52.2,"nbhd_edge_m":null}},{"type":"Feature","geometry":{"type":"Point","coordinates":[-122.55725097656,49.217578887939]},"properties":{"id":546078,"datetime":"2026-06-29T02:34:02.000000Z","filename":"https://olm-s3.s3.eu-west-1.amazonaws.com/2026/06/29/GmOlPe6a0bLDHBE9wcYv0Gt99bGbgvyUR481svAk.jpg","tags":[{"type":"standard","category":"food","item":"wrapper","quantity":1},{"type":"material","category":"material","item":"plastic","quantity":1,"parent_category":"food","parent_item":"wrapper"},{"type":"brand","category":"brand","item":"Jolly Rancher","quantity":1,"parent_category":"food","parent_item":"wrapper"}],"objects":[{"status":"OK","on_map":true,"group":"Convenient Food Drink","subgroup":"Snack","layer":"Foil / Plastic Film Snack Wrapper","full_name":"Convenient Food Drink \u2013 Snack \u2013 Foil / Plastic Film Snack Wrapper","olm_key":"food/wrapper","quantity":1,"picked_up":true}],"groups":["litter"],"has_litter":true,"has_pet_waste":false,"has_substances":false,"zone":"cottonwood_zone_A","zone_edge_m":52.2,"nbhd_edge_m":null}},{"type":"Feature","geometry":{"type":"Point","coordinates":[-122.55725097656,49.217578887939]},"properties":{"id":546077,"datetime":"2026-06-29T02:33:44.000000Z","filename":"https://olm-s3.s3.eu-west-1.amazonaws.com/2026/06/29/yd4VkSTWaqWzHXA0Frvk5XNLZEno77PGFDHMHuMv.jpg","tags":[{"type":"standard","category":"smoking","item":"butts","quantity":1}],"objects":[{"status":"OK","on_map":true,"group":"Smoking","subgroup":"","layer":"Cigarette Butts","full_name":"Smoking \u2013 Cigarette Butts","olm_key":"smoking/butts","quantity":1,"picked_up":true}],"groups":["substances"],"has_litter":false,"has_pet_waste":false,"has_substances":true,"zone":"cottonwood_zone_A","zone_edge_m":52.2,"nbhd_edge_m":null}},{"type":"Feature","geometry":{"type":"Point","coordinates":[-122.55725097656,49.217578887939]},"properties":{"id":546076,"datetime":"2026-06-29T02:33:29.000000Z","filename":"https://olm-s3.s3.eu-west-1.amazonaws.com/2026/06/29/yP74CgRPhq34JszJbyma2Wbiug2LwMXoHFwTmhNd.jpg","tags":[{"type":"standard","category":"smoking","item":"butts","quantity":1}],"objects":[{"status":"OK","on_map":true,"group":"Smoking","subgroup":"","layer":"Cigarette Butts","full_name":"Smoking \u2013 Cigarette Butts","olm_key":"smoking/butts","quantity":1,"picked_up":true}],"groups":["substances"],"has_litter":false,"has_pet_waste":false,"has_substances":true,"zone":"cottonwood_zone_A","zone_edge_m":52.2,"nbhd_edge_m":null}},{"type":"Feature","geometry":{"type":"Point","coordinates":[-122.55686187744,49.218048095703]},"properties":{"id":546075,"datetime":"2026-06-29T02:34:48.000000Z","filename":"https://olm-s3.s3.eu-west-1.amazonaws.com/2026/06/29/JPafvU8KvRqktjAHvDezyExEyU4dfX0ni7XH6yIN.jpg","tags":[{"type":"standard","category":"industrial","item":"other","quantity":1},{"type":"material","category":"material","item":"paper","quantity":1,"parent_category":"industrial","parent_item":"other"}],"objects":[{"status":"OK","on_map":true,"group":"Industrial","subgroup":"","layer":"Industrial Debris","full_name":"Industrial \u2013 Industrial Debris","olm_key":"industrial/other","quantity":1,"picked_up":true}],"groups":["litter"],"has_litter":true,"has_pet_waste":false,"has_substances":false,"zone":"cottonwood_zone_A","zone_edge_m":62.7,"nbhd_edge_m":null}},{"type":"Feature","geometry":{"type":"Point","coordinates":[-122.55725097656,49.217578887939]},"properties":{"id":546074,"datetime":"2026-06-29T02:34:35.000000Z","filename":"https://olm-s3.s3.eu-west-1.amazonaws.com/2026/06/29/VUR0tPcXaTq9unNbMKzlun8PKlTpxiymlwlX50ob.jpg","tags":[{"type":"standard","category":"other","item":"plastic","quantity":1}],"objects":[{"status":"OK","on_map":true,"group":"Piece","subgroup":"","layer":"Plastic Piece","full_name":"Piece \u2013 Plastic Piece","olm_key":"other/plastic","quantity":1,"picked_up":true}],"groups":["litter"],"has_litter":true,"has_pet_waste":false,"has_substances":false,"zone":"cottonwood_zone_A","zone_edge_m":52.2,"nbhd_edge_m":null}},{"type":"Feature","geometry":{"type":"Point","coordinates":[-122.55725097656,49.217578887939]},"properties":{"id":546073,"datetime":"2026-06-29T02:34:29.000000Z","filename":"https://olm-s3.s3.eu-west-1.amazonaws.com/2026/06/29/KbK1bmjxfxVNtmAkb253KOTX4LAf17PPxZjo9z3O.jpg","tags":[{"type":"standard","category":"industrial","item":"other","quantity":1},{"type":"material","category":"material","item":"metal","quantity":1,"parent_category":"industrial","parent_item":"other"},{"type":"custom_tag","category":"custom_tag","item":"Sharp","quantity":1,"parent_category":"industrial","parent_item":"other"}],"objects":[{"status":"OK","on_map":true,"group":"Industrial","subgroup":"","layer":"Industrial Debris","full_name":"Industrial \u2013 Industrial Debris","olm_key":"industrial/other","quantity":1,"picked_up":true}],"groups":["litter"],"has_litter":true,"has_pet_waste":false,"has_substances":false,"zone":"cottonwood_zone_A","zone_edge_m":52.2,"nbhd_edge_m":null}},{"type":"Feature","geometry":{"type":"Point","coordinates":[-122.55725097656,49.217578887939]},"properties":{"id":546072,"datetime":"2026-06-29T02:34:17.000000Z","filename":"https://olm-s3.s3.eu-west-1.amazonaws.com/2026/06/29/HCk04FnF0fRMlpe5GCqZXOlUKDLabipxGTn8q1FR.jpg","tags":[{"type":"standard","category":"other","item":"plastic","quantity":1},{"type":"standard","category":"smoking","item":"butts","quantity":1}],"objects":[{"status":"OK","on_map":true,"group":"Piece","subgroup":"","layer":"Plastic Piece","full_name":"Piece \u2013 Plastic Piece","olm_key":"other/plastic","quantity":1,"picked_up":true},{"status":"OK","on_map":true,"group":"Smoking","subgroup":"","layer":"Cigarette Butts","full_name":"Smoking \u2013 Cigarette Butts","olm_key":"smoking/butts","quantity":1,"picked_up":true}],"groups":["litter","substances"],"has_litter":true,"has_pet_waste":false,"has_substances":true,"zone":"cottonwood_zone_A","zone_edge_m":52.2,"nbhd_edge_m":null}},{"type":"Feature","geometry":{"type":"Point","coordinates":[-122.55738067627,49.218368530273]},"properties":{"id":546071,"datetime":"2026-06-29T02:35:31.000000Z","filename":"https://olm-s3.s3.eu-west-1.amazonaws.com/2026/06/29/AcZa9loNPEduobOWqf6mlR9e0ss18xu0Le8ARGrR.jpg","tags":[{"type":"standard","category":"alcohol","item":"can","quantity":1,"object_type":"beer"},{"type":"material","category":"material","item":"aluminium","quantity":1,"parent_category":"alcohol","parent_item":"can"},{"type":"brand","category":"brand","item":"budweiser","quantity":1,"parent_category":"alcohol","parent_item":"can"}],"objects":[{"status":"OK","on_map":true,"group":"Household","subgroup":"Liquor","layer":"Liquor Can","full_name":"Household \u2013 Liquor \u2013 Liquor Can","olm_key":"alcohol/can","quantity":1,"picked_up":true}],"groups":["substances"],"has_litter":false,"has_pet_waste":false,"has_substances":true,"zone":"cottonwood_zone_A","zone_edge_m":100.4,"nbhd_edge_m":null}},{"type":"Feature","geometry":{"type":"Point","coordinates":[-122.55738067627,49.218368530273]},"properties":{"id":546069,"datetime":"2026-06-29T02:35:18.000000Z","filename":"https://olm-s3.s3.eu-west-1.amazonaws.com/2026/06/29/o9EBRDUtY1hXUy7Ar4HPI4WZw3B96EP8ipdB7cMB.jpg","tags":[{"type":"standard","category":"food","item":"wrapper","quantity":1},{"type":"material","category":"material","item":"plastic","quantity":1,"parent_category":"food","parent_item":"wrapper"},{"type":"material","category":"material","item":"foil","quantity":1,"parent_category":"food","parent_item":"wrapper"},{"type":"custom_tag","category":"custom_tag","item":"brand:rice crispies","quantity":1,"parent_category":"food","parent_item":"wrapper"}],"objects":[{"status":"OK","on_map":true,"group":"Convenient Food Drink","subgroup":"Snack","layer":"Foil / Plastic Film Snack Wrapper","full_name":"Convenient Food Drink \u2013 Snack \u2013 Foil / Plastic Film Snack Wrapper","olm_key":"food/wrapper","quantity":1,"picked_up":true}],"groups":["litter"],"has_litter":true,"has_pet_waste":false,"has_substances":false,"zone":"cottonwood_zone_A","zone_edge_m":100.4,"nbhd_edge_m":null}},{"type":"Feature","geometry":{"type":"Point","coordinates":[-122.55686187744,49.218048095703]},"properties":{"id":546068,"datetime":"2026-06-29T02:35:05.000000Z","filename":"https://olm-s3.s3.eu-west-1.amazonaws.com/2026/06/29/T8WMNpNZxzcWDKIk8SWcwigxHDL4CFx4aSMDM9vx.jpg","tags":[{"type":"standard","category":"other","item":"plastic","quantity":1},{"type":"material","category":"material","item":"plastic","quantity":1,"parent_category":"other","parent_item":"plastic"},{"type":"custom_tag","category":"custom_tag","item":"Bread clip","quantity":1,"parent_category":"other","parent_item":"plastic"}],"objects":[{"status":"OK","on_map":true,"group":"Piece","subgroup":"","layer":"Plastic Piece","full_name":"Piece \u2013 Plastic Piece","olm_key":"other/plastic","quantity":1,"picked_up":true}],"groups":["litter"],"has_litter":true,"has_pet_waste":false,"has_substances":false,"zone":"cottonwood_zone_A","zone_edge_m":62.7,"nbhd_edge_m":null}},{"type":"Feature","geometry":{"type":"Point","coordinates":[-122.55738067627,49.218368530273]},"properties":{"id":546067,"datetime":"2026-06-29T02:36:36.000000Z","filename":"https://olm-s3.s3.eu-west-1.amazonaws.com/2026/06/29/RWB2haXeBuRyhARfyCMqdzRVbrzlhEVTsTwj5961.jpg","tags":[{"type":"standard","category":"smoking","item":"butts","quantity":1}],"objects":[{"status":"OK","on_map":true,"group":"Smoking","subgroup":"","layer":"Cigarette Butts","full_name":"Smoking \u2013 Cigarette Butts","olm_key":"smoking/butts","quantity":1,"picked_up":true}],"groups":["substances"],"has_litter":false,"has_pet_waste":false,"has_substances":true,"zone":"cottonwood_zone_A","zone_edge_m":100.4,"nbhd_edge_m":null}},{"type":"Feature","geometry":{"type":"Point","coordinates":[-122.55738067627,49.218368530273]},"properties":{"id":546066,"datetime":"2026-06-29T02:36:17.000000Z","filename":"https://olm-s3.s3.eu-west-1.amazonaws.com/2026/06/29/TsbPRAqh3fSMSIbiz5nTzSNtrMYn5BYnuBOTZBPT.jpg","tags":[{"type":"standard","category":"smoking","item":"butts","quantity":2}],"objects":[{"status":"OK","on_map":true,"group":"Smoking","subgroup":"","layer":"Cigarette Butts","full_name":"Smoking \u2013 Cigarette Butts","olm_key":"smoking/butts","quantity":2,"picked_up":true}],"groups":["substances"],"has_litter":false,"has_pet_waste":false,"has_substances":true,"zone":"cottonwood_zone_A","zone_edge_m":100.4,"nbhd_edge_m":null}},{"type":"Feature","geometry":{"type":"Point","coordinates":[-122.55738067627,49.218368530273]},"properties":{"id":546065,"datetime":"2026-06-29T02:36:08.000000Z","filename":"https://olm-s3.s3.eu-west-1.amazonaws.com/2026/06/29/STFLOLUyUGPZYIYIv0RDUwCVKOszIbwjXx0Y2Xsg.jpg","tags":[{"type":"standard","category":"smoking","item":"butts","quantity":1}],"objects":[{"status":"OK","on_map":true,"group":"Smoking","subgroup":"","layer":"Cigarette Butts","full_name":"Smoking \u2013 Cigarette Butts","olm_key":"smoking/butts","quantity":1,"picked_up":true}],"groups":["substances"],"has_litter":false,"has_pet_waste":false,"has_substances":true,"zone":"cottonwood_zone_A","zone_edge_m":100.4,"nbhd_edge_m":null}},{"type":"Feature","geometry":{"type":"Point","coordinates":[-122.55738067627,49.218368530273]},"properties":{"id":546064,"datetime":"2026-06-29T02:35:46.000000Z","filename":"https://olm-s3.s3.eu-west-1.amazonaws.com/2026/06/29/uqo3pTh96KH19l5GLi2CQ0iu4cXoJlwziBFKo6mb.jpg","tags":[{"type":"standard","category":"smoking","item":"butts","quantity":3}],"objects":[{"status":"OK","on_map":true,"group":"Smoking","subgroup":"","layer":"Cigarette Butts","full_name":"Smoking \u2013 Cigarette Butts","olm_key":"smoking/butts","quantity":3,"picked_up":true}],"groups":["substances"],"has_litter":false,"has_pet_waste":false,"has_substances":true,"zone":"cottonwood_zone_A","zone_edge_m":100.4,"nbhd_edge_m":null}},{"type":"Feature","geometry":{"type":"Point","coordinates":[-122.55725860596,49.218284606934]},"properties":{"id":546063,"datetime":"2026-06-29T02:37:32.000000Z","filename":"https://olm-s3.s3.eu-west-1.amazonaws.com/2026/06/29/sObnSyEYrY0jfUiWV1uRaq59tUBNB9uRwaAzf2ra.jpg","tags":[{"type":"standard","category":"industrial","item":"other","quantity":1},{"type":"custom_tag","category":"custom_tag","item":"construction waste","quantity":1,"parent_category":"industrial","parent_item":"other"}],"objects":[{"status":"OK","on_map":true,"group":"Industrial","subgroup":"","layer":"Industrial Debris","full_name":"Industrial \u2013 Industrial Debris","olm_key":"industrial/other","quantity":1,"picked_up":true}],"groups":["litter"],"has_litter":true,"has_pet_waste":false,"has_substances":false,"zone":"cottonwood_zone_A","zone_edge_m":91.5,"nbhd_edge_m":null}},{"type":"Feature","geometry":{"type":"Point","coordinates":[-122.55725860596,49.218284606934]},"properties":{"id":546062,"datetime":"2026-06-29T02:37:14.000000Z","filename":"https://olm-s3.s3.eu-west-1.amazonaws.com/2026/06/29/hvT1pj55RXOQ8sc4wqy4o6F3r2Il1KFyu6walsUV.jpg","tags":[{"type":"standard","category":"food","item":"wrapper","quantity":1}],"objects":[{"status":"OK","on_map":true,"group":"Convenient Food Drink","subgroup":"Snack","layer":"Foil / Plastic Film Snack Wrapper","full_name":"Convenient Food Drink \u2013 Snack \u2013 Foil / Plastic Film Snack Wrapper","olm_key":"food/wrapper","quantity":1,"picked_up":true}],"groups":["litter"],"has_litter":true,"has_pet_waste":false,"has_substances":false,"zone":"cottonwood_zone_A","zone_edge_m":91.5,"nbhd_edge_m":null}},{"type":"Feature","geometry":{"type":"Point","coordinates":[-122.55725860596,49.218284606934]},"properties":{"id":546061,"datetime":"2026-06-29T02:37:06.000000Z","filename":"https://olm-s3.s3.eu-west-1.amazonaws.com/2026/06/29/zPAtOYKr6eb7CCNJgfV4hgKwb8WHWZ81e5V7ijmG.jpg","tags":[{"type":"standard","category":"industrial","item":"other","quantity":1},{"type":"material","category":"material","item":"paper","quantity":1,"parent_category":"industrial","parent_item":"other"},{"type":"custom_tag","category":"custom_tag","item":"Construction tag","quantity":1,"parent_category":"industrial","parent_item":"other"}],"objects":[{"status":"OK","on_map":true,"group":"Industrial","subgroup":"","layer":"Industrial Debris","full_name":"Industrial \u2013 Industrial Debris","olm_key":"industrial/other","quantity":1,"picked_up":true}],"groups":["litter"],"has_litter":true,"has_pet_waste":false,"has_substances":false,"zone":"cottonwood_zone_A","zone_edge_m":91.5,"nbhd_edge_m":null}},{"type":"Feature","geometry":{"type":"Point","coordinates":[-122.55725860596,49.218284606934]},"properties":{"id":546060,"datetime":"2026-06-29T02:36:49.000000Z","filename":"https://olm-s3.s3.eu-west-1.amazonaws.com/2026/06/29/lOtvtOT7xp21FdjB6GwMbRhDB66PPdzYMxXegwgz.jpg","tags":[{"type":"standard","category":"other","item":"plastic","quantity":1},{"type":"custom_tag","category":"custom_tag","item":"Piece","quantity":1,"parent_category":"other","parent_item":"plastic"}],"objects":[{"status":"OK","on_map":true,"group":"Piece","subgroup":"","layer":"Plastic Piece","full_name":"Piece \u2013 Plastic Piece","olm_key":"other/plastic","quantity":1,"picked_up":true}],"groups":["litter"],"has_litter":true,"has_pet_waste":false,"has_substances":false,"zone":"cottonwood_zone_A","zone_edge_m":91.5,"nbhd_edge_m":null}},{"type":"Feature","geometry":{"type":"Point","coordinates":[-122.55693817139,49.21875]},"properties":{"id":546059,"datetime":"2026-06-29T02:38:04.000000Z","filename":"https://olm-s3.s3.eu-west-1.amazonaws.com/2026/06/29/E02cYIg1kC5e8uhobuKzZN2a81K2V85qEl32DV1N.jpg","tags":[{"type":"standard","category":"smoking","item":"butts","quantity":1}],"objects":[{"status":"OK","on_map":true,"group":"Smoking","subgroup":"","layer":"Cigarette Butts","full_name":"Smoking \u2013 Cigarette Butts","olm_key":"smoking/butts","quantity":1,"picked_up":true}],"groups":["substances"],"has_litter":false,"has_pet_waste":false,"has_substances":true,"zone":"cottonwood_zone_A","zone_edge_m":68.2,"nbhd_edge_m":null}},{"type":"Feature","geometry":{"type":"Point","coordinates":[-122.55727386475,49.218494415283]},"properties":{"id":546058,"datetime":"2026-06-29T02:38:00.000000Z","filename":"https://olm-s3.s3.eu-west-1.amazonaws.com/2026/06/29/ByNPAHEjmRl6HoRfXDpV5kC2ny6q2ANzAvOH9c3L.jpg","tags":[{"type":"standard","category":"other","item":"paper","quantity":1}],"objects":[{"status":"OK","on_map":true,"group":"Piece","subgroup":"","layer":"Paper Piece","full_name":"Piece \u2013 Paper Piece","olm_key":"other/paper","quantity":1,"picked_up":true}],"groups":["litter"],"has_litter":true,"has_pet_waste":false,"has_substances":false,"zone":"cottonwood_zone_A","zone_edge_m":92.6,"nbhd_edge_m":null}},{"type":"Feature","geometry":{"type":"Point","coordinates":[-122.55725860596,49.218284606934]},"properties":{"id":546057,"datetime":"2026-06-29T02:37:47.000000Z","filename":"https://olm-s3.s3.eu-west-1.amazonaws.com/2026/06/29/XAMe624jJwxwOu731LJ4bT5I6souVBaaxICyXH7b.jpg","tags":[{"type":"standard","category":"food","item":"wrapper","quantity":1},{"type":"material","category":"material","item":"plastic","quantity":1,"parent_category":"food","parent_item":"wrapper"},{"type":"custom_tag","category":"custom_tag","item":"brand:hi-chew","quantity":1,"parent_category":"food","parent_item":"wrapper"}],"objects":[{"status":"OK","on_map":true,"group":"Convenient Food Drink","subgroup":"Snack","layer":"Foil / Plastic Film Snack Wrapper","full_name":"Convenient Food Drink \u2013 Snack \u2013 Foil / Plastic Film Snack Wrapper","olm_key":"food/wrapper","quantity":1,"picked_up":true}],"groups":["litter"],"has_litter":true,"has_pet_waste":false,"has_substances":false,"zone":"cottonwood_zone_A","zone_edge_m":91.5,"nbhd_edge_m":null}},{"type":"Feature","geometry":{"type":"Point","coordinates":[-122.55725860596,49.218284606934]},"properties":{"id":546056,"datetime":"2026-06-29T02:37:41.000000Z","filename":"https://olm-s3.s3.eu-west-1.amazonaws.com/2026/06/29/2TH12nLCHBj5BcXydHujP1C4Jrn4vMJqSARnrJyG.jpg","tags":[{"type":"standard","category":"food","item":"wrapper","quantity":2},{"type":"material","category":"material","item":"plastic","quantity":1,"parent_category":"food","parent_item":"wrapper"},{"type":"custom_tag","category":"custom_tag","item":"brand:hi-chew","quantity":1,"parent_category":"food","parent_item":"wrapper"}],"objects":[{"status":"OK","on_map":true,"group":"Convenient Food Drink","subgroup":"Snack","layer":"Foil / Plastic Film Snack Wrapper","full_name":"Convenient Food Drink \u2013 Snack \u2013 Foil / Plastic Film Snack Wrapper","olm_key":"food/wrapper","quantity":2,"picked_up":true}],"groups":["litter"],"has_litter":true,"has_pet_waste":false,"has_substances":false,"zone":"cottonwood_zone_A","zone_edge_m":91.5,"nbhd_edge_m":null}},{"type":"Feature","geometry":{"type":"Point","coordinates":[-122.55690002441,49.218837738037]},"properties":{"id":546055,"datetime":"2026-06-29T02:38:40.000000Z","filename":"https://olm-s3.s3.eu-west-1.amazonaws.com/2026/06/29/DWfyspc1PPxMK8ExAMbKHAzJSrg3FLKfbyjERNTH.jpg","tags":[{"type":"standard","category":"smoking","item":"butts","quantity":1}],"objects":[{"status":"OK","on_map":true,"group":"Smoking","subgroup":"","layer":"Cigarette Butts","full_name":"Smoking \u2013 Cigarette Butts","olm_key":"smoking/butts","quantity":1,"picked_up":true}],"groups":["substances"],"has_litter":false,"has_pet_waste":false,"has_substances":true,"zone":"cottonwood_zone_A","zone_edge_m":65.4,"nbhd_edge_m":null}},{"type":"Feature","geometry":{"type":"Point","coordinates":[-122.55690002441,49.218837738037]},"properties":{"id":546054,"datetime":"2026-06-29T02:38:31.000000Z","filename":"https://olm-s3.s3.eu-west-1.amazonaws.com/2026/06/29/bWtWJbvDARVMm3N0wT2FyKoN7ZFCqvcE8nqWGxw1.jpg","tags":[{"type":"standard","category":"smoking","item":"butts","quantity":1}],"objects":[{"status":"OK","on_map":true,"group":"Smoking","subgroup":"","layer":"Cigarette Butts","full_name":"Smoking \u2013 Cigarette Butts","olm_key":"smoking/butts","quantity":1,"picked_up":true}],"groups":["substances"],"has_litter":false,"has_pet_waste":false,"has_substances":true,"zone":"cottonwood_zone_A","zone_edge_m":65.4,"nbhd_edge_m":null}},{"type":"Feature","geometry":{"type":"Point","coordinates":[-122.55693054199,49.218814849854]},"properties":{"id":546053,"datetime":"2026-06-29T02:38:22.000000Z","filename":"https://olm-s3.s3.eu-west-1.amazonaws.com/2026/06/29/cizphtlcoxVFRSJgKOuZ6wVbNewWdlH5o2Zyo87y.jpg","tags":[{"type":"standard","category":"smoking","item":"butts","quantity":1}],"objects":[{"status":"OK","on_map":true,"group":"Smoking","subgroup":"","layer":"Cigarette Butts","full_name":"Smoking \u2013 Cigarette Butts","olm_key":"smoking/butts","quantity":1,"picked_up":true}],"groups":["substances"],"has_litter":false,"has_pet_waste":false,"has_substances":true,"zone":"cottonwood_zone_A","zone_edge_m":67.7,"nbhd_edge_m":null}},{"type":"Feature","geometry":{"type":"Point","coordinates":[-122.5569229126,49.218753814697]},"properties":{"id":546052,"datetime":"2026-06-29T02:38:11.000000Z","filename":"https://olm-s3.s3.eu-west-1.amazonaws.com/2026/06/29/qvZ6adzGM4JNAuYZYfvJ5nDTBHQwYDSRgXhgTS87.jpg","tags":[{"type":"standard","category":"other","item":"plastic","quantity":1}],"objects":[{"status":"OK","on_map":true,"group":"Piece","subgroup":"","layer":"Plastic Piece","full_name":"Piece \u2013 Plastic Piece","olm_key":"other/plastic","quantity":1,"picked_up":true}],"groups":["litter"],"has_litter":true,"has_pet_waste":false,"has_substances":false,"zone":"cottonwood_zone_A","zone_edge_m":67.1,"nbhd_edge_m":null}},{"type":"Feature","geometry":{"type":"Point","coordinates":[-122.55690002441,49.218837738037]},"properties":{"id":546051,"datetime":"2026-06-29T02:38:54.000000Z","filename":"https://olm-s3.s3.eu-west-1.amazonaws.com/2026/06/29/HCmq5jThTxB4iNz3g1TcPS2SFh88efa0ZgqLrcKQ.jpg","tags":[{"type":"standard","category":"sanitary","item":"tissue","quantity":1}],"objects":[{"status":"OK","on_map":true,"group":"Household","subgroup":"","layer":"Hygiene Paper","full_name":"Household \u2013 Hygiene Paper","olm_key":"sanitary/tissue","quantity":1,"picked_up":true}],"groups":["litter"],"has_litter":true,"has_pet_waste":false,"has_substances":false,"zone":"cottonwood_zone_A","zone_edge_m":65.4,"nbhd_edge_m":null}},{"type":"Feature","geometry":{"type":"Point","coordinates":[-122.55690002441,49.218837738037]},"properties":{"id":546049,"datetime":"2026-06-29T02:38:46.000000Z","filename":"https://olm-s3.s3.eu-west-1.amazonaws.com/2026/06/29/o9OGGVNeveERK3uXveAqIgLsKe6FpVR1hPcxRPCG.jpg","tags":[{"type":"standard","category":"food","item":"tinfoil","quantity":1}],"objects":[{"status":"OK","on_map":true,"group":"Piece","subgroup":"","layer":"Foil Piece","full_name":"Piece \u2013 Foil Piece","olm_key":"food/tinfoil","quantity":1,"picked_up":true}],"groups":["litter"],"has_litter":true,"has_pet_waste":false,"has_substances":false,"zone":"cottonwood_zone_A","zone_edge_m":65.4,"nbhd_edge_m":null}},{"type":"Feature","geometry":{"type":"Point","coordinates":[-122.55690002441,49.218837738037]},"properties":{"id":546048,"datetime":"2026-06-29T02:39:17.000000Z","filename":"https://olm-s3.s3.eu-west-1.amazonaws.com/2026/06/29/8QPcBbuSFLrzFoIyxba4ZIFbbwPZcY35NhiLdmTk.jpg","tags":[{"type":"standard","category":"other","item":"paper","quantity":1},{"type":"custom_tag","category":"custom_tag","item":"receipt","quantity":1,"parent_category":"other","parent_item":"paper"}],"objects":[{"status":"OK","on_map":true,"group":"Piece","subgroup":"","layer":"Paper Piece","full_name":"Piece \u2013 Paper Piece","olm_key":"other/paper","quantity":1,"picked_up":true}],"groups":["litter"],"has_litter":true,"has_pet_waste":false,"has_substances":false,"zone":"cottonwood_zone_A","zone_edge_m":65.4,"nbhd_edge_m":null}},{"type":"Feature","geometry":{"type":"Point","coordinates":[-122.55689239502,49.218845367432]},"properties":{"id":546047,"datetime":"2026-06-29T02:39:31.000000Z","filename":"https://olm-s3.s3.eu-west-1.amazonaws.com/2026/06/29/OT0Rdmppt1CSyyFf3Ye5ETX0lYadjkcLAvvuszCX.jpg","tags":[{"type":"standard","category":"food","item":"napkins","quantity":1}],"objects":[{"status":"OK","on_map":true,"group":"Convenient Food Drink","subgroup":"Take-out","layer":"Napkins","full_name":"Convenient Food Drink \u2013 Take-out \u2013 Napkins","olm_key":"food/napkins","quantity":1,"picked_up":true}],"groups":["litter"],"has_litter":true,"has_pet_waste":false,"has_substances":false,"zone":"cottonwood_zone_A","zone_edge_m":64.9,"nbhd_edge_m":null}},{"type":"Feature","geometry":{"type":"Point","coordinates":[-122.55689239502,49.218845367432]},"properties":{"id":546046,"datetime":"2026-06-29T02:39:38.000000Z","filename":"https://olm-s3.s3.eu-west-1.amazonaws.com/2026/06/29/xqPvbUt6sPF7soHUZ0Lqhm66n2xOAfRxNWblNwvZ.jpg","tags":[{"type":"standard","category":"softdrinks","item":"straw_wrapper","quantity":1}],"objects":[{"status":"OK","on_map":true,"group":"Convenient Food Drink","subgroup":"Drink","layer":"Drink Straw Wrapper","full_name":"Convenient Food Drink \u2013 Drink \u2013 Drink Straw Wrapper","olm_key":"softdrinks/straw_wrapper","quantity":1,"picked_up":true}],"groups":["litter"],"has_litter":true,"has_pet_waste":false,"has_substances":false,"zone":"cottonwood_zone_A","zone_edge_m":64.9,"nbhd_edge_m":null}},{"type":"Feature","geometry":{"type":"Point","coordinates":[-122.55689239502,49.218845367432]},"properties":{"id":546045,"datetime":"2026-06-29T02:40:15.000000Z","filename":"https://olm-s3.s3.eu-west-1.amazonaws.com/2026/06/29/Mlr4P0l1Bwh1TDQPaeyJbgtlFP2DkzWAbjF8Jh0z.jpg","tags":[{"type":"standard","category":"food","item":"napkins","quantity":1}],"objects":[{"status":"OK","on_map":true,"group":"Convenient Food Drink","subgroup":"Take-out","layer":"Napkins","full_name":"Convenient Food Drink \u2013 Take-out \u2013 Napkins","olm_key":"food/napkins","quantity":1,"picked_up":true}],"groups":["litter"],"has_litter":true,"has_pet_waste":false,"has_substances":false,"zone":"cottonwood_zone_A","zone_edge_m":64.9,"nbhd_edge_m":null}},{"type":"Feature","geometry":{"type":"Point","coordinates":[-122.55689239502,49.218845367432]},"properties":{"id":546044,"datetime":"2026-06-29T02:40:22.000000Z","filename":"https://olm-s3.s3.eu-west-1.amazonaws.com/2026/06/29/Mr6vvfrhEinbIIwDWyTjT7sKBX36ddtNMgmBAtKU.jpg","tags":[{"type":"standard","category":"other","item":"paper","quantity":1},{"type":"custom_tag","category":"custom_tag","item":"business card","quantity":1,"parent_category":"other","parent_item":"paper"}],"objects":[{"status":"OK","on_map":true,"group":"Piece","subgroup":"","layer":"Paper Piece","full_name":"Piece \u2013 Paper Piece","olm_key":"other/paper","quantity":1,"picked_up":true}],"groups":["litter"],"has_litter":true,"has_pet_waste":false,"has_substances":false,"zone":"cottonwood_zone_A","zone_edge_m":64.9,"nbhd_edge_m":null}},{"type":"Feature","geometry":{"type":"Point","coordinates":[-122.55689239502,49.218845367432]},"properties":{"id":546043,"datetime":"2026-06-29T02:41:02.000000Z","filename":"https://olm-s3.s3.eu-west-1.amazonaws.com/2026/06/29/tm3YVK9OFpxBadbuXi2q6WSo7TWjVSQX6f2LTRKD.jpg","tags":[{"type":"standard","category":"softdrinks","item":"straw_wrapper","quantity":1}],"objects":[{"status":"OK","on_map":true,"group":"Convenient Food Drink","subgroup":"Drink","layer":"Drink Straw Wrapper","full_name":"Convenient Food Drink \u2013 Drink \u2013 Drink Straw Wrapper","olm_key":"softdrinks/straw_wrapper","quantity":1,"picked_up":true}],"groups":["litter"],"has_litter":true,"has_pet_waste":false,"has_substances":false,"zone":"cottonwood_zone_A","zone_edge_m":64.9,"nbhd_edge_m":null}},{"type":"Feature","geometry":{"type":"Point","coordinates":[-122.55689239502,49.218845367432]},"properties":{"id":546042,"datetime":"2026-06-29T02:40:34.000000Z","filename":"https://olm-s3.s3.eu-west-1.amazonaws.com/2026/06/29/oETBAfoMbUBXV1pdTvvvHcG9euCF2UKEJ3C6cHZS.jpg","tags":[{"type":"standard","category":"softdrinks","item":"straw_wrapper","quantity":1}],"objects":[{"status":"OK","on_map":true,"group":"Convenient Food Drink","subgroup":"Drink","layer":"Drink Straw Wrapper","full_name":"Convenient Food Drink \u2013 Drink \u2013 Drink Straw Wrapper","olm_key":"softdrinks/straw_wrapper","quantity":1,"picked_up":true}],"groups":["litter"],"has_litter":true,"has_pet_waste":false,"has_substances":false,"zone":"cottonwood_zone_A","zone_edge_m":64.9,"nbhd_edge_m":null}},{"type":"Feature","geometry":{"type":"Point","coordinates":[-122.55689239502,49.218845367432]},"properties":{"id":546041,"datetime":"2026-06-29T02:40:28.000000Z","filename":"https://olm-s3.s3.eu-west-1.amazonaws.com/2026/06/29/TyD7iCnqyaLYkWoOZNfXkDX0HGyp9B77uMH7Qoyh.jpg","tags":[{"type":"standard","category":"smoking","item":"butts","quantity":1}],"objects":[{"status":"OK","on_map":true,"group":"Smoking","subgroup":"","layer":"Cigarette Butts","full_name":"Smoking \u2013 Cigarette Butts","olm_key":"smoking/butts","quantity":1,"picked_up":true}],"groups":["substances"],"has_litter":false,"has_pet_waste":false,"has_substances":true,"zone":"cottonwood_zone_A","zone_edge_m":64.9,"nbhd_edge_m":null}},{"type":"Feature","geometry":{"type":"Point","coordinates":[-122.56160736084,49.209403991699]},"properties":{"id":546040,"datetime":"2026-06-29T03:09:03.000000Z","filename":"https://olm-s3.s3.eu-west-1.amazonaws.com/2026/06/29/sZrV0Mn5kEythOMBGlJ59FfB8WETGqXehLkoOihr.jpg","tags":[{"type":"standard","category":"other","item":"plastic","quantity":1},{"type":"custom_tag","category":"custom_tag","item":"construction waste","quantity":1,"parent_category":"other","parent_item":"plastic"}],"objects":[{"status":"OK","on_map":true,"group":"Piece","subgroup":"","layer":"Plastic Piece","full_name":"Piece \u2013 Plastic Piece","olm_key":"other/plastic","quantity":1,"picked_up":true}],"groups":["litter"],"has_litter":true,"has_pet_waste":false,"has_substances":false,"zone":"cottonwood_zone_D","zone_edge_m":41.9,"nbhd_edge_m":null}},{"type":"Feature","geometry":{"type":"Point","coordinates":[-122.55689239502,49.218845367432]},"properties":{"id":546039,"datetime":"2026-06-29T02:41:06.000000Z","filename":"https://olm-s3.s3.eu-west-1.amazonaws.com/2026/06/29/CAJVFtuQqaeRrLfiPUThMefJ8wbJMtR9ZEAxztLC.jpg","tags":[{"type":"standard","category":"softdrinks","item":"straw_wrapper","quantity":1}],"objects":[{"status":"OK","on_map":true,"group":"Convenient Food Drink","subgroup":"Drink","layer":"Drink Straw Wrapper","full_name":"Convenient Food Drink \u2013 Drink \u2013 Drink Straw Wrapper","olm_key":"softdrinks/straw_wrapper","quantity":1,"picked_up":true}],"groups":["litter"],"has_litter":true,"has_pet_waste":false,"has_substances":false,"zone":"cottonwood_zone_A","zone_edge_m":64.9,"nbhd_edge_m":null}},{"type":"Feature","geometry":{"type":"Point","coordinates":[-122.55689239502,49.218845367432]},"properties":{"id":546038,"datetime":"2026-06-29T02:41:49.000000Z","filename":"https://olm-s3.s3.eu-west-1.amazonaws.com/2026/06/29/m7BMEqFN2DWeJcpeoHrI81K1IGpTR6L6kNN5dO1R.jpg","tags":[{"type":"standard","category":"food","item":"napkins","quantity":1},{"type":"standard","category":"softdrinks","item":"straw_wrapper","quantity":1}],"objects":[{"status":"OK","on_map":true,"group":"Convenient Food Drink","subgroup":"Take-out","layer":"Napkins","full_name":"Convenient Food Drink \u2013 Take-out \u2013 Napkins","olm_key":"food/napkins","quantity":1,"picked_up":true},{"status":"OK","on_map":true,"group":"Convenient Food Drink","subgroup":"Drink","layer":"Drink Straw Wrapper","full_name":"Convenient Food Drink \u2013 Drink \u2013 Drink Straw Wrapper","olm_key":"softdrinks/straw_wrapper","quantity":1,"picked_up":true}],"groups":["litter"],"has_litter":true,"has_pet_waste":false,"has_substances":false,"zone":"cottonwood_zone_A","zone_edge_m":64.9,"nbhd_edge_m":null}},{"type":"Feature","geometry":{"type":"Point","coordinates":[-122.55689239502,49.218845367432]},"properties":{"id":546037,"datetime":"2026-06-29T02:41:44.000000Z","filename":"https://olm-s3.s3.eu-west-1.amazonaws.com/2026/06/29/jVI5lPTHQigNqyzjpRwV7Q5C8LwBQGiA34wQ5tOw.jpg","tags":[{"type":"standard","category":"other","item":"plastic","quantity":1},{"type":"material","category":"material","item":"foil","quantity":1,"parent_category":"other","parent_item":"plastic"},{"type":"material","category":"material","item":"plastic","quantity":1,"parent_category":"other","parent_item":"plastic"},{"type":"custom_tag","category":"custom_tag","item":"Piece","quantity":1,"parent_category":"other","parent_item":"plastic"}],"objects":[{"status":"OK","on_map":true,"group":"Piece","subgroup":"","layer":"Plastic Piece","full_name":"Piece \u2013 Plastic Piece","olm_key":"other/plastic","quantity":1,"picked_up":true}],"groups":["litter"],"has_litter":true,"has_pet_waste":false,"has_substances":false,"zone":"cottonwood_zone_A","zone_edge_m":64.9,"nbhd_edge_m":null}},{"type":"Feature","geometry":{"type":"Point","coordinates":[-122.55689239502,49.218845367432]},"properties":{"id":546036,"datetime":"2026-06-29T02:41:33.000000Z","filename":"https://olm-s3.s3.eu-west-1.amazonaws.com/2026/06/29/BZVYOutN2Cqlm5yGOZBVbnFKSHCeOUg8ahq9iWhx.jpg","tags":[{"type":"standard","category":"marine","item":"polystyrene_fragment","quantity":1}],"objects":[{"status":"OK","on_map":true,"group":"Piece","subgroup":"","layer":"Styrofoam Piece","full_name":"Piece \u2013 Styrofoam Piece","olm_key":"marine/polystyrene_fragment","quantity":1,"picked_up":true}],"groups":["litter"],"has_litter":true,"has_pet_waste":false,"has_substances":false,"zone":"cottonwood_zone_A","zone_edge_m":64.9,"nbhd_edge_m":null}},{"type":"Feature","geometry":{"type":"Point","coordinates":[-122.55689239502,49.218845367432]},"properties":{"id":546035,"datetime":"2026-06-29T02:41:12.000000Z","filename":"https://olm-s3.s3.eu-west-1.amazonaws.com/2026/06/29/SrUAk1Y5jj4pgT3X7tEmf1YEGgiLQ6fH8fLIjYJ7.jpg","tags":[{"type":"standard","category":"food","item":"napkins","quantity":1}],"objects":[{"status":"OK","on_map":true,"group":"Convenient Food Drink","subgroup":"Take-out","layer":"Napkins","full_name":"Convenient Food Drink \u2013 Take-out \u2013 Napkins","olm_key":"food/napkins","quantity":1,"picked_up":true}],"groups":["litter"],"has_litter":true,"has_pet_waste":false,"has_substances":false,"zone":"cottonwood_zone_A","zone_edge_m":64.9,"nbhd_edge_m":null}},{"type":"Feature","geometry":{"type":"Point","coordinates":[-122.55709075928,49.218589782715]},"properties":{"id":546034,"datetime":"2026-06-29T02:42:39.000000Z","filename":"https://olm-s3.s3.eu-west-1.amazonaws.com/2026/06/29/PVCG9Mr96F5T89ShOD2W7ryMu5Xz5kGnVzO3mVC5.jpg","tags":[{"type":"standard","category":"sanitary","item":"tissue","quantity":1}],"objects":[{"status":"OK","on_map":true,"group":"Household","subgroup":"","layer":"Hygiene Paper","full_name":"Household \u2013 Hygiene Paper","olm_key":"sanitary/tissue","quantity":1,"picked_up":true}],"groups":["litter"],"has_litter":true,"has_pet_waste":false,"has_substances":false,"zone":"cottonwood_zone_A","zone_edge_m":79.3,"nbhd_edge_m":null}},{"type":"Feature","geometry":{"type":"Point","coordinates":[-122.55689239502,49.218845367432]},"properties":{"id":546033,"datetime":"2026-06-29T02:42:18.000000Z","filename":"https://olm-s3.s3.eu-west-1.amazonaws.com/2026/06/29/0TadFzpKy2WT9rYrJ5zOwCxSzyjSZwOCP4OFU1D2.jpg","tags":[{"type":"standard","category":"softdrinks","item":"straw","quantity":1},{"type":"standard","category":"softdrinks","item":"cup","quantity":1,"object_type":"smoothie"},{"type":"material","category":"material","item":"plastic","quantity":1,"parent_category":"softdrinks","parent_item":"cup"},{"type":"brand","category":"brand","item":"tim_hortons","quantity":1,"parent_category":"softdrinks","parent_item":"cup"}],"objects":[{"status":"OK","on_map":true,"group":"Convenient Food Drink","subgroup":"Drink","layer":"Paper Drink Straws","full_name":"Convenient Food Drink \u2013 Drink \u2013 Paper Drink Straws","olm_key":"softdrinks/straw","quantity":1,"picked_up":true},{"status":"OK","on_map":true,"group":"Convenient Food Drink","subgroup":"Drink","layer":"Cold Beverage Cup","full_name":"Convenient Food Drink \u2013 Drink \u2013 Cold Beverage Cup","olm_key":"softdrinks/cup","quantity":1,"picked_up":true}],"groups":["litter"],"has_litter":true,"has_pet_waste":false,"has_substances":false,"zone":"cottonwood_zone_A","zone_edge_m":64.9,"nbhd_edge_m":null}},{"type":"Feature","geometry":{"type":"Point","coordinates":[-122.55689239502,49.218845367432]},"properties":{"id":546032,"datetime":"2026-06-29T02:42:07.000000Z","filename":"https://olm-s3.s3.eu-west-1.amazonaws.com/2026/06/29/TGsYPNOQ1UopZDjgr2ZfKLwmlRONrOexYHuvfA52.jpg","tags":[{"type":"standard","category":"other","item":"plastic","quantity":1}],"objects":[{"status":"OK","on_map":true,"group":"Piece","subgroup":"","layer":"Plastic Piece","full_name":"Piece \u2013 Plastic Piece","olm_key":"other/plastic","quantity":1,"picked_up":true}],"groups":["litter"],"has_litter":true,"has_pet_waste":false,"has_substances":false,"zone":"cottonwood_zone_A","zone_edge_m":64.9,"nbhd_edge_m":null}},{"type":"Feature","geometry":{"type":"Point","coordinates":[-122.55689239502,49.218845367432]},"properties":{"id":546031,"datetime":"2026-06-29T02:41:59.000000Z","filename":"https://olm-s3.s3.eu-west-1.amazonaws.com/2026/06/29/IxohNMzHGanHSJyEKKomxWwwxr70q7vNKOPFWTEw.jpg","tags":[{"type":"standard","category":"other","item":"paper","quantity":1},{"type":"custom_tag","category":"custom_tag","item":"flyer","quantity":1,"parent_category":"other","parent_item":"paper"}],"objects":[{"status":"OK","on_map":true,"group":"Piece","subgroup":"","layer":"Paper Piece","full_name":"Piece \u2013 Paper Piece","olm_key":"other/paper","quantity":1,"picked_up":true}],"groups":["litter"],"has_litter":true,"has_pet_waste":false,"has_substances":false,"zone":"cottonwood_zone_A","zone_edge_m":64.9,"nbhd_edge_m":null}},{"type":"Feature","geometry":{"type":"Point","coordinates":[-122.55716705322,49.218460083008]},"properties":{"id":546030,"datetime":"2026-06-29T02:43:15.000000Z","filename":"https://olm-s3.s3.eu-west-1.amazonaws.com/2026/06/29/MSoknIsmpXmTyBgMqWPzcux5asxITBNn9G9rVXD2.jpg","tags":[{"type":"standard","category":"other","item":"plastic","quantity":1},{"type":"custom_tag","category":"custom_tag","item":"Lid safety seal","quantity":1,"parent_category":"other","parent_item":"plastic"}],"objects":[{"status":"OK","on_map":true,"group":"Piece","subgroup":"","layer":"Plastic Piece","full_name":"Piece \u2013 Plastic Piece","olm_key":"other/plastic","quantity":1,"picked_up":true}],"groups":["litter"],"has_litter":true,"has_pet_waste":false,"has_substances":false,"zone":"cottonwood_zone_A","zone_edge_m":84.9,"nbhd_edge_m":null}},{"type":"Feature","geometry":{"type":"Point","coordinates":[-122.55716705322,49.218460083008]},"properties":{"id":546029,"datetime":"2026-06-29T02:43:12.000000Z","filename":"https://olm-s3.s3.eu-west-1.amazonaws.com/2026/06/29/E3rcpq1HicbJiM7PxOp8OiHD7jpaFdB9iUQhEK5d.jpg","tags":[{"type":"standard","category":"pets","item":"dogshit_in_bag","quantity":1}],"objects":[{"status":"OK","on_map":true,"group":"Fecal","subgroup":"","layer":"Pet Waste Bagged","full_name":"Fecal \u2013 Pet Waste Bagged","olm_key":"pets/dogshit_in_bag","quantity":1,"picked_up":false}],"groups":["pet_waste"],"has_litter":false,"has_pet_waste":true,"has_substances":false,"zone":"cottonwood_zone_A","zone_edge_m":84.9,"nbhd_edge_m":null}},{"type":"Feature","geometry":{"type":"Point","coordinates":[-122.55716705322,49.218460083008]},"properties":{"id":546028,"datetime":"2026-06-29T02:42:59.000000Z","filename":"https://olm-s3.s3.eu-west-1.amazonaws.com/2026/06/29/kp6oKiH7BwnggNSC8xcL3qUrFkHwNMcAHRiZl2Mn.jpg","tags":[{"type":"standard","category":"other","item":"plastic","quantity":2},{"type":"standard","category":"softdrinks","item":"cup","quantity":1,"object_type":"smoothie"},{"type":"material","category":"material","item":"plastic","quantity":1,"parent_category":"softdrinks","parent_item":"cup"},{"type":"brand","category":"brand","item":"mcdonalds","quantity":1,"parent_category":"softdrinks","parent_item":"cup"},{"type":"standard","category":"softdrinks","item":"straw","quantity":1},{"type":"standard","category":"softdrinks","item":"lid","quantity":1}],"objects":[{"status":"OK","on_map":true,"group":"Piece","subgroup":"","layer":"Plastic Piece","full_name":"Piece \u2013 Plastic Piece","olm_key":"other/plastic","quantity":2,"picked_up":true},{"status":"OK","on_map":true,"group":"Convenient Food Drink","subgroup":"Drink","layer":"Cold Beverage Cup","full_name":"Convenient Food Drink \u2013 Drink \u2013 Cold Beverage Cup","olm_key":"softdrinks/cup","quantity":1,"picked_up":true},{"status":"OK","on_map":true,"group":"Convenient Food Drink","subgroup":"Drink","layer":"Paper Drink Straws","full_name":"Convenient Food Drink \u2013 Drink \u2013 Paper Drink Straws","olm_key":"softdrinks/straw","quantity":1,"picked_up":true},{"status":"OK","on_map":true,"group":"Convenient Food Drink","subgroup":"Drink","layer":"Cold Beverage Lid","full_name":"Convenient Food Drink \u2013 Drink \u2013 Cold Beverage Lid","olm_key":"softdrinks/lid","quantity":1,"picked_up":true}],"groups":["litter"],"has_litter":true,"has_pet_waste":false,"has_substances":false,"zone":"cottonwood_zone_A","zone_edge_m":84.9,"nbhd_edge_m":null}},{"type":"Feature","geometry":{"type":"Point","coordinates":[-122.55716705322,49.218460083008]},"properties":{"id":546027,"datetime":"2026-06-29T02:43:28.000000Z","filename":"https://olm-s3.s3.eu-west-1.amazonaws.com/2026/06/29/xxokNe2rrdWLAl6XnlwEBleWz8ElQbGFKdqA9lQZ.jpg","tags":[{"type":"standard","category":"food","item":"napkins","quantity":1}],"objects":[{"status":"OK","on_map":true,"group":"Convenient Food Drink","subgroup":"Take-out","layer":"Napkins","full_name":"Convenient Food Drink \u2013 Take-out \u2013 Napkins","olm_key":"food/napkins","quantity":1,"picked_up":true}],"groups":["litter"],"has_litter":true,"has_pet_waste":false,"has_substances":false,"zone":"cottonwood_zone_A","zone_edge_m":84.9,"nbhd_edge_m":null}},{"type":"Feature","geometry":{"type":"Point","coordinates":[-122.55716705322,49.218460083008]},"properties":{"id":546026,"datetime":"2026-06-29T02:44:34.000000Z","filename":"https://olm-s3.s3.eu-west-1.amazonaws.com/2026/06/29/8dFTY2fgY5Pit3ONmL747edKTAx43cOUZdzlcKB4.jpg","tags":[{"type":"standard","category":"softdrinks","item":"cup","quantity":1,"object_type":"tea"},{"type":"material","category":"material","item":"paper","quantity":1,"parent_category":"softdrinks","parent_item":"cup"},{"type":"custom_tag","category":"custom_tag","item":"brand:Nature Cup","quantity":1,"parent_category":"softdrinks","parent_item":"cup"}],"objects":[{"status":"OK","on_map":true,"group":"Convenient Food Drink","subgroup":"Drink","layer":"Cold Beverage Cup","full_name":"Convenient Food Drink \u2013 Drink \u2013 Cold Beverage Cup","olm_key":"softdrinks/cup","quantity":1,"picked_up":true}],"groups":["litter"],"has_litter":true,"has_pet_waste":false,"has_substances":false,"zone":"cottonwood_zone_A","zone_edge_m":84.9,"nbhd_edge_m":null}},{"type":"Feature","geometry":{"type":"Point","coordinates":[-122.55716705322,49.218460083008]},"properties":{"id":546025,"datetime":"2026-06-29T02:44:00.000000Z","filename":"https://olm-s3.s3.eu-west-1.amazonaws.com/2026/06/29/wi92W8W0t9zJk2MXVRfw1EMb406eUK8C2uhv41vp.jpg","tags":[{"type":"standard","category":"softdrinks","item":"straw_wrapper","quantity":1}],"objects":[{"status":"OK","on_map":true,"group":"Convenient Food Drink","subgroup":"Drink","layer":"Drink Straw Wrapper","full_name":"Convenient Food Drink \u2013 Drink \u2013 Drink Straw Wrapper","olm_key":"softdrinks/straw_wrapper","quantity":1,"picked_up":true}],"groups":["litter"],"has_litter":true,"has_pet_waste":false,"has_substances":false,"zone":"cottonwood_zone_A","zone_edge_m":84.9,"nbhd_edge_m":null}},{"type":"Feature","geometry":{"type":"Point","coordinates":[-122.55716705322,49.218460083008]},"properties":{"id":546024,"datetime":"2026-06-29T02:43:56.000000Z","filename":"https://olm-s3.s3.eu-west-1.amazonaws.com/2026/06/29/X9a6FMC9aW8JnN1R0ddfk45R1jeI2lLBKT890FNe.jpg","tags":[{"type":"standard","category":"softdrinks","item":"bottle_cap","quantity":1},{"type":"material","category":"material","item":"plastic","quantity":1,"parent_category":"softdrinks","parent_item":"bottle_cap"}],"objects":[{"status":"OK","on_map":true,"group":"Convenient Food Drink","subgroup":"Drink","layer":"Drink Bottle Cap","full_name":"Convenient Food Drink \u2013 Drink \u2013 Drink Bottle Cap","olm_key":"softdrinks/bottle_cap","quantity":1,"picked_up":true}],"groups":["litter"],"has_litter":true,"has_pet_waste":false,"has_substances":false,"zone":"cottonwood_zone_A","zone_edge_m":84.9,"nbhd_edge_m":null}},{"type":"Feature","geometry":{"type":"Point","coordinates":[-122.55716705322,49.218460083008]},"properties":{"id":546023,"datetime":"2026-06-29T02:43:48.000000Z","filename":"https://olm-s3.s3.eu-west-1.amazonaws.com/2026/06/29/OfTRM2ICl2aMGnDAemCqKIq9Bu3E3S0pVTDoPFsx.jpg","tags":[{"type":"standard","category":"other","item":"plastic","quantity":1},{"type":"material","category":"material","item":"plastic","quantity":1,"parent_category":"other","parent_item":"plastic"},{"type":"custom_tag","category":"custom_tag","item":"construction waste","quantity":1,"parent_category":"other","parent_item":"plastic"}],"objects":[{"status":"OK","on_map":true,"group":"Piece","subgroup":"","layer":"Plastic Piece","full_name":"Piece \u2013 Plastic Piece","olm_key":"other/plastic","quantity":1,"picked_up":true}],"groups":["litter"],"has_litter":true,"has_pet_waste":false,"has_substances":false,"zone":"cottonwood_zone_A","zone_edge_m":84.9,"nbhd_edge_m":null}},{"type":"Feature","geometry":{"type":"Point","coordinates":[-122.55713653564,49.218032836914]},"properties":{"id":546022,"datetime":"2026-06-29T02:47:32.000000Z","filename":"https://olm-s3.s3.eu-west-1.amazonaws.com/2026/06/29/0XOmtKuiBEQdAoUzEcxEueVAuNOOUR5H6JzE26ea.jpg","tags":[{"type":"standard","category":"smoking","item":"packaging","quantity":1},{"type":"custom_tag","category":"custom_tag","item":"THC","quantity":1,"parent_category":"smoking","parent_item":"packaging"}],"objects":[{"status":"OK","on_map":true,"group":"Smoking","subgroup":"","layer":"Cannabis Packaging","full_name":"Smoking \u2013 Cannabis Packaging","olm_key":"smoking/packaging","quantity":1,"picked_up":true}],"groups":["substances"],"has_litter":false,"has_pet_waste":false,"has_substances":true,"zone":"cottonwood_zone_A","zone_edge_m":82.6,"nbhd_edge_m":null}},{"type":"Feature","geometry":{"type":"Point","coordinates":[-122.55713653564,49.218032836914]},"properties":{"id":546021,"datetime":"2026-06-29T02:47:16.000000Z","filename":"https://olm-s3.s3.eu-west-1.amazonaws.com/2026/06/29/gr9j16DPvRE4LQfzxbj9nPjw9cetSYWQV5lKAbVN.jpg","tags":[{"type":"standard","category":"smoking","item":"butts","quantity":1}],"objects":[{"status":"OK","on_map":true,"group":"Smoking","subgroup":"","layer":"Cigarette Butts","full_name":"Smoking \u2013 Cigarette Butts","olm_key":"smoking/butts","quantity":1,"picked_up":true}],"groups":["substances"],"has_litter":false,"has_pet_waste":false,"has_substances":true,"zone":"cottonwood_zone_A","zone_edge_m":82.6,"nbhd_edge_m":null}},{"type":"Feature","geometry":{"type":"Point","coordinates":[-122.55713653564,49.218032836914]},"properties":{"id":546020,"datetime":"2026-06-29T02:47:04.000000Z","filename":"https://olm-s3.s3.eu-west-1.amazonaws.com/2026/06/29/jF3BwhMPDIDdc4M8GmjKwqYXLnhDGxbDpk1qtsXW.jpg","tags":[{"type":"standard","category":"other","item":"paper","quantity":1}],"objects":[{"status":"OK","on_map":true,"group":"Piece","subgroup":"","layer":"Paper Piece","full_name":"Piece \u2013 Paper Piece","olm_key":"other/paper","quantity":1,"picked_up":true}],"groups":["litter"],"has_litter":true,"has_pet_waste":false,"has_substances":false,"zone":"cottonwood_zone_A","zone_edge_m":82.6,"nbhd_edge_m":null}},{"type":"Feature","geometry":{"type":"Point","coordinates":[-122.55716705322,49.218460083008]},"properties":{"id":546019,"datetime":"2026-06-29T02:44:42.000000Z","filename":"https://olm-s3.s3.eu-west-1.amazonaws.com/2026/06/29/ay1YapmB1wnXMbfTFFvC0RCxFA8lSFHqN4bv31wm.jpg","tags":[{"type":"standard","category":"softdrinks","item":"straw","quantity":1},{"type":"standard","category":"softdrinks","item":"lid","quantity":1}],"objects":[{"status":"OK","on_map":true,"group":"Convenient Food Drink","subgroup":"Drink","layer":"Paper Drink Straws","full_name":"Convenient Food Drink \u2013 Drink \u2013 Paper Drink Straws","olm_key":"softdrinks/straw","quantity":1,"picked_up":true},{"status":"OK","on_map":true,"group":"Convenient Food Drink","subgroup":"Drink","layer":"Cold Beverage Lid","full_name":"Convenient Food Drink \u2013 Drink \u2013 Cold Beverage Lid","olm_key":"softdrinks/lid","quantity":1,"picked_up":true}],"groups":["litter"],"has_litter":true,"has_pet_waste":false,"has_substances":false,"zone":"cottonwood_zone_A","zone_edge_m":84.9,"nbhd_edge_m":null}},{"type":"Feature","geometry":{"type":"Point","coordinates":[-122.55712890625,49.217262268066]},"properties":{"id":546018,"datetime":"2026-06-29T02:48:52.000000Z","filename":"https://olm-s3.s3.eu-west-1.amazonaws.com/2026/06/29/ER6vjspToqjR8TBfXLeWfZzOpTmhRqlNWo7RpH34.jpg","tags":[{"type":"standard","category":"food","item":"wrapper","quantity":1},{"type":"material","category":"material","item":"plastic","quantity":1,"parent_category":"food","parent_item":"wrapper"},{"type":"brand","category":"brand","item":"mr-freeze","quantity":1,"parent_category":"food","parent_item":"wrapper"}],"objects":[{"status":"OK","on_map":true,"group":"Convenient Food Drink","subgroup":"Snack","layer":"Foil / Plastic Film Snack Wrapper","full_name":"Convenient Food Drink \u2013 Snack \u2013 Foil / Plastic Film Snack Wrapper","olm_key":"food/wrapper","quantity":1,"picked_up":true}],"groups":["litter"],"has_litter":true,"has_pet_waste":false,"has_substances":false,"zone":"cottonwood_zone_A","zone_edge_m":17.0,"nbhd_edge_m":null}},{"type":"Feature","geometry":{"type":"Point","coordinates":[-122.55712127686,49.217739105225]},"properties":{"id":546017,"datetime":"2026-06-29T02:48:01.000000Z","filename":"https://olm-s3.s3.eu-west-1.amazonaws.com/2026/06/29/H80djR5QPlojzyZ82b7XhOQW8ZDTja4NLljzuNNo.jpg","tags":[{"type":"standard","category":"food","item":"wrapper","quantity":1}],"objects":[{"status":"OK","on_map":true,"group":"Convenient Food Drink","subgroup":"Snack","layer":"Foil / Plastic Film Snack Wrapper","full_name":"Convenient Food Drink \u2013 Snack \u2013 Foil / Plastic Film Snack Wrapper","olm_key":"food/wrapper","quantity":1,"picked_up":true}],"groups":["litter"],"has_litter":true,"has_pet_waste":false,"has_substances":false,"zone":"cottonwood_zone_A","zone_edge_m":70.0,"nbhd_edge_m":null}},{"type":"Feature","geometry":{"type":"Point","coordinates":[-122.55712127686,49.217739105225]},"properties":{"id":546016,"datetime":"2026-06-29T02:47:52.000000Z","filename":"https://olm-s3.s3.eu-west-1.amazonaws.com/2026/06/29/UAWYcydrulBZd9Yjl4cM7Han4omG6Q67sZLmKBob.jpg","tags":[{"type":"standard","category":"smoking","item":"butts","quantity":1}],"objects":[{"status":"OK","on_map":true,"group":"Smoking","subgroup":"","layer":"Cigarette Butts","full_name":"Smoking \u2013 Cigarette Butts","olm_key":"smoking/butts","quantity":1,"picked_up":true}],"groups":["substances"],"has_litter":false,"has_pet_waste":false,"has_substances":true,"zone":"cottonwood_zone_A","zone_edge_m":70.0,"nbhd_edge_m":null}},{"type":"Feature","geometry":{"type":"Point","coordinates":[-122.55712890625,49.217262268066]},"properties":{"id":546015,"datetime":"2026-06-29T02:49:08.000000Z","filename":"https://olm-s3.s3.eu-west-1.amazonaws.com/2026/06/29/pDGCyYj6gifbdYgY6CGyU4s0O1JwG6s1G0LEk591.jpg","tags":[{"type":"standard","category":"smoking","item":"butts","quantity":1}],"objects":[{"status":"OK","on_map":true,"group":"Smoking","subgroup":"","layer":"Cigarette Butts","full_name":"Smoking \u2013 Cigarette Butts","olm_key":"smoking/butts","quantity":1,"picked_up":true}],"groups":["substances"],"has_litter":false,"has_pet_waste":false,"has_substances":true,"zone":"cottonwood_zone_A","zone_edge_m":17.0,"nbhd_edge_m":null}},{"type":"Feature","geometry":{"type":"Point","coordinates":[-122.55712890625,49.217262268066]},"properties":{"id":546014,"datetime":"2026-06-29T02:49:46.000000Z","filename":"https://olm-s3.s3.eu-west-1.amazonaws.com/2026/06/29/S0EnXzbhflueuMYJuzpyZr5hEmzgBLrQVWSmD2Im.jpg","tags":[{"type":"standard","category":"smoking","item":"butts","quantity":2}],"objects":[{"status":"OK","on_map":true,"group":"Smoking","subgroup":"","layer":"Cigarette Butts","full_name":"Smoking \u2013 Cigarette Butts","olm_key":"smoking/butts","quantity":2,"picked_up":true}],"groups":["substances"],"has_litter":false,"has_pet_waste":false,"has_substances":true,"zone":"cottonwood_zone_A","zone_edge_m":17.0,"nbhd_edge_m":null}},{"type":"Feature","geometry":{"type":"Point","coordinates":[-122.55712890625,49.217262268066]},"properties":{"id":546013,"datetime":"2026-06-29T02:49:40.000000Z","filename":"https://olm-s3.s3.eu-west-1.amazonaws.com/2026/06/29/PbySWFjOlngxffchjw6kFpmuQayWH6bLoUKYab04.jpg","tags":[{"type":"standard","category":"smoking","item":"butts","quantity":1}],"objects":[{"status":"OK","on_map":true,"group":"Smoking","subgroup":"","layer":"Cigarette Butts","full_name":"Smoking \u2013 Cigarette Butts","olm_key":"smoking/butts","quantity":1,"picked_up":true}],"groups":["substances"],"has_litter":false,"has_pet_waste":false,"has_substances":true,"zone":"cottonwood_zone_A","zone_edge_m":17.0,"nbhd_edge_m":null}},{"type":"Feature","geometry":{"type":"Point","coordinates":[-122.55712890625,49.217262268066]},"properties":{"id":546012,"datetime":"2026-06-29T02:49:28.000000Z","filename":"https://olm-s3.s3.eu-west-1.amazonaws.com/2026/06/29/UKENmKpYiLUAUm6KHfcKbCwShmNvGcDZGUSMHS1R.jpg","tags":[{"type":"standard","category":"food","item":"packaging","quantity":1},{"type":"brand","category":"brand","item":"tim_hortons","quantity":1,"parent_category":"food","parent_item":"packaging"}],"objects":[{"status":"OK","on_map":true,"group":"Convenient Food Drink","subgroup":"Take-out","layer":"Food Packaging","full_name":"Convenient Food Drink \u2013 Take-out \u2013 Food Packaging","olm_key":"food/packaging","quantity":1,"picked_up":true}],"groups":["litter"],"has_litter":true,"has_pet_waste":false,"has_substances":false,"zone":"cottonwood_zone_A","zone_edge_m":17.0,"nbhd_edge_m":null}},{"type":"Feature","geometry":{"type":"Point","coordinates":[-122.55712890625,49.217262268066]},"properties":{"id":546011,"datetime":"2026-06-29T02:49:13.000000Z","filename":"https://olm-s3.s3.eu-west-1.amazonaws.com/2026/06/29/uCrRaQHn9UWGstEqYLsoVi3j9jKx5XM1xLYTlieS.jpg","tags":[{"type":"standard","category":"smoking","item":"butts","quantity":1}],"objects":[{"status":"OK","on_map":true,"group":"Smoking","subgroup":"","layer":"Cigarette Butts","full_name":"Smoking \u2013 Cigarette Butts","olm_key":"smoking/butts","quantity":1,"picked_up":true}],"groups":["substances"],"has_litter":false,"has_pet_waste":false,"has_substances":true,"zone":"cottonwood_zone_A","zone_edge_m":17.0,"nbhd_edge_m":null}},{"type":"Feature","geometry":{"type":"Point","coordinates":[-122.55707550049,49.216732025146]},"properties":{"id":546010,"datetime":"2026-06-29T02:50:39.000000Z","filename":"https://olm-s3.s3.eu-west-1.amazonaws.com/2026/06/29/phqCsWgForMet9BMGFWdVutVGYpucfwKBymRjMMp.jpg","tags":[{"type":"standard","category":"smoking","item":"butts","quantity":1}],"objects":[{"status":"OK","on_map":true,"group":"Smoking","subgroup":"","layer":"Cigarette Butts","full_name":"Smoking \u2013 Cigarette Butts","olm_key":"smoking/butts","quantity":1,"picked_up":true}],"groups":["substances"],"has_litter":false,"has_pet_waste":false,"has_substances":true,"zone":"cottonwood_zone_B","zone_edge_m":42.1,"nbhd_edge_m":null}},{"type":"Feature","geometry":{"type":"Point","coordinates":[-122.55707550049,49.216732025146]},"properties":{"id":546009,"datetime":"2026-06-29T02:50:32.000000Z","filename":"https://olm-s3.s3.eu-west-1.amazonaws.com/2026/06/29/lA7rOCcoC7r8rGNt64PJrKhf7QsNOfNvCdDhgpzu.jpg","tags":[{"type":"standard","category":"other","item":"balloon","quantity":1}],"objects":[{"status":"OK","on_map":true,"group":"Household","subgroup":"","layer":"Party Litter","full_name":"Household \u2013 Party Litter","olm_key":"other/balloon","quantity":1,"picked_up":true}],"groups":["litter"],"has_litter":true,"has_pet_waste":false,"has_substances":false,"zone":"cottonwood_zone_B","zone_edge_m":42.1,"nbhd_edge_m":null}},{"type":"Feature","geometry":{"type":"Point","coordinates":[-122.55707550049,49.216732025146]},"properties":{"id":546007,"datetime":"2026-06-29T02:50:14.000000Z","filename":"https://olm-s3.s3.eu-west-1.amazonaws.com/2026/06/29/PKzDSInGiXDW4gmQc4F0GHe0a4hapwUIUumqC3x3.jpg","tags":[{"type":"standard","category":"softdrinks","item":"bottle","quantity":1,"object_type":"sports"},{"type":"brand","category":"brand","item":"gatorade","quantity":1,"parent_category":"softdrinks","parent_item":"bottle"}],"objects":[{"status":"OK","on_map":true,"group":"Convenient Food Drink","subgroup":"Drink","layer":"Plastic or Glass Drink Bottle","full_name":"Convenient Food Drink \u2013 Drink \u2013 Plastic or Glass Drink Bottle","olm_key":"softdrinks/bottle","quantity":1,"picked_up":true}],"groups":["litter"],"has_litter":true,"has_pet_waste":false,"has_substances":false,"zone":"cottonwood_zone_B","zone_edge_m":42.1,"nbhd_edge_m":null}},{"type":"Feature","geometry":{"type":"Point","coordinates":[-122.55701446533,49.216236114502]},"properties":{"id":546006,"datetime":"2026-06-29T02:52:08.000000Z","filename":"https://olm-s3.s3.eu-west-1.amazonaws.com/2026/06/29/6wlsH9ZRL6qe7QilxK58kErq5nWArEXBuDHsiHRw.jpg","tags":[{"type":"standard","category":"other","item":"plastic","quantity":1}],"objects":[{"status":"OK","on_map":true,"group":"Piece","subgroup":"","layer":"Plastic Piece","full_name":"Piece \u2013 Plastic Piece","olm_key":"other/plastic","quantity":1,"picked_up":true}],"groups":["litter"],"has_litter":true,"has_pet_waste":false,"has_substances":false,"zone":"cottonwood_zone_B","zone_edge_m":73.8,"nbhd_edge_m":null}},{"type":"Feature","geometry":{"type":"Point","coordinates":[-122.55701446533,49.216236114502]},"properties":{"id":546005,"datetime":"2026-06-29T02:51:55.000000Z","filename":"https://olm-s3.s3.eu-west-1.amazonaws.com/2026/06/29/EkuuXwizW13VmDxw0ifDnoTGe1AqLCcUOqaqmGpn.jpg","tags":[{"type":"standard","category":"smoking","item":"butts","quantity":2}],"objects":[{"status":"OK","on_map":true,"group":"Smoking","subgroup":"","layer":"Cigarette Butts","full_name":"Smoking \u2013 Cigarette Butts","olm_key":"smoking/butts","quantity":2,"picked_up":true}],"groups":["substances"],"has_litter":false,"has_pet_waste":false,"has_substances":true,"zone":"cottonwood_zone_B","zone_edge_m":73.8,"nbhd_edge_m":null}},{"type":"Feature","geometry":{"type":"Point","coordinates":[-122.55707550049,49.216732025146]},"properties":{"id":546004,"datetime":"2026-06-29T02:50:44.000000Z","filename":"https://olm-s3.s3.eu-west-1.amazonaws.com/2026/06/29/JWSH96Q9IHtuNdotTCTacmQav8vDjbRBUoa879lG.jpg","tags":[{"type":"standard","category":"food","item":"bag","quantity":1},{"type":"material","category":"material","item":"paper","quantity":1,"parent_category":"food","parent_item":"bag"},{"type":"brand","category":"brand","item":"mcdonalds","quantity":1,"parent_category":"food","parent_item":"bag"}],"objects":[{"status":"OK","on_map":true,"group":"Household","subgroup":"","layer":"Plastic (#4) or Paper Food Bag","full_name":"Household \u2013 Plastic (#4) or Paper Food Bag","olm_key":"food/bag","quantity":1,"picked_up":true}],"groups":["litter"],"has_litter":true,"has_pet_waste":false,"has_substances":false,"zone":"cottonwood_zone_B","zone_edge_m":42.1,"nbhd_edge_m":null}},{"type":"Feature","geometry":{"type":"Point","coordinates":[-122.55701446533,49.216236114502]},"properties":{"id":546003,"datetime":"2026-06-29T02:52:17.000000Z","filename":"https://olm-s3.s3.eu-west-1.amazonaws.com/2026/06/29/G72Jaxt1Z8hhFtdsJP5wevGx1saUrYbxPWSYYLoj.jpg","tags":[{"type":"standard","category":"smoking","item":"butts","quantity":1}],"objects":[{"status":"OK","on_map":true,"group":"Smoking","subgroup":"","layer":"Cigarette Butts","full_name":"Smoking \u2013 Cigarette Butts","olm_key":"smoking/butts","quantity":1,"picked_up":true}],"groups":["substances"],"has_litter":false,"has_pet_waste":false,"has_substances":true,"zone":"cottonwood_zone_B","zone_edge_m":73.8,"nbhd_edge_m":null}},{"type":"Feature","geometry":{"type":"Point","coordinates":[-122.55707550049,49.216934204102]},"properties":{"id":546002,"datetime":"2026-06-29T02:53:11.000000Z","filename":"https://olm-s3.s3.eu-west-1.amazonaws.com/2026/06/29/NSBh5TMuiZKzqeu40HfKYXFNyA7wvamOVw30ZjDk.jpg","tags":[{"type":"standard","category":"softdrinks","item":"cup","quantity":1},{"type":"brand","category":"brand","item":"mcdonalds","quantity":1,"parent_category":"softdrinks","parent_item":"cup"}],"objects":[{"status":"OK","on_map":true,"group":"Convenient Food Drink","subgroup":"Drink","layer":"Cold Beverage Cup","full_name":"Convenient Food Drink \u2013 Drink \u2013 Cold Beverage Cup","olm_key":"softdrinks/cup","quantity":1,"picked_up":true}],"groups":["litter"],"has_litter":true,"has_pet_waste":false,"has_substances":false,"zone":"cottonwood_zone_B","zone_edge_m":19.6,"nbhd_edge_m":null}},{"type":"Feature","geometry":{"type":"Point","coordinates":[-122.55701446533,49.216236114502]},"properties":{"id":546001,"datetime":"2026-06-29T02:52:50.000000Z","filename":"https://olm-s3.s3.eu-west-1.amazonaws.com/2026/06/29/eko46sZtTbyCckRI3EJIWgT0emg9tT1A81vjWg3q.jpg","tags":[{"type":"standard","category":"smoking","item":"butts","quantity":1}],"objects":[{"status":"OK","on_map":true,"group":"Smoking","subgroup":"","layer":"Cigarette Butts","full_name":"Smoking \u2013 Cigarette Butts","olm_key":"smoking/butts","quantity":1,"picked_up":true}],"groups":["substances"],"has_litter":false,"has_pet_waste":false,"has_substances":true,"zone":"cottonwood_zone_B","zone_edge_m":73.8,"nbhd_edge_m":null}},{"type":"Feature","geometry":{"type":"Point","coordinates":[-122.55701446533,49.216236114502]},"properties":{"id":546000,"datetime":"2026-06-29T02:52:38.000000Z","filename":"https://olm-s3.s3.eu-west-1.amazonaws.com/2026/06/29/J65VnRBVMaW7X8x4xvomUMiuugvwcyLFxVVngsYi.jpg","tags":[{"type":"standard","category":"smoking","item":"butts","quantity":1}],"objects":[{"status":"OK","on_map":true,"group":"Smoking","subgroup":"","layer":"Cigarette Butts","full_name":"Smoking \u2013 Cigarette Butts","olm_key":"smoking/butts","quantity":1,"picked_up":true}],"groups":["substances"],"has_litter":false,"has_pet_waste":false,"has_substances":true,"zone":"cottonwood_zone_B","zone_edge_m":73.8,"nbhd_edge_m":null}},{"type":"Feature","geometry":{"type":"Point","coordinates":[-122.55701446533,49.216236114502]},"properties":{"id":545999,"datetime":"2026-06-29T02:52:21.000000Z","filename":"https://olm-s3.s3.eu-west-1.amazonaws.com/2026/06/29/1qTtw6aZTGbUQZRtd0VPLmtd4W9Pb555GwY6FMQB.jpg","tags":[{"type":"standard","category":"food","item":"gum","quantity":1}],"objects":[{"status":"OK","on_map":true,"group":"Convenient Food Drink","subgroup":"Snack","layer":"Chewed Gum","full_name":"Convenient Food Drink \u2013 Snack \u2013 Chewed Gum","olm_key":"food/gum","quantity":1,"picked_up":true}],"groups":["litter"],"has_litter":true,"has_pet_waste":false,"has_substances":false,"zone":"cottonwood_zone_B","zone_edge_m":73.8,"nbhd_edge_m":null}},{"type":"Feature","geometry":{"type":"Point","coordinates":[-122.55696105957,49.215431213379]},"properties":{"id":545998,"datetime":"2026-06-29T02:53:53.000000Z","filename":"https://olm-s3.s3.eu-west-1.amazonaws.com/2026/06/29/mZFnA6pWkhaFyMcPhj6KUMx691ikqjCaXX4jzHyZ.jpg","tags":[{"type":"standard","category":"pets","item":"dogshit_in_bag","quantity":1}],"objects":[{"status":"OK","on_map":true,"group":"Fecal","subgroup":"","layer":"Pet Waste Bagged","full_name":"Fecal \u2013 Pet Waste Bagged","olm_key":"pets/dogshit_in_bag","quantity":1,"picked_up":false}],"groups":["pet_waste"],"has_litter":false,"has_pet_waste":true,"has_substances":false,"zone":"cottonwood_zone_B","zone_edge_m":69.9,"nbhd_edge_m":null}},{"type":"Feature","geometry":{"type":"Point","coordinates":[-122.55696105957,49.215431213379]},"properties":{"id":545997,"datetime":"2026-06-29T02:53:34.000000Z","filename":"https://olm-s3.s3.eu-west-1.amazonaws.com/2026/06/29/AbFYTfu25CIPlZqi3TFXOQjhVHuZ3xdWzbZT2An7.jpg","tags":[{"type":"standard","category":"food","item":"napkins","quantity":1}],"objects":[{"status":"OK","on_map":true,"group":"Convenient Food Drink","subgroup":"Take-out","layer":"Napkins","full_name":"Convenient Food Drink \u2013 Take-out \u2013 Napkins","olm_key":"food/napkins","quantity":1,"picked_up":true}],"groups":["litter"],"has_litter":true,"has_pet_waste":false,"has_substances":false,"zone":"cottonwood_zone_B","zone_edge_m":69.9,"nbhd_edge_m":null}},{"type":"Feature","geometry":{"type":"Point","coordinates":[-122.55696105957,49.215431213379]},"properties":{"id":545996,"datetime":"2026-06-29T02:53:28.000000Z","filename":"https://olm-s3.s3.eu-west-1.amazonaws.com/2026/06/29/S02TSzUXgGlPAW4KeVaED5BA0zCroc3LvLU3V5FI.jpg","tags":[{"type":"standard","category":"smoking","item":"butts","quantity":1}],"objects":[{"status":"OK","on_map":true,"group":"Smoking","subgroup":"","layer":"Cigarette Butts","full_name":"Smoking \u2013 Cigarette Butts","olm_key":"smoking/butts","quantity":1,"picked_up":true}],"groups":["substances"],"has_litter":false,"has_pet_waste":false,"has_substances":true,"zone":"cottonwood_zone_B","zone_edge_m":69.9,"nbhd_edge_m":null}},{"type":"Feature","geometry":{"type":"Point","coordinates":[-122.55696105957,49.215431213379]},"properties":{"id":545995,"datetime":"2026-06-29T02:53:17.000000Z","filename":"https://olm-s3.s3.eu-west-1.amazonaws.com/2026/06/29/uwnLac3kHf3YmAkv09LCRaXr6nnMYmNrxDkXcJQB.jpg","tags":[{"type":"standard","category":"smoking","item":"butts","quantity":1}],"objects":[{"status":"OK","on_map":true,"group":"Smoking","subgroup":"","layer":"Cigarette Butts","full_name":"Smoking \u2013 Cigarette Butts","olm_key":"smoking/butts","quantity":1,"picked_up":true}],"groups":["substances"],"has_litter":false,"has_pet_waste":false,"has_substances":true,"zone":"cottonwood_zone_B","zone_edge_m":69.9,"nbhd_edge_m":null}},{"type":"Feature","geometry":{"type":"Point","coordinates":[-122.55696105957,49.215431213379]},"properties":{"id":545994,"datetime":"2026-06-29T02:54:11.000000Z","filename":"https://olm-s3.s3.eu-west-1.amazonaws.com/2026/06/29/CalkIlYo9e7N5XDxMc1Naptpby71PdkGdGVlX3Ml.jpg","tags":[{"type":"standard","category":"food","item":"packaging","quantity":1},{"type":"material","category":"material","item":"paper","quantity":1,"parent_category":"food","parent_item":"packaging"}],"objects":[{"status":"OK","on_map":true,"group":"Convenient Food Drink","subgroup":"Take-out","layer":"Food Packaging","full_name":"Convenient Food Drink \u2013 Take-out \u2013 Food Packaging","olm_key":"food/packaging","quantity":1,"picked_up":true}],"groups":["litter"],"has_litter":true,"has_pet_waste":false,"has_substances":false,"zone":"cottonwood_zone_B","zone_edge_m":69.9,"nbhd_edge_m":null}},{"type":"Feature","geometry":{"type":"Point","coordinates":[-122.55696105957,49.215431213379]},"properties":{"id":545993,"datetime":"2026-06-29T02:53:56.000000Z","filename":"https://olm-s3.s3.eu-west-1.amazonaws.com/2026/06/29/UJSTLpYBBbLKmxx28Deq33efCxLRueIlDBBeLDgi.jpg","tags":[{"type":"standard","category":"pets","item":"dogshit_in_bag","quantity":1}],"objects":[{"status":"OK","on_map":true,"group":"Fecal","subgroup":"","layer":"Pet Waste Bagged","full_name":"Fecal \u2013 Pet Waste Bagged","olm_key":"pets/dogshit_in_bag","quantity":1,"picked_up":false}],"groups":["pet_waste"],"has_litter":false,"has_pet_waste":true,"has_substances":false,"zone":"cottonwood_zone_B","zone_edge_m":69.9,"nbhd_edge_m":null}},{"type":"Feature","geometry":{"type":"Point","coordinates":[-122.55696105957,49.215431213379]},"properties":{"id":545992,"datetime":"2026-06-29T02:54:17.000000Z","filename":"https://olm-s3.s3.eu-west-1.amazonaws.com/2026/06/29/pVCFHlIACKdOSzUQ1y9OEBPMpmkD7skD9R4gUPC9.jpg","tags":[{"type":"standard","category":"other","item":"plastic","quantity":1}],"objects":[{"status":"OK","on_map":true,"group":"Piece","subgroup":"","layer":"Plastic Piece","full_name":"Piece \u2013 Plastic Piece","olm_key":"other/plastic","quantity":1,"picked_up":true}],"groups":["litter"],"has_litter":true,"has_pet_waste":false,"has_substances":false,"zone":"cottonwood_zone_B","zone_edge_m":69.9,"nbhd_edge_m":null}},{"type":"Feature","geometry":{"type":"Point","coordinates":[-122.55698394775,49.21448135376]},"properties":{"id":545991,"datetime":"2026-06-29T02:56:28.000000Z","filename":"https://olm-s3.s3.eu-west-1.amazonaws.com/2026/06/29/zM0s8PvLJnnety1zDAneMtx5tZDbmnVXSOwTQHXp.jpg","tags":[{"type":"standard","category":"other","item":"balloon","quantity":1}],"objects":[{"status":"OK","on_map":true,"group":"Household","subgroup":"","layer":"Party Litter","full_name":"Household \u2013 Party Litter","olm_key":"other/balloon","quantity":1,"picked_up":true}],"groups":["litter"],"has_litter":true,"has_pet_waste":false,"has_substances":false,"zone":"cottonwood_zone_B","zone_edge_m":71.6,"nbhd_edge_m":null}},{"type":"Feature","geometry":{"type":"Point","coordinates":[-122.55698394775,49.21448135376]},"properties":{"id":545990,"datetime":"2026-06-29T02:56:05.000000Z","filename":"https://olm-s3.s3.eu-west-1.amazonaws.com/2026/06/29/HODN5zAhjIn4lbh0Jfx6CGmNCdpEzVQMe1WTfPBK.jpg","tags":[{"type":"standard","category":"softdrinks","item":"cup","quantity":1},{"type":"brand","category":"brand","item":"mcdonalds","quantity":1,"parent_category":"softdrinks","parent_item":"cup"},{"type":"custom_tag","category":"custom_tag","item":"material:wax paper","quantity":1,"parent_category":"softdrinks","parent_item":"cup"}],"objects":[{"status":"OK","on_map":true,"group":"Convenient Food Drink","subgroup":"Drink","layer":"Cold Beverage Cup","full_name":"Convenient Food Drink \u2013 Drink \u2013 Cold Beverage Cup","olm_key":"softdrinks/cup","quantity":1,"picked_up":true}],"groups":["litter"],"has_litter":true,"has_pet_waste":false,"has_substances":false,"zone":"cottonwood_zone_B","zone_edge_m":71.6,"nbhd_edge_m":null}},{"type":"Feature","geometry":{"type":"Point","coordinates":[-122.55698394775,49.21448135376]},"properties":{"id":545989,"datetime":"2026-06-29T02:55:59.000000Z","filename":"https://olm-s3.s3.eu-west-1.amazonaws.com/2026/06/29/jLCrLeHOcxII5opOMEXLAQyCmdniwJWh8qqlS996.jpg","tags":[{"type":"standard","category":"food","item":"bag","quantity":1},{"type":"material","category":"material","item":"paper","quantity":1,"parent_category":"food","parent_item":"bag"},{"type":"material","category":"material","item":"foil","quantity":1,"parent_category":"food","parent_item":"bag"},{"type":"custom_tag","category":"custom_tag","item":"brand:Sprungs","quantity":1,"parent_category":"food","parent_item":"bag"}],"objects":[{"status":"OK","on_map":true,"group":"Household","subgroup":"","layer":"Plastic (#4) or Paper Food Bag","full_name":"Household \u2013 Plastic (#4) or Paper Food Bag","olm_key":"food/bag","quantity":1,"picked_up":true}],"groups":["litter"],"has_litter":true,"has_pet_waste":false,"has_substances":false,"zone":"cottonwood_zone_B","zone_edge_m":71.6,"nbhd_edge_m":null}},{"type":"Feature","geometry":{"type":"Point","coordinates":[-122.55809783936,49.216968536377]},"properties":{"id":545987,"datetime":"2026-06-28T22:27:06.000000Z","filename":"https://olm-s3.s3.eu-west-1.amazonaws.com/2026/06/28/Ld8mWYFdmIE6QlzbhzhfsZpMakZrO3pDwNxpQMTW.jpg","tags":[{"type":"standard","category":"dumping","item":"dumping","quantity":4,"object_type":"medium"},{"type":"custom_tag","category":"custom_tag","item":"material:unknown","quantity":1,"parent_category":"dumping","parent_item":"dumping"}],"objects":[{"status":"OK","on_map":true,"group":"Dumping","subgroup":"","layer":"Med","full_name":"Dumping \u2013 Med","olm_key":"dumping/dumping","quantity":4,"picked_up":false}],"groups":["litter"],"has_litter":true,"has_pet_waste":false,"has_substances":false,"zone":"cottonwood_zone_B","zone_edge_m":15.7,"nbhd_edge_m":null}},{"type":"Feature","geometry":{"type":"Point","coordinates":[-122.55702972412,49.21293258667]},"properties":{"id":545986,"datetime":"2026-06-29T02:59:05.000000Z","filename":"https://olm-s3.s3.eu-west-1.amazonaws.com/2026/06/29/zNo22qSs44Kj94909U4AcBYvreywLsNlTBxWHuj7.jpg","tags":[{"type":"standard","category":"food","item":"wrapper","quantity":1},{"type":"material","category":"material","item":"foil","quantity":1,"parent_category":"food","parent_item":"wrapper"},{"type":"material","category":"material","item":"plastic","quantity":1,"parent_category":"food","parent_item":"wrapper"},{"type":"brand","category":"brand","item":"Nature Valley","quantity":1,"parent_category":"food","parent_item":"wrapper"}],"objects":[{"status":"OK","on_map":true,"group":"Convenient Food Drink","subgroup":"Snack","layer":"Foil / Plastic Film Snack Wrapper","full_name":"Convenient Food Drink \u2013 Snack \u2013 Foil / Plastic Film Snack Wrapper","olm_key":"food/wrapper","quantity":1,"picked_up":true}],"groups":["litter"],"has_litter":true,"has_pet_waste":false,"has_substances":false,"zone":"cottonwood_zone_B","zone_edge_m":34.8,"nbhd_edge_m":null}},{"type":"Feature","geometry":{"type":"Point","coordinates":[-122.55702972412,49.212928771973]},"properties":{"id":545985,"datetime":"2026-06-29T02:58:17.000000Z","filename":"https://olm-s3.s3.eu-west-1.amazonaws.com/2026/06/29/oQKNC9CWqwJK0Ho5yjNCJu7fYdleDQUpJcXCDzL6.jpg","tags":[{"type":"standard","category":"softdrinks","item":"straw_wrapper","quantity":1}],"objects":[{"status":"OK","on_map":true,"group":"Convenient Food Drink","subgroup":"Drink","layer":"Drink Straw Wrapper","full_name":"Convenient Food Drink \u2013 Drink \u2013 Drink Straw Wrapper","olm_key":"softdrinks/straw_wrapper","quantity":1,"picked_up":true}],"groups":["litter"],"has_litter":true,"has_pet_waste":false,"has_substances":false,"zone":"cottonwood_zone_B","zone_edge_m":34.4,"nbhd_edge_m":null}},{"type":"Feature","geometry":{"type":"Point","coordinates":[-122.55698394775,49.21448135376]},"properties":{"id":545984,"datetime":"2026-06-29T02:57:50.000000Z","filename":"https://olm-s3.s3.eu-west-1.amazonaws.com/2026/06/29/KqS25xN7avXjaesu1jTzkU0DmN2RNO8HdRUfis78.jpg","tags":[{"type":"standard","category":"smoking","item":"butts","quantity":1}],"objects":[{"status":"OK","on_map":true,"group":"Smoking","subgroup":"","layer":"Cigarette Butts","full_name":"Smoking \u2013 Cigarette Butts","olm_key":"smoking/butts","quantity":1,"picked_up":true}],"groups":["substances"],"has_litter":false,"has_pet_waste":false,"has_substances":true,"zone":"cottonwood_zone_B","zone_edge_m":71.6,"nbhd_edge_m":null}},{"type":"Feature","geometry":{"type":"Point","coordinates":[-122.55702972412,49.21293258667]},"properties":{"id":545983,"datetime":"2026-06-29T03:00:20.000000Z","filename":"https://olm-s3.s3.eu-west-1.amazonaws.com/2026/06/29/BX5H9uGsyXqX7FQfTfWbl00Ah5ncqoewfvgnBjM3.jpg","tags":[{"type":"standard","category":"softdrinks","item":"bottle","quantity":1},{"type":"material","category":"material","item":"plastic","quantity":1,"parent_category":"softdrinks","parent_item":"bottle"},{"type":"brand","category":"brand","item":"Brisk","quantity":1,"parent_category":"softdrinks","parent_item":"bottle"}],"objects":[{"status":"OK","on_map":true,"group":"Convenient Food Drink","subgroup":"Drink","layer":"Plastic or Glass Drink Bottle","full_name":"Convenient Food Drink \u2013 Drink \u2013 Plastic or Glass Drink Bottle","olm_key":"softdrinks/bottle","quantity":1,"picked_up":true}],"groups":["litter"],"has_litter":true,"has_pet_waste":false,"has_substances":false,"zone":"cottonwood_zone_B","zone_edge_m":34.8,"nbhd_edge_m":null}},{"type":"Feature","geometry":{"type":"Point","coordinates":[-122.55702972412,49.21293258667]},"properties":{"id":545982,"datetime":"2026-06-29T03:00:06.000000Z","filename":"https://olm-s3.s3.eu-west-1.amazonaws.com/2026/06/29/fe9x7Xud1ucMIuvHCPfbc83am5Yu4tGQYtDtIEeQ.jpg","tags":[{"type":"standard","category":"food","item":"wrapper","quantity":1}],"objects":[{"status":"OK","on_map":true,"group":"Convenient Food Drink","subgroup":"Snack","layer":"Foil / Plastic Film Snack Wrapper","full_name":"Convenient Food Drink \u2013 Snack \u2013 Foil / Plastic Film Snack Wrapper","olm_key":"food/wrapper","quantity":1,"picked_up":true}],"groups":["litter"],"has_litter":true,"has_pet_waste":false,"has_substances":false,"zone":"cottonwood_zone_B","zone_edge_m":34.8,"nbhd_edge_m":null}},{"type":"Feature","geometry":{"type":"Point","coordinates":[-122.55702972412,49.21293258667]},"properties":{"id":545981,"datetime":"2026-06-29T03:00:02.000000Z","filename":"https://olm-s3.s3.eu-west-1.amazonaws.com/2026/06/29/ELPEQlwTXhlpP6R6NZzAGMWFRNfQxCp2HyHAkNCD.jpg","tags":[{"type":"standard","category":"smoking","item":"butts","quantity":1}],"objects":[{"status":"OK","on_map":true,"group":"Smoking","subgroup":"","layer":"Cigarette Butts","full_name":"Smoking \u2013 Cigarette Butts","olm_key":"smoking/butts","quantity":1,"picked_up":true}],"groups":["substances"],"has_litter":false,"has_pet_waste":false,"has_substances":true,"zone":"cottonwood_zone_B","zone_edge_m":34.8,"nbhd_edge_m":null}},{"type":"Feature","geometry":{"type":"Point","coordinates":[-122.55702972412,49.21293258667]},"properties":{"id":545980,"datetime":"2026-06-29T02:59:12.000000Z","filename":"https://olm-s3.s3.eu-west-1.amazonaws.com/2026/06/29/CdjHd0ZPbutWq4pbI7K44fyhhxMXA8TzBrC16Pkf.jpg","tags":[{"type":"standard","category":"smoking","item":"butts","quantity":1}],"objects":[{"status":"OK","on_map":true,"group":"Smoking","subgroup":"","layer":"Cigarette Butts","full_name":"Smoking \u2013 Cigarette Butts","olm_key":"smoking/butts","quantity":1,"picked_up":true}],"groups":["substances"],"has_litter":false,"has_pet_waste":false,"has_substances":true,"zone":"cottonwood_zone_B","zone_edge_m":34.8,"nbhd_edge_m":null}},{"type":"Feature","geometry":{"type":"Point","coordinates":[-122.55684661865,49.210826873779]},"properties":{"id":545979,"datetime":"2026-06-29T03:01:42.000000Z","filename":"https://olm-s3.s3.eu-west-1.amazonaws.com/2026/06/29/HFVPISdn80ArP4kWNYYYqPW1tSEoDzTnYVJu9erU.jpg","tags":[{"type":"standard","category":"sanitary","item":"wipes","quantity":1},{"type":"standard","category":"smoking","item":"butts","quantity":1}],"objects":[{"status":"OK","on_map":true,"group":"Household","subgroup":"","layer":"Wet Wipes","full_name":"Household \u2013 Wet Wipes","olm_key":"sanitary/wipes","quantity":1,"picked_up":true},{"status":"OK","on_map":true,"group":"Smoking","subgroup":"","layer":"Cigarette Butts","full_name":"Smoking \u2013 Cigarette Butts","olm_key":"smoking/butts","quantity":1,"picked_up":true}],"groups":["litter","substances"],"has_litter":true,"has_pet_waste":false,"has_substances":true,"zone":"cottonwood_zone_C","zone_edge_m":61.6,"nbhd_edge_m":null}},{"type":"Feature","geometry":{"type":"Point","coordinates":[-122.55702972412,49.21293258667]},"properties":{"id":545978,"datetime":"2026-06-29T03:01:14.000000Z","filename":"https://olm-s3.s3.eu-west-1.amazonaws.com/2026/06/29/RzSpUOgWkm7EPg4PNVwin4J9iRqs4qJKHsnAnyUO.jpg","tags":[{"type":"standard","category":"other","item":"plastic","quantity":1}],"objects":[{"status":"OK","on_map":true,"group":"Piece","subgroup":"","layer":"Plastic Piece","full_name":"Piece \u2013 Plastic Piece","olm_key":"other/plastic","quantity":1,"picked_up":true}],"groups":["litter"],"has_litter":true,"has_pet_waste":false,"has_substances":false,"zone":"cottonwood_zone_B","zone_edge_m":34.8,"nbhd_edge_m":null}},{"type":"Feature","geometry":{"type":"Point","coordinates":[-122.55702972412,49.21293258667]},"properties":{"id":545977,"datetime":"2026-06-29T03:00:35.000000Z","filename":"https://olm-s3.s3.eu-west-1.amazonaws.com/2026/06/29/lJX7gL1hUC9W0k2b9DicQi9T5yCAGhKVp8S0yFTD.jpg","tags":[{"type":"standard","category":"smoking","item":"butts","quantity":1}],"objects":[{"status":"OK","on_map":true,"group":"Smoking","subgroup":"","layer":"Cigarette Butts","full_name":"Smoking \u2013 Cigarette Butts","olm_key":"smoking/butts","quantity":1,"picked_up":true}],"groups":["substances"],"has_litter":false,"has_pet_waste":false,"has_substances":true,"zone":"cottonwood_zone_B","zone_edge_m":34.8,"nbhd_edge_m":null}},{"type":"Feature","geometry":{"type":"Point","coordinates":[-122.55702972412,49.21293258667]},"properties":{"id":545976,"datetime":"2026-06-29T03:00:25.000000Z","filename":"https://olm-s3.s3.eu-west-1.amazonaws.com/2026/06/29/msCE82PbV5CSrLND3VXSm0IU7iP7rwrcV3N19Z1g.jpg","tags":[{"type":"standard","category":"smoking","item":"butts","quantity":1}],"objects":[{"status":"OK","on_map":true,"group":"Smoking","subgroup":"","layer":"Cigarette Butts","full_name":"Smoking \u2013 Cigarette Butts","olm_key":"smoking/butts","quantity":1,"picked_up":true}],"groups":["substances"],"has_litter":false,"has_pet_waste":false,"has_substances":true,"zone":"cottonwood_zone_B","zone_edge_m":34.8,"nbhd_edge_m":null}},{"type":"Feature","geometry":{"type":"Point","coordinates":[-122.55684661865,49.210826873779]},"properties":{"id":545975,"datetime":"2026-06-29T03:02:18.000000Z","filename":"https://olm-s3.s3.eu-west-1.amazonaws.com/2026/06/29/wYoyWlxEGmWdBY4UkSdrAPngGs8yEkt4FJVDdZ7v.jpg","tags":[{"type":"standard","category":"smoking","item":"butts","quantity":1}],"objects":[{"status":"OK","on_map":true,"group":"Smoking","subgroup":"","layer":"Cigarette Butts","full_name":"Smoking \u2013 Cigarette Butts","olm_key":"smoking/butts","quantity":1,"picked_up":true}],"groups":["substances"],"has_litter":false,"has_pet_waste":false,"has_substances":true,"zone":"cottonwood_zone_C","zone_edge_m":61.6,"nbhd_edge_m":null}},{"type":"Feature","geometry":{"type":"Point","coordinates":[-122.55684661865,49.210826873779]},"properties":{"id":545974,"datetime":"2026-06-29T03:02:08.000000Z","filename":"https://olm-s3.s3.eu-west-1.amazonaws.com/2026/06/29/7rzH2fSxiJluvJowri7F7tpRvAPV1tTPqz0dELyN.jpg","tags":[{"type":"standard","category":"smoking","item":"butts","quantity":1}],"objects":[{"status":"OK","on_map":true,"group":"Smoking","subgroup":"","layer":"Cigarette Butts","full_name":"Smoking \u2013 Cigarette Butts","olm_key":"smoking/butts","quantity":1,"picked_up":true}],"groups":["substances"],"has_litter":false,"has_pet_waste":false,"has_substances":true,"zone":"cottonwood_zone_C","zone_edge_m":61.6,"nbhd_edge_m":null}},{"type":"Feature","geometry":{"type":"Point","coordinates":[-122.55684661865,49.210826873779]},"properties":{"id":545973,"datetime":"2026-06-29T03:02:04.000000Z","filename":"https://olm-s3.s3.eu-west-1.amazonaws.com/2026/06/29/9FwDgZMmFQ5BTDGHpPiAysOnoNXU16O2rVI5j0wp.jpg","tags":[{"type":"standard","category":"food","item":"wrapper","quantity":1}],"objects":[{"status":"OK","on_map":true,"group":"Convenient Food Drink","subgroup":"Snack","layer":"Foil / Plastic Film Snack Wrapper","full_name":"Convenient Food Drink \u2013 Snack \u2013 Foil / Plastic Film Snack Wrapper","olm_key":"food/wrapper","quantity":1,"picked_up":true}],"groups":["litter"],"has_litter":true,"has_pet_waste":false,"has_substances":false,"zone":"cottonwood_zone_C","zone_edge_m":61.6,"nbhd_edge_m":null}},{"type":"Feature","geometry":{"type":"Point","coordinates":[-122.55684661865,49.210826873779]},"properties":{"id":545972,"datetime":"2026-06-29T03:01:55.000000Z","filename":"https://olm-s3.s3.eu-west-1.amazonaws.com/2026/06/29/BEYUoM1byoMqEFfTIVkfDqQm10RFgXj6MsHZZJNE.jpg","tags":[{"type":"standard","category":"smoking","item":"butts","quantity":1}],"objects":[{"status":"OK","on_map":true,"group":"Smoking","subgroup":"","layer":"Cigarette Butts","full_name":"Smoking \u2013 Cigarette Butts","olm_key":"smoking/butts","quantity":1,"picked_up":true}],"groups":["substances"],"has_litter":false,"has_pet_waste":false,"has_substances":true,"zone":"cottonwood_zone_C","zone_edge_m":61.6,"nbhd_edge_m":null}},{"type":"Feature","geometry":{"type":"Point","coordinates":[-122.55879211426,49.210098266602]},"properties":{"id":545971,"datetime":"2026-06-29T03:04:30.000000Z","filename":"https://olm-s3.s3.eu-west-1.amazonaws.com/2026/06/29/UIpriYYn1zubexyZ28Z9EYsFegwgtUdRGgkJAQ6O.jpg","tags":[{"type":"standard","category":"other","item":"balloon","quantity":1}],"objects":[{"status":"OK","on_map":true,"group":"Household","subgroup":"","layer":"Party Litter","full_name":"Household \u2013 Party Litter","olm_key":"other/balloon","quantity":1,"picked_up":true}],"groups":["litter"],"has_litter":true,"has_pet_waste":false,"has_substances":false,"zone":"cottonwood_zone_C","zone_edge_m":35.4,"nbhd_edge_m":null}},{"type":"Feature","geometry":{"type":"Point","coordinates":[-122.55799102783,49.210144042969]},"properties":{"id":545970,"datetime":"2026-06-29T03:03:53.000000Z","filename":"https://olm-s3.s3.eu-west-1.amazonaws.com/2026/06/29/y2vpSRU5X5cwcFG8HE2IgdEGj1o8XyGxyXCpWX6B.jpg","tags":[{"type":"standard","category":"softdrinks","item":"pull_ring","quantity":1}],"objects":[{"status":"OK","on_map":true,"group":"Convenient Food Drink","subgroup":"Drink","layer":"Pull-tabs","full_name":"Convenient Food Drink \u2013 Drink \u2013 Pull-tabs","olm_key":"softdrinks/pull_ring","quantity":1,"picked_up":true}],"groups":["litter"],"has_litter":true,"has_pet_waste":false,"has_substances":false,"zone":"cottonwood_zone_C","zone_edge_m":40.5,"nbhd_edge_m":null}},{"type":"Feature","geometry":{"type":"Point","coordinates":[-122.55684661865,49.210826873779]},"properties":{"id":545969,"datetime":"2026-06-29T03:02:36.000000Z","filename":"https://olm-s3.s3.eu-west-1.amazonaws.com/2026/06/29/FM3fxXEuZIBwqFHG2GKqR5wDyDoFYJTBpC2UnOJ5.jpg","tags":[{"type":"standard","category":"smoking","item":"butts","quantity":1}],"objects":[{"status":"OK","on_map":true,"group":"Smoking","subgroup":"","layer":"Cigarette Butts","full_name":"Smoking \u2013 Cigarette Butts","olm_key":"smoking/butts","quantity":1,"picked_up":true}],"groups":["substances"],"has_litter":false,"has_pet_waste":false,"has_substances":true,"zone":"cottonwood_zone_C","zone_edge_m":61.6,"nbhd_edge_m":null}},{"type":"Feature","geometry":{"type":"Point","coordinates":[-122.55684661865,49.210826873779]},"properties":{"id":545968,"datetime":"2026-06-29T03:02:23.000000Z","filename":"https://olm-s3.s3.eu-west-1.amazonaws.com/2026/06/29/DhKa8SkeoGGjxk866RQEBmF5nLTBwpCrILAoUcPn.jpg","tags":[{"type":"standard","category":"smoking","item":"butts","quantity":1}],"objects":[{"status":"OK","on_map":true,"group":"Smoking","subgroup":"","layer":"Cigarette Butts","full_name":"Smoking \u2013 Cigarette Butts","olm_key":"smoking/butts","quantity":1,"picked_up":true}],"groups":["substances"],"has_litter":false,"has_pet_waste":false,"has_substances":true,"zone":"cottonwood_zone_C","zone_edge_m":61.6,"nbhd_edge_m":null}},{"type":"Feature","geometry":{"type":"Point","coordinates":[-122.56160736084,49.209403991699]},"properties":{"id":545967,"datetime":"2026-06-29T03:08:17.000000Z","filename":"https://olm-s3.s3.eu-west-1.amazonaws.com/2026/06/29/hIDOmY2uw1V5D6KyBhvt7cNQaqkisp5QE75qitpJ.jpg","tags":[{"type":"standard","category":"smoking","item":"butts","quantity":2}],"objects":[{"status":"OK","on_map":true,"group":"Smoking","subgroup":"","layer":"Cigarette Butts","full_name":"Smoking \u2013 Cigarette Butts","olm_key":"smoking/butts","quantity":2,"picked_up":true}],"groups":["substances"],"has_litter":false,"has_pet_waste":false,"has_substances":true,"zone":"cottonwood_zone_D","zone_edge_m":41.9,"nbhd_edge_m":null}},{"type":"Feature","geometry":{"type":"Point","coordinates":[-122.56155395508,49.209522247314]},"properties":{"id":545966,"datetime":"2026-06-29T03:07:42.000000Z","filename":"https://olm-s3.s3.eu-west-1.amazonaws.com/2026/06/29/ejFF9oJf6gDYqC8wMZHDtx81Ds4OIR0UWIG79d4n.jpg","tags":[{"type":"standard","category":"food","item":"wrapper","quantity":1}],"objects":[{"status":"OK","on_map":true,"group":"Convenient Food Drink","subgroup":"Snack","layer":"Foil / Plastic Film Snack Wrapper","full_name":"Convenient Food Drink \u2013 Snack \u2013 Foil / Plastic Film Snack Wrapper","olm_key":"food/wrapper","quantity":1,"picked_up":true}],"groups":["litter"],"has_litter":true,"has_pet_waste":false,"has_substances":false,"zone":"cottonwood_zone_D","zone_edge_m":28.7,"nbhd_edge_m":null}},{"type":"Feature","geometry":{"type":"Point","coordinates":[-122.56155395508,49.209617614746]},"properties":{"id":545965,"datetime":"2026-06-29T03:07:35.000000Z","filename":"https://olm-s3.s3.eu-west-1.amazonaws.com/2026/06/29/OqPRB4bqlC9cgsoFksdyID3S0m8bNi7mm9qnNfpi.jpg","tags":[{"type":"standard","category":"other","item":"paper","quantity":1}],"objects":[{"status":"OK","on_map":true,"group":"Piece","subgroup":"","layer":"Paper Piece","full_name":"Piece \u2013 Paper Piece","olm_key":"other/paper","quantity":1,"picked_up":true}],"groups":["litter"],"has_litter":true,"has_pet_waste":false,"has_substances":false,"zone":"cottonwood_zone_D","zone_edge_m":18.1,"nbhd_edge_m":null}},{"type":"Feature","geometry":{"type":"Point","coordinates":[-122.561668396,49.20964050293]},"properties":{"id":545964,"datetime":"2026-06-29T03:07:23.000000Z","filename":"https://olm-s3.s3.eu-west-1.amazonaws.com/2026/06/29/gDZhT0ezoOnLypp26QrocceBC4JBdaN6ojoJJQDX.jpg","tags":[{"type":"standard","category":"other","item":"clothing","quantity":1},{"type":"custom_tag","category":"custom_tag","item":"Hair tie","quantity":1,"parent_category":"other","parent_item":"clothing"}],"objects":[{"status":"OK","on_map":true,"group":"Household","subgroup":"","layer":"Abandoned Textile Apparel","full_name":"Household \u2013 Abandoned Textile Apparel","olm_key":"other/clothing","quantity":1,"picked_up":true}],"groups":["litter"],"has_litter":true,"has_pet_waste":false,"has_substances":false,"zone":"cottonwood_zone_D","zone_edge_m":15.5,"nbhd_edge_m":null}},{"type":"Feature","geometry":{"type":"Point","coordinates":[-122.56126403809,49.207740783691]},"properties":{"id":545963,"datetime":"2026-06-29T03:11:20.000000Z","filename":"https://olm-s3.s3.eu-west-1.amazonaws.com/2026/06/29/RAKSCkSrHGX7F2QOk286nu6hBQRGyWCvgC9Q5The.jpg","tags":[{"type":"standard","category":"softdrinks","item":"straw","quantity":1}],"objects":[{"status":"OK","on_map":true,"group":"Convenient Food Drink","subgroup":"Drink","layer":"Paper Drink Straws","full_name":"Convenient Food Drink \u2013 Drink \u2013 Paper Drink Straws","olm_key":"softdrinks/straw","quantity":1,"picked_up":true}],"groups":["litter"],"has_litter":true,"has_pet_waste":false,"has_substances":false,"zone":"cottonwood_zone_E","zone_edge_m":58.9,"nbhd_edge_m":null}},{"type":"Feature","geometry":{"type":"Point","coordinates":[-122.56163787842,49.20841217041]},"properties":{"id":545962,"datetime":"2026-06-29T03:09:39.000000Z","filename":"https://olm-s3.s3.eu-west-1.amazonaws.com/2026/06/29/LaBErVbikLvs3BC2deCC7G42pjEho6biItwDl5id.jpg","tags":[{"type":"standard","category":"smoking","item":"butts","quantity":2}],"objects":[{"status":"OK","on_map":true,"group":"Smoking","subgroup":"","layer":"Cigarette Butts","full_name":"Smoking \u2013 Cigarette Butts","olm_key":"smoking/butts","quantity":2,"picked_up":true}],"groups":["substances"],"has_litter":false,"has_pet_waste":false,"has_substances":true,"zone":"cottonwood_zone_D","zone_edge_m":15.8,"nbhd_edge_m":null}},{"type":"Feature","geometry":{"type":"Point","coordinates":[-122.56160736084,49.209403991699]},"properties":{"id":545961,"datetime":"2026-06-29T03:08:47.000000Z","filename":"https://olm-s3.s3.eu-west-1.amazonaws.com/2026/06/29/cZIFU4DwlXCxS7FLE5PVz26zaGLBwBOhaQcWgAqp.jpg","tags":[{"type":"standard","category":"softdrinks","item":"bottle_cap","quantity":1},{"type":"material","category":"material","item":"plastic","quantity":1,"parent_category":"softdrinks","parent_item":"bottle_cap"}],"objects":[{"status":"OK","on_map":true,"group":"Convenient Food Drink","subgroup":"Drink","layer":"Drink Bottle Cap","full_name":"Convenient Food Drink \u2013 Drink \u2013 Drink Bottle Cap","olm_key":"softdrinks/bottle_cap","quantity":1,"picked_up":true}],"groups":["litter"],"has_litter":true,"has_pet_waste":false,"has_substances":false,"zone":"cottonwood_zone_D","zone_edge_m":41.9,"nbhd_edge_m":null}},{"type":"Feature","geometry":{"type":"Point","coordinates":[-122.56126403809,49.207740783691]},"properties":{"id":545960,"datetime":"2026-06-29T03:12:17.000000Z","filename":"https://olm-s3.s3.eu-west-1.amazonaws.com/2026/06/29/Y4FghM2X3a8yDfP4zxg4Tl8yKaYjEwCgDYbyQWBL.jpg","tags":[{"type":"standard","category":"other","item":"plastic","quantity":1}],"objects":[{"status":"OK","on_map":true,"group":"Piece","subgroup":"","layer":"Plastic Piece","full_name":"Piece \u2013 Plastic Piece","olm_key":"other/plastic","quantity":1,"picked_up":true}],"groups":["litter"],"has_litter":true,"has_pet_waste":false,"has_substances":false,"zone":"cottonwood_zone_E","zone_edge_m":58.9,"nbhd_edge_m":null}},{"type":"Feature","geometry":{"type":"Point","coordinates":[-122.56126403809,49.207740783691]},"properties":{"id":545959,"datetime":"2026-06-29T03:11:57.000000Z","filename":"https://olm-s3.s3.eu-west-1.amazonaws.com/2026/06/29/pkaLGpXn5EaUIdQEMFKZ6v8QFSvK51rbCUvH12Gc.jpg","tags":[{"type":"standard","category":"dumping","item":"dumping","quantity":1,"object_type":"medium"},{"type":"material","category":"material","item":"metal","quantity":1,"parent_category":"dumping","parent_item":"dumping"},{"type":"material","category":"material","item":"plastic","quantity":1,"parent_category":"dumping","parent_item":"dumping"},{"type":"material","category":"material","item":"polymer","quantity":1,"parent_category":"dumping","parent_item":"dumping"},{"type":"material","category":"material","item":"polyester","quantity":1,"parent_category":"dumping","parent_item":"dumping"},{"type":"custom_tag","category":"custom_tag","item":"Baby stroller","quantity":1,"parent_category":"dumping","parent_item":"dumping"}],"objects":[{"status":"OK","on_map":true,"group":"Dumping","subgroup":"","layer":"Med","full_name":"Dumping \u2013 Med","olm_key":"dumping/dumping","quantity":1,"picked_up":false}],"groups":["litter"],"has_litter":true,"has_pet_waste":false,"has_substances":false,"zone":"cottonwood_zone_E","zone_edge_m":58.9,"nbhd_edge_m":null}},{"type":"Feature","geometry":{"type":"Point","coordinates":[-122.56126403809,49.207740783691]},"properties":{"id":545958,"datetime":"2026-06-29T03:11:36.000000Z","filename":"https://olm-s3.s3.eu-west-1.amazonaws.com/2026/06/29/Ml6m4E8gm3C3mKM01LISGZwoBb5swQJ08HPrKuAj.jpg","tags":[{"type":"standard","category":"food","item":"wrapper","quantity":1},{"type":"material","category":"material","item":"plastic","quantity":1,"parent_category":"food","parent_item":"wrapper"},{"type":"material","category":"material","item":"foil","quantity":1,"parent_category":"food","parent_item":"wrapper"},{"type":"brand","category":"brand","item":"Quaker","quantity":1,"parent_category":"food","parent_item":"wrapper"}],"objects":[{"status":"OK","on_map":true,"group":"Convenient Food Drink","subgroup":"Snack","layer":"Foil / Plastic Film Snack Wrapper","full_name":"Convenient Food Drink \u2013 Snack \u2013 Foil / Plastic Film Snack Wrapper","olm_key":"food/wrapper","quantity":1,"picked_up":true}],"groups":["litter"],"has_litter":true,"has_pet_waste":false,"has_substances":false,"zone":"cottonwood_zone_E","zone_edge_m":58.9,"nbhd_edge_m":null}},{"type":"Feature","geometry":{"type":"Point","coordinates":[-122.56126403809,49.207740783691]},"properties":{"id":545957,"datetime":"2026-06-29T03:12:24.000000Z","filename":"https://olm-s3.s3.eu-west-1.amazonaws.com/2026/06/29/BiIugZ3XlOnHlkjmu4rHuqIw98jQNpE46R5980Er.jpg","tags":[{"type":"standard","category":"other","item":"plastic","quantity":1}],"objects":[{"status":"OK","on_map":true,"group":"Piece","subgroup":"","layer":"Plastic Piece","full_name":"Piece \u2013 Plastic Piece","olm_key":"other/plastic","quantity":1,"picked_up":true}],"groups":["litter"],"has_litter":true,"has_pet_waste":false,"has_substances":false,"zone":"cottonwood_zone_E","zone_edge_m":58.9,"nbhd_edge_m":null}},{"type":"Feature","geometry":{"type":"Point","coordinates":[-122.56126403809,49.207740783691]},"properties":{"id":545956,"datetime":"2026-06-29T03:13:23.000000Z","filename":"https://olm-s3.s3.eu-west-1.amazonaws.com/2026/06/29/EU76vdwrlnAnJZkwqqOZzG0PsN1MBhPMcHJIXZMB.jpg","tags":[{"type":"standard","category":"other","item":"plastic","quantity":1}],"objects":[{"status":"OK","on_map":true,"group":"Piece","subgroup":"","layer":"Plastic Piece","full_name":"Piece \u2013 Plastic Piece","olm_key":"other/plastic","quantity":1,"picked_up":true}],"groups":["litter"],"has_litter":true,"has_pet_waste":false,"has_substances":false,"zone":"cottonwood_zone_E","zone_edge_m":58.9,"nbhd_edge_m":null}},{"type":"Feature","geometry":{"type":"Point","coordinates":[-122.56126403809,49.207740783691]},"properties":{"id":545955,"datetime":"2026-06-29T03:12:46.000000Z","filename":"https://olm-s3.s3.eu-west-1.amazonaws.com/2026/06/29/dZzSB7h5egpJ3P3Fn09gmorGIQozSzxpZRAliX43.jpg","tags":[{"type":"standard","category":"smoking","item":"butts","quantity":1}],"objects":[{"status":"OK","on_map":true,"group":"Smoking","subgroup":"","layer":"Cigarette Butts","full_name":"Smoking \u2013 Cigarette Butts","olm_key":"smoking/butts","quantity":1,"picked_up":true}],"groups":["substances"],"has_litter":false,"has_pet_waste":false,"has_substances":true,"zone":"cottonwood_zone_E","zone_edge_m":58.9,"nbhd_edge_m":null}},{"type":"Feature","geometry":{"type":"Point","coordinates":[-122.56126403809,49.207740783691]},"properties":{"id":545954,"datetime":"2026-06-29T03:12:38.000000Z","filename":"https://olm-s3.s3.eu-west-1.amazonaws.com/2026/06/29/ot3c3kzAeFaHpWuGyr5DXc6XgYw434ctLoFkbEeU.jpg","tags":[{"type":"standard","category":"food","item":"straw","quantity":2}],"objects":[{"status":"OK","on_map":true,"group":"Household","subgroup":"","layer":"Plastic Straws","full_name":"Household \u2013 Plastic Straws","olm_key":"food/straw","quantity":2,"picked_up":true}],"groups":["litter"],"has_litter":true,"has_pet_waste":false,"has_substances":false,"zone":"cottonwood_zone_E","zone_edge_m":58.9,"nbhd_edge_m":null}},{"type":"Feature","geometry":{"type":"Point","coordinates":[-122.56126403809,49.207740783691]},"properties":{"id":545953,"datetime":"2026-06-29T03:12:31.000000Z","filename":"https://olm-s3.s3.eu-west-1.amazonaws.com/2026/06/29/B6ntm4qBHmhzAF0rTbVvdMJcLnCpjqibskDpmrnf.jpg","tags":[{"type":"standard","category":"food","item":"straw","quantity":1}],"objects":[{"status":"OK","on_map":true,"group":"Household","subgroup":"","layer":"Plastic Straws","full_name":"Household \u2013 Plastic Straws","olm_key":"food/straw","quantity":1,"picked_up":true}],"groups":["litter"],"has_litter":true,"has_pet_waste":false,"has_substances":false,"zone":"cottonwood_zone_E","zone_edge_m":58.9,"nbhd_edge_m":null}},{"type":"Feature","geometry":{"type":"Point","coordinates":[-122.5623550415,49.206928253174]},"properties":{"id":545952,"datetime":"2026-06-29T03:14:13.000000Z","filename":"https://olm-s3.s3.eu-west-1.amazonaws.com/2026/06/29/ZPKJ5hEOTMknAU73sMTG1FrqIOMVohdhsLsB3Ohg.jpg","tags":[{"type":"standard","category":"food","item":"tinfoil","quantity":1}],"objects":[{"status":"OK","on_map":true,"group":"Piece","subgroup":"","layer":"Foil Piece","full_name":"Piece \u2013 Foil Piece","olm_key":"food/tinfoil","quantity":1,"picked_up":true}],"groups":["litter"],"has_litter":true,"has_pet_waste":false,"has_substances":false,"zone":"cottonwood_zone_E","zone_edge_m":149.4,"nbhd_edge_m":null}},{"type":"Feature","geometry":{"type":"Point","coordinates":[-122.56126403809,49.207740783691]},"properties":{"id":545951,"datetime":"2026-06-29T03:13:55.000000Z","filename":"https://olm-s3.s3.eu-west-1.amazonaws.com/2026/06/29/pSHzWesF5Ft7a1rxDUvqRZIkIb04ljAZ01kL0GN0.jpg","tags":[{"type":"standard","category":"food","item":"wrapper","quantity":1}],"objects":[{"status":"OK","on_map":true,"group":"Convenient Food Drink","subgroup":"Snack","layer":"Foil / Plastic Film Snack Wrapper","full_name":"Convenient Food Drink \u2013 Snack \u2013 Foil / Plastic Film Snack Wrapper","olm_key":"food/wrapper","quantity":1,"picked_up":true}],"groups":["litter"],"has_litter":true,"has_pet_waste":false,"has_substances":false,"zone":"cottonwood_zone_E","zone_edge_m":58.9,"nbhd_edge_m":null}},{"type":"Feature","geometry":{"type":"Point","coordinates":[-122.56126403809,49.207740783691]},"properties":{"id":545950,"datetime":"2026-06-29T03:13:37.000000Z","filename":"https://olm-s3.s3.eu-west-1.amazonaws.com/2026/06/29/h9I8uRog3V4plQ9zRqEJsusWVAKUfgNgUr0XMP7v.jpg","tags":[{"type":"standard","category":"smoking","item":"butts","quantity":1}],"objects":[{"status":"OK","on_map":true,"group":"Smoking","subgroup":"","layer":"Cigarette Butts","full_name":"Smoking \u2013 Cigarette Butts","olm_key":"smoking/butts","quantity":1,"picked_up":true}],"groups":["substances"],"has_litter":false,"has_pet_waste":false,"has_substances":true,"zone":"cottonwood_zone_E","zone_edge_m":58.9,"nbhd_edge_m":null}},{"type":"Feature","geometry":{"type":"Point","coordinates":[-122.56126403809,49.207740783691]},"properties":{"id":545949,"datetime":"2026-06-29T03:13:28.000000Z","filename":"https://olm-s3.s3.eu-west-1.amazonaws.com/2026/06/29/XS0d9HgiGyIfXTVxHvSwJdlpfoUjTFssAxkynKeu.jpg","tags":[{"type":"standard","category":"alcohol","item":"bottle","quantity":1,"object_type":"spirits"},{"type":"material","category":"material","item":"plastic","quantity":1,"parent_category":"alcohol","parent_item":"bottle"},{"type":"custom_tag","category":"custom_tag","item":"brand:Polar-Ice_Vodka","quantity":1,"parent_category":"alcohol","parent_item":"bottle"}],"objects":[{"status":"OK","on_map":true,"group":"Household","subgroup":"Liquor","layer":"Liquor Bottle","full_name":"Household \u2013 Liquor \u2013 Liquor Bottle","olm_key":"alcohol/bottle","quantity":1,"picked_up":true}],"groups":["substances"],"has_litter":false,"has_pet_waste":false,"has_substances":true,"zone":"cottonwood_zone_E","zone_edge_m":58.9,"nbhd_edge_m":null}},{"type":"Feature","geometry":{"type":"Point","coordinates":[-122.5623550415,49.206928253174]},"properties":{"id":545948,"datetime":"2026-06-29T03:14:19.000000Z","filename":"https://olm-s3.s3.eu-west-1.amazonaws.com/2026/06/29/3wo5VoJTNfTsJmZGUk1U5W6J30icwGKBLVoSBCHB.jpg","tags":[{"type":"standard","category":"smoking","item":"butts","quantity":1}],"objects":[{"status":"OK","on_map":true,"group":"Smoking","subgroup":"","layer":"Cigarette Butts","full_name":"Smoking \u2013 Cigarette Butts","olm_key":"smoking/butts","quantity":1,"picked_up":true}],"groups":["substances"],"has_litter":false,"has_pet_waste":false,"has_substances":true,"zone":"cottonwood_zone_E","zone_edge_m":149.4,"nbhd_edge_m":null}},{"type":"Feature","geometry":{"type":"Point","coordinates":[-122.5623550415,49.206928253174]},"properties":{"id":545947,"datetime":"2026-06-29T03:14:23.000000Z","filename":"https://olm-s3.s3.eu-west-1.amazonaws.com/2026/06/29/KTlYYD4QrCD92ipCCj02BldTCWTBuLHvq4b5l4DA.jpg","tags":[{"type":"standard","category":"other","item":"plastic","quantity":1}],"objects":[{"status":"OK","on_map":true,"group":"Piece","subgroup":"","layer":"Plastic Piece","full_name":"Piece \u2013 Plastic Piece","olm_key":"other/plastic","quantity":1,"picked_up":true}],"groups":["litter"],"has_litter":true,"has_pet_waste":false,"has_substances":false,"zone":"cottonwood_zone_E","zone_edge_m":149.4,"nbhd_edge_m":null}},{"type":"Feature","geometry":{"type":"Point","coordinates":[-122.5623550415,49.206928253174]},"properties":{"id":545946,"datetime":"2026-06-29T03:14:49.000000Z","filename":"https://olm-s3.s3.eu-west-1.amazonaws.com/2026/06/29/H1beDapIGIjSvlManQ0zvh433F2Wu4pV0gg0fyen.jpg","tags":[{"type":"standard","category":"other","item":"plastic","quantity":1}],"objects":[{"status":"OK","on_map":true,"group":"Piece","subgroup":"","layer":"Plastic Piece","full_name":"Piece \u2013 Plastic Piece","olm_key":"other/plastic","quantity":1,"picked_up":true}],"groups":["litter"],"has_litter":true,"has_pet_waste":false,"has_substances":false,"zone":"cottonwood_zone_E","zone_edge_m":149.4,"nbhd_edge_m":null}},{"type":"Feature","geometry":{"type":"Point","coordinates":[-122.5623550415,49.206928253174]},"properties":{"id":545945,"datetime":"2026-06-29T03:16:27.000000Z","filename":"https://olm-s3.s3.eu-west-1.amazonaws.com/2026/06/29/96j5Gdgrcex5UiwgBnQLv2rUFks6ZWCAVA8NWEdx.jpg","tags":[{"type":"standard","category":"other","item":"paper","quantity":1}],"objects":[{"status":"OK","on_map":true,"group":"Piece","subgroup":"","layer":"Paper Piece","full_name":"Piece \u2013 Paper Piece","olm_key":"other/paper","quantity":1,"picked_up":true}],"groups":["litter"],"has_litter":true,"has_pet_waste":false,"has_substances":false,"zone":"cottonwood_zone_E","zone_edge_m":149.4,"nbhd_edge_m":null}},{"type":"Feature","geometry":{"type":"Point","coordinates":[-122.5623550415,49.206928253174]},"properties":{"id":545944,"datetime":"2026-06-29T03:16:18.000000Z","filename":"https://olm-s3.s3.eu-west-1.amazonaws.com/2026/06/29/FmABa2WciqB4VoWrQu8AKynOnesJddkscPOJDc4R.jpg","tags":[{"type":"standard","category":"smoking","item":"butts","quantity":1}],"objects":[{"status":"OK","on_map":true,"group":"Smoking","subgroup":"","layer":"Cigarette Butts","full_name":"Smoking \u2013 Cigarette Butts","olm_key":"smoking/butts","quantity":1,"picked_up":true}],"groups":["substances"],"has_litter":false,"has_pet_waste":false,"has_substances":true,"zone":"cottonwood_zone_E","zone_edge_m":149.4,"nbhd_edge_m":null}},{"type":"Feature","geometry":{"type":"Point","coordinates":[-122.5623550415,49.206928253174]},"properties":{"id":545943,"datetime":"2026-06-29T03:15:57.000000Z","filename":"https://olm-s3.s3.eu-west-1.amazonaws.com/2026/06/29/sNeALB8tivCQxLNe0v3dtfFgAywP54tdAuq6YwGg.jpg","tags":[{"type":"standard","category":"other","item":"other","quantity":1},{"type":"custom_tag","category":"custom_tag","item":"Bike Part","quantity":1,"parent_category":"other","parent_item":"other"}],"objects":[{"status":"OK","on_map":true,"group":"Household","subgroup":"","layer":"Household misc","full_name":"Household \u2013 Household misc","olm_key":"other/other","quantity":1,"picked_up":true}],"groups":["litter"],"has_litter":true,"has_pet_waste":false,"has_substances":false,"zone":"cottonwood_zone_E","zone_edge_m":149.4,"nbhd_edge_m":null}},{"type":"Feature","geometry":{"type":"Point","coordinates":[-122.5623550415,49.206928253174]},"properties":{"id":545942,"datetime":"2026-06-29T03:15:15.000000Z","filename":"https://olm-s3.s3.eu-west-1.amazonaws.com/2026/06/29/MnL3zKBG7bXzvPRfcDDK6CkguJxUmixvUcRR5w2B.jpg","tags":[{"type":"standard","category":"other","item":"plastic","quantity":1}],"objects":[{"status":"OK","on_map":true,"group":"Piece","subgroup":"","layer":"Plastic Piece","full_name":"Piece \u2013 Plastic Piece","olm_key":"other/plastic","quantity":1,"picked_up":true}],"groups":["litter"],"has_litter":true,"has_pet_waste":false,"has_substances":false,"zone":"cottonwood_zone_E","zone_edge_m":149.4,"nbhd_edge_m":null}},{"type":"Feature","geometry":{"type":"Point","coordinates":[-122.5623550415,49.207557678223]},"properties":{"id":545941,"datetime":"2026-06-29T03:17:32.000000Z","filename":"https://olm-s3.s3.eu-west-1.amazonaws.com/2026/06/29/ehNo1Pf40ZNhF4627oinnHwZfrr081FvIP1UcGPQ.jpg","tags":[{"type":"standard","category":"food","item":"packaging","quantity":1},{"type":"material","category":"material","item":"plastic","quantity":1,"parent_category":"food","parent_item":"packaging"},{"type":"material","category":"material","item":"foil","quantity":1,"parent_category":"food","parent_item":"packaging"},{"type":"custom_tag","category":"custom_tag","item":"brand:Huer Peels Gummies","quantity":1,"parent_category":"food","parent_item":"packaging"}],"objects":[{"status":"OK","on_map":true,"group":"Convenient Food Drink","subgroup":"Take-out","layer":"Food Packaging","full_name":"Convenient Food Drink \u2013 Take-out \u2013 Food Packaging","olm_key":"food/packaging","quantity":1,"picked_up":true}],"groups":["litter"],"has_litter":true,"has_pet_waste":false,"has_substances":false,"zone":"cottonwood_zone_E","zone_edge_m":79.3,"nbhd_edge_m":null}},{"type":"Feature","geometry":{"type":"Point","coordinates":[-122.5623550415,49.207557678223]},"properties":{"id":545940,"datetime":"2026-06-29T03:17:18.000000Z","filename":"https://olm-s3.s3.eu-west-1.amazonaws.com/2026/06/29/21kmf5mXbS48bmk25Vr5JkFwbSsUWAgndkzVQYGl.jpg","tags":[{"type":"standard","category":"other","item":"plastic","quantity":1},{"type":"custom_tag","category":"custom_tag","item":"safety seal","quantity":1,"parent_category":"other","parent_item":"plastic"}],"objects":[{"status":"OK","on_map":true,"group":"Piece","subgroup":"","layer":"Plastic Piece","full_name":"Piece \u2013 Plastic Piece","olm_key":"other/plastic","quantity":1,"picked_up":true}],"groups":["litter"],"has_litter":true,"has_pet_waste":false,"has_substances":false,"zone":"cottonwood_zone_E","zone_edge_m":79.3,"nbhd_edge_m":null}},{"type":"Feature","geometry":{"type":"Point","coordinates":[-122.5623550415,49.207557678223]},"properties":{"id":545939,"datetime":"2026-06-29T03:17:06.000000Z","filename":"https://olm-s3.s3.eu-west-1.amazonaws.com/2026/06/29/95fz2UOJBNltvM676XcSGztnRtLlp4JtFP2zeu4J.jpg","tags":[{"type":"standard","category":"food","item":"packaging","quantity":1},{"type":"material","category":"material","item":"plastic","quantity":1,"parent_category":"food","parent_item":"packaging"},{"type":"custom_tag","category":"custom_tag","item":"brand:Van-Houtens_dill_pickles","quantity":1,"parent_category":"food","parent_item":"packaging"}],"objects":[{"status":"OK","on_map":true,"group":"Convenient Food Drink","subgroup":"Take-out","layer":"Food Packaging","full_name":"Convenient Food Drink \u2013 Take-out \u2013 Food Packaging","olm_key":"food/packaging","quantity":1,"picked_up":true}],"groups":["litter"],"has_litter":true,"has_pet_waste":false,"has_substances":false,"zone":"cottonwood_zone_E","zone_edge_m":79.3,"nbhd_edge_m":null}},{"type":"Feature","geometry":{"type":"Point","coordinates":[-122.5623550415,49.206928253174]},"properties":{"id":545938,"datetime":"2026-06-29T03:16:44.000000Z","filename":"https://olm-s3.s3.eu-west-1.amazonaws.com/2026/06/29/6wihDYvJGUezsk3mno4FhI5BP5MYNmagbyMdBUZ6.jpg","tags":[{"type":"standard","category":"other","item":"plastic","quantity":1}],"objects":[{"status":"OK","on_map":true,"group":"Piece","subgroup":"","layer":"Plastic Piece","full_name":"Piece \u2013 Plastic Piece","olm_key":"other/plastic","quantity":1,"picked_up":true}],"groups":["litter"],"has_litter":true,"has_pet_waste":false,"has_substances":false,"zone":"cottonwood_zone_E","zone_edge_m":149.4,"nbhd_edge_m":null}},{"type":"Feature","geometry":{"type":"Point","coordinates":[-122.56199645996,49.207286834717]},"properties":{"id":545937,"datetime":"2026-06-29T03:18:39.000000Z","filename":"https://olm-s3.s3.eu-west-1.amazonaws.com/2026/06/29/3chUmhzAW37wkngl82RzwkycSYjOl7L3U8vWzc4a.jpg","tags":[{"type":"standard","category":"other","item":"plastic","quantity":1},{"type":"custom_tag","category":"custom_tag","item":"unkown","quantity":1,"parent_category":"other","parent_item":"plastic"},{"type":"custom_tag","category":"custom_tag","item":"material:mesh wove","quantity":1,"parent_category":"other","parent_item":"plastic"}],"objects":[{"status":"OK","on_map":true,"group":"Piece","subgroup":"","layer":"Plastic Piece","full_name":"Piece \u2013 Plastic Piece","olm_key":"other/plastic","quantity":1,"picked_up":true}],"groups":["litter"],"has_litter":true,"has_pet_waste":false,"has_substances":false,"zone":"cottonwood_zone_E","zone_edge_m":109.4,"nbhd_edge_m":null}},{"type":"Feature","geometry":{"type":"Point","coordinates":[-122.56199645996,49.207286834717]},"properties":{"id":545936,"datetime":"2026-06-29T03:18:27.000000Z","filename":"https://olm-s3.s3.eu-west-1.amazonaws.com/2026/06/29/I4ewW5LBQQUPxiI5BibLLoKjoIcvB3QD8gwAsV4K.jpg","tags":[{"type":"standard","category":"sanitary","item":"tissue","quantity":2}],"objects":[{"status":"OK","on_map":true,"group":"Household","subgroup":"","layer":"Hygiene Paper","full_name":"Household \u2013 Hygiene Paper","olm_key":"sanitary/tissue","quantity":2,"picked_up":true}],"groups":["litter"],"has_litter":true,"has_pet_waste":false,"has_substances":false,"zone":"cottonwood_zone_E","zone_edge_m":109.4,"nbhd_edge_m":null}},{"type":"Feature","geometry":{"type":"Point","coordinates":[-122.56202697754,49.207260131836]},"properties":{"id":545935,"datetime":"2026-06-29T03:18:15.000000Z","filename":"https://olm-s3.s3.eu-west-1.amazonaws.com/2026/06/29/WUJj1c22m2IM3aFz9PebbEUoqOoagqvOfgH16X8b.jpg","tags":[{"type":"standard","category":"food","item":"wrapper","quantity":1}],"objects":[{"status":"OK","on_map":true,"group":"Convenient Food Drink","subgroup":"Snack","layer":"Foil / Plastic Film Snack Wrapper","full_name":"Convenient Food Drink \u2013 Snack \u2013 Foil / Plastic Film Snack Wrapper","olm_key":"food/wrapper","quantity":1,"picked_up":true}],"groups":["litter"],"has_litter":true,"has_pet_waste":false,"has_substances":false,"zone":"cottonwood_zone_E","zone_edge_m":112.4,"nbhd_edge_m":null}},{"type":"Feature","geometry":{"type":"Point","coordinates":[-122.5623550415,49.207557678223]},"properties":{"id":545934,"datetime":"2026-06-29T03:18:09.000000Z","filename":"https://olm-s3.s3.eu-west-1.amazonaws.com/2026/06/29/tZLO0b3SzqBXs7JEe2JbfkJ6jltZTpl3tqe2BcwG.jpg","tags":[{"type":"standard","category":"food","item":"wrapper","quantity":1},{"type":"material","category":"material","item":"paper","quantity":1,"parent_category":"food","parent_item":"wrapper"},{"type":"custom_tag","category":"custom_tag","item":"material:wax coated","quantity":1,"parent_category":"food","parent_item":"wrapper"}],"objects":[{"status":"OK","on_map":true,"group":"Convenient Food Drink","subgroup":"Snack","layer":"Foil / Plastic Film Snack Wrapper","full_name":"Convenient Food Drink \u2013 Snack \u2013 Foil / Plastic Film Snack Wrapper","olm_key":"food/wrapper","quantity":1,"picked_up":true}],"groups":["litter"],"has_litter":true,"has_pet_waste":false,"has_substances":false,"zone":"cottonwood_zone_E","zone_edge_m":79.3,"nbhd_edge_m":null}},{"type":"Feature","geometry":{"type":"Point","coordinates":[-122.56199645996,49.207286834717]},"properties":{"id":545933,"datetime":"2026-06-29T03:18:49.000000Z","filename":"https://olm-s3.s3.eu-west-1.amazonaws.com/2026/06/29/yjXFIVKYsB3JnskN5Xpfzp31Pdp3ySymC8Tpktvx.jpg","tags":[{"type":"standard","category":"smoking","item":"butts","quantity":1}],"objects":[{"status":"OK","on_map":true,"group":"Smoking","subgroup":"","layer":"Cigarette Butts","full_name":"Smoking \u2013 Cigarette Butts","olm_key":"smoking/butts","quantity":1,"picked_up":true}],"groups":["substances"],"has_litter":false,"has_pet_waste":false,"has_substances":true,"zone":"cottonwood_zone_E","zone_edge_m":109.4,"nbhd_edge_m":null}},{"type":"Feature","geometry":{"type":"Point","coordinates":[-122.56199645996,49.207286834717]},"properties":{"id":545932,"datetime":"2026-06-29T03:19:03.000000Z","filename":"https://olm-s3.s3.eu-west-1.amazonaws.com/2026/06/29/3A3aAXgn9wMHcUVqiju3pFbhuwrhA4B3q6iZUN3a.jpg","tags":[{"type":"standard","category":"food","item":"lid","quantity":1}],"objects":[{"status":"OK","on_map":true,"group":"Household","subgroup":"","layer":"Food Container Lid","full_name":"Household \u2013 Food Container Lid","olm_key":"food/lid","quantity":1,"picked_up":true}],"groups":["litter"],"has_litter":true,"has_pet_waste":false,"has_substances":false,"zone":"cottonwood_zone_E","zone_edge_m":109.4,"nbhd_edge_m":null}},{"type":"Feature","geometry":{"type":"Point","coordinates":[-122.56199645996,49.207286834717]},"properties":{"id":545931,"datetime":"2026-06-29T03:19:12.000000Z","filename":"https://olm-s3.s3.eu-west-1.amazonaws.com/2026/06/29/VAEzVLWta80YtEL1Ebrc5dCkPt6bETVaNG3K77jM.jpg","tags":[{"type":"standard","category":"smoking","item":"butts","quantity":2}],"objects":[{"status":"OK","on_map":true,"group":"Smoking","subgroup":"","layer":"Cigarette Butts","full_name":"Smoking \u2013 Cigarette Butts","olm_key":"smoking/butts","quantity":2,"picked_up":true}],"groups":["substances"],"has_litter":false,"has_pet_waste":false,"has_substances":true,"zone":"cottonwood_zone_E","zone_edge_m":109.4,"nbhd_edge_m":null}},{"type":"Feature","geometry":{"type":"Point","coordinates":[-122.56199645996,49.207286834717]},"properties":{"id":545930,"datetime":"2026-06-29T03:19:08.000000Z","filename":"https://olm-s3.s3.eu-west-1.amazonaws.com/2026/06/29/GVacySM1PChPCYtBXT44ni7aQftZWtvrK84ahTKN.jpg","tags":[{"type":"standard","category":"smoking","item":"butts","quantity":1}],"objects":[{"status":"OK","on_map":true,"group":"Smoking","subgroup":"","layer":"Cigarette Butts","full_name":"Smoking \u2013 Cigarette Butts","olm_key":"smoking/butts","quantity":1,"picked_up":true}],"groups":["substances"],"has_litter":false,"has_pet_waste":false,"has_substances":true,"zone":"cottonwood_zone_E","zone_edge_m":109.4,"nbhd_edge_m":null}},{"type":"Feature","geometry":{"type":"Point","coordinates":[-122.56199645996,49.207286834717]},"properties":{"id":545929,"datetime":"2026-06-29T03:19:32.000000Z","filename":"https://olm-s3.s3.eu-west-1.amazonaws.com/2026/06/29/bPO4MgNCYPUrEzkmZfdSMEGskv35WfmUNqexaxop.jpg","tags":[{"type":"standard","category":"other","item":"other","quantity":1}],"objects":[{"status":"OK","on_map":true,"group":"Household","subgroup":"","layer":"Household misc","full_name":"Household \u2013 Household misc","olm_key":"other/other","quantity":1,"picked_up":true}],"groups":["litter"],"has_litter":true,"has_pet_waste":false,"has_substances":false,"zone":"cottonwood_zone_E","zone_edge_m":109.4,"nbhd_edge_m":null}},{"type":"Feature","geometry":{"type":"Point","coordinates":[-122.56199645996,49.207286834717]},"properties":{"id":545928,"datetime":"2026-06-29T03:19:27.000000Z","filename":"https://olm-s3.s3.eu-west-1.amazonaws.com/2026/06/29/dTTfy72eH0uSFpNVuEOPZn38333KBOeJTtPQG7GN.jpg","tags":[{"type":"standard","category":"softdrinks","item":"straw_wrapper","quantity":1}],"objects":[{"status":"OK","on_map":true,"group":"Convenient Food Drink","subgroup":"Drink","layer":"Drink Straw Wrapper","full_name":"Convenient Food Drink \u2013 Drink \u2013 Drink Straw Wrapper","olm_key":"softdrinks/straw_wrapper","quantity":1,"picked_up":true}],"groups":["litter"],"has_litter":true,"has_pet_waste":false,"has_substances":false,"zone":"cottonwood_zone_E","zone_edge_m":109.4,"nbhd_edge_m":null}},{"type":"Feature","geometry":{"type":"Point","coordinates":[-122.56199645996,49.207286834717]},"properties":{"id":545927,"datetime":"2026-06-29T03:19:57.000000Z","filename":"https://olm-s3.s3.eu-west-1.amazonaws.com/2026/06/29/tPUmBnPRMu6AX7JMuGRnmKI3ZoGHBCaMKPKpryN8.jpg","tags":[{"type":"standard","category":"food","item":"wrapper","quantity":2},{"type":"standard","category":"food","item":"wrapper","quantity":1},{"type":"material","category":"material","item":"foil","quantity":1,"parent_category":"food","parent_item":"wrapper"},{"type":"material","category":"material","item":"plastic","quantity":1,"parent_category":"food","parent_item":"wrapper"},{"type":"custom_tag","category":"custom_tag","item":"brand:Leclerc","quantity":1,"parent_category":"food","parent_item":"wrapper"}],"objects":[{"status":"OK","on_map":true,"group":"Convenient Food Drink","subgroup":"Snack","layer":"Foil / Plastic Film Snack Wrapper","full_name":"Convenient Food Drink \u2013 Snack \u2013 Foil / Plastic Film Snack Wrapper","olm_key":"food/wrapper","quantity":2,"picked_up":true},{"status":"OK","on_map":true,"group":"Convenient Food Drink","subgroup":"Snack","layer":"Foil / Plastic Film Snack Wrapper","full_name":"Convenient Food Drink \u2013 Snack \u2013 Foil / Plastic Film Snack Wrapper","olm_key":"food/wrapper","quantity":1,"picked_up":true}],"groups":["litter"],"has_litter":true,"has_pet_waste":false,"has_substances":false,"zone":"cottonwood_zone_E","zone_edge_m":109.4,"nbhd_edge_m":null}}]}