{"type":"FeatureCollection","features":[{"type":"Feature","geometry":{"type":"Point","coordinates":[-122.56149291992,49.209205627441]},"properties":{"id":556479,"datetime":"2026-10-06T20:08:08.000000Z","filename":"https://olm-s3.s3.eu-west-1.amazonaws.com/2026/10/06/LasLubh4FVXxfZQkrOJuUPU9QjpmdrOiss14JiVX.jpg","tags":[{"type":"standard","category":"softdrinks","item":"bottle","quantity":1,"object_type":"water"},{"type":"material","category":"material","item":"plastic","quantity":1,"parent_category":"softdrinks","parent_item":"bottle"},{"type":"standard","category":"softdrinks","item":"bottle_cap","quantity":1}],"objects":[{"status":"OK","on_map":true,"group":"Convenient Food Drink","subgroup":"Drink","layer":"Plastic or Glass Drink Bottle","full_name":"Convenient Food Drink \u2013 Drink \u2013 Plastic or Glass Drink Bottle","olm_key":"softdrinks/bottle","quantity":1,"picked_up":true},{"status":"OK","on_map":true,"group":"Convenient Food Drink","subgroup":"Drink","layer":"Drink Bottle Cap","full_name":"Convenient Food Drink \u2013 Drink \u2013 Drink Bottle Cap","olm_key":"softdrinks/bottle_cap","quantity":1,"picked_up":true}],"groups":["litter"],"has_litter":true,"has_pet_waste":false,"has_substances":false,"zone":"cottonwood_zone_D","zone_edge_m":63.9,"nbhd_edge_m":null}},{"type":"Feature","geometry":{"type":"Point","coordinates":[-122.56211853027,49.207702636719]},"properties":{"id":556478,"datetime":"2026-10-06T20:08:40.000000Z","filename":"https://olm-s3.s3.eu-west-1.amazonaws.com/2026/10/06/Xvttmu51LsQhFzMHaZEVyHYqCS7ZX5RYwlM7qTZG.jpg","tags":[{"type":"standard","category":"smoking","item":"butts","quantity":4}],"objects":[{"status":"OK","on_map":true,"group":"Smoking","subgroup":"","layer":"Cigarette Butts","full_name":"Smoking \u2013 Cigarette Butts","olm_key":"smoking/butts","quantity":4,"picked_up":true}],"groups":["substances"],"has_litter":false,"has_pet_waste":false,"has_substances":true,"zone":"cottonwood_zone_E","zone_edge_m":63.2,"nbhd_edge_m":null}},{"type":"Feature","geometry":{"type":"Point","coordinates":[-122.56211853027,49.207702636719]},"properties":{"id":556477,"datetime":"2026-10-06T20:09:30.000000Z","filename":"https://olm-s3.s3.eu-west-1.amazonaws.com/2026/10/06/7HV7ZPAqONziRZfvgRoo8maDG2UrzajgJoZ8v08k.jpg","tags":[{"type":"standard","category":"other","item":"plastic","quantity":1}],"objects":[{"status":"OK","on_map":true,"group":"Piece","subgroup":"","layer":"Plastic Piece","full_name":"Piece \u2013 Plastic Piece","olm_key":"other/plastic","quantity":1,"picked_up":true}],"groups":["litter"],"has_litter":true,"has_pet_waste":false,"has_substances":false,"zone":"cottonwood_zone_E","zone_edge_m":63.2,"nbhd_edge_m":null}},{"type":"Feature","geometry":{"type":"Point","coordinates":[-122.56211853027,49.207702636719]},"properties":{"id":556476,"datetime":"2026-10-06T20:10:13.000000Z","filename":"https://olm-s3.s3.eu-west-1.amazonaws.com/2026/10/06/2rgUEZOfmHmPnu2eFIQ9mOBUBGIZgAsuLfphsG95.jpg","tags":[{"type":"standard","category":"smoking","item":"butts","quantity":1}],"objects":[{"status":"OK","on_map":true,"group":"Smoking","subgroup":"","layer":"Cigarette Butts","full_name":"Smoking \u2013 Cigarette Butts","olm_key":"smoking/butts","quantity":1,"picked_up":true}],"groups":["substances"],"has_litter":false,"has_pet_waste":false,"has_substances":true,"zone":"cottonwood_zone_E","zone_edge_m":63.2,"nbhd_edge_m":null}},{"type":"Feature","geometry":{"type":"Point","coordinates":[-122.56211853027,49.207702636719]},"properties":{"id":556475,"datetime":"2026-10-06T20:10:20.000000Z","filename":"https://olm-s3.s3.eu-west-1.amazonaws.com/2026/10/06/9GDqmgSehEHYGRyzS0289zBjzPnplA1WkpD6B75w.jpg","tags":[{"type":"standard","category":"other","item":"plastic","quantity":1}],"objects":[{"status":"OK","on_map":true,"group":"Piece","subgroup":"","layer":"Plastic Piece","full_name":"Piece \u2013 Plastic Piece","olm_key":"other/plastic","quantity":1,"picked_up":true}],"groups":["litter"],"has_litter":true,"has_pet_waste":false,"has_substances":false,"zone":"cottonwood_zone_E","zone_edge_m":63.2,"nbhd_edge_m":null}},{"type":"Feature","geometry":{"type":"Point","coordinates":[-122.56211853027,49.207702636719]},"properties":{"id":556474,"datetime":"2026-10-06T20:10:40.000000Z","filename":"https://olm-s3.s3.eu-west-1.amazonaws.com/2026/10/06/cWMI2qC2UxXis5ftdDIkcSbd7b5M2E1QoVJMoPSV.jpg","tags":[{"type":"standard","category":"pets","item":"dogshit","quantity":1}],"objects":[{"status":"OK","on_map":true,"group":"Fecal","subgroup":"","layer":"Pet Waste Unbagged","full_name":"Fecal \u2013 Pet Waste Unbagged","olm_key":"pets/dogshit","quantity":1,"picked_up":false}],"groups":["pet_waste"],"has_litter":false,"has_pet_waste":true,"has_substances":false,"zone":"cottonwood_zone_E","zone_edge_m":63.2,"nbhd_edge_m":null}},{"type":"Feature","geometry":{"type":"Point","coordinates":[-122.56211853027,49.207702636719]},"properties":{"id":556473,"datetime":"2026-10-06T20:11:00.000000Z","filename":"https://olm-s3.s3.eu-west-1.amazonaws.com/2026/10/06/5RyHiQBrVfLXQ5xzUM98mESYUR2WdGFxU9hU9SCL.jpg","tags":[{"type":"standard","category":"other","item":"plastic","quantity":1}],"objects":[{"status":"OK","on_map":true,"group":"Piece","subgroup":"","layer":"Plastic Piece","full_name":"Piece \u2013 Plastic Piece","olm_key":"other/plastic","quantity":1,"picked_up":true}],"groups":["litter"],"has_litter":true,"has_pet_waste":false,"has_substances":false,"zone":"cottonwood_zone_E","zone_edge_m":63.2,"nbhd_edge_m":null}},{"type":"Feature","geometry":{"type":"Point","coordinates":[-122.56211853027,49.207702636719]},"properties":{"id":556472,"datetime":"2026-10-06T20:11:11.000000Z","filename":"https://olm-s3.s3.eu-west-1.amazonaws.com/2026/10/06/suw3pl5ekgFAZ2622xJbuD2Syi36iwvCDoaiFv4Y.jpg","tags":[{"type":"standard","category":"softdrinks","item":"bottle","quantity":1,"object_type":"water"},{"type":"material","category":"material","item":"plastic","quantity":1,"parent_category":"softdrinks","parent_item":"bottle"},{"type":"standard","category":"softdrinks","item":"bottle_cap","quantity":1},{"type":"material","category":"material","item":"plastic","quantity":1,"parent_category":"softdrinks","parent_item":"bottle_cap"}],"objects":[{"status":"OK","on_map":true,"group":"Convenient Food Drink","subgroup":"Drink","layer":"Plastic or Glass Drink Bottle","full_name":"Convenient Food Drink \u2013 Drink \u2013 Plastic or Glass Drink Bottle","olm_key":"softdrinks/bottle","quantity":1,"picked_up":true},{"status":"OK","on_map":true,"group":"Convenient Food Drink","subgroup":"Drink","layer":"Drink Bottle Cap","full_name":"Convenient Food Drink \u2013 Drink \u2013 Drink Bottle Cap","olm_key":"softdrinks/bottle_cap","quantity":1,"picked_up":true}],"groups":["litter"],"has_litter":true,"has_pet_waste":false,"has_substances":false,"zone":"cottonwood_zone_E","zone_edge_m":63.2,"nbhd_edge_m":null}},{"type":"Feature","geometry":{"type":"Point","coordinates":[-122.56233215332,49.207138061523]},"properties":{"id":556471,"datetime":"2026-10-06T20:11:56.000000Z","filename":"https://olm-s3.s3.eu-west-1.amazonaws.com/2026/10/06/Yx2BsMljholJtV3LkpzNH7keox9bd2w1aTax0Puf.jpg","tags":[{"type":"standard","category":"softdrinks","item":"broken_glass","quantity":7}],"objects":[{"status":"OK","on_map":true,"group":"Convenient Food Drink","subgroup":"Drink","layer":"Drink Broken Glass","full_name":"Convenient Food Drink \u2013 Drink \u2013 Drink Broken Glass","olm_key":"softdrinks/broken_glass","quantity":7,"picked_up":true}],"groups":["litter"],"has_litter":true,"has_pet_waste":false,"has_substances":false,"zone":"cottonwood_zone_E","zone_edge_m":126.0,"nbhd_edge_m":null}},{"type":"Feature","geometry":{"type":"Point","coordinates":[-122.56234741211,49.207145690918]},"properties":{"id":556470,"datetime":"2026-10-06T20:12:51.000000Z","filename":"https://olm-s3.s3.eu-west-1.amazonaws.com/2026/10/06/G0lAn3cqfg1M3BdGj6rFBGryqYyyHFdnyncQB6Pp.jpg","tags":[{"type":"standard","category":"softdrinks","item":"broken_glass","quantity":1}],"objects":[{"status":"OK","on_map":true,"group":"Convenient Food Drink","subgroup":"Drink","layer":"Drink Broken Glass","full_name":"Convenient Food Drink \u2013 Drink \u2013 Drink Broken Glass","olm_key":"softdrinks/broken_glass","quantity":1,"picked_up":true}],"groups":["litter"],"has_litter":true,"has_pet_waste":false,"has_substances":false,"zone":"cottonwood_zone_E","zone_edge_m":125.2,"nbhd_edge_m":null}},{"type":"Feature","geometry":{"type":"Point","coordinates":[-122.56234741211,49.207145690918]},"properties":{"id":556469,"datetime":"2026-10-06T20:13:00.000000Z","filename":"https://olm-s3.s3.eu-west-1.amazonaws.com/2026/10/06/sNPE4Ab5B3AEKMruDMLL0IRZe0wnv0gbvBv2Lz4f.jpg","tags":[{"type":"standard","category":"softdrinks","item":"broken_glass","quantity":1}],"objects":[{"status":"OK","on_map":true,"group":"Convenient Food Drink","subgroup":"Drink","layer":"Drink Broken Glass","full_name":"Convenient Food Drink \u2013 Drink \u2013 Drink Broken Glass","olm_key":"softdrinks/broken_glass","quantity":1,"picked_up":true}],"groups":["litter"],"has_litter":true,"has_pet_waste":false,"has_substances":false,"zone":"cottonwood_zone_E","zone_edge_m":125.2,"nbhd_edge_m":null}},{"type":"Feature","geometry":{"type":"Point","coordinates":[-122.56234741211,49.207145690918]},"properties":{"id":556468,"datetime":"2026-10-06T20:13:23.000000Z","filename":"https://olm-s3.s3.eu-west-1.amazonaws.com/2026/10/06/o1z1LoOl9OJ4czpwG9t8lDoRa93zLt4OC4DndLCV.jpg","tags":[{"type":"standard","category":"other","item":"plastic","quantity":2}],"objects":[{"status":"OK","on_map":true,"group":"Piece","subgroup":"","layer":"Plastic Piece","full_name":"Piece \u2013 Plastic Piece","olm_key":"other/plastic","quantity":2,"picked_up":true}],"groups":["litter"],"has_litter":true,"has_pet_waste":false,"has_substances":false,"zone":"cottonwood_zone_E","zone_edge_m":125.2,"nbhd_edge_m":null}},{"type":"Feature","geometry":{"type":"Point","coordinates":[-122.56234741211,49.207145690918]},"properties":{"id":556467,"datetime":"2026-10-06T20:13:35.000000Z","filename":"https://olm-s3.s3.eu-west-1.amazonaws.com/2026/10/06/t3pitTZwUw8qRxIZEX0NGLsCcFp1IOxRGyi9CvYd.jpg","tags":[{"type":"standard","category":"food","item":"wrapper","quantity":1},{"type":"material","category":"material","item":"plastic","quantity":1,"parent_category":"food","parent_item":"wrapper"}],"objects":[{"status":"OK","on_map":true,"group":"Convenient Food Drink","subgroup":"Snack","layer":"Foil / Plastic Film Snack Wrapper","full_name":"Convenient Food Drink \u2013 Snack \u2013 Foil / Plastic Film Snack Wrapper","olm_key":"food/wrapper","quantity":1,"picked_up":true}],"groups":["litter"],"has_litter":true,"has_pet_waste":false,"has_substances":false,"zone":"cottonwood_zone_E","zone_edge_m":125.2,"nbhd_edge_m":null}},{"type":"Feature","geometry":{"type":"Point","coordinates":[-122.56234741211,49.207145690918]},"properties":{"id":556466,"datetime":"2026-10-06T20:13:45.000000Z","filename":"https://olm-s3.s3.eu-west-1.amazonaws.com/2026/10/06/g0Sb1KgwRTZNGYNkzSIRLR8au8ww10hWw64WGvdT.jpg","tags":[{"type":"standard","category":"industrial","item":"tape","quantity":1}],"objects":[{"status":"OK","on_map":true,"group":"Industrial","subgroup":"","layer":"Flagging Tape","full_name":"Industrial \u2013 Flagging Tape","olm_key":"industrial/tape","quantity":1,"picked_up":true}],"groups":["litter"],"has_litter":true,"has_pet_waste":false,"has_substances":false,"zone":"cottonwood_zone_E","zone_edge_m":125.2,"nbhd_edge_m":null}},{"type":"Feature","geometry":{"type":"Point","coordinates":[-122.56234741211,49.207145690918]},"properties":{"id":556465,"datetime":"2026-10-06T20:13:51.000000Z","filename":"https://olm-s3.s3.eu-west-1.amazonaws.com/2026/10/06/UCY1HDpmSv9m7ExohrUvjZwtFXnXb6z3zjaZFPsq.jpg","tags":[{"type":"standard","category":"other","item":"balloon","quantity":1}],"objects":[{"status":"OK","on_map":true,"group":"Household","subgroup":"","layer":"Party Litter","full_name":"Household \u2013 Party Litter","olm_key":"other/balloon","quantity":1,"picked_up":true}],"groups":["litter"],"has_litter":true,"has_pet_waste":false,"has_substances":false,"zone":"cottonwood_zone_E","zone_edge_m":125.2,"nbhd_edge_m":null}},{"type":"Feature","geometry":{"type":"Point","coordinates":[-122.56234741211,49.207145690918]},"properties":{"id":556464,"datetime":"2026-10-06T20:14:21.000000Z","filename":"https://olm-s3.s3.eu-west-1.amazonaws.com/2026/10/06/vAVdhWU19dYmkKzQ69LnnA87c4GfbX61l4snCJcR.jpg","tags":[{"type":"standard","category":"other","item":"metal","quantity":1}],"objects":[{"status":"OK","on_map":true,"group":"Piece","subgroup":"","layer":"Household or Unknown Metal Piece","full_name":"Piece \u2013 Household or Unknown Metal Piece","olm_key":"other/metal","quantity":1,"picked_up":true}],"groups":["litter"],"has_litter":true,"has_pet_waste":false,"has_substances":false,"zone":"cottonwood_zone_E","zone_edge_m":125.2,"nbhd_edge_m":null}},{"type":"Feature","geometry":{"type":"Point","coordinates":[-122.56234741211,49.207145690918]},"properties":{"id":556463,"datetime":"2026-10-06T20:14:33.000000Z","filename":"https://olm-s3.s3.eu-west-1.amazonaws.com/2026/10/06/gvBTUXXRZTUk5kvXpO1EGfy0kRo88rPzfKMimd94.jpg","tags":[{"type":"standard","category":"other","item":"plastic","quantity":1}],"objects":[{"status":"OK","on_map":true,"group":"Piece","subgroup":"","layer":"Plastic Piece","full_name":"Piece \u2013 Plastic Piece","olm_key":"other/plastic","quantity":1,"picked_up":true}],"groups":["litter"],"has_litter":true,"has_pet_waste":false,"has_substances":false,"zone":"cottonwood_zone_E","zone_edge_m":125.2,"nbhd_edge_m":null}},{"type":"Feature","geometry":{"type":"Point","coordinates":[-122.56234741211,49.207145690918]},"properties":{"id":556462,"datetime":"2026-10-06T20:15:02.000000Z","filename":"https://olm-s3.s3.eu-west-1.amazonaws.com/2026/10/06/nlV9zinRi19qO6xreJ4NI9noGiX7pD6IaS3mo22e.jpg","tags":[{"type":"standard","category":"other","item":"paper","quantity":1}],"objects":[{"status":"OK","on_map":true,"group":"Piece","subgroup":"","layer":"Paper Piece","full_name":"Piece \u2013 Paper Piece","olm_key":"other/paper","quantity":1,"picked_up":true}],"groups":["litter"],"has_litter":true,"has_pet_waste":false,"has_substances":false,"zone":"cottonwood_zone_E","zone_edge_m":125.2,"nbhd_edge_m":null}},{"type":"Feature","geometry":{"type":"Point","coordinates":[-122.56234741211,49.207145690918]},"properties":{"id":556461,"datetime":"2026-10-06T20:15:16.000000Z","filename":"https://olm-s3.s3.eu-west-1.amazonaws.com/2026/10/06/vuApmiDgmyAGZsvNAmmEKg3fA5iNKOOM25mHQGcj.jpg","tags":[{"type":"standard","category":"other","item":"clothing","quantity":1}],"objects":[{"status":"OK","on_map":true,"group":"Household","subgroup":"","layer":"Abandoned Textile Apparel","full_name":"Household \u2013 Abandoned Textile Apparel","olm_key":"other/clothing","quantity":1,"picked_up":true}],"groups":["litter"],"has_litter":true,"has_pet_waste":false,"has_substances":false,"zone":"cottonwood_zone_E","zone_edge_m":125.2,"nbhd_edge_m":null}},{"type":"Feature","geometry":{"type":"Point","coordinates":[-122.56234741211,49.207145690918]},"properties":{"id":556460,"datetime":"2026-10-06T20:15:31.000000Z","filename":"https://olm-s3.s3.eu-west-1.amazonaws.com/2026/10/06/N3GOxtNUQADzmfo5572i3EMgSW85gj1Fg91NdDy7.jpg","tags":[{"type":"standard","category":"smoking","item":"butts","quantity":1}],"objects":[{"status":"OK","on_map":true,"group":"Smoking","subgroup":"","layer":"Cigarette Butts","full_name":"Smoking \u2013 Cigarette Butts","olm_key":"smoking/butts","quantity":1,"picked_up":true}],"groups":["substances"],"has_litter":false,"has_pet_waste":false,"has_substances":true,"zone":"cottonwood_zone_E","zone_edge_m":125.2,"nbhd_edge_m":null}},{"type":"Feature","geometry":{"type":"Point","coordinates":[-122.56234741211,49.207145690918]},"properties":{"id":556459,"datetime":"2026-10-06T20:16:17.000000Z","filename":"https://olm-s3.s3.eu-west-1.amazonaws.com/2026/10/06/gn0xdhzo4KZuGdiYVLAWCnfBWhz9KqnLnQpGdbrT.jpg","tags":[{"type":"standard","category":"other","item":"other","quantity":1}],"objects":[{"status":"OK","on_map":true,"group":"Household","subgroup":"","layer":"Household misc","full_name":"Household \u2013 Household misc","olm_key":"other/other","quantity":1,"picked_up":true}],"groups":["litter"],"has_litter":true,"has_pet_waste":false,"has_substances":false,"zone":"cottonwood_zone_E","zone_edge_m":125.2,"nbhd_edge_m":null}},{"type":"Feature","geometry":{"type":"Point","coordinates":[-122.56234741211,49.207145690918]},"properties":{"id":556458,"datetime":"2026-10-06T20:16:22.000000Z","filename":"https://olm-s3.s3.eu-west-1.amazonaws.com/2026/10/06/dIhOfzxOVBjQbGtRBp4PFBDXxkfmjkwkm1ojlIxi.jpg","tags":[{"type":"standard","category":"other","item":"paper","quantity":1}],"objects":[{"status":"OK","on_map":true,"group":"Piece","subgroup":"","layer":"Paper Piece","full_name":"Piece \u2013 Paper Piece","olm_key":"other/paper","quantity":1,"picked_up":true}],"groups":["litter"],"has_litter":true,"has_pet_waste":false,"has_substances":false,"zone":"cottonwood_zone_E","zone_edge_m":125.2,"nbhd_edge_m":null}},{"type":"Feature","geometry":{"type":"Point","coordinates":[-122.56234741211,49.207145690918]},"properties":{"id":556457,"datetime":"2026-10-06T20:16:33.000000Z","filename":"https://olm-s3.s3.eu-west-1.amazonaws.com/2026/10/06/c4yj7jnBSUhyzM5L85wm18r3B411uh7YGxPm6D9p.jpg","tags":[{"type":"standard","category":"food","item":"gum","quantity":1}],"objects":[{"status":"OK","on_map":true,"group":"Convenient Food Drink","subgroup":"Snack","layer":"Chewed Gum","full_name":"Convenient Food Drink \u2013 Snack \u2013 Chewed Gum","olm_key":"food/gum","quantity":1,"picked_up":true}],"groups":["litter"],"has_litter":true,"has_pet_waste":false,"has_substances":false,"zone":"cottonwood_zone_E","zone_edge_m":125.2,"nbhd_edge_m":null}},{"type":"Feature","geometry":{"type":"Point","coordinates":[-122.56234741211,49.207145690918]},"properties":{"id":556456,"datetime":"2026-10-06T20:16:44.000000Z","filename":"https://olm-s3.s3.eu-west-1.amazonaws.com/2026/10/06/gD5QZwcr23UMgSAT6sBt7wDM2BNp493RAgNHof2L.jpg","tags":[{"type":"standard","category":"smoking","item":"butts","quantity":1}],"objects":[{"status":"OK","on_map":true,"group":"Smoking","subgroup":"","layer":"Cigarette Butts","full_name":"Smoking \u2013 Cigarette Butts","olm_key":"smoking/butts","quantity":1,"picked_up":true}],"groups":["substances"],"has_litter":false,"has_pet_waste":false,"has_substances":true,"zone":"cottonwood_zone_E","zone_edge_m":125.2,"nbhd_edge_m":null}},{"type":"Feature","geometry":{"type":"Point","coordinates":[-122.56234741211,49.207145690918]},"properties":{"id":556455,"datetime":"2026-10-06T20:16:51.000000Z","filename":"https://olm-s3.s3.eu-west-1.amazonaws.com/2026/10/06/IAt7PxpGEx21TQJwYNnGqvMSMH9C3dZBDrtaoXhK.jpg","tags":[{"type":"standard","category":"smoking","item":"butts","quantity":1}],"objects":[{"status":"OK","on_map":true,"group":"Smoking","subgroup":"","layer":"Cigarette Butts","full_name":"Smoking \u2013 Cigarette Butts","olm_key":"smoking/butts","quantity":1,"picked_up":true}],"groups":["substances"],"has_litter":false,"has_pet_waste":false,"has_substances":true,"zone":"cottonwood_zone_E","zone_edge_m":125.2,"nbhd_edge_m":null}},{"type":"Feature","geometry":{"type":"Point","coordinates":[-122.56234741211,49.207145690918]},"properties":{"id":556454,"datetime":"2026-10-06T20:17:02.000000Z","filename":"https://olm-s3.s3.eu-west-1.amazonaws.com/2026/10/06/XGgvYaTtlQ5IgLgfEj2ZVfFxN9Qv00BiU9PqCBMg.jpg","tags":[{"type":"standard","category":"vehicles","item":"car_part","quantity":1}],"objects":[{"status":"OK","on_map":true,"group":"Piece","subgroup":"","layer":"Motor Vehicle Part Piece","full_name":"Piece \u2013 Motor Vehicle Part Piece","olm_key":"vehicles/car_part","quantity":1,"picked_up":true}],"groups":["litter"],"has_litter":true,"has_pet_waste":false,"has_substances":false,"zone":"cottonwood_zone_E","zone_edge_m":125.2,"nbhd_edge_m":null}},{"type":"Feature","geometry":{"type":"Point","coordinates":[-122.56234741211,49.207145690918]},"properties":{"id":556453,"datetime":"2026-10-06T20:17:18.000000Z","filename":"https://olm-s3.s3.eu-west-1.amazonaws.com/2026/10/06/qIyvaHnmlKLNeSeplnd0guz6WzxujjEN5VsyTAqO.jpg","tags":[{"type":"standard","category":"other","item":"other","quantity":1}],"objects":[{"status":"OK","on_map":true,"group":"Household","subgroup":"","layer":"Household misc","full_name":"Household \u2013 Household misc","olm_key":"other/other","quantity":1,"picked_up":true}],"groups":["litter"],"has_litter":true,"has_pet_waste":false,"has_substances":false,"zone":"cottonwood_zone_E","zone_edge_m":125.2,"nbhd_edge_m":null}},{"type":"Feature","geometry":{"type":"Point","coordinates":[-122.56234741211,49.207145690918]},"properties":{"id":556452,"datetime":"2026-10-06T20:17:26.000000Z","filename":"https://olm-s3.s3.eu-west-1.amazonaws.com/2026/10/06/IfO6FNauAyz4YpLsL16hsbe4AYVoZLGu094iu80j.jpg","tags":[{"type":"standard","category":"other","item":"other","quantity":1}],"objects":[{"status":"OK","on_map":true,"group":"Household","subgroup":"","layer":"Household misc","full_name":"Household \u2013 Household misc","olm_key":"other/other","quantity":1,"picked_up":true}],"groups":["litter"],"has_litter":true,"has_pet_waste":false,"has_substances":false,"zone":"cottonwood_zone_E","zone_edge_m":125.2,"nbhd_edge_m":null}},{"type":"Feature","geometry":{"type":"Point","coordinates":[-122.56234741211,49.207145690918]},"properties":{"id":556451,"datetime":"2026-10-06T20:17:43.000000Z","filename":"https://olm-s3.s3.eu-west-1.amazonaws.com/2026/10/06/9ZNobH9olQzznNtpEON8oc5VGuRKVYpj0YERagoZ.jpg","tags":[{"type":"standard","category":"smoking","item":"butts","quantity":1}],"objects":[{"status":"OK","on_map":true,"group":"Smoking","subgroup":"","layer":"Cigarette Butts","full_name":"Smoking \u2013 Cigarette Butts","olm_key":"smoking/butts","quantity":1,"picked_up":true}],"groups":["substances"],"has_litter":false,"has_pet_waste":false,"has_substances":true,"zone":"cottonwood_zone_E","zone_edge_m":125.2,"nbhd_edge_m":null}},{"type":"Feature","geometry":{"type":"Point","coordinates":[-122.56234741211,49.207145690918]},"properties":{"id":556450,"datetime":"2026-10-06T20:17:53.000000Z","filename":"https://olm-s3.s3.eu-west-1.amazonaws.com/2026/10/06/AAMNkUxEOdMgJ7aN6Tg1qUjLQhWGyefxD6CAXrao.jpg","tags":[{"type":"standard","category":"smoking","item":"butts","quantity":1}],"objects":[{"status":"OK","on_map":true,"group":"Smoking","subgroup":"","layer":"Cigarette Butts","full_name":"Smoking \u2013 Cigarette Butts","olm_key":"smoking/butts","quantity":1,"picked_up":true}],"groups":["substances"],"has_litter":false,"has_pet_waste":false,"has_substances":true,"zone":"cottonwood_zone_E","zone_edge_m":125.2,"nbhd_edge_m":null}},{"type":"Feature","geometry":{"type":"Point","coordinates":[-122.56234741211,49.207145690918]},"properties":{"id":556449,"datetime":"2026-10-06T20:18:02.000000Z","filename":"https://olm-s3.s3.eu-west-1.amazonaws.com/2026/10/06/wUgG1ZziblQCjA6dQr6yMII7vMiMvVsFLz7cpva5.jpg","tags":[{"type":"standard","category":"other","item":"paper","quantity":1}],"objects":[{"status":"OK","on_map":true,"group":"Piece","subgroup":"","layer":"Paper Piece","full_name":"Piece \u2013 Paper Piece","olm_key":"other/paper","quantity":1,"picked_up":true}],"groups":["litter"],"has_litter":true,"has_pet_waste":false,"has_substances":false,"zone":"cottonwood_zone_E","zone_edge_m":125.2,"nbhd_edge_m":null}},{"type":"Feature","geometry":{"type":"Point","coordinates":[-122.56234741211,49.207145690918]},"properties":{"id":556448,"datetime":"2026-10-06T20:18:11.000000Z","filename":"https://olm-s3.s3.eu-west-1.amazonaws.com/2026/10/06/E3q8j6I4pjXKyhOAPmYBwkpY30lVOp4rBLy997Gp.jpg","tags":[{"type":"standard","category":"other","item":"paper","quantity":4}],"objects":[{"status":"OK","on_map":true,"group":"Piece","subgroup":"","layer":"Paper Piece","full_name":"Piece \u2013 Paper Piece","olm_key":"other/paper","quantity":4,"picked_up":true}],"groups":["litter"],"has_litter":true,"has_pet_waste":false,"has_substances":false,"zone":"cottonwood_zone_E","zone_edge_m":125.2,"nbhd_edge_m":null}},{"type":"Feature","geometry":{"type":"Point","coordinates":[-122.56240844727,49.206123352051]},"properties":{"id":556447,"datetime":"2026-10-06T20:18:18.000000Z","filename":"https://olm-s3.s3.eu-west-1.amazonaws.com/2026/10/06/8UtpnVLsR33YWJuZoQ5nNB49CLABK2MbokwaDV0a.jpg","tags":[{"type":"standard","category":"other","item":"paper","quantity":1}],"objects":[{"status":"OK","on_map":true,"group":"Piece","subgroup":"","layer":"Paper Piece","full_name":"Piece \u2013 Paper Piece","olm_key":"other/paper","quantity":1,"picked_up":true}],"groups":["litter"],"has_litter":true,"has_pet_waste":false,"has_substances":false,"zone":"cottonwood_zone_E","zone_edge_m":79.4,"nbhd_edge_m":null}},{"type":"Feature","geometry":{"type":"Point","coordinates":[-122.56240844727,49.206123352051]},"properties":{"id":556446,"datetime":"2026-10-06T20:18:26.000000Z","filename":"https://olm-s3.s3.eu-west-1.amazonaws.com/2026/10/06/xCyWgiRrnn9LqVPDq3z88tGeKJG3KIUeVj76PdZ3.jpg","tags":[{"type":"standard","category":"other","item":"plastic","quantity":1}],"objects":[{"status":"OK","on_map":true,"group":"Piece","subgroup":"","layer":"Plastic Piece","full_name":"Piece \u2013 Plastic Piece","olm_key":"other/plastic","quantity":1,"picked_up":true}],"groups":["litter"],"has_litter":true,"has_pet_waste":false,"has_substances":false,"zone":"cottonwood_zone_E","zone_edge_m":79.4,"nbhd_edge_m":null}},{"type":"Feature","geometry":{"type":"Point","coordinates":[-122.56240844727,49.206123352051]},"properties":{"id":556445,"datetime":"2026-10-06T20:18:40.000000Z","filename":"https://olm-s3.s3.eu-west-1.amazonaws.com/2026/10/06/3ZqqXbgPh3qH7yprFdi0I44tDu4glayYZMUz0Yea.jpg","tags":[{"type":"standard","category":"other","item":"paper","quantity":1}],"objects":[{"status":"OK","on_map":true,"group":"Piece","subgroup":"","layer":"Paper Piece","full_name":"Piece \u2013 Paper Piece","olm_key":"other/paper","quantity":1,"picked_up":true}],"groups":["litter"],"has_litter":true,"has_pet_waste":false,"has_substances":false,"zone":"cottonwood_zone_E","zone_edge_m":79.4,"nbhd_edge_m":null}},{"type":"Feature","geometry":{"type":"Point","coordinates":[-122.56178283691,49.206035614014]},"properties":{"id":556444,"datetime":"2026-10-06T20:18:46.000000Z","filename":"https://olm-s3.s3.eu-west-1.amazonaws.com/2026/10/06/BePvS0LzYwLwKVhGerhFHESJ3OhTblAlZRUhwoXU.jpg","tags":[{"type":"standard","category":"other","item":"paper","quantity":1}],"objects":[{"status":"OK","on_map":true,"group":"Piece","subgroup":"","layer":"Paper Piece","full_name":"Piece \u2013 Paper Piece","olm_key":"other/paper","quantity":1,"picked_up":true}],"groups":["litter"],"has_litter":true,"has_pet_waste":false,"has_substances":false,"zone":"cottonwood_zone_E","zone_edge_m":69.6,"nbhd_edge_m":null}},{"type":"Feature","geometry":{"type":"Point","coordinates":[-122.56178283691,49.206035614014]},"properties":{"id":556443,"datetime":"2026-10-06T20:19:19.000000Z","filename":"https://olm-s3.s3.eu-west-1.amazonaws.com/2026/10/06/JdtMA6NCzedEgrXIWMdIaC2RTt7MHqOm7Jw9Qsjm.jpg","tags":[{"type":"standard","category":"other","item":"plastic","quantity":1}],"objects":[{"status":"OK","on_map":true,"group":"Piece","subgroup":"","layer":"Plastic Piece","full_name":"Piece \u2013 Plastic Piece","olm_key":"other/plastic","quantity":1,"picked_up":true}],"groups":["litter"],"has_litter":true,"has_pet_waste":false,"has_substances":false,"zone":"cottonwood_zone_E","zone_edge_m":69.6,"nbhd_edge_m":null}},{"type":"Feature","geometry":{"type":"Point","coordinates":[-122.56178283691,49.206035614014]},"properties":{"id":556442,"datetime":"2026-10-06T20:19:26.000000Z","filename":"https://olm-s3.s3.eu-west-1.amazonaws.com/2026/10/06/K5JEH17HJ1hkPKcDmgIf1OC1TplKxHKJSbOOg2YV.jpg","tags":[{"type":"standard","category":"food","item":"wrapper","quantity":1},{"type":"material","category":"material","item":"plastic","quantity":1,"parent_category":"food","parent_item":"wrapper"},{"type":"material","category":"material","item":"foil","quantity":1,"parent_category":"food","parent_item":"wrapper"}],"objects":[{"status":"OK","on_map":true,"group":"Convenient Food Drink","subgroup":"Snack","layer":"Foil / Plastic Film Snack Wrapper","full_name":"Convenient Food Drink \u2013 Snack \u2013 Foil / Plastic Film Snack Wrapper","olm_key":"food/wrapper","quantity":1,"picked_up":true}],"groups":["litter"],"has_litter":true,"has_pet_waste":false,"has_substances":false,"zone":"cottonwood_zone_E","zone_edge_m":69.6,"nbhd_edge_m":null}},{"type":"Feature","geometry":{"type":"Point","coordinates":[-122.56178283691,49.206035614014]},"properties":{"id":556441,"datetime":"2026-10-06T20:19:51.000000Z","filename":"https://olm-s3.s3.eu-west-1.amazonaws.com/2026/10/06/WXLSYMcOAFHmJAFjyDLr63IJJHwaS5mAJMoHbG9B.jpg","tags":[{"type":"standard","category":"other","item":"plastic","quantity":1}],"objects":[{"status":"OK","on_map":true,"group":"Piece","subgroup":"","layer":"Plastic Piece","full_name":"Piece \u2013 Plastic Piece","olm_key":"other/plastic","quantity":1,"picked_up":true}],"groups":["litter"],"has_litter":true,"has_pet_waste":false,"has_substances":false,"zone":"cottonwood_zone_E","zone_edge_m":69.6,"nbhd_edge_m":null}},{"type":"Feature","geometry":{"type":"Point","coordinates":[-122.56178283691,49.206035614014]},"properties":{"id":556440,"datetime":"2026-10-06T20:20:10.000000Z","filename":"https://olm-s3.s3.eu-west-1.amazonaws.com/2026/10/06/B4ZGDiu5Z4MgI0KA60Vx1zhmzNidP5zV0ElneC37.jpg","tags":[{"type":"standard","category":"pets","item":"dogshit","quantity":1}],"objects":[{"status":"OK","on_map":true,"group":"Fecal","subgroup":"","layer":"Pet Waste Unbagged","full_name":"Fecal \u2013 Pet Waste Unbagged","olm_key":"pets/dogshit","quantity":1,"picked_up":false}],"groups":["pet_waste"],"has_litter":false,"has_pet_waste":true,"has_substances":false,"zone":"cottonwood_zone_E","zone_edge_m":69.6,"nbhd_edge_m":null}},{"type":"Feature","geometry":{"type":"Point","coordinates":[-122.56178283691,49.206035614014]},"properties":{"id":556439,"datetime":"2026-10-06T20:20:19.000000Z","filename":"https://olm-s3.s3.eu-west-1.amazonaws.com/2026/10/06/hDtN2BweZhN7Q9zy29HqHd77IT6CTerBAfe1Py9S.jpg","tags":[{"type":"standard","category":"other","item":"plastic","quantity":1}],"objects":[{"status":"OK","on_map":true,"group":"Piece","subgroup":"","layer":"Plastic Piece","full_name":"Piece \u2013 Plastic Piece","olm_key":"other/plastic","quantity":1,"picked_up":true}],"groups":["litter"],"has_litter":true,"has_pet_waste":false,"has_substances":false,"zone":"cottonwood_zone_E","zone_edge_m":69.6,"nbhd_edge_m":null}},{"type":"Feature","geometry":{"type":"Point","coordinates":[-122.56115722656,49.205787658691]},"properties":{"id":556438,"datetime":"2026-10-06T20:20:44.000000Z","filename":"https://olm-s3.s3.eu-west-1.amazonaws.com/2026/10/06/nGJlM8ZStLl2wNTD2DfzDlYZARQVaO5ge8yGyCli.jpg","tags":[{"type":"standard","category":"other","item":"plastic","quantity":1}],"objects":[{"status":"OK","on_map":true,"group":"Piece","subgroup":"","layer":"Plastic Piece","full_name":"Piece \u2013 Plastic Piece","olm_key":"other/plastic","quantity":1,"picked_up":true}],"groups":["litter"],"has_litter":true,"has_pet_waste":false,"has_substances":false,"zone":"cottonwood_zone_E","zone_edge_m":42.0,"nbhd_edge_m":null}},{"type":"Feature","geometry":{"type":"Point","coordinates":[-122.56115722656,49.205787658691]},"properties":{"id":556437,"datetime":"2026-10-06T20:20:51.000000Z","filename":"https://olm-s3.s3.eu-west-1.amazonaws.com/2026/10/06/zdKoZGNsKqwMVCyYnO7VGhuHk7kqC7Sb0ConbLCs.jpg","tags":[{"type":"standard","category":"other","item":"clothing","quantity":1}],"objects":[{"status":"OK","on_map":true,"group":"Household","subgroup":"","layer":"Abandoned Textile Apparel","full_name":"Household \u2013 Abandoned Textile Apparel","olm_key":"other/clothing","quantity":1,"picked_up":true}],"groups":["litter"],"has_litter":true,"has_pet_waste":false,"has_substances":false,"zone":"cottonwood_zone_E","zone_edge_m":42.0,"nbhd_edge_m":null}},{"type":"Feature","geometry":{"type":"Point","coordinates":[-122.56115722656,49.205787658691]},"properties":{"id":556436,"datetime":"2026-10-06T20:21:33.000000Z","filename":"https://olm-s3.s3.eu-west-1.amazonaws.com/2026/10/06/qK0cLjdByb4nnlSrC8780P4dSVFYSDGwXBOOjtHd.jpg","tags":[{"type":"standard","category":"other","item":"plastic","quantity":1}],"objects":[{"status":"OK","on_map":true,"group":"Piece","subgroup":"","layer":"Plastic Piece","full_name":"Piece \u2013 Plastic Piece","olm_key":"other/plastic","quantity":1,"picked_up":true}],"groups":["litter"],"has_litter":true,"has_pet_waste":false,"has_substances":false,"zone":"cottonwood_zone_E","zone_edge_m":42.0,"nbhd_edge_m":null}},{"type":"Feature","geometry":{"type":"Point","coordinates":[-122.56115722656,49.205787658691]},"properties":{"id":556435,"datetime":"2026-10-06T20:22:02.000000Z","filename":"https://olm-s3.s3.eu-west-1.amazonaws.com/2026/10/06/Y74ZRTpE3Ha1f1KVqtfCFhW9uM48TDxPeQcXEUoC.jpg","tags":[{"type":"standard","category":"other","item":"paper","quantity":1}],"objects":[{"status":"OK","on_map":true,"group":"Piece","subgroup":"","layer":"Paper Piece","full_name":"Piece \u2013 Paper Piece","olm_key":"other/paper","quantity":1,"picked_up":true}],"groups":["litter"],"has_litter":true,"has_pet_waste":false,"has_substances":false,"zone":"cottonwood_zone_E","zone_edge_m":42.0,"nbhd_edge_m":null}},{"type":"Feature","geometry":{"type":"Point","coordinates":[-122.56115722656,49.205787658691]},"properties":{"id":556434,"datetime":"2026-10-06T20:22:08.000000Z","filename":"https://olm-s3.s3.eu-west-1.amazonaws.com/2026/10/06/Y47vzoVaqlPQKLlgrfYMk4zQOzTWznSgKUeCSa92.jpg","tags":[{"type":"standard","category":"other","item":"plastic","quantity":1}],"objects":[{"status":"OK","on_map":true,"group":"Piece","subgroup":"","layer":"Plastic Piece","full_name":"Piece \u2013 Plastic Piece","olm_key":"other/plastic","quantity":1,"picked_up":true}],"groups":["litter"],"has_litter":true,"has_pet_waste":false,"has_substances":false,"zone":"cottonwood_zone_E","zone_edge_m":42.0,"nbhd_edge_m":null}},{"type":"Feature","geometry":{"type":"Point","coordinates":[-122.56115722656,49.205787658691]},"properties":{"id":556433,"datetime":"2026-10-06T20:22:19.000000Z","filename":"https://olm-s3.s3.eu-west-1.amazonaws.com/2026/10/06/OyNSXBFWQOOWqIllmGErXVl5LcuK5zyPyZ1LwDGc.jpg","tags":[{"type":"standard","category":"food","item":"wrapper","quantity":1},{"type":"material","category":"material","item":"foil","quantity":1,"parent_category":"food","parent_item":"wrapper"},{"type":"material","category":"material","item":"paper","quantity":1,"parent_category":"food","parent_item":"wrapper"}],"objects":[{"status":"OK","on_map":true,"group":"Convenient Food Drink","subgroup":"Snack","layer":"Foil / Plastic Film Snack Wrapper","full_name":"Convenient Food Drink \u2013 Snack \u2013 Foil / Plastic Film Snack Wrapper","olm_key":"food/wrapper","quantity":1,"picked_up":true}],"groups":["litter"],"has_litter":true,"has_pet_waste":false,"has_substances":false,"zone":"cottonwood_zone_E","zone_edge_m":42.0,"nbhd_edge_m":null}},{"type":"Feature","geometry":{"type":"Point","coordinates":[-122.56115722656,49.205787658691]},"properties":{"id":556432,"datetime":"2026-10-06T20:22:24.000000Z","filename":"https://olm-s3.s3.eu-west-1.amazonaws.com/2026/10/06/ncY1y4cVltO7QOVvw76GI5Aa6wZkhgDGbrJUGQ0u.jpg","tags":[{"type":"standard","category":"smoking","item":"butts","quantity":1}],"objects":[{"status":"OK","on_map":true,"group":"Smoking","subgroup":"","layer":"Cigarette Butts","full_name":"Smoking \u2013 Cigarette Butts","olm_key":"smoking/butts","quantity":1,"picked_up":true}],"groups":["substances"],"has_litter":false,"has_pet_waste":false,"has_substances":true,"zone":"cottonwood_zone_E","zone_edge_m":42.0,"nbhd_edge_m":null}},{"type":"Feature","geometry":{"type":"Point","coordinates":[-122.56065368652,49.205814361572]},"properties":{"id":556431,"datetime":"2026-10-06T20:22:35.000000Z","filename":"https://olm-s3.s3.eu-west-1.amazonaws.com/2026/10/06/JpWBBTV0zK40cu6En1A2U9hyMbhmuZeqaxL5pFwH.jpg","tags":[{"type":"standard","category":"softdrinks","item":"lid","quantity":1}],"objects":[{"status":"OK","on_map":true,"group":"Convenient Food Drink","subgroup":"Drink","layer":"Cold Beverage Lid","full_name":"Convenient Food Drink \u2013 Drink \u2013 Cold Beverage Lid","olm_key":"softdrinks/lid","quantity":1,"picked_up":true}],"groups":["litter"],"has_litter":true,"has_pet_waste":false,"has_substances":false,"zone":"cottonwood_zone_E","zone_edge_m":45.0,"nbhd_edge_m":null}},{"type":"Feature","geometry":{"type":"Point","coordinates":[-122.56065368652,49.205814361572]},"properties":{"id":556430,"datetime":"2026-10-06T20:22:38.000000Z","filename":"https://olm-s3.s3.eu-west-1.amazonaws.com/2026/10/06/1nEQYxUUlj8rdfULwMOcukCpfNvmml42LpsbqiTf.jpg","tags":[{"type":"standard","category":"smoking","item":"butts","quantity":1}],"objects":[{"status":"OK","on_map":true,"group":"Smoking","subgroup":"","layer":"Cigarette Butts","full_name":"Smoking \u2013 Cigarette Butts","olm_key":"smoking/butts","quantity":1,"picked_up":true}],"groups":["substances"],"has_litter":false,"has_pet_waste":false,"has_substances":true,"zone":"cottonwood_zone_E","zone_edge_m":45.0,"nbhd_edge_m":null}},{"type":"Feature","geometry":{"type":"Point","coordinates":[-122.56065368652,49.205814361572]},"properties":{"id":556429,"datetime":"2026-10-06T20:22:44.000000Z","filename":"https://olm-s3.s3.eu-west-1.amazonaws.com/2026/10/06/Dgxg5A58hsWn6aAAHVHiQJuffKBWOvy5bXsBjTG8.jpg","tags":[{"type":"standard","category":"other","item":"plastic","quantity":1}],"objects":[{"status":"OK","on_map":true,"group":"Piece","subgroup":"","layer":"Plastic Piece","full_name":"Piece \u2013 Plastic Piece","olm_key":"other/plastic","quantity":1,"picked_up":true}],"groups":["litter"],"has_litter":true,"has_pet_waste":false,"has_substances":false,"zone":"cottonwood_zone_E","zone_edge_m":45.0,"nbhd_edge_m":null}},{"type":"Feature","geometry":{"type":"Point","coordinates":[-122.56065368652,49.205814361572]},"properties":{"id":556428,"datetime":"2026-10-06T20:23:09.000000Z","filename":"https://olm-s3.s3.eu-west-1.amazonaws.com/2026/10/06/mhKsoyq5lRYKiQCcBGFrInnyd02CxnCdEJ6tsN62.jpg","tags":[{"type":"standard","category":"smoking","item":"butts","quantity":1}],"objects":[{"status":"OK","on_map":true,"group":"Smoking","subgroup":"","layer":"Cigarette Butts","full_name":"Smoking \u2013 Cigarette Butts","olm_key":"smoking/butts","quantity":1,"picked_up":true}],"groups":["substances"],"has_litter":false,"has_pet_waste":false,"has_substances":true,"zone":"cottonwood_zone_E","zone_edge_m":45.0,"nbhd_edge_m":null}},{"type":"Feature","geometry":{"type":"Point","coordinates":[-122.56065368652,49.205814361572]},"properties":{"id":556427,"datetime":"2026-10-06T20:23:19.000000Z","filename":"https://olm-s3.s3.eu-west-1.amazonaws.com/2026/10/06/5qzO4gUbl7idXPo71bDf6O3d1P8cLMqdTIRoWDUx.jpg","tags":[{"type":"standard","category":"smoking","item":"butts","quantity":1}],"objects":[{"status":"OK","on_map":true,"group":"Smoking","subgroup":"","layer":"Cigarette Butts","full_name":"Smoking \u2013 Cigarette Butts","olm_key":"smoking/butts","quantity":1,"picked_up":true}],"groups":["substances"],"has_litter":false,"has_pet_waste":false,"has_substances":true,"zone":"cottonwood_zone_E","zone_edge_m":45.0,"nbhd_edge_m":null}},{"type":"Feature","geometry":{"type":"Point","coordinates":[-122.56065368652,49.205814361572]},"properties":{"id":556426,"datetime":"2026-10-06T20:23:25.000000Z","filename":"https://olm-s3.s3.eu-west-1.amazonaws.com/2026/10/06/1pJJZbTHDpiPk8s9LAijN7t79oXTxdKvhwlY7AdD.jpg","tags":[{"type":"standard","category":"other","item":"plastic","quantity":1}],"objects":[{"status":"OK","on_map":true,"group":"Piece","subgroup":"","layer":"Plastic Piece","full_name":"Piece \u2013 Plastic Piece","olm_key":"other/plastic","quantity":1,"picked_up":true}],"groups":["litter"],"has_litter":true,"has_pet_waste":false,"has_substances":false,"zone":"cottonwood_zone_E","zone_edge_m":45.0,"nbhd_edge_m":null}},{"type":"Feature","geometry":{"type":"Point","coordinates":[-122.56065368652,49.205814361572]},"properties":{"id":556425,"datetime":"2026-10-06T20:23:41.000000Z","filename":"https://olm-s3.s3.eu-west-1.amazonaws.com/2026/10/06/HRYYV8cxo1DXTcPFd8qrjS0mJ5FZwdgQrDsiL5MQ.jpg","tags":[{"type":"standard","category":"smoking","item":"butts","quantity":1}],"objects":[{"status":"OK","on_map":true,"group":"Smoking","subgroup":"","layer":"Cigarette Butts","full_name":"Smoking \u2013 Cigarette Butts","olm_key":"smoking/butts","quantity":1,"picked_up":true}],"groups":["substances"],"has_litter":false,"has_pet_waste":false,"has_substances":true,"zone":"cottonwood_zone_E","zone_edge_m":45.0,"nbhd_edge_m":null}},{"type":"Feature","geometry":{"type":"Point","coordinates":[-122.56065368652,49.205814361572]},"properties":{"id":556424,"datetime":"2026-10-06T20:23:54.000000Z","filename":"https://olm-s3.s3.eu-west-1.amazonaws.com/2026/10/06/5hvi2FTEhWJP7b6rOWNuqt2iSKCy28y7fj3cETJH.jpg","tags":[{"type":"standard","category":"smoking","item":"butts","quantity":1}],"objects":[{"status":"OK","on_map":true,"group":"Smoking","subgroup":"","layer":"Cigarette Butts","full_name":"Smoking \u2013 Cigarette Butts","olm_key":"smoking/butts","quantity":1,"picked_up":true}],"groups":["substances"],"has_litter":false,"has_pet_waste":false,"has_substances":true,"zone":"cottonwood_zone_E","zone_edge_m":45.0,"nbhd_edge_m":null}},{"type":"Feature","geometry":{"type":"Point","coordinates":[-122.56065368652,49.205814361572]},"properties":{"id":556423,"datetime":"2026-10-06T20:24:00.000000Z","filename":"https://olm-s3.s3.eu-west-1.amazonaws.com/2026/10/06/6BT7H2fTdFqk9xOY74O2JmQ8vg2kx69ULGEA3eNy.jpg","tags":[{"type":"standard","category":"smoking","item":"butts","quantity":1}],"objects":[{"status":"OK","on_map":true,"group":"Smoking","subgroup":"","layer":"Cigarette Butts","full_name":"Smoking \u2013 Cigarette Butts","olm_key":"smoking/butts","quantity":1,"picked_up":true}],"groups":["substances"],"has_litter":false,"has_pet_waste":false,"has_substances":true,"zone":"cottonwood_zone_E","zone_edge_m":45.0,"nbhd_edge_m":null}},{"type":"Feature","geometry":{"type":"Point","coordinates":[-122.56065368652,49.205814361572]},"properties":{"id":556422,"datetime":"2026-10-06T20:24:10.000000Z","filename":"https://olm-s3.s3.eu-west-1.amazonaws.com/2026/10/06/f9TggfeEaMBk4uEPRqZ7O0ZCwnZue5aSP7889rub.jpg","tags":[{"type":"standard","category":"other","item":"paper","quantity":1}],"objects":[{"status":"OK","on_map":true,"group":"Piece","subgroup":"","layer":"Paper Piece","full_name":"Piece \u2013 Paper Piece","olm_key":"other/paper","quantity":1,"picked_up":true}],"groups":["litter"],"has_litter":true,"has_pet_waste":false,"has_substances":false,"zone":"cottonwood_zone_E","zone_edge_m":45.0,"nbhd_edge_m":null}},{"type":"Feature","geometry":{"type":"Point","coordinates":[-122.56065368652,49.205814361572]},"properties":{"id":556421,"datetime":"2026-10-06T20:24:17.000000Z","filename":"https://olm-s3.s3.eu-west-1.amazonaws.com/2026/10/06/Msu95Ss50YgSanMKLUEmtn4zR5bWOzpd0vfdg2Ym.jpg","tags":[{"type":"standard","category":"other","item":"plastic","quantity":1}],"objects":[{"status":"OK","on_map":true,"group":"Piece","subgroup":"","layer":"Plastic Piece","full_name":"Piece \u2013 Plastic Piece","olm_key":"other/plastic","quantity":1,"picked_up":true}],"groups":["litter"],"has_litter":true,"has_pet_waste":false,"has_substances":false,"zone":"cottonwood_zone_E","zone_edge_m":45.0,"nbhd_edge_m":null}},{"type":"Feature","geometry":{"type":"Point","coordinates":[-122.55921173096,49.206031799316]},"properties":{"id":556420,"datetime":"2026-10-06T20:24:35.000000Z","filename":"https://olm-s3.s3.eu-west-1.amazonaws.com/2026/10/06/t6rYXcPEFQhKiLa8zwWDjT3GnBdXcPanUlDu2vgw.jpg","tags":[{"type":"standard","category":"other","item":"plastic","quantity":1}],"objects":[{"status":"OK","on_map":true,"group":"Piece","subgroup":"","layer":"Plastic Piece","full_name":"Piece \u2013 Plastic Piece","olm_key":"other/plastic","quantity":1,"picked_up":true}],"groups":["litter"],"has_litter":true,"has_pet_waste":false,"has_substances":false,"zone":"cottonwood_zone_E","zone_edge_m":69.2,"nbhd_edge_m":null}},{"type":"Feature","geometry":{"type":"Point","coordinates":[-122.55921173096,49.206031799316]},"properties":{"id":556419,"datetime":"2026-10-06T20:24:46.000000Z","filename":"https://olm-s3.s3.eu-west-1.amazonaws.com/2026/10/06/dPo5vqEWoheCoUF4rkRpPBUzJ9kyClQxDppxAUMa.jpg","tags":[{"type":"standard","category":"smoking","item":"butts","quantity":1}],"objects":[{"status":"OK","on_map":true,"group":"Smoking","subgroup":"","layer":"Cigarette Butts","full_name":"Smoking \u2013 Cigarette Butts","olm_key":"smoking/butts","quantity":1,"picked_up":true}],"groups":["substances"],"has_litter":false,"has_pet_waste":false,"has_substances":true,"zone":"cottonwood_zone_E","zone_edge_m":69.2,"nbhd_edge_m":null}},{"type":"Feature","geometry":{"type":"Point","coordinates":[-122.55921173096,49.206031799316]},"properties":{"id":556418,"datetime":"2026-10-06T20:24:52.000000Z","filename":"https://olm-s3.s3.eu-west-1.amazonaws.com/2026/10/06/J6YybemGQfumyQnfVAkasvPFhnPk8IZBevEbJuUv.jpg","tags":[{"type":"standard","category":"other","item":"plastic","quantity":1}],"objects":[{"status":"OK","on_map":true,"group":"Piece","subgroup":"","layer":"Plastic Piece","full_name":"Piece \u2013 Plastic Piece","olm_key":"other/plastic","quantity":1,"picked_up":true}],"groups":["litter"],"has_litter":true,"has_pet_waste":false,"has_substances":false,"zone":"cottonwood_zone_E","zone_edge_m":69.2,"nbhd_edge_m":null}},{"type":"Feature","geometry":{"type":"Point","coordinates":[-122.55921173096,49.206031799316]},"properties":{"id":556417,"datetime":"2026-10-06T20:24:55.000000Z","filename":"https://olm-s3.s3.eu-west-1.amazonaws.com/2026/10/06/zvC3BoXqDI1Qf7dXgXdP7Oql3qmBfAsYwXnTAd8y.jpg","tags":[{"type":"standard","category":"other","item":"plastic","quantity":1}],"objects":[{"status":"OK","on_map":true,"group":"Piece","subgroup":"","layer":"Plastic Piece","full_name":"Piece \u2013 Plastic Piece","olm_key":"other/plastic","quantity":1,"picked_up":true}],"groups":["litter"],"has_litter":true,"has_pet_waste":false,"has_substances":false,"zone":"cottonwood_zone_E","zone_edge_m":69.2,"nbhd_edge_m":null}},{"type":"Feature","geometry":{"type":"Point","coordinates":[-122.55921173096,49.206031799316]},"properties":{"id":556416,"datetime":"2026-10-06T20:25:09.000000Z","filename":"https://olm-s3.s3.eu-west-1.amazonaws.com/2026/10/06/VqG0HB1BDMyOarPr9RLPKwXPv97rrs9yzhjGv9cx.jpg","tags":[{"type":"standard","category":"food","item":"straw","quantity":1},{"type":"material","category":"material","item":"plastic","quantity":1,"parent_category":"food","parent_item":"straw"}],"objects":[{"status":"OK","on_map":true,"group":"Household","subgroup":"","layer":"Plastic Straws","full_name":"Household \u2013 Plastic Straws","olm_key":"food/straw","quantity":1,"picked_up":true}],"groups":["litter"],"has_litter":true,"has_pet_waste":false,"has_substances":false,"zone":"cottonwood_zone_E","zone_edge_m":69.2,"nbhd_edge_m":null}},{"type":"Feature","geometry":{"type":"Point","coordinates":[-122.55921173096,49.206031799316]},"properties":{"id":556415,"datetime":"2026-10-06T20:25:13.000000Z","filename":"https://olm-s3.s3.eu-west-1.amazonaws.com/2026/10/06/fnpipamf3kkR4SQNprSNhQjLgxJOm93F0eptwcbK.jpg","tags":[{"type":"standard","category":"other","item":"other","quantity":1},{"type":"material","category":"material","item":"polyester","quantity":1,"parent_category":"other","parent_item":"other"}],"objects":[{"status":"OK","on_map":true,"group":"Household","subgroup":"","layer":"Household misc","full_name":"Household \u2013 Household misc","olm_key":"other/other","quantity":1,"picked_up":true}],"groups":["litter"],"has_litter":true,"has_pet_waste":false,"has_substances":false,"zone":"cottonwood_zone_E","zone_edge_m":69.2,"nbhd_edge_m":null}},{"type":"Feature","geometry":{"type":"Point","coordinates":[-122.55921173096,49.206031799316]},"properties":{"id":556414,"datetime":"2026-10-06T20:25:19.000000Z","filename":"https://olm-s3.s3.eu-west-1.amazonaws.com/2026/10/06/S7MOxIhtGbk6La8mh0nhAYJHtNSdgKiXXvTcXL3c.jpg","tags":[{"type":"standard","category":"smoking","item":"butts","quantity":1}],"objects":[{"status":"OK","on_map":true,"group":"Smoking","subgroup":"","layer":"Cigarette Butts","full_name":"Smoking \u2013 Cigarette Butts","olm_key":"smoking/butts","quantity":1,"picked_up":true}],"groups":["substances"],"has_litter":false,"has_pet_waste":false,"has_substances":true,"zone":"cottonwood_zone_E","zone_edge_m":69.2,"nbhd_edge_m":null}},{"type":"Feature","geometry":{"type":"Point","coordinates":[-122.55921173096,49.206031799316]},"properties":{"id":556413,"datetime":"2026-10-06T20:25:26.000000Z","filename":"https://olm-s3.s3.eu-west-1.amazonaws.com/2026/10/06/CQHwmuVtslYMzlz6HteMZlwlV8UHfrjAU6VlxrJo.jpg","tags":[{"type":"standard","category":"pets","item":"dogshit","quantity":1}],"objects":[{"status":"OK","on_map":true,"group":"Fecal","subgroup":"","layer":"Pet Waste Unbagged","full_name":"Fecal \u2013 Pet Waste Unbagged","olm_key":"pets/dogshit","quantity":1,"picked_up":false}],"groups":["pet_waste"],"has_litter":false,"has_pet_waste":true,"has_substances":false,"zone":"cottonwood_zone_E","zone_edge_m":69.2,"nbhd_edge_m":null}},{"type":"Feature","geometry":{"type":"Point","coordinates":[-122.55921173096,49.206031799316]},"properties":{"id":556412,"datetime":"2026-10-06T20:25:44.000000Z","filename":"https://olm-s3.s3.eu-west-1.amazonaws.com/2026/10/06/q1Nufi6BOSwwViOQgJaqpKqjgk39c8qXKgKDNyra.jpg","tags":[{"type":"standard","category":"other","item":"paper","quantity":1}],"objects":[{"status":"OK","on_map":true,"group":"Piece","subgroup":"","layer":"Paper Piece","full_name":"Piece \u2013 Paper Piece","olm_key":"other/paper","quantity":1,"picked_up":true}],"groups":["litter"],"has_litter":true,"has_pet_waste":false,"has_substances":false,"zone":"cottonwood_zone_E","zone_edge_m":69.2,"nbhd_edge_m":null}},{"type":"Feature","geometry":{"type":"Point","coordinates":[-122.55921173096,49.206031799316]},"properties":{"id":556411,"datetime":"2026-10-06T20:25:55.000000Z","filename":"https://olm-s3.s3.eu-west-1.amazonaws.com/2026/10/06/q27jn8nbsznqCt5CKpuM7Qbreyj3S21T8cstYqZF.jpg","tags":[{"type":"standard","category":"other","item":"paper","quantity":1}],"objects":[{"status":"OK","on_map":true,"group":"Piece","subgroup":"","layer":"Paper Piece","full_name":"Piece \u2013 Paper Piece","olm_key":"other/paper","quantity":1,"picked_up":true}],"groups":["litter"],"has_litter":true,"has_pet_waste":false,"has_substances":false,"zone":"cottonwood_zone_E","zone_edge_m":69.2,"nbhd_edge_m":null}},{"type":"Feature","geometry":{"type":"Point","coordinates":[-122.55921173096,49.206031799316]},"properties":{"id":556410,"datetime":"2026-10-06T20:26:02.000000Z","filename":"https://olm-s3.s3.eu-west-1.amazonaws.com/2026/10/06/LNtqe0voVF4m7FkSHkXeMw1LDiEME4RwZt5PJHbh.jpg","tags":[{"type":"standard","category":"other","item":"clothing","quantity":1}],"objects":[{"status":"OK","on_map":true,"group":"Household","subgroup":"","layer":"Abandoned Textile Apparel","full_name":"Household \u2013 Abandoned Textile Apparel","olm_key":"other/clothing","quantity":1,"picked_up":true}],"groups":["litter"],"has_litter":true,"has_pet_waste":false,"has_substances":false,"zone":"cottonwood_zone_E","zone_edge_m":69.2,"nbhd_edge_m":null}},{"type":"Feature","geometry":{"type":"Point","coordinates":[-122.55921173096,49.206031799316]},"properties":{"id":556409,"datetime":"2026-10-06T20:26:05.000000Z","filename":"https://olm-s3.s3.eu-west-1.amazonaws.com/2026/10/06/mA6kg3DrQYT1l5lQhq1cbiFs61pBDWNZxMirQT10.jpg","tags":[{"type":"standard","category":"smoking","item":"packaging","quantity":1}],"objects":[{"status":"OK","on_map":true,"group":"Smoking","subgroup":"","layer":"Nicotine Packaging","full_name":"Smoking \u2013 Nicotine Packaging","olm_key":"smoking/packaging","quantity":1,"picked_up":true}],"groups":["substances"],"has_litter":false,"has_pet_waste":false,"has_substances":true,"zone":"cottonwood_zone_E","zone_edge_m":69.2,"nbhd_edge_m":null}},{"type":"Feature","geometry":{"type":"Point","coordinates":[-122.55921173096,49.206031799316]},"properties":{"id":556408,"datetime":"2026-10-06T20:26:13.000000Z","filename":"https://olm-s3.s3.eu-west-1.amazonaws.com/2026/10/06/G24kaVfQxo7isr7u5UGVtC2tjIwEDCZSoF4HDlA7.jpg","tags":[{"type":"standard","category":"other","item":"other","quantity":1}],"objects":[{"status":"OK","on_map":true,"group":"Household","subgroup":"","layer":"Household misc","full_name":"Household \u2013 Household misc","olm_key":"other/other","quantity":1,"picked_up":true}],"groups":["litter"],"has_litter":true,"has_pet_waste":false,"has_substances":false,"zone":"cottonwood_zone_E","zone_edge_m":69.2,"nbhd_edge_m":null}},{"type":"Feature","geometry":{"type":"Point","coordinates":[-122.55921173096,49.206031799316]},"properties":{"id":556407,"datetime":"2026-10-06T20:26:19.000000Z","filename":"https://olm-s3.s3.eu-west-1.amazonaws.com/2026/10/06/iqksOViz1UdYJZRJ4F9yTLZkan6fWq7c8jQlZDnX.jpg","tags":[{"type":"standard","category":"other","item":"plastic","quantity":1},{"type":"material","category":"material","item":"foil","quantity":1,"parent_category":"other","parent_item":"plastic"},{"type":"standard","category":"other","item":"paper","quantity":1}],"objects":[{"status":"OK","on_map":true,"group":"Piece","subgroup":"","layer":"Plastic Piece","full_name":"Piece \u2013 Plastic Piece","olm_key":"other/plastic","quantity":1,"picked_up":true},{"status":"OK","on_map":true,"group":"Piece","subgroup":"","layer":"Paper Piece","full_name":"Piece \u2013 Paper Piece","olm_key":"other/paper","quantity":1,"picked_up":true}],"groups":["litter"],"has_litter":true,"has_pet_waste":false,"has_substances":false,"zone":"cottonwood_zone_E","zone_edge_m":69.2,"nbhd_edge_m":null}},{"type":"Feature","geometry":{"type":"Point","coordinates":[-122.55921173096,49.206031799316]},"properties":{"id":556406,"datetime":"2026-10-06T20:26:30.000000Z","filename":"https://olm-s3.s3.eu-west-1.amazonaws.com/2026/10/06/14rudP5urDu4LzEV4jigraL5L8qWJCxgWJQb3bx0.jpg","tags":[{"type":"standard","category":"smoking","item":"butts","quantity":1}],"objects":[{"status":"OK","on_map":true,"group":"Smoking","subgroup":"","layer":"Cigarette Butts","full_name":"Smoking \u2013 Cigarette Butts","olm_key":"smoking/butts","quantity":1,"picked_up":true}],"groups":["substances"],"has_litter":false,"has_pet_waste":false,"has_substances":true,"zone":"cottonwood_zone_E","zone_edge_m":69.2,"nbhd_edge_m":null}},{"type":"Feature","geometry":{"type":"Point","coordinates":[-122.55919647217,49.205917358398]},"properties":{"id":556405,"datetime":"2026-10-06T20:26:44.000000Z","filename":"https://olm-s3.s3.eu-west-1.amazonaws.com/2026/10/06/q8EC2xVnj6FUq1lDLLal0mySlQCC6RU850lHrH5e.jpg","tags":[{"type":"standard","category":"smoking","item":"butts","quantity":1}],"objects":[{"status":"OK","on_map":true,"group":"Smoking","subgroup":"","layer":"Cigarette Butts","full_name":"Smoking \u2013 Cigarette Butts","olm_key":"smoking/butts","quantity":1,"picked_up":true}],"groups":["substances"],"has_litter":false,"has_pet_waste":false,"has_substances":true,"zone":"cottonwood_zone_E","zone_edge_m":56.5,"nbhd_edge_m":null}},{"type":"Feature","geometry":{"type":"Point","coordinates":[-122.55919647217,49.205917358398]},"properties":{"id":556404,"datetime":"2026-10-06T20:26:52.000000Z","filename":"https://olm-s3.s3.eu-west-1.amazonaws.com/2026/10/06/aYdGJfQ4HsO5pwsS4wTl3oZYvgQbl3YyiDyfR9PP.jpg","tags":[{"type":"standard","category":"other","item":"paper","quantity":1}],"objects":[{"status":"OK","on_map":true,"group":"Piece","subgroup":"","layer":"Paper Piece","full_name":"Piece \u2013 Paper Piece","olm_key":"other/paper","quantity":1,"picked_up":true}],"groups":["litter"],"has_litter":true,"has_pet_waste":false,"has_substances":false,"zone":"cottonwood_zone_E","zone_edge_m":56.5,"nbhd_edge_m":null}},{"type":"Feature","geometry":{"type":"Point","coordinates":[-122.55919647217,49.205917358398]},"properties":{"id":556403,"datetime":"2026-10-06T20:27:01.000000Z","filename":"https://olm-s3.s3.eu-west-1.amazonaws.com/2026/10/06/xl86SpuX8Ce1qvkfQtlD9RE8dMOkrC0KquhaNzSt.jpg","tags":[{"type":"standard","category":"smoking","item":"butts","quantity":1}],"objects":[{"status":"OK","on_map":true,"group":"Smoking","subgroup":"","layer":"Cigarette Butts","full_name":"Smoking \u2013 Cigarette Butts","olm_key":"smoking/butts","quantity":1,"picked_up":true}],"groups":["substances"],"has_litter":false,"has_pet_waste":false,"has_substances":true,"zone":"cottonwood_zone_E","zone_edge_m":56.5,"nbhd_edge_m":null}},{"type":"Feature","geometry":{"type":"Point","coordinates":[-122.55919647217,49.205917358398]},"properties":{"id":556402,"datetime":"2026-10-06T20:27:05.000000Z","filename":"https://olm-s3.s3.eu-west-1.amazonaws.com/2026/10/06/poOrlwoJ6qpm8A9MWaIN8TKQnAj3Z8qX3gUOpVp9.jpg","tags":[{"type":"standard","category":"marine","item":"polystyrene_fragment","quantity":1}],"objects":[{"status":"OK","on_map":true,"group":"Piece","subgroup":"","layer":"Styrofoam Piece","full_name":"Piece \u2013 Styrofoam Piece","olm_key":"marine/polystyrene_fragment","quantity":1,"picked_up":true}],"groups":["litter"],"has_litter":true,"has_pet_waste":false,"has_substances":false,"zone":"cottonwood_zone_E","zone_edge_m":56.5,"nbhd_edge_m":null}},{"type":"Feature","geometry":{"type":"Point","coordinates":[-122.55919647217,49.205917358398]},"properties":{"id":556401,"datetime":"2026-10-06T20:27:16.000000Z","filename":"https://olm-s3.s3.eu-west-1.amazonaws.com/2026/10/06/Oox4MQw005al9IoBIyI9zuLVi6ouUFVjd6jq4YUu.jpg","tags":[{"type":"standard","category":"other","item":"paper","quantity":1}],"objects":[{"status":"OK","on_map":true,"group":"Piece","subgroup":"","layer":"Paper Piece","full_name":"Piece \u2013 Paper Piece","olm_key":"other/paper","quantity":1,"picked_up":true}],"groups":["litter"],"has_litter":true,"has_pet_waste":false,"has_substances":false,"zone":"cottonwood_zone_E","zone_edge_m":56.5,"nbhd_edge_m":null}},{"type":"Feature","geometry":{"type":"Point","coordinates":[-122.55919647217,49.205917358398]},"properties":{"id":556400,"datetime":"2026-10-06T20:27:21.000000Z","filename":"https://olm-s3.s3.eu-west-1.amazonaws.com/2026/10/06/KlXitg3qLDWqhs8BVQXs0noDkc8HosB5AEdNt4KT.jpg","tags":[{"type":"standard","category":"pets","item":"dogshit","quantity":1}],"objects":[{"status":"OK","on_map":true,"group":"Fecal","subgroup":"","layer":"Pet Waste Unbagged","full_name":"Fecal \u2013 Pet Waste Unbagged","olm_key":"pets/dogshit","quantity":1,"picked_up":false}],"groups":["pet_waste"],"has_litter":false,"has_pet_waste":true,"has_substances":false,"zone":"cottonwood_zone_E","zone_edge_m":56.5,"nbhd_edge_m":null}},{"type":"Feature","geometry":{"type":"Point","coordinates":[-122.55919647217,49.205917358398]},"properties":{"id":556399,"datetime":"2026-10-06T20:27:27.000000Z","filename":"https://olm-s3.s3.eu-west-1.amazonaws.com/2026/10/06/6g3FtfKZ3xvc5A4DsWur7sQfcKZLpQLRDknCA3kv.jpg","tags":[{"type":"standard","category":"smoking","item":"butts","quantity":1}],"objects":[{"status":"OK","on_map":true,"group":"Smoking","subgroup":"","layer":"Cigarette Butts","full_name":"Smoking \u2013 Cigarette Butts","olm_key":"smoking/butts","quantity":1,"picked_up":true}],"groups":["substances"],"has_litter":false,"has_pet_waste":false,"has_substances":true,"zone":"cottonwood_zone_E","zone_edge_m":56.5,"nbhd_edge_m":null}},{"type":"Feature","geometry":{"type":"Point","coordinates":[-122.55919647217,49.205917358398]},"properties":{"id":556398,"datetime":"2026-10-06T20:27:33.000000Z","filename":"https://olm-s3.s3.eu-west-1.amazonaws.com/2026/10/06/u4jlQQw7lnJkoli4zBiyKbqhXs1WxraYDUL20sZL.jpg","tags":[{"type":"standard","category":"other","item":"paper","quantity":1}],"objects":[{"status":"OK","on_map":true,"group":"Piece","subgroup":"","layer":"Paper Piece","full_name":"Piece \u2013 Paper Piece","olm_key":"other/paper","quantity":1,"picked_up":true}],"groups":["litter"],"has_litter":true,"has_pet_waste":false,"has_substances":false,"zone":"cottonwood_zone_E","zone_edge_m":56.5,"nbhd_edge_m":null}},{"type":"Feature","geometry":{"type":"Point","coordinates":[-122.55919647217,49.205917358398]},"properties":{"id":556397,"datetime":"2026-10-06T20:27:44.000000Z","filename":"https://olm-s3.s3.eu-west-1.amazonaws.com/2026/10/06/ZD5GHDcyJlHcQHgAOE08zeFT7BxPFI0lp0jeLqyR.jpg","tags":[{"type":"standard","category":"food","item":"napkins","quantity":1},{"type":"material","category":"material","item":"paper","quantity":1,"parent_category":"food","parent_item":"napkins"},{"type":"standard","category":"other","item":"paper","quantity":1},{"type":"standard","category":"sanitary","item":"wipes","quantity":3}],"objects":[{"status":"OK","on_map":true,"group":"Convenient Food Drink","subgroup":"Take-out","layer":"Napkins","full_name":"Convenient Food Drink \u2013 Take-out \u2013 Napkins","olm_key":"food/napkins","quantity":1,"picked_up":true},{"status":"OK","on_map":true,"group":"Piece","subgroup":"","layer":"Paper Piece","full_name":"Piece \u2013 Paper Piece","olm_key":"other/paper","quantity":1,"picked_up":true},{"status":"OK","on_map":true,"group":"Household","subgroup":"","layer":"Wet Wipes","full_name":"Household \u2013 Wet Wipes","olm_key":"sanitary/wipes","quantity":3,"picked_up":true}],"groups":["litter"],"has_litter":true,"has_pet_waste":false,"has_substances":false,"zone":"cottonwood_zone_E","zone_edge_m":56.5,"nbhd_edge_m":null}},{"type":"Feature","geometry":{"type":"Point","coordinates":[-122.55919647217,49.205917358398]},"properties":{"id":556396,"datetime":"2026-10-06T20:28:02.000000Z","filename":"https://olm-s3.s3.eu-west-1.amazonaws.com/2026/10/06/mhFo2JyIqgIiwILg02FRqSxbbxa1K2AumgPD7GeO.jpg","tags":[{"type":"standard","category":"smoking","item":"butts","quantity":1}],"objects":[{"status":"OK","on_map":true,"group":"Smoking","subgroup":"","layer":"Cigarette Butts","full_name":"Smoking \u2013 Cigarette Butts","olm_key":"smoking/butts","quantity":1,"picked_up":true}],"groups":["substances"],"has_litter":false,"has_pet_waste":false,"has_substances":true,"zone":"cottonwood_zone_E","zone_edge_m":56.5,"nbhd_edge_m":null}},{"type":"Feature","geometry":{"type":"Point","coordinates":[-122.55919647217,49.205917358398]},"properties":{"id":556395,"datetime":"2026-10-06T20:28:10.000000Z","filename":"https://olm-s3.s3.eu-west-1.amazonaws.com/2026/10/06/bcD3TFIDB1bO0kKA1fOAfyMBEgPFSa2MZwpnLXRC.jpg","tags":[{"type":"standard","category":"other","item":"plastic","quantity":1}],"objects":[{"status":"OK","on_map":true,"group":"Piece","subgroup":"","layer":"Plastic Piece","full_name":"Piece \u2013 Plastic Piece","olm_key":"other/plastic","quantity":1,"picked_up":true}],"groups":["litter"],"has_litter":true,"has_pet_waste":false,"has_substances":false,"zone":"cottonwood_zone_E","zone_edge_m":56.5,"nbhd_edge_m":null}},{"type":"Feature","geometry":{"type":"Point","coordinates":[-122.55919647217,49.205917358398]},"properties":{"id":556394,"datetime":"2026-10-06T20:28:14.000000Z","filename":"https://olm-s3.s3.eu-west-1.amazonaws.com/2026/10/06/wYWtD8R38LEzHnrwgN7N24dZfh4KQTzVL0HJiKNN.jpg","tags":[{"type":"standard","category":"other","item":"plastic","quantity":1}],"objects":[{"status":"OK","on_map":true,"group":"Piece","subgroup":"","layer":"Plastic Piece","full_name":"Piece \u2013 Plastic Piece","olm_key":"other/plastic","quantity":1,"picked_up":true}],"groups":["litter"],"has_litter":true,"has_pet_waste":false,"has_substances":false,"zone":"cottonwood_zone_E","zone_edge_m":56.5,"nbhd_edge_m":null}},{"type":"Feature","geometry":{"type":"Point","coordinates":[-122.55919647217,49.205917358398]},"properties":{"id":556393,"datetime":"2026-10-06T20:28:19.000000Z","filename":"https://olm-s3.s3.eu-west-1.amazonaws.com/2026/10/06/115ajO0eDH48tp7pyvm2POOY5Kw4ODBx1jZgU1fp.jpg","tags":[{"type":"standard","category":"smoking","item":"butts","quantity":1}],"objects":[{"status":"OK","on_map":true,"group":"Smoking","subgroup":"","layer":"Cigarette Butts","full_name":"Smoking \u2013 Cigarette Butts","olm_key":"smoking/butts","quantity":1,"picked_up":true}],"groups":["substances"],"has_litter":false,"has_pet_waste":false,"has_substances":true,"zone":"cottonwood_zone_E","zone_edge_m":56.5,"nbhd_edge_m":null}},{"type":"Feature","geometry":{"type":"Point","coordinates":[-122.55919647217,49.205917358398]},"properties":{"id":556392,"datetime":"2026-10-06T20:28:22.000000Z","filename":"https://olm-s3.s3.eu-west-1.amazonaws.com/2026/10/06/BehPp9CVePkBMDIb7gKC2RQa8HuM3UTDzbUxHLav.jpg","tags":[{"type":"standard","category":"food","item":"wrapper","quantity":1}],"objects":[{"status":"OK","on_map":true,"group":"Convenient Food Drink","subgroup":"Snack","layer":"Foil / Plastic Film Snack Wrapper","full_name":"Convenient Food Drink \u2013 Snack \u2013 Foil / Plastic Film Snack Wrapper","olm_key":"food/wrapper","quantity":1,"picked_up":true}],"groups":["litter"],"has_litter":true,"has_pet_waste":false,"has_substances":false,"zone":"cottonwood_zone_E","zone_edge_m":56.5,"nbhd_edge_m":null}},{"type":"Feature","geometry":{"type":"Point","coordinates":[-122.55919647217,49.205917358398]},"properties":{"id":556391,"datetime":"2026-10-06T20:28:31.000000Z","filename":"https://olm-s3.s3.eu-west-1.amazonaws.com/2026/10/06/U2M2YduV6g3vYefvyMpRE7W6rgnIJZYd47YjAIbX.jpg","tags":[{"type":"standard","category":"other","item":"metal","quantity":1},{"type":"custom_tag","category":"custom_tag","item":"Material:Lead","quantity":1,"parent_category":"other","parent_item":"metal"}],"objects":[{"status":"OK","on_map":true,"group":"Piece","subgroup":"","layer":"Household or Unknown Metal Piece","full_name":"Piece \u2013 Household or Unknown Metal Piece","olm_key":"other/metal","quantity":1,"picked_up":true}],"groups":["litter"],"has_litter":true,"has_pet_waste":false,"has_substances":false,"zone":"cottonwood_zone_E","zone_edge_m":56.5,"nbhd_edge_m":null}},{"type":"Feature","geometry":{"type":"Point","coordinates":[-122.55921936035,49.205947875977]},"properties":{"id":556390,"datetime":"2026-10-06T20:28:53.000000Z","filename":"https://olm-s3.s3.eu-west-1.amazonaws.com/2026/10/06/DSml8Q3OcYEQCJ2zKF8ruHCiAuLM4i7KQzEG45Wg.jpg","tags":[{"type":"standard","category":"other","item":"paper","quantity":1}],"objects":[{"status":"OK","on_map":true,"group":"Piece","subgroup":"","layer":"Paper Piece","full_name":"Piece \u2013 Paper Piece","olm_key":"other/paper","quantity":1,"picked_up":true}],"groups":["litter"],"has_litter":true,"has_pet_waste":false,"has_substances":false,"zone":"cottonwood_zone_E","zone_edge_m":59.9,"nbhd_edge_m":null}},{"type":"Feature","geometry":{"type":"Point","coordinates":[-122.55921936035,49.205947875977]},"properties":{"id":556389,"datetime":"2026-10-06T20:29:05.000000Z","filename":"https://olm-s3.s3.eu-west-1.amazonaws.com/2026/10/06/NcCiYxW1uNHuGr8AJmKTGm2MbUm0ayjBvIXQiibO.jpg","tags":[{"type":"standard","category":"other","item":"paper","quantity":1}],"objects":[{"status":"OK","on_map":true,"group":"Piece","subgroup":"","layer":"Paper Piece","full_name":"Piece \u2013 Paper Piece","olm_key":"other/paper","quantity":1,"picked_up":true}],"groups":["litter"],"has_litter":true,"has_pet_waste":false,"has_substances":false,"zone":"cottonwood_zone_E","zone_edge_m":59.9,"nbhd_edge_m":null}},{"type":"Feature","geometry":{"type":"Point","coordinates":[-122.55921936035,49.205947875977]},"properties":{"id":556388,"datetime":"2026-10-06T20:29:08.000000Z","filename":"https://olm-s3.s3.eu-west-1.amazonaws.com/2026/10/06/uSEvLHN31kU2PaG7FhKHftgaNjXLeDe5smeJHKCR.jpg","tags":[{"type":"standard","category":"other","item":"plastic","quantity":1}],"objects":[{"status":"OK","on_map":true,"group":"Piece","subgroup":"","layer":"Plastic Piece","full_name":"Piece \u2013 Plastic Piece","olm_key":"other/plastic","quantity":1,"picked_up":true}],"groups":["litter"],"has_litter":true,"has_pet_waste":false,"has_substances":false,"zone":"cottonwood_zone_E","zone_edge_m":59.9,"nbhd_edge_m":null}},{"type":"Feature","geometry":{"type":"Point","coordinates":[-122.55921936035,49.205947875977]},"properties":{"id":556387,"datetime":"2026-10-06T20:29:13.000000Z","filename":"https://olm-s3.s3.eu-west-1.amazonaws.com/2026/10/06/jJXuuViEQnNno3bS5z3koDMycPqYqfGBnU4u7VRy.jpg","tags":[{"type":"standard","category":"other","item":"paper","quantity":1}],"objects":[{"status":"OK","on_map":true,"group":"Piece","subgroup":"","layer":"Paper Piece","full_name":"Piece \u2013 Paper Piece","olm_key":"other/paper","quantity":1,"picked_up":true}],"groups":["litter"],"has_litter":true,"has_pet_waste":false,"has_substances":false,"zone":"cottonwood_zone_E","zone_edge_m":59.9,"nbhd_edge_m":null}},{"type":"Feature","geometry":{"type":"Point","coordinates":[-122.55921936035,49.205947875977]},"properties":{"id":556386,"datetime":"2026-10-06T20:29:17.000000Z","filename":"https://olm-s3.s3.eu-west-1.amazonaws.com/2026/10/06/sMQbXSEBg9b4H2OvD8ZJGx4jgZz4SNYvGjAzlwmc.jpg","tags":[{"type":"standard","category":"other","item":"plastic","quantity":1}],"objects":[{"status":"OK","on_map":true,"group":"Piece","subgroup":"","layer":"Plastic Piece","full_name":"Piece \u2013 Plastic Piece","olm_key":"other/plastic","quantity":1,"picked_up":true}],"groups":["litter"],"has_litter":true,"has_pet_waste":false,"has_substances":false,"zone":"cottonwood_zone_E","zone_edge_m":59.9,"nbhd_edge_m":null}},{"type":"Feature","geometry":{"type":"Point","coordinates":[-122.55921936035,49.205947875977]},"properties":{"id":556385,"datetime":"2026-10-06T20:29:23.000000Z","filename":"https://olm-s3.s3.eu-west-1.amazonaws.com/2026/10/06/qXYBwIbyGwLJhOIYkFIB1L69Oi9cEwKW4MqpCQTe.jpg","tags":[{"type":"standard","category":"softdrinks","item":"broken_glass","quantity":1}],"objects":[{"status":"OK","on_map":true,"group":"Convenient Food Drink","subgroup":"Drink","layer":"Drink Broken Glass","full_name":"Convenient Food Drink \u2013 Drink \u2013 Drink Broken Glass","olm_key":"softdrinks/broken_glass","quantity":1,"picked_up":true}],"groups":["litter"],"has_litter":true,"has_pet_waste":false,"has_substances":false,"zone":"cottonwood_zone_E","zone_edge_m":59.9,"nbhd_edge_m":null}},{"type":"Feature","geometry":{"type":"Point","coordinates":[-122.55921936035,49.205947875977]},"properties":{"id":556384,"datetime":"2026-10-06T20:29:33.000000Z","filename":"https://olm-s3.s3.eu-west-1.amazonaws.com/2026/10/06/SnrcRYEgKKEhJcJiO1l7hfrSriXeXOXpPIv0i10B.jpg","tags":[{"type":"standard","category":"smoking","item":"butts","quantity":1}],"objects":[{"status":"OK","on_map":true,"group":"Smoking","subgroup":"","layer":"Cigarette Butts","full_name":"Smoking \u2013 Cigarette Butts","olm_key":"smoking/butts","quantity":1,"picked_up":true}],"groups":["substances"],"has_litter":false,"has_pet_waste":false,"has_substances":true,"zone":"cottonwood_zone_E","zone_edge_m":59.9,"nbhd_edge_m":null}},{"type":"Feature","geometry":{"type":"Point","coordinates":[-122.55921936035,49.205947875977]},"properties":{"id":556383,"datetime":"2026-10-06T20:29:42.000000Z","filename":"https://olm-s3.s3.eu-west-1.amazonaws.com/2026/10/06/Io1pwtu50hm6VCcpuIGSfjxulmQwSGefzlz0eBWl.jpg","tags":[{"type":"standard","category":"food","item":"wrapper","quantity":1},{"type":"material","category":"material","item":"plastic","quantity":1,"parent_category":"food","parent_item":"wrapper"}],"objects":[{"status":"OK","on_map":true,"group":"Convenient Food Drink","subgroup":"Snack","layer":"Foil / Plastic Film Snack Wrapper","full_name":"Convenient Food Drink \u2013 Snack \u2013 Foil / Plastic Film Snack Wrapper","olm_key":"food/wrapper","quantity":1,"picked_up":true}],"groups":["litter"],"has_litter":true,"has_pet_waste":false,"has_substances":false,"zone":"cottonwood_zone_E","zone_edge_m":59.9,"nbhd_edge_m":null}},{"type":"Feature","geometry":{"type":"Point","coordinates":[-122.55921936035,49.205947875977]},"properties":{"id":556382,"datetime":"2026-10-06T20:30:01.000000Z","filename":"https://olm-s3.s3.eu-west-1.amazonaws.com/2026/10/06/smfqgxV6lR1SZyJuugZkip9dEFz4DrsMI1wJWQK1.jpg","tags":[{"type":"standard","category":"smoking","item":"butts","quantity":1}],"objects":[{"status":"OK","on_map":true,"group":"Smoking","subgroup":"","layer":"Cigarette Butts","full_name":"Smoking \u2013 Cigarette Butts","olm_key":"smoking/butts","quantity":1,"picked_up":true}],"groups":["substances"],"has_litter":false,"has_pet_waste":false,"has_substances":true,"zone":"cottonwood_zone_E","zone_edge_m":59.9,"nbhd_edge_m":null}},{"type":"Feature","geometry":{"type":"Point","coordinates":[-122.55921936035,49.205947875977]},"properties":{"id":556381,"datetime":"2026-10-06T20:30:05.000000Z","filename":"https://olm-s3.s3.eu-west-1.amazonaws.com/2026/10/06/hGh4efNQrl34TAl84NURqxVJRmiKJUipQ43LitKb.jpg","tags":[{"type":"standard","category":"softdrinks","item":"cup","quantity":1,"object_type":"soda"},{"type":"brand","category":"brand","item":"A&W","quantity":1,"parent_category":"softdrinks","parent_item":"cup"}],"objects":[{"status":"OK","on_map":true,"group":"Convenient Food Drink","subgroup":"Drink","layer":"Cold Beverage Cup","full_name":"Convenient Food Drink \u2013 Drink \u2013 Cold Beverage Cup","olm_key":"softdrinks/cup","quantity":1,"picked_up":true}],"groups":["litter"],"has_litter":true,"has_pet_waste":false,"has_substances":false,"zone":"cottonwood_zone_E","zone_edge_m":59.9,"nbhd_edge_m":null}},{"type":"Feature","geometry":{"type":"Point","coordinates":[-122.55921936035,49.205947875977]},"properties":{"id":556380,"datetime":"2026-10-06T20:30:11.000000Z","filename":"https://olm-s3.s3.eu-west-1.amazonaws.com/2026/10/06/5xW4qK5oXO6OdJmlPN6oZ8LpGnxZirJCasykojM5.jpg","tags":[{"type":"standard","category":"smoking","item":"butts","quantity":1}],"objects":[{"status":"OK","on_map":true,"group":"Smoking","subgroup":"","layer":"Cigarette Butts","full_name":"Smoking \u2013 Cigarette Butts","olm_key":"smoking/butts","quantity":1,"picked_up":true}],"groups":["substances"],"has_litter":false,"has_pet_waste":false,"has_substances":true,"zone":"cottonwood_zone_E","zone_edge_m":59.9,"nbhd_edge_m":null}},{"type":"Feature","geometry":{"type":"Point","coordinates":[-122.55921936035,49.205947875977]},"properties":{"id":556379,"datetime":"2026-10-06T20:30:16.000000Z","filename":"https://olm-s3.s3.eu-west-1.amazonaws.com/2026/10/06/x9wA86ynStpc1cys5CDtFQacG4BY2EVDcEwHoRDP.jpg","tags":[{"type":"standard","category":"other","item":"plastic","quantity":1}],"objects":[{"status":"OK","on_map":true,"group":"Piece","subgroup":"","layer":"Plastic Piece","full_name":"Piece \u2013 Plastic Piece","olm_key":"other/plastic","quantity":1,"picked_up":true}],"groups":["litter"],"has_litter":true,"has_pet_waste":false,"has_substances":false,"zone":"cottonwood_zone_E","zone_edge_m":59.9,"nbhd_edge_m":null}},{"type":"Feature","geometry":{"type":"Point","coordinates":[-122.55921936035,49.205947875977]},"properties":{"id":556378,"datetime":"2026-10-06T20:30:19.000000Z","filename":"https://olm-s3.s3.eu-west-1.amazonaws.com/2026/10/06/hSRlckfOQKNQDAPQ12m951gVYAeux7W3cXyKow4C.jpg","tags":[{"type":"standard","category":"smoking","item":"butts","quantity":1}],"objects":[{"status":"OK","on_map":true,"group":"Smoking","subgroup":"","layer":"Cigarette Butts","full_name":"Smoking \u2013 Cigarette Butts","olm_key":"smoking/butts","quantity":1,"picked_up":true}],"groups":["substances"],"has_litter":false,"has_pet_waste":false,"has_substances":true,"zone":"cottonwood_zone_E","zone_edge_m":59.9,"nbhd_edge_m":null}},{"type":"Feature","geometry":{"type":"Point","coordinates":[-122.55921936035,49.205947875977]},"properties":{"id":556377,"datetime":"2026-10-06T20:30:27.000000Z","filename":"https://olm-s3.s3.eu-west-1.amazonaws.com/2026/10/06/lLea6uhZD0xysIX9J3ELtrSVM1ptyXoMavtJrhbL.jpg","tags":[{"type":"standard","category":"smoking","item":"butts","quantity":1}],"objects":[{"status":"OK","on_map":true,"group":"Smoking","subgroup":"","layer":"Cigarette Butts","full_name":"Smoking \u2013 Cigarette Butts","olm_key":"smoking/butts","quantity":1,"picked_up":true}],"groups":["substances"],"has_litter":false,"has_pet_waste":false,"has_substances":true,"zone":"cottonwood_zone_E","zone_edge_m":59.9,"nbhd_edge_m":null}},{"type":"Feature","geometry":{"type":"Point","coordinates":[-122.559425354,49.205718994141]},"properties":{"id":556376,"datetime":"2026-10-06T20:30:51.000000Z","filename":"https://olm-s3.s3.eu-west-1.amazonaws.com/2026/10/06/Xh33mGJm3XyxPaqDsnHXJEdfFST6GQz3ZrJnvSQk.jpg","tags":[{"type":"standard","category":"food","item":"container","quantity":1},{"type":"standard","category":"other","item":"paper","quantity":1},{"type":"standard","category":"smoking","item":"butts","quantity":1}],"objects":[{"status":"OK","on_map":true,"group":"Household","subgroup":"","layer":"Food Container - Plastic, Paper, Foam","full_name":"Household \u2013 Food Container - Plastic, Paper, Foam","olm_key":"food/container","quantity":1,"picked_up":true},{"status":"OK","on_map":true,"group":"Piece","subgroup":"","layer":"Paper Piece","full_name":"Piece \u2013 Paper Piece","olm_key":"other/paper","quantity":1,"picked_up":true},{"status":"OK","on_map":true,"group":"Smoking","subgroup":"","layer":"Cigarette Butts","full_name":"Smoking \u2013 Cigarette Butts","olm_key":"smoking/butts","quantity":1,"picked_up":true}],"groups":["litter","substances"],"has_litter":true,"has_pet_waste":false,"has_substances":true,"zone":"cottonwood_zone_E","zone_edge_m":34.4,"nbhd_edge_m":null}},{"type":"Feature","geometry":{"type":"Point","coordinates":[-122.559425354,49.205718994141]},"properties":{"id":556375,"datetime":"2026-10-06T20:31:11.000000Z","filename":"https://olm-s3.s3.eu-west-1.amazonaws.com/2026/10/06/IVQA4MXohL5wdw51Ew52YimEtZod3crjwM94ETxA.jpg","tags":[{"type":"standard","category":"smoking","item":"butts","quantity":1}],"objects":[{"status":"OK","on_map":true,"group":"Smoking","subgroup":"","layer":"Cigarette Butts","full_name":"Smoking \u2013 Cigarette Butts","olm_key":"smoking/butts","quantity":1,"picked_up":true}],"groups":["substances"],"has_litter":false,"has_pet_waste":false,"has_substances":true,"zone":"cottonwood_zone_E","zone_edge_m":34.4,"nbhd_edge_m":null}},{"type":"Feature","geometry":{"type":"Point","coordinates":[-122.559425354,49.205718994141]},"properties":{"id":556374,"datetime":"2026-10-06T20:31:18.000000Z","filename":"https://olm-s3.s3.eu-west-1.amazonaws.com/2026/10/06/d4tAotakarkc16LFvR0UK8sfNJgJGWw3Y22lfg4L.jpg","tags":[{"type":"standard","category":"other","item":"plastic","quantity":1}],"objects":[{"status":"OK","on_map":true,"group":"Piece","subgroup":"","layer":"Plastic Piece","full_name":"Piece \u2013 Plastic Piece","olm_key":"other/plastic","quantity":1,"picked_up":true}],"groups":["litter"],"has_litter":true,"has_pet_waste":false,"has_substances":false,"zone":"cottonwood_zone_E","zone_edge_m":34.4,"nbhd_edge_m":null}},{"type":"Feature","geometry":{"type":"Point","coordinates":[-122.559425354,49.205718994141]},"properties":{"id":556373,"datetime":"2026-10-06T20:31:21.000000Z","filename":"https://olm-s3.s3.eu-west-1.amazonaws.com/2026/10/06/0sJNPI0uPJZ9mgBDmFhGmSwVhD5iZhaEKxAcDTQw.jpg","tags":[{"type":"standard","category":"smoking","item":"butts","quantity":1}],"objects":[{"status":"OK","on_map":true,"group":"Smoking","subgroup":"","layer":"Cigarette Butts","full_name":"Smoking \u2013 Cigarette Butts","olm_key":"smoking/butts","quantity":1,"picked_up":true}],"groups":["substances"],"has_litter":false,"has_pet_waste":false,"has_substances":true,"zone":"cottonwood_zone_E","zone_edge_m":34.4,"nbhd_edge_m":null}},{"type":"Feature","geometry":{"type":"Point","coordinates":[-122.559425354,49.205718994141]},"properties":{"id":556372,"datetime":"2026-10-06T20:31:29.000000Z","filename":"https://olm-s3.s3.eu-west-1.amazonaws.com/2026/10/06/6ZiC8lEzGaLu5fkBCFtXa4IQbL0Mu9JF1PH7ackH.jpg","tags":[{"type":"standard","category":"other","item":"other","quantity":1}],"objects":[{"status":"OK","on_map":true,"group":"Household","subgroup":"","layer":"Household misc","full_name":"Household \u2013 Household misc","olm_key":"other/other","quantity":1,"picked_up":true}],"groups":["litter"],"has_litter":true,"has_pet_waste":false,"has_substances":false,"zone":"cottonwood_zone_E","zone_edge_m":34.4,"nbhd_edge_m":null}},{"type":"Feature","geometry":{"type":"Point","coordinates":[-122.559425354,49.205718994141]},"properties":{"id":556371,"datetime":"2026-10-06T20:31:41.000000Z","filename":"https://olm-s3.s3.eu-west-1.amazonaws.com/2026/10/06/taEjbj2T1NMxnMFHAi4p9pvZ34MM8q5I7SbxmlrU.jpg","tags":[{"type":"standard","category":"smoking","item":"butts","quantity":1}],"objects":[{"status":"OK","on_map":true,"group":"Smoking","subgroup":"","layer":"Cigarette Butts","full_name":"Smoking \u2013 Cigarette Butts","olm_key":"smoking/butts","quantity":1,"picked_up":true}],"groups":["substances"],"has_litter":false,"has_pet_waste":false,"has_substances":true,"zone":"cottonwood_zone_E","zone_edge_m":34.4,"nbhd_edge_m":null}},{"type":"Feature","geometry":{"type":"Point","coordinates":[-122.559425354,49.205718994141]},"properties":{"id":556370,"datetime":"2026-10-06T20:32:03.000000Z","filename":"https://olm-s3.s3.eu-west-1.amazonaws.com/2026/10/06/qZht3TtVjF5UlIeLkZ9Fn7dethXgANWwyFwF6PD6.jpg","tags":[{"type":"standard","category":"vehicles","item":"car_part","quantity":1}],"objects":[{"status":"OK","on_map":true,"group":"Piece","subgroup":"","layer":"Motor Vehicle Part Piece","full_name":"Piece \u2013 Motor Vehicle Part Piece","olm_key":"vehicles/car_part","quantity":1,"picked_up":true}],"groups":["litter"],"has_litter":true,"has_pet_waste":false,"has_substances":false,"zone":"cottonwood_zone_E","zone_edge_m":34.4,"nbhd_edge_m":null}},{"type":"Feature","geometry":{"type":"Point","coordinates":[-122.559425354,49.205718994141]},"properties":{"id":556369,"datetime":"2026-10-06T20:32:14.000000Z","filename":"https://olm-s3.s3.eu-west-1.amazonaws.com/2026/10/06/XGwdvEuqxzHlliJPrlXlnncBvH2zFB36DEVgmjO9.jpg","tags":[{"type":"standard","category":"other","item":"other","quantity":1}],"objects":[{"status":"OK","on_map":true,"group":"Household","subgroup":"","layer":"Household misc","full_name":"Household \u2013 Household misc","olm_key":"other/other","quantity":1,"picked_up":true}],"groups":["litter"],"has_litter":true,"has_pet_waste":false,"has_substances":false,"zone":"cottonwood_zone_E","zone_edge_m":34.4,"nbhd_edge_m":null}},{"type":"Feature","geometry":{"type":"Point","coordinates":[-122.559425354,49.205718994141]},"properties":{"id":556368,"datetime":"2026-10-06T20:32:31.000000Z","filename":"https://olm-s3.s3.eu-west-1.amazonaws.com/2026/10/06/ykdN6kdwxEjPMlXX0cYhmO3hTyewCVhcXZHa7n8W.jpg","tags":[{"type":"standard","category":"other","item":"other","quantity":1}],"objects":[{"status":"OK","on_map":true,"group":"Household","subgroup":"","layer":"Household misc","full_name":"Household \u2013 Household misc","olm_key":"other/other","quantity":1,"picked_up":true}],"groups":["litter"],"has_litter":true,"has_pet_waste":false,"has_substances":false,"zone":"cottonwood_zone_E","zone_edge_m":34.4,"nbhd_edge_m":null}},{"type":"Feature","geometry":{"type":"Point","coordinates":[-122.5591583252,49.205940246582]},"properties":{"id":556367,"datetime":"2026-10-06T20:32:50.000000Z","filename":"https://olm-s3.s3.eu-west-1.amazonaws.com/2026/10/06/hvPcrIxgHvRFKtSmZXm4XNi389nB9I57i8DU0Nyw.jpg","tags":[{"type":"standard","category":"other","item":"other","quantity":1}],"objects":[{"status":"OK","on_map":true,"group":"Household","subgroup":"","layer":"Household misc","full_name":"Household \u2013 Household misc","olm_key":"other/other","quantity":1,"picked_up":true}],"groups":["litter"],"has_litter":true,"has_pet_waste":false,"has_substances":false,"zone":"cottonwood_zone_E","zone_edge_m":59.0,"nbhd_edge_m":null}},{"type":"Feature","geometry":{"type":"Point","coordinates":[-122.5591583252,49.205940246582]},"properties":{"id":556366,"datetime":"2026-10-06T20:34:13.000000Z","filename":"https://olm-s3.s3.eu-west-1.amazonaws.com/2026/10/06/HIey1o1O1hsi7GoUkxhfh7rfUamW1UnfjbQtibAC.jpg","tags":[{"type":"standard","category":"other","item":"plastic","quantity":1}],"objects":[{"status":"OK","on_map":true,"group":"Piece","subgroup":"","layer":"Plastic Piece","full_name":"Piece \u2013 Plastic Piece","olm_key":"other/plastic","quantity":1,"picked_up":true}],"groups":["litter"],"has_litter":true,"has_pet_waste":false,"has_substances":false,"zone":"cottonwood_zone_E","zone_edge_m":59.0,"nbhd_edge_m":null}},{"type":"Feature","geometry":{"type":"Point","coordinates":[-122.5591583252,49.205940246582]},"properties":{"id":556365,"datetime":"2026-10-06T20:34:30.000000Z","filename":"https://olm-s3.s3.eu-west-1.amazonaws.com/2026/10/06/tSe54hXTKbkfV2IWjKSSovaD58Ea0qmrz2ahI0uU.jpg","tags":[{"type":"standard","category":"other","item":"paper","quantity":1}],"objects":[{"status":"OK","on_map":true,"group":"Piece","subgroup":"","layer":"Paper Piece","full_name":"Piece \u2013 Paper Piece","olm_key":"other/paper","quantity":1,"picked_up":true}],"groups":["litter"],"has_litter":true,"has_pet_waste":false,"has_substances":false,"zone":"cottonwood_zone_E","zone_edge_m":59.0,"nbhd_edge_m":null}},{"type":"Feature","geometry":{"type":"Point","coordinates":[-122.5591583252,49.205940246582]},"properties":{"id":556364,"datetime":"2026-10-06T20:34:34.000000Z","filename":"https://olm-s3.s3.eu-west-1.amazonaws.com/2026/10/06/dFk3h3dNvWP6DNYxblGcHDoCr2eulpYQ6GtKSWhm.jpg","tags":[{"type":"standard","category":"other","item":"paper","quantity":1}],"objects":[{"status":"OK","on_map":true,"group":"Piece","subgroup":"","layer":"Paper Piece","full_name":"Piece \u2013 Paper Piece","olm_key":"other/paper","quantity":1,"picked_up":true}],"groups":["litter"],"has_litter":true,"has_pet_waste":false,"has_substances":false,"zone":"cottonwood_zone_E","zone_edge_m":59.0,"nbhd_edge_m":null}},{"type":"Feature","geometry":{"type":"Point","coordinates":[-122.5591583252,49.205940246582]},"properties":{"id":556363,"datetime":"2026-10-06T20:34:38.000000Z","filename":"https://olm-s3.s3.eu-west-1.amazonaws.com/2026/10/06/eXGDUQcOhxBEVgE3Q0btKy7HqgS6mMSVFnpr5rwp.jpg","tags":[{"type":"standard","category":"sanitary","item":"wipes","quantity":1}],"objects":[{"status":"OK","on_map":true,"group":"Household","subgroup":"","layer":"Wet Wipes","full_name":"Household \u2013 Wet Wipes","olm_key":"sanitary/wipes","quantity":1,"picked_up":true}],"groups":["litter"],"has_litter":true,"has_pet_waste":false,"has_substances":false,"zone":"cottonwood_zone_E","zone_edge_m":59.0,"nbhd_edge_m":null}},{"type":"Feature","geometry":{"type":"Point","coordinates":[-122.5591583252,49.205940246582]},"properties":{"id":556362,"datetime":"2026-10-06T20:34:46.000000Z","filename":"https://olm-s3.s3.eu-west-1.amazonaws.com/2026/10/06/szbF1jbRUCLIQcTmiPE3RbaVY2MhlyydZRMv9mdJ.jpg","tags":[{"type":"standard","category":"smoking","item":"butts","quantity":1}],"objects":[{"status":"OK","on_map":true,"group":"Smoking","subgroup":"","layer":"Cigarette Butts","full_name":"Smoking \u2013 Cigarette Butts","olm_key":"smoking/butts","quantity":1,"picked_up":true}],"groups":["substances"],"has_litter":false,"has_pet_waste":false,"has_substances":true,"zone":"cottonwood_zone_E","zone_edge_m":59.0,"nbhd_edge_m":null}},{"type":"Feature","geometry":{"type":"Point","coordinates":[-122.5591583252,49.205940246582]},"properties":{"id":556361,"datetime":"2026-10-06T20:34:50.000000Z","filename":"https://olm-s3.s3.eu-west-1.amazonaws.com/2026/10/06/pfuxOirCfJodjRSgvKNxIBRcKOzb2828yT8NQX0d.jpg","tags":[{"type":"standard","category":"smoking","item":"butts","quantity":1}],"objects":[{"status":"OK","on_map":true,"group":"Smoking","subgroup":"","layer":"Cigarette Butts","full_name":"Smoking \u2013 Cigarette Butts","olm_key":"smoking/butts","quantity":1,"picked_up":true}],"groups":["substances"],"has_litter":false,"has_pet_waste":false,"has_substances":true,"zone":"cottonwood_zone_E","zone_edge_m":59.0,"nbhd_edge_m":null}},{"type":"Feature","geometry":{"type":"Point","coordinates":[-122.5591583252,49.205940246582]},"properties":{"id":556360,"datetime":"2026-10-06T20:34:56.000000Z","filename":"https://olm-s3.s3.eu-west-1.amazonaws.com/2026/10/06/fsUYjN6yPMcPR57qw7fNIXDo51MBB8eXvhDKH64M.jpg","tags":[{"type":"standard","category":"smoking","item":"butts","quantity":1}],"objects":[{"status":"OK","on_map":true,"group":"Smoking","subgroup":"","layer":"Cigarette Butts","full_name":"Smoking \u2013 Cigarette Butts","olm_key":"smoking/butts","quantity":1,"picked_up":true}],"groups":["substances"],"has_litter":false,"has_pet_waste":false,"has_substances":true,"zone":"cottonwood_zone_E","zone_edge_m":59.0,"nbhd_edge_m":null}},{"type":"Feature","geometry":{"type":"Point","coordinates":[-122.5591583252,49.205940246582]},"properties":{"id":556359,"datetime":"2026-10-06T20:35:09.000000Z","filename":"https://olm-s3.s3.eu-west-1.amazonaws.com/2026/10/06/buYc5nWTh9EdEmuz4ptPJ0E1lANAt0nAPTjsdB6u.jpg","tags":[{"type":"standard","category":"other","item":"paper","quantity":1}],"objects":[{"status":"OK","on_map":true,"group":"Piece","subgroup":"","layer":"Paper Piece","full_name":"Piece \u2013 Paper Piece","olm_key":"other/paper","quantity":1,"picked_up":true}],"groups":["litter"],"has_litter":true,"has_pet_waste":false,"has_substances":false,"zone":"cottonwood_zone_E","zone_edge_m":59.0,"nbhd_edge_m":null}},{"type":"Feature","geometry":{"type":"Point","coordinates":[-122.5591583252,49.205940246582]},"properties":{"id":556358,"datetime":"2026-10-06T20:35:20.000000Z","filename":"https://olm-s3.s3.eu-west-1.amazonaws.com/2026/10/06/DCaAHZS5GYRH9xTOSScRxDo1Ktwi0NYWIFDeBdmr.jpg","tags":[{"type":"standard","category":"smoking","item":"butts","quantity":1}],"objects":[{"status":"OK","on_map":true,"group":"Smoking","subgroup":"","layer":"Cigarette Butts","full_name":"Smoking \u2013 Cigarette Butts","olm_key":"smoking/butts","quantity":1,"picked_up":true}],"groups":["substances"],"has_litter":false,"has_pet_waste":false,"has_substances":true,"zone":"cottonwood_zone_E","zone_edge_m":59.0,"nbhd_edge_m":null}},{"type":"Feature","geometry":{"type":"Point","coordinates":[-122.5591583252,49.205940246582]},"properties":{"id":556357,"datetime":"2026-10-06T20:35:32.000000Z","filename":"https://olm-s3.s3.eu-west-1.amazonaws.com/2026/10/06/m2z51eGbnnyZvxWIKfqjdBKP7EV6KjravDC9eiGg.jpg","tags":[{"type":"standard","category":"smoking","item":"butts","quantity":1}],"objects":[{"status":"OK","on_map":true,"group":"Smoking","subgroup":"","layer":"Cigarette Butts","full_name":"Smoking \u2013 Cigarette Butts","olm_key":"smoking/butts","quantity":1,"picked_up":true}],"groups":["substances"],"has_litter":false,"has_pet_waste":false,"has_substances":true,"zone":"cottonwood_zone_E","zone_edge_m":59.0,"nbhd_edge_m":null}},{"type":"Feature","geometry":{"type":"Point","coordinates":[-122.5591583252,49.205940246582]},"properties":{"id":556356,"datetime":"2026-10-06T20:35:46.000000Z","filename":"https://olm-s3.s3.eu-west-1.amazonaws.com/2026/10/06/rVjAwKQ2sVWs7pbdWoHwh8fmQ1q003Y2ZM40mCOp.jpg","tags":[{"type":"standard","category":"smoking","item":"butts","quantity":3}],"objects":[{"status":"OK","on_map":true,"group":"Smoking","subgroup":"","layer":"Cigarette Butts","full_name":"Smoking \u2013 Cigarette Butts","olm_key":"smoking/butts","quantity":3,"picked_up":true}],"groups":["substances"],"has_litter":false,"has_pet_waste":false,"has_substances":true,"zone":"cottonwood_zone_E","zone_edge_m":59.0,"nbhd_edge_m":null}},{"type":"Feature","geometry":{"type":"Point","coordinates":[-122.5591583252,49.205940246582]},"properties":{"id":556355,"datetime":"2026-10-06T20:35:51.000000Z","filename":"https://olm-s3.s3.eu-west-1.amazonaws.com/2026/10/06/buHENs68H1obDdhdp88CmoqxRmUonOAohoYp2Fkj.jpg","tags":[{"type":"standard","category":"smoking","item":"butts","quantity":1}],"objects":[{"status":"OK","on_map":true,"group":"Smoking","subgroup":"","layer":"Cigarette Butts","full_name":"Smoking \u2013 Cigarette Butts","olm_key":"smoking/butts","quantity":1,"picked_up":true}],"groups":["substances"],"has_litter":false,"has_pet_waste":false,"has_substances":true,"zone":"cottonwood_zone_E","zone_edge_m":59.0,"nbhd_edge_m":null}},{"type":"Feature","geometry":{"type":"Point","coordinates":[-122.5591583252,49.205940246582]},"properties":{"id":556354,"datetime":"2026-10-06T20:36:00.000000Z","filename":"https://olm-s3.s3.eu-west-1.amazonaws.com/2026/10/06/Lze1aNhav6vwk38TGVj2aYMlFBw4KAM0zSArj25Z.jpg","tags":[{"type":"standard","category":"smoking","item":"butts","quantity":1}],"objects":[{"status":"OK","on_map":true,"group":"Smoking","subgroup":"","layer":"Cigarette Butts","full_name":"Smoking \u2013 Cigarette Butts","olm_key":"smoking/butts","quantity":1,"picked_up":true}],"groups":["substances"],"has_litter":false,"has_pet_waste":false,"has_substances":true,"zone":"cottonwood_zone_E","zone_edge_m":59.0,"nbhd_edge_m":null}},{"type":"Feature","geometry":{"type":"Point","coordinates":[-122.5591583252,49.205940246582]},"properties":{"id":556353,"datetime":"2026-10-06T20:36:05.000000Z","filename":"https://olm-s3.s3.eu-west-1.amazonaws.com/2026/10/06/vzXTEH2d0nQvK4KDQyqDoYXol4VNvSILzu2hASoX.jpg","tags":[{"type":"standard","category":"smoking","item":"butts","quantity":1}],"objects":[{"status":"OK","on_map":true,"group":"Smoking","subgroup":"","layer":"Cigarette Butts","full_name":"Smoking \u2013 Cigarette Butts","olm_key":"smoking/butts","quantity":1,"picked_up":true}],"groups":["substances"],"has_litter":false,"has_pet_waste":false,"has_substances":true,"zone":"cottonwood_zone_E","zone_edge_m":59.0,"nbhd_edge_m":null}},{"type":"Feature","geometry":{"type":"Point","coordinates":[-122.5591583252,49.205940246582]},"properties":{"id":556352,"datetime":"2026-10-06T20:36:15.000000Z","filename":"https://olm-s3.s3.eu-west-1.amazonaws.com/2026/10/06/7NCeBHQIRiev86Hb5XWKKImtbhkibeSbKaenlxlC.jpg","tags":[{"type":"standard","category":"smoking","item":"butts","quantity":1}],"objects":[{"status":"OK","on_map":true,"group":"Smoking","subgroup":"","layer":"Cigarette Butts","full_name":"Smoking \u2013 Cigarette Butts","olm_key":"smoking/butts","quantity":1,"picked_up":true}],"groups":["substances"],"has_litter":false,"has_pet_waste":false,"has_substances":true,"zone":"cottonwood_zone_E","zone_edge_m":59.0,"nbhd_edge_m":null}},{"type":"Feature","geometry":{"type":"Point","coordinates":[-122.5591583252,49.205940246582]},"properties":{"id":556351,"datetime":"2026-10-06T20:36:16.000000Z","filename":"https://olm-s3.s3.eu-west-1.amazonaws.com/2026/10/06/sb7lrusBFdVF3j5fuVV7NKxKYEerDGprrFnAHGl6.jpg","tags":[{"type":"standard","category":"smoking","item":"butts","quantity":1}],"objects":[{"status":"OK","on_map":true,"group":"Smoking","subgroup":"","layer":"Cigarette Butts","full_name":"Smoking \u2013 Cigarette Butts","olm_key":"smoking/butts","quantity":1,"picked_up":true}],"groups":["substances"],"has_litter":false,"has_pet_waste":false,"has_substances":true,"zone":"cottonwood_zone_E","zone_edge_m":59.0,"nbhd_edge_m":null}},{"type":"Feature","geometry":{"type":"Point","coordinates":[-122.5591583252,49.205940246582]},"properties":{"id":556350,"datetime":"2026-10-06T20:36:19.000000Z","filename":"https://olm-s3.s3.eu-west-1.amazonaws.com/2026/10/06/brhJTtQcZUc3T5ivfhp9mGxHATafglUqNlWde8hc.jpg","tags":[{"type":"standard","category":"smoking","item":"butts","quantity":2}],"objects":[{"status":"OK","on_map":true,"group":"Smoking","subgroup":"","layer":"Cigarette Butts","full_name":"Smoking \u2013 Cigarette Butts","olm_key":"smoking/butts","quantity":2,"picked_up":true}],"groups":["substances"],"has_litter":false,"has_pet_waste":false,"has_substances":true,"zone":"cottonwood_zone_E","zone_edge_m":59.0,"nbhd_edge_m":null}},{"type":"Feature","geometry":{"type":"Point","coordinates":[-122.5591583252,49.205940246582]},"properties":{"id":556349,"datetime":"2026-10-06T20:36:38.000000Z","filename":"https://olm-s3.s3.eu-west-1.amazonaws.com/2026/10/06/cvGLCiPMoni4MSI7kZF8AFIyqHOK6r504F8xL4gA.jpg","tags":[{"type":"standard","category":"smoking","item":"butts","quantity":1}],"objects":[{"status":"OK","on_map":true,"group":"Smoking","subgroup":"","layer":"Cigarette Butts","full_name":"Smoking \u2013 Cigarette Butts","olm_key":"smoking/butts","quantity":1,"picked_up":true}],"groups":["substances"],"has_litter":false,"has_pet_waste":false,"has_substances":true,"zone":"cottonwood_zone_E","zone_edge_m":59.0,"nbhd_edge_m":null}},{"type":"Feature","geometry":{"type":"Point","coordinates":[-122.5591583252,49.205940246582]},"properties":{"id":556348,"datetime":"2026-10-06T20:36:52.000000Z","filename":"https://olm-s3.s3.eu-west-1.amazonaws.com/2026/10/06/eR96R3NAQcqsKVYKrybcEBG4z3sIF8JcsJ2LgXys.jpg","tags":[{"type":"standard","category":"smoking","item":"butts","quantity":1}],"objects":[{"status":"OK","on_map":true,"group":"Smoking","subgroup":"","layer":"Cigarette Butts","full_name":"Smoking \u2013 Cigarette Butts","olm_key":"smoking/butts","quantity":1,"picked_up":true}],"groups":["substances"],"has_litter":false,"has_pet_waste":false,"has_substances":true,"zone":"cottonwood_zone_E","zone_edge_m":59.0,"nbhd_edge_m":null}},{"type":"Feature","geometry":{"type":"Point","coordinates":[-122.5591583252,49.205940246582]},"properties":{"id":556347,"datetime":"2026-10-06T20:37:01.000000Z","filename":"https://olm-s3.s3.eu-west-1.amazonaws.com/2026/10/06/bPMJYB0AID4UHD24luqGl0PnarVs8eA5zxp5FK43.jpg","tags":[{"type":"standard","category":"smoking","item":"butts","quantity":1}],"objects":[{"status":"OK","on_map":true,"group":"Smoking","subgroup":"","layer":"Cigarette Butts","full_name":"Smoking \u2013 Cigarette Butts","olm_key":"smoking/butts","quantity":1,"picked_up":true}],"groups":["substances"],"has_litter":false,"has_pet_waste":false,"has_substances":true,"zone":"cottonwood_zone_E","zone_edge_m":59.0,"nbhd_edge_m":null}},{"type":"Feature","geometry":{"type":"Point","coordinates":[-122.5591583252,49.205940246582]},"properties":{"id":556346,"datetime":"2026-10-06T20:37:06.000000Z","filename":"https://olm-s3.s3.eu-west-1.amazonaws.com/2026/10/06/pMQbTsvzTbHoL7TdArSQzg88DX6vGlX1kkGeRe4M.jpg","tags":[{"type":"standard","category":"smoking","item":"butts","quantity":1}],"objects":[{"status":"OK","on_map":true,"group":"Smoking","subgroup":"","layer":"Cigarette Butts","full_name":"Smoking \u2013 Cigarette Butts","olm_key":"smoking/butts","quantity":1,"picked_up":true}],"groups":["substances"],"has_litter":false,"has_pet_waste":false,"has_substances":true,"zone":"cottonwood_zone_E","zone_edge_m":59.0,"nbhd_edge_m":null}},{"type":"Feature","geometry":{"type":"Point","coordinates":[-122.55771636963,49.206027984619]},"properties":{"id":556345,"datetime":"2026-10-06T20:37:15.000000Z","filename":"https://olm-s3.s3.eu-west-1.amazonaws.com/2026/10/06/UfHspG6cWWW3YlNF1VpEMjvnDC7JptH0jNrDuqBX.jpg","tags":[{"type":"standard","category":"other","item":"paper","quantity":1}],"objects":[{"status":"OK","on_map":true,"group":"Piece","subgroup":"","layer":"Paper Piece","full_name":"Piece \u2013 Paper Piece","olm_key":"other/paper","quantity":1,"picked_up":true}],"groups":["litter"],"has_litter":true,"has_pet_waste":false,"has_substances":false,"zone":"cottonwood_zone_E","zone_edge_m":68.8,"nbhd_edge_m":null}},{"type":"Feature","geometry":{"type":"Point","coordinates":[-122.55718231201,49.205833435059]},"properties":{"id":556344,"datetime":"2026-10-06T20:37:20.000000Z","filename":"https://olm-s3.s3.eu-west-1.amazonaws.com/2026/10/06/KNSrrOIsctPHF8TPfJe1bVhNh5VOogVCZGIxsF2a.jpg","tags":[{"type":"standard","category":"sanitary","item":"wipes","quantity":2}],"objects":[{"status":"OK","on_map":true,"group":"Household","subgroup":"","layer":"Wet Wipes","full_name":"Household \u2013 Wet Wipes","olm_key":"sanitary/wipes","quantity":2,"picked_up":true}],"groups":["litter"],"has_litter":true,"has_pet_waste":false,"has_substances":false,"zone":"cottonwood_zone_E","zone_edge_m":47.1,"nbhd_edge_m":null}},{"type":"Feature","geometry":{"type":"Point","coordinates":[-122.55738830566,49.20584487915]},"properties":{"id":556343,"datetime":"2026-10-06T20:37:28.000000Z","filename":"https://olm-s3.s3.eu-west-1.amazonaws.com/2026/10/06/SSo0YBAEFAFBtx20mmNWzFTLKZbVL8oDvJvZIHlJ.jpg","tags":[{"type":"standard","category":"softdrinks","item":"cup","quantity":1},{"type":"material","category":"material","item":"plastic","quantity":1,"parent_category":"softdrinks","parent_item":"cup"},{"type":"standard","category":"softdrinks","item":"straw","quantity":2},{"type":"standard","category":"softdrinks","item":"lid","quantity":1}],"objects":[{"status":"OK","on_map":true,"group":"Convenient Food Drink","subgroup":"Drink","layer":"Cold Beverage Cup","full_name":"Convenient Food Drink \u2013 Drink \u2013 Cold Beverage Cup","olm_key":"softdrinks/cup","quantity":1,"picked_up":true},{"status":"OK","on_map":true,"group":"Convenient Food Drink","subgroup":"Drink","layer":"Paper Drink Straws","full_name":"Convenient Food Drink \u2013 Drink \u2013 Paper Drink Straws","olm_key":"softdrinks/straw","quantity":2,"picked_up":true},{"status":"OK","on_map":true,"group":"Convenient Food Drink","subgroup":"Drink","layer":"Cold Beverage Lid","full_name":"Convenient Food Drink \u2013 Drink \u2013 Cold Beverage Lid","olm_key":"softdrinks/lid","quantity":1,"picked_up":true}],"groups":["litter"],"has_litter":true,"has_pet_waste":false,"has_substances":false,"zone":"cottonwood_zone_E","zone_edge_m":48.4,"nbhd_edge_m":null}},{"type":"Feature","geometry":{"type":"Point","coordinates":[-122.55738830566,49.20584487915]},"properties":{"id":556342,"datetime":"2026-10-06T20:37:41.000000Z","filename":"https://olm-s3.s3.eu-west-1.amazonaws.com/2026/10/06/FObs08lKcHygZoNYj4yB9Gb4zMotWz8shFy8YOen.jpg","tags":[{"type":"standard","category":"other","item":"paper","quantity":1}],"objects":[{"status":"OK","on_map":true,"group":"Piece","subgroup":"","layer":"Paper Piece","full_name":"Piece \u2013 Paper Piece","olm_key":"other/paper","quantity":1,"picked_up":true}],"groups":["litter"],"has_litter":true,"has_pet_waste":false,"has_substances":false,"zone":"cottonwood_zone_E","zone_edge_m":48.4,"nbhd_edge_m":null}},{"type":"Feature","geometry":{"type":"Point","coordinates":[-122.55738830566,49.20584487915]},"properties":{"id":556341,"datetime":"2026-10-06T20:37:54.000000Z","filename":"https://olm-s3.s3.eu-west-1.amazonaws.com/2026/10/06/7iq4LcnKez5OJfL6VICpGBvzXtVpF6jaPbMka2Hi.jpg","tags":[{"type":"standard","category":"other","item":"plastic","quantity":1}],"objects":[{"status":"OK","on_map":true,"group":"Piece","subgroup":"","layer":"Plastic Piece","full_name":"Piece \u2013 Plastic Piece","olm_key":"other/plastic","quantity":1,"picked_up":true}],"groups":["litter"],"has_litter":true,"has_pet_waste":false,"has_substances":false,"zone":"cottonwood_zone_E","zone_edge_m":48.4,"nbhd_edge_m":null}},{"type":"Feature","geometry":{"type":"Point","coordinates":[-122.55738830566,49.20584487915]},"properties":{"id":556340,"datetime":"2026-10-06T20:37:57.000000Z","filename":"https://olm-s3.s3.eu-west-1.amazonaws.com/2026/10/06/KjAH5A0OpOpq7xjvKeORujr0t8zRwr9eQHPQ95Ts.jpg","tags":[{"type":"standard","category":"other","item":"plastic","quantity":1}],"objects":[{"status":"OK","on_map":true,"group":"Piece","subgroup":"","layer":"Plastic Piece","full_name":"Piece \u2013 Plastic Piece","olm_key":"other/plastic","quantity":1,"picked_up":true}],"groups":["litter"],"has_litter":true,"has_pet_waste":false,"has_substances":false,"zone":"cottonwood_zone_E","zone_edge_m":48.4,"nbhd_edge_m":null}},{"type":"Feature","geometry":{"type":"Point","coordinates":[-122.55738830566,49.20584487915]},"properties":{"id":556339,"datetime":"2026-10-06T20:38:07.000000Z","filename":"https://olm-s3.s3.eu-west-1.amazonaws.com/2026/10/06/wIPnzC0ZYLKijSAVS6rcFdlZl8VrqgHBCO43VdEd.jpg","tags":[{"type":"standard","category":"smoking","item":"packaging","quantity":1},{"type":"custom_tag","category":"custom_tag","item":"THC","quantity":1,"parent_category":"smoking","parent_item":"packaging"}],"objects":[{"status":"OK","on_map":true,"group":"Smoking","subgroup":"","layer":"Cannabis Packaging","full_name":"Smoking \u2013 Cannabis Packaging","olm_key":"smoking/packaging","quantity":1,"picked_up":true}],"groups":["substances"],"has_litter":false,"has_pet_waste":false,"has_substances":true,"zone":"cottonwood_zone_E","zone_edge_m":48.4,"nbhd_edge_m":null}},{"type":"Feature","geometry":{"type":"Point","coordinates":[-122.55738830566,49.20584487915]},"properties":{"id":556338,"datetime":"2026-10-06T20:38:13.000000Z","filename":"https://olm-s3.s3.eu-west-1.amazonaws.com/2026/10/06/NUmoii1fzRXmYlU8ddKRgfdY3dsZjOo5Vwd0IwBD.jpg","tags":[{"type":"standard","category":"other","item":"plastic","quantity":1},{"type":"standard","category":"other","item":"paper","quantity":1}],"objects":[{"status":"OK","on_map":true,"group":"Piece","subgroup":"","layer":"Plastic Piece","full_name":"Piece \u2013 Plastic Piece","olm_key":"other/plastic","quantity":1,"picked_up":true},{"status":"OK","on_map":true,"group":"Piece","subgroup":"","layer":"Paper Piece","full_name":"Piece \u2013 Paper Piece","olm_key":"other/paper","quantity":1,"picked_up":true}],"groups":["litter"],"has_litter":true,"has_pet_waste":false,"has_substances":false,"zone":"cottonwood_zone_E","zone_edge_m":48.4,"nbhd_edge_m":null}},{"type":"Feature","geometry":{"type":"Point","coordinates":[-122.55738830566,49.20584487915]},"properties":{"id":556337,"datetime":"2026-10-06T20:38:22.000000Z","filename":"https://olm-s3.s3.eu-west-1.amazonaws.com/2026/10/06/P0iON7Bdr4Q8S60zXDeKjwZM1LvGPolS9TWDJWly.jpg","tags":[{"type":"standard","category":"smoking","item":"butts","quantity":1}],"objects":[{"status":"OK","on_map":true,"group":"Smoking","subgroup":"","layer":"Cigarette Butts","full_name":"Smoking \u2013 Cigarette Butts","olm_key":"smoking/butts","quantity":1,"picked_up":true}],"groups":["substances"],"has_litter":false,"has_pet_waste":false,"has_substances":true,"zone":"cottonwood_zone_E","zone_edge_m":48.4,"nbhd_edge_m":null}},{"type":"Feature","geometry":{"type":"Point","coordinates":[-122.55738830566,49.20584487915]},"properties":{"id":556336,"datetime":"2026-10-06T20:38:26.000000Z","filename":"https://olm-s3.s3.eu-west-1.amazonaws.com/2026/10/06/ZjmUvF5B9dqVlHL1m4RdhCFfmhWu21t8LzB9EJ77.jpg","tags":[{"type":"standard","category":"smoking","item":"butts","quantity":1}],"objects":[{"status":"OK","on_map":true,"group":"Smoking","subgroup":"","layer":"Cigarette Butts","full_name":"Smoking \u2013 Cigarette Butts","olm_key":"smoking/butts","quantity":1,"picked_up":true}],"groups":["substances"],"has_litter":false,"has_pet_waste":false,"has_substances":true,"zone":"cottonwood_zone_E","zone_edge_m":48.4,"nbhd_edge_m":null}},{"type":"Feature","geometry":{"type":"Point","coordinates":[-122.55738830566,49.20584487915]},"properties":{"id":556335,"datetime":"2026-10-06T20:38:30.000000Z","filename":"https://olm-s3.s3.eu-west-1.amazonaws.com/2026/10/06/qEaILNOCtOofdPwzCEWES58fRVDj1lYmJtpggJF9.jpg","tags":[{"type":"standard","category":"other","item":"plastic","quantity":1}],"objects":[{"status":"OK","on_map":true,"group":"Piece","subgroup":"","layer":"Plastic Piece","full_name":"Piece \u2013 Plastic Piece","olm_key":"other/plastic","quantity":1,"picked_up":true}],"groups":["litter"],"has_litter":true,"has_pet_waste":false,"has_substances":false,"zone":"cottonwood_zone_E","zone_edge_m":48.4,"nbhd_edge_m":null}},{"type":"Feature","geometry":{"type":"Point","coordinates":[-122.55738830566,49.20584487915]},"properties":{"id":556334,"datetime":"2026-10-06T20:38:36.000000Z","filename":"https://olm-s3.s3.eu-west-1.amazonaws.com/2026/10/06/yaaAlv6p4XwJdfSIhfCuzrRCkE1rd6Y9sktuJ5Me.jpg","tags":[{"type":"standard","category":"smoking","item":"butts","quantity":1}],"objects":[{"status":"OK","on_map":true,"group":"Smoking","subgroup":"","layer":"Cigarette Butts","full_name":"Smoking \u2013 Cigarette Butts","olm_key":"smoking/butts","quantity":1,"picked_up":true}],"groups":["substances"],"has_litter":false,"has_pet_waste":false,"has_substances":true,"zone":"cottonwood_zone_E","zone_edge_m":48.4,"nbhd_edge_m":null}},{"type":"Feature","geometry":{"type":"Point","coordinates":[-122.55738830566,49.20584487915]},"properties":{"id":556333,"datetime":"2026-10-06T20:38:54.000000Z","filename":"https://olm-s3.s3.eu-west-1.amazonaws.com/2026/10/06/YwvqvsaVN6PT7X5n8HkQrcambhszeWiM8zn1WzND.jpg","tags":[{"type":"standard","category":"food","item":"tinfoil","quantity":1}],"objects":[{"status":"OK","on_map":true,"group":"Piece","subgroup":"","layer":"Foil Piece","full_name":"Piece \u2013 Foil Piece","olm_key":"food/tinfoil","quantity":1,"picked_up":true}],"groups":["litter"],"has_litter":true,"has_pet_waste":false,"has_substances":false,"zone":"cottonwood_zone_E","zone_edge_m":48.4,"nbhd_edge_m":null}},{"type":"Feature","geometry":{"type":"Point","coordinates":[-122.55738830566,49.20584487915]},"properties":{"id":556332,"datetime":"2026-10-06T20:39:15.000000Z","filename":"https://olm-s3.s3.eu-west-1.amazonaws.com/2026/10/06/DQGpek4aZKLrfUXy30ynLWA27E1YtBVYX4GEEz9z.jpg","tags":[{"type":"standard","category":"smoking","item":"butts","quantity":1}],"objects":[{"status":"OK","on_map":true,"group":"Smoking","subgroup":"","layer":"Cigarette Butts","full_name":"Smoking \u2013 Cigarette Butts","olm_key":"smoking/butts","quantity":1,"picked_up":true}],"groups":["substances"],"has_litter":false,"has_pet_waste":false,"has_substances":true,"zone":"cottonwood_zone_E","zone_edge_m":48.4,"nbhd_edge_m":null}},{"type":"Feature","geometry":{"type":"Point","coordinates":[-122.55738830566,49.20584487915]},"properties":{"id":556331,"datetime":"2026-10-06T20:39:20.000000Z","filename":"https://olm-s3.s3.eu-west-1.amazonaws.com/2026/10/06/fRSKzNpHb0cxb1XmHIOlHDbOOez4Krv86xBlNrt6.jpg","tags":[{"type":"standard","category":"smoking","item":"butts","quantity":1}],"objects":[{"status":"OK","on_map":true,"group":"Smoking","subgroup":"","layer":"Cigarette Butts","full_name":"Smoking \u2013 Cigarette Butts","olm_key":"smoking/butts","quantity":1,"picked_up":true}],"groups":["substances"],"has_litter":false,"has_pet_waste":false,"has_substances":true,"zone":"cottonwood_zone_E","zone_edge_m":48.4,"nbhd_edge_m":null}},{"type":"Feature","geometry":{"type":"Point","coordinates":[-122.55738830566,49.20584487915]},"properties":{"id":556330,"datetime":"2026-10-06T20:39:27.000000Z","filename":"https://olm-s3.s3.eu-west-1.amazonaws.com/2026/10/06/izr3coKi2RANPazK6c2usaj0mNRL6hN9ecWnHwhc.jpg","tags":[{"type":"standard","category":"smoking","item":"butts","quantity":1}],"objects":[{"status":"OK","on_map":true,"group":"Smoking","subgroup":"","layer":"Cigarette Butts","full_name":"Smoking \u2013 Cigarette Butts","olm_key":"smoking/butts","quantity":1,"picked_up":true}],"groups":["substances"],"has_litter":false,"has_pet_waste":false,"has_substances":true,"zone":"cottonwood_zone_E","zone_edge_m":48.4,"nbhd_edge_m":null}},{"type":"Feature","geometry":{"type":"Point","coordinates":[-122.55680847168,49.205799102783]},"properties":{"id":556329,"datetime":"2026-10-06T20:39:44.000000Z","filename":"https://olm-s3.s3.eu-west-1.amazonaws.com/2026/10/06/rMXqMJavgSW1tcVtztUnjxcxZy3kI1c17h4vK43P.jpg","tags":[{"type":"standard","category":"smoking","item":"butts","quantity":1}],"objects":[{"status":"OK","on_map":true,"group":"Smoking","subgroup":"","layer":"Cigarette Butts","full_name":"Smoking \u2013 Cigarette Butts","olm_key":"smoking/butts","quantity":1,"picked_up":true}],"groups":["substances"],"has_litter":false,"has_pet_waste":false,"has_substances":true,"zone":"cottonwood_zone_E","zone_edge_m":43.3,"nbhd_edge_m":null}},{"type":"Feature","geometry":{"type":"Point","coordinates":[-122.55680847168,49.205799102783]},"properties":{"id":556328,"datetime":"2026-10-06T20:39:52.000000Z","filename":"https://olm-s3.s3.eu-west-1.amazonaws.com/2026/10/06/bGyX31iDZnN2qsNhn9yHE9CGd5qlqczrzes10HTZ.jpg","tags":[{"type":"standard","category":"food","item":"gum","quantity":1}],"objects":[{"status":"OK","on_map":true,"group":"Convenient Food Drink","subgroup":"Snack","layer":"Chewed Gum","full_name":"Convenient Food Drink \u2013 Snack \u2013 Chewed Gum","olm_key":"food/gum","quantity":1,"picked_up":true}],"groups":["litter"],"has_litter":true,"has_pet_waste":false,"has_substances":false,"zone":"cottonwood_zone_E","zone_edge_m":43.3,"nbhd_edge_m":null}},{"type":"Feature","geometry":{"type":"Point","coordinates":[-122.55680847168,49.205799102783]},"properties":{"id":556327,"datetime":"2026-10-06T20:40:22.000000Z","filename":"https://olm-s3.s3.eu-west-1.amazonaws.com/2026/10/06/5TLwvELkYiVvIhCwYEv4VqK82I1XgBup4u0ifOD7.jpg","tags":[{"type":"standard","category":"other","item":"plastic","quantity":1}],"objects":[{"status":"OK","on_map":true,"group":"Piece","subgroup":"","layer":"Plastic Piece","full_name":"Piece \u2013 Plastic Piece","olm_key":"other/plastic","quantity":1,"picked_up":true}],"groups":["litter"],"has_litter":true,"has_pet_waste":false,"has_substances":false,"zone":"cottonwood_zone_E","zone_edge_m":43.3,"nbhd_edge_m":null}},{"type":"Feature","geometry":{"type":"Point","coordinates":[-122.55680847168,49.205799102783]},"properties":{"id":556326,"datetime":"2026-10-06T20:40:59.000000Z","filename":"https://olm-s3.s3.eu-west-1.amazonaws.com/2026/10/06/ka2epPei5aKhJIuofuWEFokg2R6jPzL7y30SqEzg.jpg","tags":[{"type":"standard","category":"smoking","item":"butts","quantity":1}],"objects":[{"status":"OK","on_map":true,"group":"Smoking","subgroup":"","layer":"Cigarette Butts","full_name":"Smoking \u2013 Cigarette Butts","olm_key":"smoking/butts","quantity":1,"picked_up":true}],"groups":["substances"],"has_litter":false,"has_pet_waste":false,"has_substances":true,"zone":"cottonwood_zone_E","zone_edge_m":43.3,"nbhd_edge_m":null}},{"type":"Feature","geometry":{"type":"Point","coordinates":[-122.55680847168,49.205799102783]},"properties":{"id":556325,"datetime":"2026-10-06T20:41:18.000000Z","filename":"https://olm-s3.s3.eu-west-1.amazonaws.com/2026/10/06/ccZw7GrGc0VUKRUN4rwQ5JbtDnQtD58nIG1EI8ZV.jpg","tags":[{"type":"standard","category":"smoking","item":"butts","quantity":1}],"objects":[{"status":"OK","on_map":true,"group":"Smoking","subgroup":"","layer":"Cigarette Butts","full_name":"Smoking \u2013 Cigarette Butts","olm_key":"smoking/butts","quantity":1,"picked_up":true}],"groups":["substances"],"has_litter":false,"has_pet_waste":false,"has_substances":true,"zone":"cottonwood_zone_E","zone_edge_m":43.3,"nbhd_edge_m":null}},{"type":"Feature","geometry":{"type":"Point","coordinates":[-122.55680847168,49.205799102783]},"properties":{"id":556324,"datetime":"2026-10-06T20:41:26.000000Z","filename":"https://olm-s3.s3.eu-west-1.amazonaws.com/2026/10/06/ePjUp3Tc2qmSVkCEF3P8gr5uHpqeN3VXUbrVvw19.jpg","tags":[{"type":"standard","category":"smoking","item":"butts","quantity":1}],"objects":[{"status":"OK","on_map":true,"group":"Smoking","subgroup":"","layer":"Cigarette Butts","full_name":"Smoking \u2013 Cigarette Butts","olm_key":"smoking/butts","quantity":1,"picked_up":true}],"groups":["substances"],"has_litter":false,"has_pet_waste":false,"has_substances":true,"zone":"cottonwood_zone_E","zone_edge_m":43.3,"nbhd_edge_m":null}},{"type":"Feature","geometry":{"type":"Point","coordinates":[-122.55680847168,49.205799102783]},"properties":{"id":556323,"datetime":"2026-10-06T20:41:38.000000Z","filename":"https://olm-s3.s3.eu-west-1.amazonaws.com/2026/10/06/G9gcjW1eYrf67CJXOKE0YDF3wIsXdHW1e6xL5Nop.jpg","tags":[{"type":"standard","category":"smoking","item":"butts","quantity":1}],"objects":[{"status":"OK","on_map":true,"group":"Smoking","subgroup":"","layer":"Cigarette Butts","full_name":"Smoking \u2013 Cigarette Butts","olm_key":"smoking/butts","quantity":1,"picked_up":true}],"groups":["substances"],"has_litter":false,"has_pet_waste":false,"has_substances":true,"zone":"cottonwood_zone_E","zone_edge_m":43.3,"nbhd_edge_m":null}},{"type":"Feature","geometry":{"type":"Point","coordinates":[-122.55680847168,49.205799102783]},"properties":{"id":556322,"datetime":"2026-10-06T20:41:50.000000Z","filename":"https://olm-s3.s3.eu-west-1.amazonaws.com/2026/10/06/J98d7oLz5MqVV8E8I4a1VK2IUvsNbTxcckTOVbMH.jpg","tags":[{"type":"standard","category":"food","item":"gum","quantity":1},{"type":"standard","category":"other","item":"plastic","quantity":1}],"objects":[{"status":"OK","on_map":true,"group":"Convenient Food Drink","subgroup":"Snack","layer":"Chewed Gum","full_name":"Convenient Food Drink \u2013 Snack \u2013 Chewed Gum","olm_key":"food/gum","quantity":1,"picked_up":true},{"status":"OK","on_map":true,"group":"Piece","subgroup":"","layer":"Plastic Piece","full_name":"Piece \u2013 Plastic Piece","olm_key":"other/plastic","quantity":1,"picked_up":true}],"groups":["litter"],"has_litter":true,"has_pet_waste":false,"has_substances":false,"zone":"cottonwood_zone_E","zone_edge_m":43.3,"nbhd_edge_m":null}},{"type":"Feature","geometry":{"type":"Point","coordinates":[-122.55669403076,49.205764770508]},"properties":{"id":556321,"datetime":"2026-10-06T20:42:00.000000Z","filename":"https://olm-s3.s3.eu-west-1.amazonaws.com/2026/10/06/HajxVD4DwgaeJPN4tE99NIYTwnchDNLvMpNIq8ug.jpg","tags":[{"type":"standard","category":"pets","item":"dogshit","quantity":1}],"objects":[{"status":"OK","on_map":true,"group":"Fecal","subgroup":"","layer":"Pet Waste Unbagged","full_name":"Fecal \u2013 Pet Waste Unbagged","olm_key":"pets/dogshit","quantity":1,"picked_up":false}],"groups":["pet_waste"],"has_litter":false,"has_pet_waste":true,"has_substances":false,"zone":"cottonwood_zone_E","zone_edge_m":39.5,"nbhd_edge_m":null}},{"type":"Feature","geometry":{"type":"Point","coordinates":[-122.55745697021,49.205718994141]},"properties":{"id":556320,"datetime":"2026-10-06T20:42:41.000000Z","filename":"https://olm-s3.s3.eu-west-1.amazonaws.com/2026/10/06/hq2ypKZWt4QLxGMXGv6Q5I01ayCpYwGHMoHq157n.jpg","tags":[{"type":"standard","category":"other","item":"plastic","quantity":3}],"objects":[{"status":"OK","on_map":true,"group":"Piece","subgroup":"","layer":"Plastic Piece","full_name":"Piece \u2013 Plastic Piece","olm_key":"other/plastic","quantity":3,"picked_up":true}],"groups":["litter"],"has_litter":true,"has_pet_waste":false,"has_substances":false,"zone":"cottonwood_zone_E","zone_edge_m":34.4,"nbhd_edge_m":null}},{"type":"Feature","geometry":{"type":"Point","coordinates":[-122.557472229,49.205726623535]},"properties":{"id":556319,"datetime":"2026-10-06T20:43:00.000000Z","filename":"https://olm-s3.s3.eu-west-1.amazonaws.com/2026/10/06/S8Ubw5ALQ8F4s0VQbKOUzitUmPZP7Bz2Xnzg4RLe.jpg","tags":[{"type":"standard","category":"other","item":"paper","quantity":2},{"type":"standard","category":"smoking","item":"butts","quantity":1}],"objects":[{"status":"OK","on_map":true,"group":"Piece","subgroup":"","layer":"Paper Piece","full_name":"Piece \u2013 Paper Piece","olm_key":"other/paper","quantity":2,"picked_up":true},{"status":"OK","on_map":true,"group":"Smoking","subgroup":"","layer":"Cigarette Butts","full_name":"Smoking \u2013 Cigarette Butts","olm_key":"smoking/butts","quantity":1,"picked_up":true}],"groups":["litter","substances"],"has_litter":true,"has_pet_waste":false,"has_substances":true,"zone":"cottonwood_zone_E","zone_edge_m":35.2,"nbhd_edge_m":null}},{"type":"Feature","geometry":{"type":"Point","coordinates":[-122.557472229,49.205726623535]},"properties":{"id":556318,"datetime":"2026-10-06T20:43:06.000000Z","filename":"https://olm-s3.s3.eu-west-1.amazonaws.com/2026/10/06/lGP5yUbBp1FEC4EFDJoOvokHvbJgkr6jIcmW41wx.jpg","tags":[{"type":"standard","category":"other","item":"paper","quantity":5}],"objects":[{"status":"OK","on_map":true,"group":"Piece","subgroup":"","layer":"Paper Piece","full_name":"Piece \u2013 Paper Piece","olm_key":"other/paper","quantity":5,"picked_up":true}],"groups":["litter"],"has_litter":true,"has_pet_waste":false,"has_substances":false,"zone":"cottonwood_zone_E","zone_edge_m":35.2,"nbhd_edge_m":null}},{"type":"Feature","geometry":{"type":"Point","coordinates":[-122.557472229,49.205726623535]},"properties":{"id":556317,"datetime":"2026-10-06T20:43:15.000000Z","filename":"https://olm-s3.s3.eu-west-1.amazonaws.com/2026/10/06/SAAiSGw3RMeLcFXAw4DTKPBWt1tUYQ1oJBxKlBkS.jpg","tags":[{"type":"standard","category":"other","item":"paper","quantity":2}],"objects":[{"status":"OK","on_map":true,"group":"Piece","subgroup":"","layer":"Paper Piece","full_name":"Piece \u2013 Paper Piece","olm_key":"other/paper","quantity":2,"picked_up":true}],"groups":["litter"],"has_litter":true,"has_pet_waste":false,"has_substances":false,"zone":"cottonwood_zone_E","zone_edge_m":35.2,"nbhd_edge_m":null}},{"type":"Feature","geometry":{"type":"Point","coordinates":[-122.55749511719,49.20573425293]},"properties":{"id":556316,"datetime":"2026-10-06T20:43:32.000000Z","filename":"https://olm-s3.s3.eu-west-1.amazonaws.com/2026/10/06/DuinikuvGWjWw4zGQ3IGfFTJl78oUUzcJmyPYDFh.jpg","tags":[{"type":"standard","category":"other","item":"plastic","quantity":1}],"objects":[{"status":"OK","on_map":true,"group":"Piece","subgroup":"","layer":"Plastic Piece","full_name":"Piece \u2013 Plastic Piece","olm_key":"other/plastic","quantity":1,"picked_up":true}],"groups":["litter"],"has_litter":true,"has_pet_waste":false,"has_substances":false,"zone":"cottonwood_zone_E","zone_edge_m":36.1,"nbhd_edge_m":null}},{"type":"Feature","geometry":{"type":"Point","coordinates":[-122.55749511719,49.20573425293]},"properties":{"id":556315,"datetime":"2026-10-06T20:43:38.000000Z","filename":"https://olm-s3.s3.eu-west-1.amazonaws.com/2026/10/06/dS33f6AHggAHHxNnt7SJQL38vwmiz9PjK13Pa1Qz.jpg","tags":[{"type":"standard","category":"food","item":"gum","quantity":1}],"objects":[{"status":"OK","on_map":true,"group":"Convenient Food Drink","subgroup":"Snack","layer":"Chewed Gum","full_name":"Convenient Food Drink \u2013 Snack \u2013 Chewed Gum","olm_key":"food/gum","quantity":1,"picked_up":true}],"groups":["litter"],"has_litter":true,"has_pet_waste":false,"has_substances":false,"zone":"cottonwood_zone_E","zone_edge_m":36.1,"nbhd_edge_m":null}},{"type":"Feature","geometry":{"type":"Point","coordinates":[-122.55749511719,49.20573425293]},"properties":{"id":556314,"datetime":"2026-10-06T20:44:12.000000Z","filename":"https://olm-s3.s3.eu-west-1.amazonaws.com/2026/10/06/Atka85cRqeUpkFgI47iljcYMboROUIYRfKsWr9xv.jpg","tags":[{"type":"standard","category":"other","item":"paper","quantity":1}],"objects":[{"status":"OK","on_map":true,"group":"Piece","subgroup":"","layer":"Paper Piece","full_name":"Piece \u2013 Paper Piece","olm_key":"other/paper","quantity":1,"picked_up":true}],"groups":["litter"],"has_litter":true,"has_pet_waste":false,"has_substances":false,"zone":"cottonwood_zone_E","zone_edge_m":36.1,"nbhd_edge_m":null}},{"type":"Feature","geometry":{"type":"Point","coordinates":[-122.55749511719,49.20573425293]},"properties":{"id":556313,"datetime":"2026-10-06T20:44:26.000000Z","filename":"https://olm-s3.s3.eu-west-1.amazonaws.com/2026/10/06/OsEQP8gGIWKgMZhMpl1YG6cn0jXZEdLsGXm3PmSX.jpg","tags":[{"type":"standard","category":"food","item":"wrapper","quantity":1},{"type":"material","category":"material","item":"plastic","quantity":1,"parent_category":"food","parent_item":"wrapper"},{"type":"standard","category":"other","item":"plastic","quantity":1},{"type":"custom_tag","category":"custom_tag","item":"tinsel","quantity":1,"parent_category":"other","parent_item":"plastic"}],"objects":[{"status":"OK","on_map":true,"group":"Convenient Food Drink","subgroup":"Snack","layer":"Foil / Plastic Film Snack Wrapper","full_name":"Convenient Food Drink \u2013 Snack \u2013 Foil / Plastic Film Snack Wrapper","olm_key":"food/wrapper","quantity":1,"picked_up":true},{"status":"OK","on_map":true,"group":"Piece","subgroup":"","layer":"Plastic Piece","full_name":"Piece \u2013 Plastic Piece","olm_key":"other/plastic","quantity":1,"picked_up":true}],"groups":["litter"],"has_litter":true,"has_pet_waste":false,"has_substances":false,"zone":"cottonwood_zone_E","zone_edge_m":36.1,"nbhd_edge_m":null}},{"type":"Feature","geometry":{"type":"Point","coordinates":[-122.55749511719,49.20573425293]},"properties":{"id":556312,"datetime":"2026-10-06T20:44:43.000000Z","filename":"https://olm-s3.s3.eu-west-1.amazonaws.com/2026/10/06/NUYkypwFcaTmtlyihDj1nH4c8Sfyl6tnf5XcFGHh.jpg","tags":[{"type":"standard","category":"other","item":"plastic","quantity":1}],"objects":[{"status":"OK","on_map":true,"group":"Piece","subgroup":"","layer":"Plastic Piece","full_name":"Piece \u2013 Plastic Piece","olm_key":"other/plastic","quantity":1,"picked_up":true}],"groups":["litter"],"has_litter":true,"has_pet_waste":false,"has_substances":false,"zone":"cottonwood_zone_E","zone_edge_m":36.1,"nbhd_edge_m":null}},{"type":"Feature","geometry":{"type":"Point","coordinates":[-122.55749511719,49.20573425293]},"properties":{"id":556311,"datetime":"2026-10-06T20:44:47.000000Z","filename":"https://olm-s3.s3.eu-west-1.amazonaws.com/2026/10/06/umScjR455gdZXOcYMZsO7dKp7QDRaaUnvOs1LMPR.jpg","tags":[{"type":"standard","category":"food","item":"wrapper","quantity":1},{"type":"material","category":"material","item":"paper","quantity":1,"parent_category":"food","parent_item":"wrapper"}],"objects":[{"status":"OK","on_map":true,"group":"Convenient Food Drink","subgroup":"Snack","layer":"Foil / Plastic Film Snack Wrapper","full_name":"Convenient Food Drink \u2013 Snack \u2013 Foil / Plastic Film Snack Wrapper","olm_key":"food/wrapper","quantity":1,"picked_up":true}],"groups":["litter"],"has_litter":true,"has_pet_waste":false,"has_substances":false,"zone":"cottonwood_zone_E","zone_edge_m":36.1,"nbhd_edge_m":null}},{"type":"Feature","geometry":{"type":"Point","coordinates":[-122.55749511719,49.20573425293]},"properties":{"id":556310,"datetime":"2026-10-06T20:44:59.000000Z","filename":"https://olm-s3.s3.eu-west-1.amazonaws.com/2026/10/06/1XN9nDqoiYsKo92X9dOvQxzGz42xCqHBiGKRl4Ir.jpg","tags":[{"type":"standard","category":"smoking","item":"butts","quantity":1}],"objects":[{"status":"OK","on_map":true,"group":"Smoking","subgroup":"","layer":"Cigarette Butts","full_name":"Smoking \u2013 Cigarette Butts","olm_key":"smoking/butts","quantity":1,"picked_up":true}],"groups":["substances"],"has_litter":false,"has_pet_waste":false,"has_substances":true,"zone":"cottonwood_zone_E","zone_edge_m":36.1,"nbhd_edge_m":null}},{"type":"Feature","geometry":{"type":"Point","coordinates":[-122.55749511719,49.20573425293]},"properties":{"id":556309,"datetime":"2026-10-06T20:45:01.000000Z","filename":"https://olm-s3.s3.eu-west-1.amazonaws.com/2026/10/06/bUDPdiCaTwvjz5hdwSy4tWWaZW6G4K9zQSBnOJIT.jpg","tags":[{"type":"standard","category":"other","item":"plastic","quantity":1}],"objects":[{"status":"OK","on_map":true,"group":"Piece","subgroup":"","layer":"Plastic Piece","full_name":"Piece \u2013 Plastic Piece","olm_key":"other/plastic","quantity":1,"picked_up":true}],"groups":["litter"],"has_litter":true,"has_pet_waste":false,"has_substances":false,"zone":"cottonwood_zone_E","zone_edge_m":36.1,"nbhd_edge_m":null}},{"type":"Feature","geometry":{"type":"Point","coordinates":[-122.55749511719,49.20573425293]},"properties":{"id":556308,"datetime":"2026-10-06T20:45:18.000000Z","filename":"https://olm-s3.s3.eu-west-1.amazonaws.com/2026/10/06/H5esSro4JKx75oriLhnMmsawgS33QcLubpM1dnEv.jpg","tags":[{"type":"standard","category":"other","item":"plastic","quantity":1}],"objects":[{"status":"OK","on_map":true,"group":"Piece","subgroup":"","layer":"Plastic Piece","full_name":"Piece \u2013 Plastic Piece","olm_key":"other/plastic","quantity":1,"picked_up":true}],"groups":["litter"],"has_litter":true,"has_pet_waste":false,"has_substances":false,"zone":"cottonwood_zone_E","zone_edge_m":36.1,"nbhd_edge_m":null}},{"type":"Feature","geometry":{"type":"Point","coordinates":[-122.55749511719,49.20573425293]},"properties":{"id":556307,"datetime":"2026-10-06T20:45:24.000000Z","filename":"https://olm-s3.s3.eu-west-1.amazonaws.com/2026/10/06/SFc4z2KRTAHz4CjoNkZp89pyeH7HU3qD3sebI9hI.jpg","tags":[{"type":"standard","category":"smoking","item":"butts","quantity":1}],"objects":[{"status":"OK","on_map":true,"group":"Smoking","subgroup":"","layer":"Cigarette Butts","full_name":"Smoking \u2013 Cigarette Butts","olm_key":"smoking/butts","quantity":1,"picked_up":true}],"groups":["substances"],"has_litter":false,"has_pet_waste":false,"has_substances":true,"zone":"cottonwood_zone_E","zone_edge_m":36.1,"nbhd_edge_m":null}},{"type":"Feature","geometry":{"type":"Point","coordinates":[-122.55749511719,49.20573425293]},"properties":{"id":556306,"datetime":"2026-10-06T20:45:33.000000Z","filename":"https://olm-s3.s3.eu-west-1.amazonaws.com/2026/10/06/I1eCYQCuMtPKEIYVkzF68XNuj3HXUxkWUxTfcT96.jpg","tags":[{"type":"standard","category":"other","item":"plastic","quantity":3}],"objects":[{"status":"OK","on_map":true,"group":"Piece","subgroup":"","layer":"Plastic Piece","full_name":"Piece \u2013 Plastic Piece","olm_key":"other/plastic","quantity":3,"picked_up":true}],"groups":["litter"],"has_litter":true,"has_pet_waste":false,"has_substances":false,"zone":"cottonwood_zone_E","zone_edge_m":36.1,"nbhd_edge_m":null}},{"type":"Feature","geometry":{"type":"Point","coordinates":[-122.55749511719,49.20573425293]},"properties":{"id":556305,"datetime":"2026-10-06T20:45:41.000000Z","filename":"https://olm-s3.s3.eu-west-1.amazonaws.com/2026/10/06/K0hLWrHxW73WbD8Clz60SwHRiwLKYcaaPZPYpcha.jpg","tags":[{"type":"standard","category":"food","item":"wrapper","quantity":1},{"type":"material","category":"material","item":"plastic","quantity":1,"parent_category":"food","parent_item":"wrapper"},{"type":"material","category":"material","item":"foil","quantity":1,"parent_category":"food","parent_item":"wrapper"}],"objects":[{"status":"OK","on_map":true,"group":"Convenient Food Drink","subgroup":"Snack","layer":"Foil / Plastic Film Snack Wrapper","full_name":"Convenient Food Drink \u2013 Snack \u2013 Foil / Plastic Film Snack Wrapper","olm_key":"food/wrapper","quantity":1,"picked_up":true}],"groups":["litter"],"has_litter":true,"has_pet_waste":false,"has_substances":false,"zone":"cottonwood_zone_E","zone_edge_m":36.1,"nbhd_edge_m":null}},{"type":"Feature","geometry":{"type":"Point","coordinates":[-122.55749511719,49.20573425293]},"properties":{"id":556304,"datetime":"2026-10-06T20:45:47.000000Z","filename":"https://olm-s3.s3.eu-west-1.amazonaws.com/2026/10/06/rLNC1GN9SLEfYdFodrTVLUEjHVFzPiLVo9l3RPFW.jpg","tags":[{"type":"standard","category":"food","item":"wrapper","quantity":1},{"type":"material","category":"material","item":"plastic","quantity":1,"parent_category":"food","parent_item":"wrapper"},{"type":"material","category":"material","item":"foil","quantity":1,"parent_category":"food","parent_item":"wrapper"}],"objects":[{"status":"OK","on_map":true,"group":"Convenient Food Drink","subgroup":"Snack","layer":"Foil / Plastic Film Snack Wrapper","full_name":"Convenient Food Drink \u2013 Snack \u2013 Foil / Plastic Film Snack Wrapper","olm_key":"food/wrapper","quantity":1,"picked_up":true}],"groups":["litter"],"has_litter":true,"has_pet_waste":false,"has_substances":false,"zone":"cottonwood_zone_E","zone_edge_m":36.1,"nbhd_edge_m":null}},{"type":"Feature","geometry":{"type":"Point","coordinates":[-122.55782318115,49.205799102783]},"properties":{"id":556303,"datetime":"2026-10-06T20:45:51.000000Z","filename":"https://olm-s3.s3.eu-west-1.amazonaws.com/2026/10/06/7Mz74IUpoVkeTePMmXkMbSywwEdHkkwgE1ssvrPO.jpg","tags":[{"type":"standard","category":"other","item":"paper","quantity":1}],"objects":[{"status":"OK","on_map":true,"group":"Piece","subgroup":"","layer":"Paper Piece","full_name":"Piece \u2013 Paper Piece","olm_key":"other/paper","quantity":1,"picked_up":true}],"groups":["litter"],"has_litter":true,"has_pet_waste":false,"has_substances":false,"zone":"cottonwood_zone_E","zone_edge_m":43.3,"nbhd_edge_m":null}},{"type":"Feature","geometry":{"type":"Point","coordinates":[-122.55782318115,49.205799102783]},"properties":{"id":556302,"datetime":"2026-10-06T20:46:01.000000Z","filename":"https://olm-s3.s3.eu-west-1.amazonaws.com/2026/10/06/TJbP6xpuNuQFvgrtOnqLLbYVPZmzPhP3LK8dCpAW.jpg","tags":[{"type":"standard","category":"pets","item":"dogshit_in_bag","quantity":1}],"objects":[{"status":"OK","on_map":true,"group":"Fecal","subgroup":"","layer":"Pet Waste Bagged","full_name":"Fecal \u2013 Pet Waste Bagged","olm_key":"pets/dogshit_in_bag","quantity":1,"picked_up":false}],"groups":["pet_waste"],"has_litter":false,"has_pet_waste":true,"has_substances":false,"zone":"cottonwood_zone_E","zone_edge_m":43.3,"nbhd_edge_m":null}},{"type":"Feature","geometry":{"type":"Point","coordinates":[-122.55782318115,49.205799102783]},"properties":{"id":556301,"datetime":"2026-10-06T20:46:21.000000Z","filename":"https://olm-s3.s3.eu-west-1.amazonaws.com/2026/10/06/O12L3bhB7m7TUNIQ1xk9ba1IAqh7GyB22dDJKy7h.jpg","tags":[{"type":"standard","category":"smoking","item":"butts","quantity":1}],"objects":[{"status":"OK","on_map":true,"group":"Smoking","subgroup":"","layer":"Cigarette Butts","full_name":"Smoking \u2013 Cigarette Butts","olm_key":"smoking/butts","quantity":1,"picked_up":true}],"groups":["substances"],"has_litter":false,"has_pet_waste":false,"has_substances":true,"zone":"cottonwood_zone_E","zone_edge_m":43.3,"nbhd_edge_m":null}},{"type":"Feature","geometry":{"type":"Point","coordinates":[-122.55782318115,49.205799102783]},"properties":{"id":556300,"datetime":"2026-10-06T20:46:29.000000Z","filename":"https://olm-s3.s3.eu-west-1.amazonaws.com/2026/10/06/JvpnsREN1JEuyE43orhdd5oZd8pcKr84HmMx7yXw.jpg","tags":[{"type":"standard","category":"smoking","item":"butts","quantity":1}],"objects":[{"status":"OK","on_map":true,"group":"Smoking","subgroup":"","layer":"Cigarette Butts","full_name":"Smoking \u2013 Cigarette Butts","olm_key":"smoking/butts","quantity":1,"picked_up":true}],"groups":["substances"],"has_litter":false,"has_pet_waste":false,"has_substances":true,"zone":"cottonwood_zone_E","zone_edge_m":43.3,"nbhd_edge_m":null}},{"type":"Feature","geometry":{"type":"Point","coordinates":[-122.55782318115,49.205799102783]},"properties":{"id":556299,"datetime":"2026-10-06T20:46:35.000000Z","filename":"https://olm-s3.s3.eu-west-1.amazonaws.com/2026/10/06/a7POA5OXpzXmo2whBwd5Fegii97LX3kjPG5yaxoF.jpg","tags":[{"type":"standard","category":"other","item":"paper","quantity":1}],"objects":[{"status":"OK","on_map":true,"group":"Piece","subgroup":"","layer":"Paper Piece","full_name":"Piece \u2013 Paper Piece","olm_key":"other/paper","quantity":1,"picked_up":true}],"groups":["litter"],"has_litter":true,"has_pet_waste":false,"has_substances":false,"zone":"cottonwood_zone_E","zone_edge_m":43.3,"nbhd_edge_m":null}},{"type":"Feature","geometry":{"type":"Point","coordinates":[-122.55782318115,49.205799102783]},"properties":{"id":556298,"datetime":"2026-10-06T20:46:54.000000Z","filename":"https://olm-s3.s3.eu-west-1.amazonaws.com/2026/10/06/xN8AzrTcQVrT9ocMUT3TlNAJfhnL1CgpQFMCSLXq.jpg","tags":[{"type":"standard","category":"other","item":"plastic","quantity":1}],"objects":[{"status":"OK","on_map":true,"group":"Piece","subgroup":"","layer":"Plastic Piece","full_name":"Piece \u2013 Plastic Piece","olm_key":"other/plastic","quantity":1,"picked_up":true}],"groups":["litter"],"has_litter":true,"has_pet_waste":false,"has_substances":false,"zone":"cottonwood_zone_E","zone_edge_m":43.3,"nbhd_edge_m":null}},{"type":"Feature","geometry":{"type":"Point","coordinates":[-122.55782318115,49.205799102783]},"properties":{"id":556297,"datetime":"2026-10-06T20:46:59.000000Z","filename":"https://olm-s3.s3.eu-west-1.amazonaws.com/2026/10/06/rFYPn7EtlJSnImopiGQPWzfC5QrXkYt840DqzCnB.jpg","tags":[{"type":"standard","category":"smoking","item":"butts","quantity":1}],"objects":[{"status":"OK","on_map":true,"group":"Smoking","subgroup":"","layer":"Cigarette Butts","full_name":"Smoking \u2013 Cigarette Butts","olm_key":"smoking/butts","quantity":1,"picked_up":true}],"groups":["substances"],"has_litter":false,"has_pet_waste":false,"has_substances":true,"zone":"cottonwood_zone_E","zone_edge_m":43.3,"nbhd_edge_m":null}},{"type":"Feature","geometry":{"type":"Point","coordinates":[-122.55782318115,49.205799102783]},"properties":{"id":556296,"datetime":"2026-10-06T20:47:03.000000Z","filename":"https://olm-s3.s3.eu-west-1.amazonaws.com/2026/10/06/2mCTceyPbAkF25wJzyas6i2o4qlV3Y1yq3MmCkiy.jpg","tags":[{"type":"standard","category":"other","item":"plastic","quantity":1}],"objects":[{"status":"OK","on_map":true,"group":"Piece","subgroup":"","layer":"Plastic Piece","full_name":"Piece \u2013 Plastic Piece","olm_key":"other/plastic","quantity":1,"picked_up":true}],"groups":["litter"],"has_litter":true,"has_pet_waste":false,"has_substances":false,"zone":"cottonwood_zone_E","zone_edge_m":43.3,"nbhd_edge_m":null}},{"type":"Feature","geometry":{"type":"Point","coordinates":[-122.55782318115,49.205799102783]},"properties":{"id":556295,"datetime":"2026-10-06T20:47:09.000000Z","filename":"https://olm-s3.s3.eu-west-1.amazonaws.com/2026/10/06/ftYoFXCodqV5RvWZnXvjIeinrQHBeUtKPOr2CCPx.jpg","tags":[{"type":"standard","category":"smoking","item":"butts","quantity":1}],"objects":[{"status":"OK","on_map":true,"group":"Smoking","subgroup":"","layer":"Cigarette Butts","full_name":"Smoking \u2013 Cigarette Butts","olm_key":"smoking/butts","quantity":1,"picked_up":true}],"groups":["substances"],"has_litter":false,"has_pet_waste":false,"has_substances":true,"zone":"cottonwood_zone_E","zone_edge_m":43.3,"nbhd_edge_m":null}},{"type":"Feature","geometry":{"type":"Point","coordinates":[-122.55782318115,49.205799102783]},"properties":{"id":556294,"datetime":"2026-10-06T20:47:14.000000Z","filename":"https://olm-s3.s3.eu-west-1.amazonaws.com/2026/10/06/OhdTwVuck96llLJKK0SHMVKiIOMr3Bl3ewk2eVjY.jpg","tags":[{"type":"standard","category":"smoking","item":"butts","quantity":1}],"objects":[{"status":"OK","on_map":true,"group":"Smoking","subgroup":"","layer":"Cigarette Butts","full_name":"Smoking \u2013 Cigarette Butts","olm_key":"smoking/butts","quantity":1,"picked_up":true}],"groups":["substances"],"has_litter":false,"has_pet_waste":false,"has_substances":true,"zone":"cottonwood_zone_E","zone_edge_m":43.3,"nbhd_edge_m":null}},{"type":"Feature","geometry":{"type":"Point","coordinates":[-122.55825805664,49.205680847168]},"properties":{"id":556293,"datetime":"2026-10-06T20:47:25.000000Z","filename":"https://olm-s3.s3.eu-west-1.amazonaws.com/2026/10/06/dT89ptCqnyRqiKcZrYkuL7iWWGtzSfIHZe5lflmz.jpg","tags":[{"type":"standard","category":"food","item":"wrapper","quantity":1},{"type":"material","category":"material","item":"plastic","quantity":1,"parent_category":"food","parent_item":"wrapper"}],"objects":[{"status":"OK","on_map":true,"group":"Convenient Food Drink","subgroup":"Snack","layer":"Foil / Plastic Film Snack Wrapper","full_name":"Convenient Food Drink \u2013 Snack \u2013 Foil / Plastic Film Snack Wrapper","olm_key":"food/wrapper","quantity":1,"picked_up":true}],"groups":["litter"],"has_litter":true,"has_pet_waste":false,"has_substances":false,"zone":"cottonwood_zone_E","zone_edge_m":30.2,"nbhd_edge_m":null}},{"type":"Feature","geometry":{"type":"Point","coordinates":[-122.55825805664,49.205680847168]},"properties":{"id":556292,"datetime":"2026-10-06T20:47:36.000000Z","filename":"https://olm-s3.s3.eu-west-1.amazonaws.com/2026/10/06/Vvpi3jFDbcyJzalCl3fmQvfTXrvwZyXvT3RKmaPM.jpg","tags":[{"type":"standard","category":"other","item":"plastic","quantity":1}],"objects":[{"status":"OK","on_map":true,"group":"Piece","subgroup":"","layer":"Plastic Piece","full_name":"Piece \u2013 Plastic Piece","olm_key":"other/plastic","quantity":1,"picked_up":true}],"groups":["litter"],"has_litter":true,"has_pet_waste":false,"has_substances":false,"zone":"cottonwood_zone_E","zone_edge_m":30.2,"nbhd_edge_m":null}},{"type":"Feature","geometry":{"type":"Point","coordinates":[-122.55825805664,49.205680847168]},"properties":{"id":556291,"datetime":"2026-10-06T20:47:44.000000Z","filename":"https://olm-s3.s3.eu-west-1.amazonaws.com/2026/10/06/sIkMniUWxsihI9LkPdQ9z5h0DmtzrSCuDukTu7ZX.jpg","tags":[{"type":"standard","category":"food","item":"packet","quantity":1}],"objects":[{"status":"OK","on_map":true,"group":"Convenient Food Drink","subgroup":"Take-out","layer":"Condiment Packets","full_name":"Convenient Food Drink \u2013 Take-out \u2013 Condiment Packets","olm_key":"food/packet","quantity":1,"picked_up":true}],"groups":["litter"],"has_litter":true,"has_pet_waste":false,"has_substances":false,"zone":"cottonwood_zone_E","zone_edge_m":30.2,"nbhd_edge_m":null}},{"type":"Feature","geometry":{"type":"Point","coordinates":[-122.55825805664,49.205680847168]},"properties":{"id":556290,"datetime":"2026-10-06T20:47:53.000000Z","filename":"https://olm-s3.s3.eu-west-1.amazonaws.com/2026/10/06/PYN9ae520wSE3bYzjhZOKGLeNLgDT7eU9rGCmmFR.jpg","tags":[{"type":"standard","category":"other","item":"plastic","quantity":1}],"objects":[{"status":"OK","on_map":true,"group":"Piece","subgroup":"","layer":"Plastic Piece","full_name":"Piece \u2013 Plastic Piece","olm_key":"other/plastic","quantity":1,"picked_up":true}],"groups":["litter"],"has_litter":true,"has_pet_waste":false,"has_substances":false,"zone":"cottonwood_zone_E","zone_edge_m":30.2,"nbhd_edge_m":null}},{"type":"Feature","geometry":{"type":"Point","coordinates":[-122.55825805664,49.205680847168]},"properties":{"id":556289,"datetime":"2026-10-06T20:48:00.000000Z","filename":"https://olm-s3.s3.eu-west-1.amazonaws.com/2026/10/06/CeHUnIvu5ljTE5pcNdqXrbeYlf5Tr3P5Dno3iPXC.jpg","tags":[{"type":"standard","category":"other","item":"paper","quantity":1}],"objects":[{"status":"OK","on_map":true,"group":"Piece","subgroup":"","layer":"Paper Piece","full_name":"Piece \u2013 Paper Piece","olm_key":"other/paper","quantity":1,"picked_up":true}],"groups":["litter"],"has_litter":true,"has_pet_waste":false,"has_substances":false,"zone":"cottonwood_zone_E","zone_edge_m":30.2,"nbhd_edge_m":null}},{"type":"Feature","geometry":{"type":"Point","coordinates":[-122.55825805664,49.205680847168]},"properties":{"id":556288,"datetime":"2026-10-06T20:48:07.000000Z","filename":"https://olm-s3.s3.eu-west-1.amazonaws.com/2026/10/06/edewgyShJQQK2WRjCet0XE8GMIYfx1VuPa2Puqb8.jpg","tags":[{"type":"standard","category":"marine","item":"polystyrene_fragment","quantity":1}],"objects":[{"status":"OK","on_map":true,"group":"Piece","subgroup":"","layer":"Styrofoam Piece","full_name":"Piece \u2013 Styrofoam Piece","olm_key":"marine/polystyrene_fragment","quantity":1,"picked_up":true}],"groups":["litter"],"has_litter":true,"has_pet_waste":false,"has_substances":false,"zone":"cottonwood_zone_E","zone_edge_m":30.2,"nbhd_edge_m":null}},{"type":"Feature","geometry":{"type":"Point","coordinates":[-122.55825805664,49.205680847168]},"properties":{"id":556287,"datetime":"2026-10-06T20:48:18.000000Z","filename":"https://olm-s3.s3.eu-west-1.amazonaws.com/2026/10/06/kO1WU22mf6pYY2z3DgOFkdtA8JL8lmYlhMVgXzJz.jpg","tags":[{"type":"standard","category":"pets","item":"dogshit","quantity":1}],"objects":[{"status":"OK","on_map":true,"group":"Fecal","subgroup":"","layer":"Pet Waste Unbagged","full_name":"Fecal \u2013 Pet Waste Unbagged","olm_key":"pets/dogshit","quantity":1,"picked_up":false}],"groups":["pet_waste"],"has_litter":false,"has_pet_waste":true,"has_substances":false,"zone":"cottonwood_zone_E","zone_edge_m":30.2,"nbhd_edge_m":null}},{"type":"Feature","geometry":{"type":"Point","coordinates":[-122.55825805664,49.205680847168]},"properties":{"id":556286,"datetime":"2026-10-06T20:48:22.000000Z","filename":"https://olm-s3.s3.eu-west-1.amazonaws.com/2026/10/06/wjA5kZCam7S7eYXau2WXG46Rf63TBDhwWyUYwisu.jpg","tags":[{"type":"standard","category":"other","item":"paper","quantity":1}],"objects":[{"status":"OK","on_map":true,"group":"Piece","subgroup":"","layer":"Paper Piece","full_name":"Piece \u2013 Paper Piece","olm_key":"other/paper","quantity":1,"picked_up":true}],"groups":["litter"],"has_litter":true,"has_pet_waste":false,"has_substances":false,"zone":"cottonwood_zone_E","zone_edge_m":30.2,"nbhd_edge_m":null}},{"type":"Feature","geometry":{"type":"Point","coordinates":[-122.55825805664,49.205680847168]},"properties":{"id":556285,"datetime":"2026-10-06T20:48:47.000000Z","filename":"https://olm-s3.s3.eu-west-1.amazonaws.com/2026/10/06/vBRCC6RH7JdkEt7Gz3VHXR2ICxPwm51MBlFolreg.jpg","tags":[{"type":"standard","category":"other","item":"paper","quantity":10}],"objects":[{"status":"OK","on_map":true,"group":"Piece","subgroup":"","layer":"Paper Piece","full_name":"Piece \u2013 Paper Piece","olm_key":"other/paper","quantity":10,"picked_up":true}],"groups":["litter"],"has_litter":true,"has_pet_waste":false,"has_substances":false,"zone":"cottonwood_zone_E","zone_edge_m":30.2,"nbhd_edge_m":null}},{"type":"Feature","geometry":{"type":"Point","coordinates":[-122.55868530273,49.205726623535]},"properties":{"id":556284,"datetime":"2026-10-06T20:49:38.000000Z","filename":"https://olm-s3.s3.eu-west-1.amazonaws.com/2026/10/06/LBKOSb2jIUp7733ILaDGh36IDPM7pXlLyWqZOqSI.jpg","tags":[{"type":"standard","category":"other","item":"plastic","quantity":1}],"objects":[{"status":"OK","on_map":true,"group":"Piece","subgroup":"","layer":"Plastic Piece","full_name":"Piece \u2013 Plastic Piece","olm_key":"other/plastic","quantity":1,"picked_up":true}],"groups":["litter"],"has_litter":true,"has_pet_waste":false,"has_substances":false,"zone":"cottonwood_zone_E","zone_edge_m":35.2,"nbhd_edge_m":null}},{"type":"Feature","geometry":{"type":"Point","coordinates":[-122.55868530273,49.205726623535]},"properties":{"id":556283,"datetime":"2026-10-06T20:49:51.000000Z","filename":"https://olm-s3.s3.eu-west-1.amazonaws.com/2026/10/06/1CNQksbrWGoORpFoJl1yOxCkG0Yy1VO5iUHSnpip.jpg","tags":[{"type":"standard","category":"smoking","item":"butts","quantity":2}],"objects":[{"status":"OK","on_map":true,"group":"Smoking","subgroup":"","layer":"Cigarette Butts","full_name":"Smoking \u2013 Cigarette Butts","olm_key":"smoking/butts","quantity":2,"picked_up":true}],"groups":["substances"],"has_litter":false,"has_pet_waste":false,"has_substances":true,"zone":"cottonwood_zone_E","zone_edge_m":35.2,"nbhd_edge_m":null}},{"type":"Feature","geometry":{"type":"Point","coordinates":[-122.55868530273,49.205726623535]},"properties":{"id":556282,"datetime":"2026-10-06T20:50:14.000000Z","filename":"https://olm-s3.s3.eu-west-1.amazonaws.com/2026/10/06/v4ipKT5H37xwdsLhmXP2YawUcu7E2pC5biw7P30A.jpg","tags":[{"type":"standard","category":"other","item":"other","quantity":1}],"objects":[{"status":"OK","on_map":true,"group":"Household","subgroup":"","layer":"Household misc","full_name":"Household \u2013 Household misc","olm_key":"other/other","quantity":1,"picked_up":true}],"groups":["litter"],"has_litter":true,"has_pet_waste":false,"has_substances":false,"zone":"cottonwood_zone_E","zone_edge_m":35.2,"nbhd_edge_m":null}},{"type":"Feature","geometry":{"type":"Point","coordinates":[-122.55868530273,49.205726623535]},"properties":{"id":556281,"datetime":"2026-10-06T20:50:25.000000Z","filename":"https://olm-s3.s3.eu-west-1.amazonaws.com/2026/10/06/vtNx7quvkQ6AKaXcKmUXGGsOUrdQ1Sgfj65MVoGv.jpg","tags":[{"type":"standard","category":"food","item":"gum","quantity":1}],"objects":[{"status":"OK","on_map":true,"group":"Convenient Food Drink","subgroup":"Snack","layer":"Chewed Gum","full_name":"Convenient Food Drink \u2013 Snack \u2013 Chewed Gum","olm_key":"food/gum","quantity":1,"picked_up":true}],"groups":["litter"],"has_litter":true,"has_pet_waste":false,"has_substances":false,"zone":"cottonwood_zone_E","zone_edge_m":35.2,"nbhd_edge_m":null}},{"type":"Feature","geometry":{"type":"Point","coordinates":[-122.55868530273,49.205726623535]},"properties":{"id":556280,"datetime":"2026-10-06T20:50:31.000000Z","filename":"https://olm-s3.s3.eu-west-1.amazonaws.com/2026/10/06/LkpECzZAKdgYOlfYAwy4uSiIAe7Zda7aP9X73Ef3.jpg","tags":[{"type":"standard","category":"food","item":"wrapper","quantity":1},{"type":"material","category":"material","item":"plastic","quantity":1,"parent_category":"food","parent_item":"wrapper"},{"type":"material","category":"material","item":"foil","quantity":1,"parent_category":"food","parent_item":"wrapper"}],"objects":[{"status":"OK","on_map":true,"group":"Convenient Food Drink","subgroup":"Snack","layer":"Foil / Plastic Film Snack Wrapper","full_name":"Convenient Food Drink \u2013 Snack \u2013 Foil / Plastic Film Snack Wrapper","olm_key":"food/wrapper","quantity":1,"picked_up":true}],"groups":["litter"],"has_litter":true,"has_pet_waste":false,"has_substances":false,"zone":"cottonwood_zone_E","zone_edge_m":35.2,"nbhd_edge_m":null}},{"type":"Feature","geometry":{"type":"Point","coordinates":[-122.55868530273,49.205726623535]},"properties":{"id":556279,"datetime":"2026-10-06T20:50:38.000000Z","filename":"https://olm-s3.s3.eu-west-1.amazonaws.com/2026/10/06/cLtP6lXzUJed3KTH4RY7lFoQ6knvcVPOhLruHqD3.jpg","tags":[{"type":"standard","category":"smoking","item":"butts","quantity":1}],"objects":[{"status":"OK","on_map":true,"group":"Smoking","subgroup":"","layer":"Cigarette Butts","full_name":"Smoking \u2013 Cigarette Butts","olm_key":"smoking/butts","quantity":1,"picked_up":true}],"groups":["substances"],"has_litter":false,"has_pet_waste":false,"has_substances":true,"zone":"cottonwood_zone_E","zone_edge_m":35.2,"nbhd_edge_m":null}},{"type":"Feature","geometry":{"type":"Point","coordinates":[-122.55868530273,49.205726623535]},"properties":{"id":556278,"datetime":"2026-10-06T20:50:52.000000Z","filename":"https://olm-s3.s3.eu-west-1.amazonaws.com/2026/10/06/MnX6PI6RsagDLuCAQJGkkeUfUrv027erOGg5FYV1.jpg","tags":[{"type":"standard","category":"smoking","item":"butts","quantity":1}],"objects":[{"status":"OK","on_map":true,"group":"Smoking","subgroup":"","layer":"Cigarette Butts","full_name":"Smoking \u2013 Cigarette Butts","olm_key":"smoking/butts","quantity":1,"picked_up":true}],"groups":["substances"],"has_litter":false,"has_pet_waste":false,"has_substances":true,"zone":"cottonwood_zone_E","zone_edge_m":35.2,"nbhd_edge_m":null}},{"type":"Feature","geometry":{"type":"Point","coordinates":[-122.55868530273,49.205726623535]},"properties":{"id":556277,"datetime":"2026-10-06T20:51:31.000000Z","filename":"https://olm-s3.s3.eu-west-1.amazonaws.com/2026/10/06/EUApZwvYx7xmuhAVlnsxX9FTogC7Pw3XCFStuyBX.jpg","tags":[{"type":"standard","category":"smoking","item":"butts","quantity":1}],"objects":[{"status":"OK","on_map":true,"group":"Smoking","subgroup":"","layer":"Cigarette Butts","full_name":"Smoking \u2013 Cigarette Butts","olm_key":"smoking/butts","quantity":1,"picked_up":true}],"groups":["substances"],"has_litter":false,"has_pet_waste":false,"has_substances":true,"zone":"cottonwood_zone_E","zone_edge_m":35.2,"nbhd_edge_m":null}},{"type":"Feature","geometry":{"type":"Point","coordinates":[-122.55868530273,49.205726623535]},"properties":{"id":556276,"datetime":"2026-10-06T20:51:39.000000Z","filename":"https://olm-s3.s3.eu-west-1.amazonaws.com/2026/10/06/HYZoPYobIw4xWo6IQOmATT1vJwLSke1x7oUFh7ND.jpg","tags":[{"type":"standard","category":"sanitary","item":"ear_swabs","quantity":1}],"objects":[{"status":"OK","on_map":true,"group":"Household","subgroup":"","layer":"Cotton Swabs","full_name":"Household \u2013 Cotton Swabs","olm_key":"sanitary/ear_swabs","quantity":1,"picked_up":true}],"groups":["litter"],"has_litter":true,"has_pet_waste":false,"has_substances":false,"zone":"cottonwood_zone_E","zone_edge_m":35.2,"nbhd_edge_m":null}},{"type":"Feature","geometry":{"type":"Point","coordinates":[-122.55868530273,49.205726623535]},"properties":{"id":556275,"datetime":"2026-10-06T20:51:47.000000Z","filename":"https://olm-s3.s3.eu-west-1.amazonaws.com/2026/10/06/zbgHZ1SDQfzIfR5fhmZm1fyPcLmI5gTkJI02yzCT.jpg","tags":[{"type":"standard","category":"food","item":"can","quantity":1}],"objects":[{"status":"OK","on_map":true,"group":"Household","subgroup":"","layer":"Household Food Can","full_name":"Household \u2013 Household Food Can","olm_key":"food/can","quantity":1,"picked_up":true}],"groups":["litter"],"has_litter":true,"has_pet_waste":false,"has_substances":false,"zone":"cottonwood_zone_E","zone_edge_m":35.2,"nbhd_edge_m":null}},{"type":"Feature","geometry":{"type":"Point","coordinates":[-122.55868530273,49.205726623535]},"properties":{"id":556274,"datetime":"2026-10-06T20:51:57.000000Z","filename":"https://olm-s3.s3.eu-west-1.amazonaws.com/2026/10/06/dx7SULFHnwPPFrzizwneZUgslEsDMPIIp5AthiOo.jpg","tags":[{"type":"standard","category":"smoking","item":"butts","quantity":1}],"objects":[{"status":"OK","on_map":true,"group":"Smoking","subgroup":"","layer":"Cigarette Butts","full_name":"Smoking \u2013 Cigarette Butts","olm_key":"smoking/butts","quantity":1,"picked_up":true}],"groups":["substances"],"has_litter":false,"has_pet_waste":false,"has_substances":true,"zone":"cottonwood_zone_E","zone_edge_m":35.2,"nbhd_edge_m":null}},{"type":"Feature","geometry":{"type":"Point","coordinates":[-122.55868530273,49.205726623535]},"properties":{"id":556273,"datetime":"2026-10-06T20:52:00.000000Z","filename":"https://olm-s3.s3.eu-west-1.amazonaws.com/2026/10/06/jap27ENtTLirE9gfHWTfgpv0NuQczq7iJ3g4RX5x.jpg","tags":[{"type":"standard","category":"industrial","item":"other","quantity":1}],"objects":[{"status":"OK","on_map":true,"group":"Industrial","subgroup":"","layer":"Industrial Debris","full_name":"Industrial \u2013 Industrial Debris","olm_key":"industrial/other","quantity":1,"picked_up":true}],"groups":["litter"],"has_litter":true,"has_pet_waste":false,"has_substances":false,"zone":"cottonwood_zone_E","zone_edge_m":35.2,"nbhd_edge_m":null}},{"type":"Feature","geometry":{"type":"Point","coordinates":[-122.55868530273,49.205726623535]},"properties":{"id":556272,"datetime":"2026-10-06T20:52:06.000000Z","filename":"https://olm-s3.s3.eu-west-1.amazonaws.com/2026/10/06/4avao1nEK9PglDrxxaQrLOvH89EY7nAhiast8mSI.jpg","tags":[{"type":"standard","category":"other","item":"paper","quantity":1}],"objects":[{"status":"OK","on_map":true,"group":"Piece","subgroup":"","layer":"Paper Piece","full_name":"Piece \u2013 Paper Piece","olm_key":"other/paper","quantity":1,"picked_up":true}],"groups":["litter"],"has_litter":true,"has_pet_waste":false,"has_substances":false,"zone":"cottonwood_zone_E","zone_edge_m":35.2,"nbhd_edge_m":null}},{"type":"Feature","geometry":{"type":"Point","coordinates":[-122.55868530273,49.205726623535]},"properties":{"id":556271,"datetime":"2026-10-06T20:52:23.000000Z","filename":"https://olm-s3.s3.eu-west-1.amazonaws.com/2026/10/06/ZMzYPcnrMrMWcDDuuIzH8zeKh9omUBh4pOTrGEax.jpg","tags":[{"type":"standard","category":"smoking","item":"butts","quantity":1}],"objects":[{"status":"OK","on_map":true,"group":"Smoking","subgroup":"","layer":"Cigarette Butts","full_name":"Smoking \u2013 Cigarette Butts","olm_key":"smoking/butts","quantity":1,"picked_up":true}],"groups":["substances"],"has_litter":false,"has_pet_waste":false,"has_substances":true,"zone":"cottonwood_zone_E","zone_edge_m":35.2,"nbhd_edge_m":null}},{"type":"Feature","geometry":{"type":"Point","coordinates":[-122.55868530273,49.205726623535]},"properties":{"id":556270,"datetime":"2026-10-06T20:52:29.000000Z","filename":"https://olm-s3.s3.eu-west-1.amazonaws.com/2026/10/06/n2YmMbsos2MoyvjDxp3zdkbbUwR2JfsXwzSViOM0.jpg","tags":[{"type":"standard","category":"other","item":"paper","quantity":1}],"objects":[{"status":"OK","on_map":true,"group":"Piece","subgroup":"","layer":"Paper Piece","full_name":"Piece \u2013 Paper Piece","olm_key":"other/paper","quantity":1,"picked_up":true}],"groups":["litter"],"has_litter":true,"has_pet_waste":false,"has_substances":false,"zone":"cottonwood_zone_E","zone_edge_m":35.2,"nbhd_edge_m":null}},{"type":"Feature","geometry":{"type":"Point","coordinates":[-122.55868530273,49.205726623535]},"properties":{"id":556269,"datetime":"2026-10-06T20:52:37.000000Z","filename":"https://olm-s3.s3.eu-west-1.amazonaws.com/2026/10/06/49iGbDAE9SscsREXcM2YPk3SQCy3c017EyAiJRB0.jpg","tags":[{"type":"standard","category":"softdrinks","item":"straw","quantity":1}],"objects":[{"status":"OK","on_map":true,"group":"Convenient Food Drink","subgroup":"Drink","layer":"Paper Drink Straws","full_name":"Convenient Food Drink \u2013 Drink \u2013 Paper Drink Straws","olm_key":"softdrinks/straw","quantity":1,"picked_up":true}],"groups":["litter"],"has_litter":true,"has_pet_waste":false,"has_substances":false,"zone":"cottonwood_zone_E","zone_edge_m":35.2,"nbhd_edge_m":null}},{"type":"Feature","geometry":{"type":"Point","coordinates":[-122.55868530273,49.205726623535]},"properties":{"id":556268,"datetime":"2026-10-06T20:52:44.000000Z","filename":"https://olm-s3.s3.eu-west-1.amazonaws.com/2026/10/06/9Tznexe04BaBqWNEoodRdCSJ36OnYsIxutGj4ZFp.jpg","tags":[{"type":"standard","category":"food","item":"wrapper","quantity":1},{"type":"material","category":"material","item":"plastic","quantity":1,"parent_category":"food","parent_item":"wrapper"},{"type":"material","category":"material","item":"foil","quantity":1,"parent_category":"food","parent_item":"wrapper"}],"objects":[{"status":"OK","on_map":true,"group":"Convenient Food Drink","subgroup":"Snack","layer":"Foil / Plastic Film Snack Wrapper","full_name":"Convenient Food Drink \u2013 Snack \u2013 Foil / Plastic Film Snack Wrapper","olm_key":"food/wrapper","quantity":1,"picked_up":true}],"groups":["litter"],"has_litter":true,"has_pet_waste":false,"has_substances":false,"zone":"cottonwood_zone_E","zone_edge_m":35.2,"nbhd_edge_m":null}},{"type":"Feature","geometry":{"type":"Point","coordinates":[-122.55868530273,49.205726623535]},"properties":{"id":556267,"datetime":"2026-10-06T20:52:49.000000Z","filename":"https://olm-s3.s3.eu-west-1.amazonaws.com/2026/10/06/gHPhbBEyUWVZ2eJzKO8dcDJNoez8nZ1ms672O93c.jpg","tags":[{"type":"standard","category":"other","item":"paper","quantity":1}],"objects":[{"status":"OK","on_map":true,"group":"Piece","subgroup":"","layer":"Paper Piece","full_name":"Piece \u2013 Paper Piece","olm_key":"other/paper","quantity":1,"picked_up":true}],"groups":["litter"],"has_litter":true,"has_pet_waste":false,"has_substances":false,"zone":"cottonwood_zone_E","zone_edge_m":35.2,"nbhd_edge_m":null}},{"type":"Feature","geometry":{"type":"Point","coordinates":[-122.55868530273,49.205726623535]},"properties":{"id":556266,"datetime":"2026-10-06T20:52:56.000000Z","filename":"https://olm-s3.s3.eu-west-1.amazonaws.com/2026/10/06/24ehJkjqvXWeIdgdDvYAStjcPZ5SHSPm56Z9vIFq.jpg","tags":[{"type":"standard","category":"other","item":"plastic","quantity":1}],"objects":[{"status":"OK","on_map":true,"group":"Piece","subgroup":"","layer":"Plastic Piece","full_name":"Piece \u2013 Plastic Piece","olm_key":"other/plastic","quantity":1,"picked_up":true}],"groups":["litter"],"has_litter":true,"has_pet_waste":false,"has_substances":false,"zone":"cottonwood_zone_E","zone_edge_m":35.2,"nbhd_edge_m":null}},{"type":"Feature","geometry":{"type":"Point","coordinates":[-122.55868530273,49.205726623535]},"properties":{"id":556265,"datetime":"2026-10-06T20:53:15.000000Z","filename":"https://olm-s3.s3.eu-west-1.amazonaws.com/2026/10/06/2NukpmGYAT9PdBIts5OYcmtDwzAW15cw5a3b3cEg.jpg","tags":[{"type":"standard","category":"other","item":"paper","quantity":1},{"type":"standard","category":"smoking","item":"butts","quantity":1}],"objects":[{"status":"OK","on_map":true,"group":"Piece","subgroup":"","layer":"Paper Piece","full_name":"Piece \u2013 Paper Piece","olm_key":"other/paper","quantity":1,"picked_up":true},{"status":"OK","on_map":true,"group":"Smoking","subgroup":"","layer":"Cigarette Butts","full_name":"Smoking \u2013 Cigarette Butts","olm_key":"smoking/butts","quantity":1,"picked_up":true}],"groups":["litter","substances"],"has_litter":true,"has_pet_waste":false,"has_substances":true,"zone":"cottonwood_zone_E","zone_edge_m":35.2,"nbhd_edge_m":null}},{"type":"Feature","geometry":{"type":"Point","coordinates":[-122.55868530273,49.205726623535]},"properties":{"id":556264,"datetime":"2026-10-06T20:53:21.000000Z","filename":"https://olm-s3.s3.eu-west-1.amazonaws.com/2026/10/06/TxarP36KDDB1Kj5FyZZv6GM6cjTznvbv3rk5nKaQ.jpg","tags":[{"type":"standard","category":"softdrinks","item":"broken_glass","quantity":7}],"objects":[{"status":"OK","on_map":true,"group":"Convenient Food Drink","subgroup":"Drink","layer":"Drink Broken Glass","full_name":"Convenient Food Drink \u2013 Drink \u2013 Drink Broken Glass","olm_key":"softdrinks/broken_glass","quantity":7,"picked_up":true}],"groups":["litter"],"has_litter":true,"has_pet_waste":false,"has_substances":false,"zone":"cottonwood_zone_E","zone_edge_m":35.2,"nbhd_edge_m":null}},{"type":"Feature","geometry":{"type":"Point","coordinates":[-122.55940246582,49.205581665039]},"properties":{"id":556263,"datetime":"2026-10-06T20:53:47.000000Z","filename":"https://olm-s3.s3.eu-west-1.amazonaws.com/2026/10/06/wl4nYbFaAxKaQ3PjZzzgYT2Rjc24ACnmtdz7PmPV.jpg","tags":[{"type":"standard","category":"smoking","item":"butts","quantity":1}],"objects":[{"status":"OK","on_map":true,"group":"Smoking","subgroup":"","layer":"Cigarette Butts","full_name":"Smoking \u2013 Cigarette Butts","olm_key":"smoking/butts","quantity":1,"picked_up":true}],"groups":["substances"],"has_litter":false,"has_pet_waste":false,"has_substances":true,"zone":"cottonwood_zone_E","zone_edge_m":19.1,"nbhd_edge_m":null}},{"type":"Feature","geometry":{"type":"Point","coordinates":[-122.55940246582,49.205581665039]},"properties":{"id":556262,"datetime":"2026-10-06T20:53:52.000000Z","filename":"https://olm-s3.s3.eu-west-1.amazonaws.com/2026/10/06/egIx1EsBpd3QuHSe5MepAI7ywc04fUUXzWriRsQY.jpg","tags":[{"type":"standard","category":"smoking","item":"butts","quantity":1}],"objects":[{"status":"OK","on_map":true,"group":"Smoking","subgroup":"","layer":"Cigarette Butts","full_name":"Smoking \u2013 Cigarette Butts","olm_key":"smoking/butts","quantity":1,"picked_up":true}],"groups":["substances"],"has_litter":false,"has_pet_waste":false,"has_substances":true,"zone":"cottonwood_zone_E","zone_edge_m":19.1,"nbhd_edge_m":null}},{"type":"Feature","geometry":{"type":"Point","coordinates":[-122.55940246582,49.205581665039]},"properties":{"id":556261,"datetime":"2026-10-06T20:54:05.000000Z","filename":"https://olm-s3.s3.eu-west-1.amazonaws.com/2026/10/06/4Pwfr2n6QF3chzDzDLfgCg8vNY4mX7DGmQPTXSnn.jpg","tags":[{"type":"standard","category":"smoking","item":"butts","quantity":1}],"objects":[{"status":"OK","on_map":true,"group":"Smoking","subgroup":"","layer":"Cigarette Butts","full_name":"Smoking \u2013 Cigarette Butts","olm_key":"smoking/butts","quantity":1,"picked_up":true}],"groups":["substances"],"has_litter":false,"has_pet_waste":false,"has_substances":true,"zone":"cottonwood_zone_E","zone_edge_m":19.1,"nbhd_edge_m":null}},{"type":"Feature","geometry":{"type":"Point","coordinates":[-122.55940246582,49.205581665039]},"properties":{"id":556260,"datetime":"2026-10-06T20:54:12.000000Z","filename":"https://olm-s3.s3.eu-west-1.amazonaws.com/2026/10/06/d498ZIy3YmeGCIcYN8qbkNdeEcnwbBZvzOmFPvfx.jpg","tags":[{"type":"standard","category":"other","item":"plastic_bag","quantity":1}],"objects":[{"status":"OK","on_map":true,"group":"Household","subgroup":"","layer":"Household Plastic Bag","full_name":"Household \u2013 Household Plastic Bag","olm_key":"other/plastic_bag","quantity":1,"picked_up":true}],"groups":["litter"],"has_litter":true,"has_pet_waste":false,"has_substances":false,"zone":"cottonwood_zone_E","zone_edge_m":19.1,"nbhd_edge_m":null}},{"type":"Feature","geometry":{"type":"Point","coordinates":[-122.55940246582,49.205581665039]},"properties":{"id":556259,"datetime":"2026-10-06T20:54:20.000000Z","filename":"https://olm-s3.s3.eu-west-1.amazonaws.com/2026/10/06/HkyafuCEGn51uVyos6yp4Q7fF6PRibtNfjkgXzUT.jpg","tags":[{"type":"standard","category":"smoking","item":"butts","quantity":1}],"objects":[{"status":"OK","on_map":true,"group":"Smoking","subgroup":"","layer":"Cigarette Butts","full_name":"Smoking \u2013 Cigarette Butts","olm_key":"smoking/butts","quantity":1,"picked_up":true}],"groups":["substances"],"has_litter":false,"has_pet_waste":false,"has_substances":true,"zone":"cottonwood_zone_E","zone_edge_m":19.1,"nbhd_edge_m":null}},{"type":"Feature","geometry":{"type":"Point","coordinates":[-122.55940246582,49.205581665039]},"properties":{"id":556258,"datetime":"2026-10-06T20:54:25.000000Z","filename":"https://olm-s3.s3.eu-west-1.amazonaws.com/2026/10/06/k8cFjejDHmsykaqHSpZahS0eDRwrz9dqSQviWAcd.jpg","tags":[{"type":"standard","category":"other","item":"plastic","quantity":1}],"objects":[{"status":"OK","on_map":true,"group":"Piece","subgroup":"","layer":"Plastic Piece","full_name":"Piece \u2013 Plastic Piece","olm_key":"other/plastic","quantity":1,"picked_up":true}],"groups":["litter"],"has_litter":true,"has_pet_waste":false,"has_substances":false,"zone":"cottonwood_zone_E","zone_edge_m":19.1,"nbhd_edge_m":null}},{"type":"Feature","geometry":{"type":"Point","coordinates":[-122.55940246582,49.205581665039]},"properties":{"id":556257,"datetime":"2026-10-06T20:54:33.000000Z","filename":"https://olm-s3.s3.eu-west-1.amazonaws.com/2026/10/06/irlKqZmj7fUVm0lbGKqjjBnLnz6s9Eq0aofV2GOk.jpg","tags":[{"type":"standard","category":"other","item":"paper","quantity":1}],"objects":[{"status":"OK","on_map":true,"group":"Piece","subgroup":"","layer":"Paper Piece","full_name":"Piece \u2013 Paper Piece","olm_key":"other/paper","quantity":1,"picked_up":true}],"groups":["litter"],"has_litter":true,"has_pet_waste":false,"has_substances":false,"zone":"cottonwood_zone_E","zone_edge_m":19.1,"nbhd_edge_m":null}},{"type":"Feature","geometry":{"type":"Point","coordinates":[-122.55940246582,49.205581665039]},"properties":{"id":556256,"datetime":"2026-10-06T20:54:40.000000Z","filename":"https://olm-s3.s3.eu-west-1.amazonaws.com/2026/10/06/nrAlmPff94RZCGEVi81c3zubMB5OzxC7L6htvlqD.jpg","tags":[{"type":"standard","category":"other","item":"paper","quantity":1}],"objects":[{"status":"OK","on_map":true,"group":"Piece","subgroup":"","layer":"Paper Piece","full_name":"Piece \u2013 Paper Piece","olm_key":"other/paper","quantity":1,"picked_up":true}],"groups":["litter"],"has_litter":true,"has_pet_waste":false,"has_substances":false,"zone":"cottonwood_zone_E","zone_edge_m":19.1,"nbhd_edge_m":null}},{"type":"Feature","geometry":{"type":"Point","coordinates":[-122.55940246582,49.205581665039]},"properties":{"id":556255,"datetime":"2026-10-06T20:54:45.000000Z","filename":"https://olm-s3.s3.eu-west-1.amazonaws.com/2026/10/06/l7UJoKVntR8oXWMzYoU4QDj7CEgSYh181c0MgNdv.jpg","tags":[{"type":"standard","category":"smoking","item":"butts","quantity":1}],"objects":[{"status":"OK","on_map":true,"group":"Smoking","subgroup":"","layer":"Cigarette Butts","full_name":"Smoking \u2013 Cigarette Butts","olm_key":"smoking/butts","quantity":1,"picked_up":true}],"groups":["substances"],"has_litter":false,"has_pet_waste":false,"has_substances":true,"zone":"cottonwood_zone_E","zone_edge_m":19.1,"nbhd_edge_m":null}},{"type":"Feature","geometry":{"type":"Point","coordinates":[-122.55940246582,49.205581665039]},"properties":{"id":556254,"datetime":"2026-10-06T20:54:50.000000Z","filename":"https://olm-s3.s3.eu-west-1.amazonaws.com/2026/10/06/Awbq9cvU9nmECkpwZ7DGJluxySpY5aHk5j8mz4ch.jpg","tags":[{"type":"standard","category":"smoking","item":"butts","quantity":1}],"objects":[{"status":"OK","on_map":true,"group":"Smoking","subgroup":"","layer":"Cigarette Butts","full_name":"Smoking \u2013 Cigarette Butts","olm_key":"smoking/butts","quantity":1,"picked_up":true}],"groups":["substances"],"has_litter":false,"has_pet_waste":false,"has_substances":true,"zone":"cottonwood_zone_E","zone_edge_m":19.1,"nbhd_edge_m":null}},{"type":"Feature","geometry":{"type":"Point","coordinates":[-122.55940246582,49.205581665039]},"properties":{"id":556253,"datetime":"2026-10-06T20:54:55.000000Z","filename":"https://olm-s3.s3.eu-west-1.amazonaws.com/2026/10/06/xYbQwyWiDPDviu4KIMIDp6gzTE1PW0F7NpwG1IXT.jpg","tags":[{"type":"standard","category":"other","item":"paper","quantity":1}],"objects":[{"status":"OK","on_map":true,"group":"Piece","subgroup":"","layer":"Paper Piece","full_name":"Piece \u2013 Paper Piece","olm_key":"other/paper","quantity":1,"picked_up":true}],"groups":["litter"],"has_litter":true,"has_pet_waste":false,"has_substances":false,"zone":"cottonwood_zone_E","zone_edge_m":19.1,"nbhd_edge_m":null}},{"type":"Feature","geometry":{"type":"Point","coordinates":[-122.55940246582,49.205581665039]},"properties":{"id":556252,"datetime":"2026-10-06T20:55:00.000000Z","filename":"https://olm-s3.s3.eu-west-1.amazonaws.com/2026/10/06/LTA3i9gorvq0oRf1LltqZQtIuMtndx4l677pNGTf.jpg","tags":[{"type":"standard","category":"other","item":"paper","quantity":1}],"objects":[{"status":"OK","on_map":true,"group":"Piece","subgroup":"","layer":"Paper Piece","full_name":"Piece \u2013 Paper Piece","olm_key":"other/paper","quantity":1,"picked_up":true}],"groups":["litter"],"has_litter":true,"has_pet_waste":false,"has_substances":false,"zone":"cottonwood_zone_E","zone_edge_m":19.1,"nbhd_edge_m":null}},{"type":"Feature","geometry":{"type":"Point","coordinates":[-122.55940246582,49.205581665039]},"properties":{"id":556251,"datetime":"2026-10-06T20:55:21.000000Z","filename":"https://olm-s3.s3.eu-west-1.amazonaws.com/2026/10/06/c6qlyULucQ64qZohRuer0DbDdg3iAG6S10IyCe7M.jpg","tags":[{"type":"standard","category":"other","item":"plastic","quantity":1},{"type":"material","category":"material","item":"foil","quantity":1,"parent_category":"other","parent_item":"plastic"},{"type":"material","category":"material","item":"plastic","quantity":1,"parent_category":"other","parent_item":"plastic"}],"objects":[{"status":"OK","on_map":true,"group":"Piece","subgroup":"","layer":"Plastic Piece","full_name":"Piece \u2013 Plastic Piece","olm_key":"other/plastic","quantity":1,"picked_up":true}],"groups":["litter"],"has_litter":true,"has_pet_waste":false,"has_substances":false,"zone":"cottonwood_zone_E","zone_edge_m":19.1,"nbhd_edge_m":null}},{"type":"Feature","geometry":{"type":"Point","coordinates":[-122.55940246582,49.205581665039]},"properties":{"id":556250,"datetime":"2026-10-06T20:55:30.000000Z","filename":"https://olm-s3.s3.eu-west-1.amazonaws.com/2026/10/06/EbGUV7enTASWP6Xe8YZtNl2hSykQPAytNqzd4xte.jpg","tags":[{"type":"standard","category":"smoking","item":"butts","quantity":1}],"objects":[{"status":"OK","on_map":true,"group":"Smoking","subgroup":"","layer":"Cigarette Butts","full_name":"Smoking \u2013 Cigarette Butts","olm_key":"smoking/butts","quantity":1,"picked_up":true}],"groups":["substances"],"has_litter":false,"has_pet_waste":false,"has_substances":true,"zone":"cottonwood_zone_E","zone_edge_m":19.1,"nbhd_edge_m":null}},{"type":"Feature","geometry":{"type":"Point","coordinates":[-122.55940246582,49.205581665039]},"properties":{"id":556249,"datetime":"2026-10-06T20:55:35.000000Z","filename":"https://olm-s3.s3.eu-west-1.amazonaws.com/2026/10/06/K3SdtrislTnVo1myeFUXVJtpFG5gryAsvmm3K9ya.jpg","tags":[{"type":"standard","category":"smoking","item":"butts","quantity":1}],"objects":[{"status":"OK","on_map":true,"group":"Smoking","subgroup":"","layer":"Cigarette Butts","full_name":"Smoking \u2013 Cigarette Butts","olm_key":"smoking/butts","quantity":1,"picked_up":true}],"groups":["substances"],"has_litter":false,"has_pet_waste":false,"has_substances":true,"zone":"cottonwood_zone_E","zone_edge_m":19.1,"nbhd_edge_m":null}},{"type":"Feature","geometry":{"type":"Point","coordinates":[-122.55940246582,49.205581665039]},"properties":{"id":556248,"datetime":"2026-10-06T20:55:44.000000Z","filename":"https://olm-s3.s3.eu-west-1.amazonaws.com/2026/10/06/LiDn0iRAm9MPptJFYoRW2NgvFzDzRm27zkpbX452.jpg","tags":[{"type":"standard","category":"smoking","item":"butts","quantity":1}],"objects":[{"status":"OK","on_map":true,"group":"Smoking","subgroup":"","layer":"Cigarette Butts","full_name":"Smoking \u2013 Cigarette Butts","olm_key":"smoking/butts","quantity":1,"picked_up":true}],"groups":["substances"],"has_litter":false,"has_pet_waste":false,"has_substances":true,"zone":"cottonwood_zone_E","zone_edge_m":19.1,"nbhd_edge_m":null}},{"type":"Feature","geometry":{"type":"Point","coordinates":[-122.55940246582,49.205581665039]},"properties":{"id":556247,"datetime":"2026-10-06T20:55:51.000000Z","filename":"https://olm-s3.s3.eu-west-1.amazonaws.com/2026/10/06/pWzjx3dEW7T8DC2BGWXvg4YWxc7aID8PHqmgNBmB.jpg","tags":[{"type":"standard","category":"smoking","item":"butts","quantity":1}],"objects":[{"status":"OK","on_map":true,"group":"Smoking","subgroup":"","layer":"Cigarette Butts","full_name":"Smoking \u2013 Cigarette Butts","olm_key":"smoking/butts","quantity":1,"picked_up":true}],"groups":["substances"],"has_litter":false,"has_pet_waste":false,"has_substances":true,"zone":"cottonwood_zone_E","zone_edge_m":19.1,"nbhd_edge_m":null}},{"type":"Feature","geometry":{"type":"Point","coordinates":[-122.55940246582,49.205581665039]},"properties":{"id":556246,"datetime":"2026-10-06T20:55:57.000000Z","filename":"https://olm-s3.s3.eu-west-1.amazonaws.com/2026/10/06/XCI7sAJONz98uekrI64AfNVpProCWlFlZU9n66Li.jpg","tags":[{"type":"standard","category":"softdrinks","item":"lid","quantity":1}],"objects":[{"status":"OK","on_map":true,"group":"Convenient Food Drink","subgroup":"Drink","layer":"Cold Beverage Lid","full_name":"Convenient Food Drink \u2013 Drink \u2013 Cold Beverage Lid","olm_key":"softdrinks/lid","quantity":1,"picked_up":true}],"groups":["litter"],"has_litter":true,"has_pet_waste":false,"has_substances":false,"zone":"cottonwood_zone_E","zone_edge_m":19.1,"nbhd_edge_m":null}},{"type":"Feature","geometry":{"type":"Point","coordinates":[-122.55940246582,49.205581665039]},"properties":{"id":556245,"datetime":"2026-10-06T20:56:08.000000Z","filename":"https://olm-s3.s3.eu-west-1.amazonaws.com/2026/10/06/Mq05oNWVy0REtXbkx3VuDcrIDcEtJ8GZqNfG0NPQ.jpg","tags":[{"type":"standard","category":"smoking","item":"butts","quantity":1}],"objects":[{"status":"OK","on_map":true,"group":"Smoking","subgroup":"","layer":"Cigarette Butts","full_name":"Smoking \u2013 Cigarette Butts","olm_key":"smoking/butts","quantity":1,"picked_up":true}],"groups":["substances"],"has_litter":false,"has_pet_waste":false,"has_substances":true,"zone":"cottonwood_zone_E","zone_edge_m":19.1,"nbhd_edge_m":null}},{"type":"Feature","geometry":{"type":"Point","coordinates":[-122.55940246582,49.205581665039]},"properties":{"id":556244,"datetime":"2026-10-06T20:56:13.000000Z","filename":"https://olm-s3.s3.eu-west-1.amazonaws.com/2026/10/06/Pazp1F5j6bfHBYjwsYj4GQXcJIeAoGWC8a6uUhIV.jpg","tags":[{"type":"standard","category":"smoking","item":"butts","quantity":1}],"objects":[{"status":"OK","on_map":true,"group":"Smoking","subgroup":"","layer":"Cigarette Butts","full_name":"Smoking \u2013 Cigarette Butts","olm_key":"smoking/butts","quantity":1,"picked_up":true}],"groups":["substances"],"has_litter":false,"has_pet_waste":false,"has_substances":true,"zone":"cottonwood_zone_E","zone_edge_m":19.1,"nbhd_edge_m":null}},{"type":"Feature","geometry":{"type":"Point","coordinates":[-122.55940246582,49.205581665039]},"properties":{"id":556243,"datetime":"2026-10-06T20:56:17.000000Z","filename":"https://olm-s3.s3.eu-west-1.amazonaws.com/2026/10/06/hlPnVLiNRWhrcsJDnSXLEdiuuOGwgyCsHSOd8pD4.jpg","tags":[{"type":"standard","category":"smoking","item":"butts","quantity":1}],"objects":[{"status":"OK","on_map":true,"group":"Smoking","subgroup":"","layer":"Cigarette Butts","full_name":"Smoking \u2013 Cigarette Butts","olm_key":"smoking/butts","quantity":1,"picked_up":true}],"groups":["substances"],"has_litter":false,"has_pet_waste":false,"has_substances":true,"zone":"cottonwood_zone_E","zone_edge_m":19.1,"nbhd_edge_m":null}},{"type":"Feature","geometry":{"type":"Point","coordinates":[-122.55940246582,49.205581665039]},"properties":{"id":556242,"datetime":"2026-10-06T20:56:25.000000Z","filename":"https://olm-s3.s3.eu-west-1.amazonaws.com/2026/10/06/FVfV1NqTvI83Oya2XJXbJBpgTSrUlaIWYmzmTRWs.jpg","tags":[{"type":"standard","category":"other","item":"paper","quantity":1},{"type":"standard","category":"smoking","item":"butts","quantity":1}],"objects":[{"status":"OK","on_map":true,"group":"Piece","subgroup":"","layer":"Paper Piece","full_name":"Piece \u2013 Paper Piece","olm_key":"other/paper","quantity":1,"picked_up":true},{"status":"OK","on_map":true,"group":"Smoking","subgroup":"","layer":"Cigarette Butts","full_name":"Smoking \u2013 Cigarette Butts","olm_key":"smoking/butts","quantity":1,"picked_up":true}],"groups":["litter","substances"],"has_litter":true,"has_pet_waste":false,"has_substances":true,"zone":"cottonwood_zone_E","zone_edge_m":19.1,"nbhd_edge_m":null}},{"type":"Feature","geometry":{"type":"Point","coordinates":[-122.55940246582,49.205581665039]},"properties":{"id":556241,"datetime":"2026-10-06T20:56:35.000000Z","filename":"https://olm-s3.s3.eu-west-1.amazonaws.com/2026/10/06/mDJPDVfohZYdiicXfExq9elrp1tGnzadpnc3Oicw.jpg","tags":[{"type":"standard","category":"smoking","item":"butts","quantity":1}],"objects":[{"status":"OK","on_map":true,"group":"Smoking","subgroup":"","layer":"Cigarette Butts","full_name":"Smoking \u2013 Cigarette Butts","olm_key":"smoking/butts","quantity":1,"picked_up":true}],"groups":["substances"],"has_litter":false,"has_pet_waste":false,"has_substances":true,"zone":"cottonwood_zone_E","zone_edge_m":19.1,"nbhd_edge_m":null}},{"type":"Feature","geometry":{"type":"Point","coordinates":[-122.55940246582,49.205581665039]},"properties":{"id":556240,"datetime":"2026-10-06T20:56:39.000000Z","filename":"https://olm-s3.s3.eu-west-1.amazonaws.com/2026/10/06/qUqn3OCi8zWYx2XYtSBp1PR5POqVY9oulcb3fICo.jpg","tags":[{"type":"standard","category":"other","item":"paper","quantity":1},{"type":"standard","category":"other","item":"plastic","quantity":1}],"objects":[{"status":"OK","on_map":true,"group":"Piece","subgroup":"","layer":"Paper Piece","full_name":"Piece \u2013 Paper Piece","olm_key":"other/paper","quantity":1,"picked_up":true},{"status":"OK","on_map":true,"group":"Piece","subgroup":"","layer":"Plastic Piece","full_name":"Piece \u2013 Plastic Piece","olm_key":"other/plastic","quantity":1,"picked_up":true}],"groups":["litter"],"has_litter":true,"has_pet_waste":false,"has_substances":false,"zone":"cottonwood_zone_E","zone_edge_m":19.1,"nbhd_edge_m":null}},{"type":"Feature","geometry":{"type":"Point","coordinates":[-122.55940246582,49.205581665039]},"properties":{"id":556239,"datetime":"2026-10-06T20:56:44.000000Z","filename":"https://olm-s3.s3.eu-west-1.amazonaws.com/2026/10/06/lGng1FPkgiavi1ewXafztv7tNrChhCWfifpZVfny.jpg","tags":[{"type":"standard","category":"smoking","item":"butts","quantity":1}],"objects":[{"status":"OK","on_map":true,"group":"Smoking","subgroup":"","layer":"Cigarette Butts","full_name":"Smoking \u2013 Cigarette Butts","olm_key":"smoking/butts","quantity":1,"picked_up":true}],"groups":["substances"],"has_litter":false,"has_pet_waste":false,"has_substances":true,"zone":"cottonwood_zone_E","zone_edge_m":19.1,"nbhd_edge_m":null}},{"type":"Feature","geometry":{"type":"Point","coordinates":[-122.55940246582,49.205581665039]},"properties":{"id":556238,"datetime":"2026-10-06T20:56:48.000000Z","filename":"https://olm-s3.s3.eu-west-1.amazonaws.com/2026/10/06/qqvwsRmzVeYzQn4QEsetObZn98qF1tHPDM9jnpiX.jpg","tags":[{"type":"standard","category":"smoking","item":"butts","quantity":1}],"objects":[{"status":"OK","on_map":true,"group":"Smoking","subgroup":"","layer":"Cigarette Butts","full_name":"Smoking \u2013 Cigarette Butts","olm_key":"smoking/butts","quantity":1,"picked_up":true}],"groups":["substances"],"has_litter":false,"has_pet_waste":false,"has_substances":true,"zone":"cottonwood_zone_E","zone_edge_m":19.1,"nbhd_edge_m":null}},{"type":"Feature","geometry":{"type":"Point","coordinates":[-122.55940246582,49.205581665039]},"properties":{"id":556237,"datetime":"2026-10-06T20:56:52.000000Z","filename":"https://olm-s3.s3.eu-west-1.amazonaws.com/2026/10/06/390XQuphKK5o6RX2LO7iUy7iUmhVodfjhRGEz5KG.jpg","tags":[{"type":"standard","category":"smoking","item":"butts","quantity":2}],"objects":[{"status":"OK","on_map":true,"group":"Smoking","subgroup":"","layer":"Cigarette Butts","full_name":"Smoking \u2013 Cigarette Butts","olm_key":"smoking/butts","quantity":2,"picked_up":true}],"groups":["substances"],"has_litter":false,"has_pet_waste":false,"has_substances":true,"zone":"cottonwood_zone_E","zone_edge_m":19.1,"nbhd_edge_m":null}},{"type":"Feature","geometry":{"type":"Point","coordinates":[-122.55940246582,49.205581665039]},"properties":{"id":556236,"datetime":"2026-10-06T20:57:07.000000Z","filename":"https://olm-s3.s3.eu-west-1.amazonaws.com/2026/10/06/vctpDFvbZqDFfMEi2QGejHmg2ZWCGbb1mO5Sdd6b.jpg","tags":[{"type":"standard","category":"sanitary","item":"tissue","quantity":1}],"objects":[{"status":"OK","on_map":true,"group":"Household","subgroup":"","layer":"Hygiene Paper","full_name":"Household \u2013 Hygiene Paper","olm_key":"sanitary/tissue","quantity":1,"picked_up":true}],"groups":["litter"],"has_litter":true,"has_pet_waste":false,"has_substances":false,"zone":"cottonwood_zone_E","zone_edge_m":19.1,"nbhd_edge_m":null}},{"type":"Feature","geometry":{"type":"Point","coordinates":[-122.55940246582,49.205581665039]},"properties":{"id":556235,"datetime":"2026-10-06T20:57:28.000000Z","filename":"https://olm-s3.s3.eu-west-1.amazonaws.com/2026/10/06/nttZ53HuVDdQ7XcYBDaT6LyaAEqjjUzfcj3l1Fa1.jpg","tags":[{"type":"standard","category":"food","item":"wrapper","quantity":1},{"type":"material","category":"material","item":"plastic","quantity":1,"parent_category":"food","parent_item":"wrapper"},{"type":"brand","category":"brand","item":"mr-freeze","quantity":1,"parent_category":"food","parent_item":"wrapper"}],"objects":[{"status":"OK","on_map":true,"group":"Convenient Food Drink","subgroup":"Snack","layer":"Foil / Plastic Film Snack Wrapper","full_name":"Convenient Food Drink \u2013 Snack \u2013 Foil / Plastic Film Snack Wrapper","olm_key":"food/wrapper","quantity":1,"picked_up":true}],"groups":["litter"],"has_litter":true,"has_pet_waste":false,"has_substances":false,"zone":"cottonwood_zone_E","zone_edge_m":19.1,"nbhd_edge_m":null}},{"type":"Feature","geometry":{"type":"Point","coordinates":[-122.55940246582,49.205581665039]},"properties":{"id":556234,"datetime":"2026-10-06T20:57:41.000000Z","filename":"https://olm-s3.s3.eu-west-1.amazonaws.com/2026/10/06/oYX2PhEv4Cbqeq8ZhFlcRYjfXkky1izjxzb8DmgC.jpg","tags":[{"type":"standard","category":"food","item":"wrapper","quantity":1},{"type":"material","category":"material","item":"plastic","quantity":1,"parent_category":"food","parent_item":"wrapper"},{"type":"brand","category":"brand","item":"mr-freeze","quantity":1,"parent_category":"food","parent_item":"wrapper"}],"objects":[{"status":"OK","on_map":true,"group":"Convenient Food Drink","subgroup":"Snack","layer":"Foil / Plastic Film Snack Wrapper","full_name":"Convenient Food Drink \u2013 Snack \u2013 Foil / Plastic Film Snack Wrapper","olm_key":"food/wrapper","quantity":1,"picked_up":true}],"groups":["litter"],"has_litter":true,"has_pet_waste":false,"has_substances":false,"zone":"cottonwood_zone_E","zone_edge_m":19.1,"nbhd_edge_m":null}},{"type":"Feature","geometry":{"type":"Point","coordinates":[-122.55940246582,49.205581665039]},"properties":{"id":556233,"datetime":"2026-10-06T20:57:56.000000Z","filename":"https://olm-s3.s3.eu-west-1.amazonaws.com/2026/10/06/0CDzsPxLXwtTbjnzFLTQEBuI80W3SmxKCFVyMOeF.jpg","tags":[{"type":"standard","category":"food","item":"packaging","quantity":1},{"type":"custom_tag","category":"custom_tag","item":"Contaminated","quantity":1,"parent_category":"food","parent_item":"packaging"},{"type":"standard","category":"food","item":"lid","quantity":1},{"type":"material","category":"material","item":"plastic","quantity":1,"parent_category":"food","parent_item":"lid"}],"objects":[{"status":"OK","on_map":true,"group":"Convenient Food Drink","subgroup":"Take-out","layer":"Food Packaging","full_name":"Convenient Food Drink \u2013 Take-out \u2013 Food Packaging","olm_key":"food/packaging","quantity":1,"picked_up":false},{"status":"OK","on_map":true,"group":"Household","subgroup":"","layer":"Food Container Lid","full_name":"Household \u2013 Food Container Lid","olm_key":"food/lid","quantity":1,"picked_up":true}],"groups":["litter"],"has_litter":true,"has_pet_waste":false,"has_substances":false,"zone":"cottonwood_zone_E","zone_edge_m":19.1,"nbhd_edge_m":null}},{"type":"Feature","geometry":{"type":"Point","coordinates":[-122.56052398682,49.205612182617]},"properties":{"id":556232,"datetime":"2026-10-06T20:58:24.000000Z","filename":"https://olm-s3.s3.eu-west-1.amazonaws.com/2026/10/06/yQMofVdWVLMFUFfznQJGDvuwEbgWKzDlKNJ4ljSJ.jpg","tags":[{"type":"standard","category":"food","item":"wrapper","quantity":1},{"type":"material","category":"material","item":"plastic","quantity":1,"parent_category":"food","parent_item":"wrapper"},{"type":"material","category":"material","item":"foil","quantity":1,"parent_category":"food","parent_item":"wrapper"}],"objects":[{"status":"OK","on_map":true,"group":"Convenient Food Drink","subgroup":"Snack","layer":"Foil / Plastic Film Snack Wrapper","full_name":"Convenient Food Drink \u2013 Snack \u2013 Foil / Plastic Film Snack Wrapper","olm_key":"food/wrapper","quantity":1,"picked_up":true}],"groups":["litter"],"has_litter":true,"has_pet_waste":false,"has_substances":false,"zone":"cottonwood_zone_E","zone_edge_m":22.5,"nbhd_edge_m":null}},{"type":"Feature","geometry":{"type":"Point","coordinates":[-122.56052398682,49.205612182617]},"properties":{"id":556231,"datetime":"2026-10-06T20:58:36.000000Z","filename":"https://olm-s3.s3.eu-west-1.amazonaws.com/2026/10/06/p2Nd5MyGPeFLCUROHx8JLbSHR9GGbQFmhIDyrDbu.jpg","tags":[{"type":"standard","category":"food","item":"wrapper","quantity":1},{"type":"material","category":"material","item":"plastic","quantity":1,"parent_category":"food","parent_item":"wrapper"},{"type":"material","category":"material","item":"foil","quantity":1,"parent_category":"food","parent_item":"wrapper"}],"objects":[{"status":"OK","on_map":true,"group":"Convenient Food Drink","subgroup":"Snack","layer":"Foil / Plastic Film Snack Wrapper","full_name":"Convenient Food Drink \u2013 Snack \u2013 Foil / Plastic Film Snack Wrapper","olm_key":"food/wrapper","quantity":1,"picked_up":true}],"groups":["litter"],"has_litter":true,"has_pet_waste":false,"has_substances":false,"zone":"cottonwood_zone_E","zone_edge_m":22.5,"nbhd_edge_m":null}},{"type":"Feature","geometry":{"type":"Point","coordinates":[-122.56052398682,49.205612182617]},"properties":{"id":556230,"datetime":"2026-10-06T20:58:59.000000Z","filename":"https://olm-s3.s3.eu-west-1.amazonaws.com/2026/10/06/AZxMtuGzacJImxndmwMkgb54khywZDvwPqx3QQOT.jpg","tags":[{"type":"standard","category":"other","item":"paper","quantity":1}],"objects":[{"status":"OK","on_map":true,"group":"Piece","subgroup":"","layer":"Paper Piece","full_name":"Piece \u2013 Paper Piece","olm_key":"other/paper","quantity":1,"picked_up":true}],"groups":["litter"],"has_litter":true,"has_pet_waste":false,"has_substances":false,"zone":"cottonwood_zone_E","zone_edge_m":22.5,"nbhd_edge_m":null}},{"type":"Feature","geometry":{"type":"Point","coordinates":[-122.56052398682,49.205612182617]},"properties":{"id":556229,"datetime":"2026-10-06T20:59:19.000000Z","filename":"https://olm-s3.s3.eu-west-1.amazonaws.com/2026/10/06/IBHbhlFo9JP0EIWmiaGYpGCIux02o0eq9FIzuYYR.jpg","tags":[{"type":"standard","category":"softdrinks","item":"cup","quantity":1,"object_type":"soda"},{"type":"brand","category":"brand","item":"A&W","quantity":1,"parent_category":"softdrinks","parent_item":"cup"},{"type":"standard","category":"softdrinks","item":"lid","quantity":1},{"type":"standard","category":"softdrinks","item":"straw","quantity":1}],"objects":[{"status":"OK","on_map":true,"group":"Convenient Food Drink","subgroup":"Drink","layer":"Cold Beverage Cup","full_name":"Convenient Food Drink \u2013 Drink \u2013 Cold Beverage Cup","olm_key":"softdrinks/cup","quantity":1,"picked_up":true},{"status":"OK","on_map":true,"group":"Convenient Food Drink","subgroup":"Drink","layer":"Cold Beverage Lid","full_name":"Convenient Food Drink \u2013 Drink \u2013 Cold Beverage Lid","olm_key":"softdrinks/lid","quantity":1,"picked_up":true},{"status":"OK","on_map":true,"group":"Convenient Food Drink","subgroup":"Drink","layer":"Paper Drink Straws","full_name":"Convenient Food Drink \u2013 Drink \u2013 Paper Drink Straws","olm_key":"softdrinks/straw","quantity":1,"picked_up":true}],"groups":["litter"],"has_litter":true,"has_pet_waste":false,"has_substances":false,"zone":"cottonwood_zone_E","zone_edge_m":22.5,"nbhd_edge_m":null}},{"type":"Feature","geometry":{"type":"Point","coordinates":[-122.56052398682,49.205612182617]},"properties":{"id":556228,"datetime":"2026-10-06T20:59:28.000000Z","filename":"https://olm-s3.s3.eu-west-1.amazonaws.com/2026/10/06/b5nTqC5LRmjpK3LEy7fpFPyVLNqgd2Pgm4ELzWzS.jpg","tags":[{"type":"standard","category":"other","item":"paper","quantity":1}],"objects":[{"status":"OK","on_map":true,"group":"Piece","subgroup":"","layer":"Paper Piece","full_name":"Piece \u2013 Paper Piece","olm_key":"other/paper","quantity":1,"picked_up":true}],"groups":["litter"],"has_litter":true,"has_pet_waste":false,"has_substances":false,"zone":"cottonwood_zone_E","zone_edge_m":22.5,"nbhd_edge_m":null}},{"type":"Feature","geometry":{"type":"Point","coordinates":[-122.56052398682,49.205612182617]},"properties":{"id":556227,"datetime":"2026-10-06T20:59:30.000000Z","filename":"https://olm-s3.s3.eu-west-1.amazonaws.com/2026/10/06/sy3F9VVbBEKY3Hez0QSUk3ZoStdvPil9RuaCoGek.jpg","tags":[{"type":"standard","category":"other","item":"plastic","quantity":1}],"objects":[{"status":"OK","on_map":true,"group":"Piece","subgroup":"","layer":"Plastic Piece","full_name":"Piece \u2013 Plastic Piece","olm_key":"other/plastic","quantity":1,"picked_up":true}],"groups":["litter"],"has_litter":true,"has_pet_waste":false,"has_substances":false,"zone":"cottonwood_zone_E","zone_edge_m":22.5,"nbhd_edge_m":null}},{"type":"Feature","geometry":{"type":"Point","coordinates":[-122.56052398682,49.205612182617]},"properties":{"id":556226,"datetime":"2026-10-06T20:59:42.000000Z","filename":"https://olm-s3.s3.eu-west-1.amazonaws.com/2026/10/06/MYrk2fohUzkbeIZq8rqPz7vemR82TknDWSh7Pryv.jpg","tags":[{"type":"standard","category":"other","item":"balloon","quantity":2}],"objects":[{"status":"OK","on_map":true,"group":"Household","subgroup":"","layer":"Party Litter","full_name":"Household \u2013 Party Litter","olm_key":"other/balloon","quantity":2,"picked_up":true}],"groups":["litter"],"has_litter":true,"has_pet_waste":false,"has_substances":false,"zone":"cottonwood_zone_E","zone_edge_m":22.5,"nbhd_edge_m":null}},{"type":"Feature","geometry":{"type":"Point","coordinates":[-122.56052398682,49.205612182617]},"properties":{"id":556225,"datetime":"2026-10-06T20:59:50.000000Z","filename":"https://olm-s3.s3.eu-west-1.amazonaws.com/2026/10/06/9WqoUzUeYqPzKdsD4QVQp3UeTpu8yHWLde4ygjmz.jpg","tags":[{"type":"standard","category":"other","item":"paper","quantity":3}],"objects":[{"status":"OK","on_map":true,"group":"Piece","subgroup":"","layer":"Paper Piece","full_name":"Piece \u2013 Paper Piece","olm_key":"other/paper","quantity":3,"picked_up":true}],"groups":["litter"],"has_litter":true,"has_pet_waste":false,"has_substances":false,"zone":"cottonwood_zone_E","zone_edge_m":22.5,"nbhd_edge_m":null}},{"type":"Feature","geometry":{"type":"Point","coordinates":[-122.56052398682,49.205612182617]},"properties":{"id":556224,"datetime":"2026-10-06T21:00:04.000000Z","filename":"https://olm-s3.s3.eu-west-1.amazonaws.com/2026/10/06/DjM7HGWyIU8kFWvIeGuawNngObPQPSR7Lf5jlTWe.jpg","tags":[{"type":"standard","category":"food","item":"napkins","quantity":1},{"type":"material","category":"material","item":"paper","quantity":1,"parent_category":"food","parent_item":"napkins"}],"objects":[{"status":"OK","on_map":true,"group":"Convenient Food Drink","subgroup":"Take-out","layer":"Napkins","full_name":"Convenient Food Drink \u2013 Take-out \u2013 Napkins","olm_key":"food/napkins","quantity":1,"picked_up":true}],"groups":["litter"],"has_litter":true,"has_pet_waste":false,"has_substances":false,"zone":"cottonwood_zone_E","zone_edge_m":22.5,"nbhd_edge_m":null}},{"type":"Feature","geometry":{"type":"Point","coordinates":[-122.56052398682,49.205612182617]},"properties":{"id":556223,"datetime":"2026-10-06T21:00:13.000000Z","filename":"https://olm-s3.s3.eu-west-1.amazonaws.com/2026/10/06/T7uqtVe7QYjevBGgwKivSetdF5y7MulesutG4Ont.jpg","tags":[{"type":"standard","category":"other","item":"paper","quantity":1}],"objects":[{"status":"OK","on_map":true,"group":"Piece","subgroup":"","layer":"Paper Piece","full_name":"Piece \u2013 Paper Piece","olm_key":"other/paper","quantity":1,"picked_up":true}],"groups":["litter"],"has_litter":true,"has_pet_waste":false,"has_substances":false,"zone":"cottonwood_zone_E","zone_edge_m":22.5,"nbhd_edge_m":null}},{"type":"Feature","geometry":{"type":"Point","coordinates":[-122.56052398682,49.205612182617]},"properties":{"id":556222,"datetime":"2026-10-06T21:00:19.000000Z","filename":"https://olm-s3.s3.eu-west-1.amazonaws.com/2026/10/06/sQK6tn7OM1QAfnW2bdHjsNfzaSGgjtbHE87cI8TL.jpg","tags":[{"type":"standard","category":"other","item":"paper","quantity":2}],"objects":[{"status":"OK","on_map":true,"group":"Piece","subgroup":"","layer":"Paper Piece","full_name":"Piece \u2013 Paper Piece","olm_key":"other/paper","quantity":2,"picked_up":true}],"groups":["litter"],"has_litter":true,"has_pet_waste":false,"has_substances":false,"zone":"cottonwood_zone_E","zone_edge_m":22.5,"nbhd_edge_m":null}},{"type":"Feature","geometry":{"type":"Point","coordinates":[-122.56052398682,49.205612182617]},"properties":{"id":556221,"datetime":"2026-10-06T21:00:49.000000Z","filename":"https://olm-s3.s3.eu-west-1.amazonaws.com/2026/10/06/kyN3mDfs6aiHntD6iOdDYp1frjdXdb3wmCX2lSWI.jpg","tags":[{"type":"standard","category":"smoking","item":"butts","quantity":1}],"objects":[{"status":"OK","on_map":true,"group":"Smoking","subgroup":"","layer":"Cigarette Butts","full_name":"Smoking \u2013 Cigarette Butts","olm_key":"smoking/butts","quantity":1,"picked_up":true}],"groups":["substances"],"has_litter":false,"has_pet_waste":false,"has_substances":true,"zone":"cottonwood_zone_E","zone_edge_m":22.5,"nbhd_edge_m":null}},{"type":"Feature","geometry":{"type":"Point","coordinates":[-122.56052398682,49.205612182617]},"properties":{"id":556220,"datetime":"2026-10-06T21:01:25.000000Z","filename":"https://olm-s3.s3.eu-west-1.amazonaws.com/2026/10/06/fOnXU3zhEn37FrmvsdGP1b6jMyhGlNsiRSfA0jEU.jpg","tags":[{"type":"standard","category":"smoking","item":"butts","quantity":1}],"objects":[{"status":"OK","on_map":true,"group":"Smoking","subgroup":"","layer":"Cigarette Butts","full_name":"Smoking \u2013 Cigarette Butts","olm_key":"smoking/butts","quantity":1,"picked_up":true}],"groups":["substances"],"has_litter":false,"has_pet_waste":false,"has_substances":true,"zone":"cottonwood_zone_E","zone_edge_m":22.5,"nbhd_edge_m":null}},{"type":"Feature","geometry":{"type":"Point","coordinates":[-122.56052398682,49.205612182617]},"properties":{"id":556219,"datetime":"2026-10-06T21:01:31.000000Z","filename":"https://olm-s3.s3.eu-west-1.amazonaws.com/2026/10/06/kD0tR6WaMpa0jnXoI6TVuxCPGx6ycdR07UgNAisB.jpg","tags":[{"type":"standard","category":"food","item":"napkins","quantity":2},{"type":"material","category":"material","item":"paper","quantity":1,"parent_category":"food","parent_item":"napkins"}],"objects":[{"status":"OK","on_map":true,"group":"Convenient Food Drink","subgroup":"Take-out","layer":"Napkins","full_name":"Convenient Food Drink \u2013 Take-out \u2013 Napkins","olm_key":"food/napkins","quantity":2,"picked_up":true}],"groups":["litter"],"has_litter":true,"has_pet_waste":false,"has_substances":false,"zone":"cottonwood_zone_E","zone_edge_m":22.5,"nbhd_edge_m":null}},{"type":"Feature","geometry":{"type":"Point","coordinates":[-122.56052398682,49.205612182617]},"properties":{"id":556218,"datetime":"2026-10-06T21:01:41.000000Z","filename":"https://olm-s3.s3.eu-west-1.amazonaws.com/2026/10/06/cokX3mP531VPffuwf4cUuSF3sMw4sAW6vttrk966.jpg","tags":[{"type":"standard","category":"smoking","item":"butts","quantity":1}],"objects":[{"status":"OK","on_map":true,"group":"Smoking","subgroup":"","layer":"Cigarette Butts","full_name":"Smoking \u2013 Cigarette Butts","olm_key":"smoking/butts","quantity":1,"picked_up":true}],"groups":["substances"],"has_litter":false,"has_pet_waste":false,"has_substances":true,"zone":"cottonwood_zone_E","zone_edge_m":22.5,"nbhd_edge_m":null}},{"type":"Feature","geometry":{"type":"Point","coordinates":[-122.56052398682,49.205612182617]},"properties":{"id":556217,"datetime":"2026-10-06T21:01:46.000000Z","filename":"https://olm-s3.s3.eu-west-1.amazonaws.com/2026/10/06/u5dOYRnP7GXurFpoukTalE6iyJV09YMwEXN1498c.jpg","tags":[{"type":"standard","category":"smoking","item":"butts","quantity":1}],"objects":[{"status":"OK","on_map":true,"group":"Smoking","subgroup":"","layer":"Cigarette Butts","full_name":"Smoking \u2013 Cigarette Butts","olm_key":"smoking/butts","quantity":1,"picked_up":true}],"groups":["substances"],"has_litter":false,"has_pet_waste":false,"has_substances":true,"zone":"cottonwood_zone_E","zone_edge_m":22.5,"nbhd_edge_m":null}},{"type":"Feature","geometry":{"type":"Point","coordinates":[-122.56052398682,49.205612182617]},"properties":{"id":556216,"datetime":"2026-10-06T21:01:54.000000Z","filename":"https://olm-s3.s3.eu-west-1.amazonaws.com/2026/10/06/geoG5Un9W25qimVa9UNsXWWe1bDe7maLjz7PVbFZ.jpg","tags":[{"type":"standard","category":"smoking","item":"butts","quantity":1}],"objects":[{"status":"OK","on_map":true,"group":"Smoking","subgroup":"","layer":"Cigarette Butts","full_name":"Smoking \u2013 Cigarette Butts","olm_key":"smoking/butts","quantity":1,"picked_up":true}],"groups":["substances"],"has_litter":false,"has_pet_waste":false,"has_substances":true,"zone":"cottonwood_zone_E","zone_edge_m":22.5,"nbhd_edge_m":null}},{"type":"Feature","geometry":{"type":"Point","coordinates":[-122.56052398682,49.205612182617]},"properties":{"id":556215,"datetime":"2026-10-06T21:02:03.000000Z","filename":"https://olm-s3.s3.eu-west-1.amazonaws.com/2026/10/06/EJO8zUQNUoFQwEbXmsOfYeZOKaeH1MgIPlP5NoOU.jpg","tags":[{"type":"standard","category":"other","item":"balloon","quantity":1},{"type":"material","category":"material","item":"paper","quantity":1,"parent_category":"other","parent_item":"balloon"},{"type":"custom_tag","category":"custom_tag","item":"Disposable plate","quantity":1,"parent_category":"other","parent_item":"balloon"},{"type":"standard","category":"softdrinks","item":"bottle","quantity":1,"object_type":"water"},{"type":"material","category":"material","item":"plastic","quantity":1,"parent_category":"softdrinks","parent_item":"bottle"}],"objects":[{"status":"OK","on_map":true,"group":"Household","subgroup":"","layer":"Party Litter","full_name":"Household \u2013 Party Litter","olm_key":"other/balloon","quantity":1,"picked_up":true},{"status":"OK","on_map":true,"group":"Convenient Food Drink","subgroup":"Drink","layer":"Plastic or Glass Drink Bottle","full_name":"Convenient Food Drink \u2013 Drink \u2013 Plastic or Glass Drink Bottle","olm_key":"softdrinks/bottle","quantity":1,"picked_up":true}],"groups":["litter"],"has_litter":true,"has_pet_waste":false,"has_substances":false,"zone":"cottonwood_zone_E","zone_edge_m":22.5,"nbhd_edge_m":null}},{"type":"Feature","geometry":{"type":"Point","coordinates":[-122.56052398682,49.205612182617]},"properties":{"id":556214,"datetime":"2026-10-06T21:02:11.000000Z","filename":"https://olm-s3.s3.eu-west-1.amazonaws.com/2026/10/06/Q8PBV6VrdsqKLnAZILVWIZnPog8fur4Eh5whMhox.jpg","tags":[{"type":"standard","category":"other","item":"other","quantity":1},{"type":"material","category":"material","item":"wood","quantity":1,"parent_category":"other","parent_item":"other"}],"objects":[{"status":"OK","on_map":true,"group":"Piece","subgroup":"","layer":"Wood Debris","full_name":"Piece \u2013 Wood Debris","olm_key":"other/other","quantity":1,"picked_up":true}],"groups":["litter"],"has_litter":true,"has_pet_waste":false,"has_substances":false,"zone":"cottonwood_zone_E","zone_edge_m":22.5,"nbhd_edge_m":null}},{"type":"Feature","geometry":{"type":"Point","coordinates":[-122.56052398682,49.205612182617]},"properties":{"id":556213,"datetime":"2026-10-06T21:02:20.000000Z","filename":"https://olm-s3.s3.eu-west-1.amazonaws.com/2026/10/06/1LLBcPQ8Jx3awEI5kh8gaLp6rgdSQZaqCneVFL3Q.jpg","tags":[{"type":"standard","category":"softdrinks","item":"straw_wrapper","quantity":1}],"objects":[{"status":"OK","on_map":true,"group":"Convenient Food Drink","subgroup":"Drink","layer":"Drink Straw Wrapper","full_name":"Convenient Food Drink \u2013 Drink \u2013 Drink Straw Wrapper","olm_key":"softdrinks/straw_wrapper","quantity":1,"picked_up":true}],"groups":["litter"],"has_litter":true,"has_pet_waste":false,"has_substances":false,"zone":"cottonwood_zone_E","zone_edge_m":22.5,"nbhd_edge_m":null}},{"type":"Feature","geometry":{"type":"Point","coordinates":[-122.56052398682,49.205612182617]},"properties":{"id":556212,"datetime":"2026-10-06T21:02:41.000000Z","filename":"https://olm-s3.s3.eu-west-1.amazonaws.com/2026/10/06/nRYYu2bDC8rQkKM2os8Bo8kkrx9KvAQm29sQkQD3.jpg","tags":[{"type":"standard","category":"other","item":"balloon","quantity":1},{"type":"material","category":"material","item":"paper","quantity":1,"parent_category":"other","parent_item":"balloon"},{"type":"custom_tag","category":"custom_tag","item":"Disposable plate","quantity":1,"parent_category":"other","parent_item":"balloon"}],"objects":[{"status":"OK","on_map":true,"group":"Household","subgroup":"","layer":"Party Litter","full_name":"Household \u2013 Party Litter","olm_key":"other/balloon","quantity":1,"picked_up":true}],"groups":["litter"],"has_litter":true,"has_pet_waste":false,"has_substances":false,"zone":"cottonwood_zone_E","zone_edge_m":22.5,"nbhd_edge_m":null}},{"type":"Feature","geometry":{"type":"Point","coordinates":[-122.56052398682,49.205612182617]},"properties":{"id":556211,"datetime":"2026-10-06T21:02:47.000000Z","filename":"https://olm-s3.s3.eu-west-1.amazonaws.com/2026/10/06/OG5jyiTgSpLwJ68KBaOJBNmTY4cjxVLihbP4yMkm.jpg","tags":[{"type":"standard","category":"food","item":"napkins","quantity":1},{"type":"material","category":"material","item":"paper","quantity":1,"parent_category":"food","parent_item":"napkins"}],"objects":[{"status":"OK","on_map":true,"group":"Convenient Food Drink","subgroup":"Take-out","layer":"Napkins","full_name":"Convenient Food Drink \u2013 Take-out \u2013 Napkins","olm_key":"food/napkins","quantity":1,"picked_up":true}],"groups":["litter"],"has_litter":true,"has_pet_waste":false,"has_substances":false,"zone":"cottonwood_zone_E","zone_edge_m":22.5,"nbhd_edge_m":null}},{"type":"Feature","geometry":{"type":"Point","coordinates":[-122.56052398682,49.205612182617]},"properties":{"id":556210,"datetime":"2026-10-06T21:03:00.000000Z","filename":"https://olm-s3.s3.eu-west-1.amazonaws.com/2026/10/06/tKlI6YQomL2m8dzIma5iLohvPG1Iss5eTxnZIp5M.jpg","tags":[{"type":"standard","category":"other","item":"paper","quantity":1}],"objects":[{"status":"OK","on_map":true,"group":"Piece","subgroup":"","layer":"Paper Piece","full_name":"Piece \u2013 Paper Piece","olm_key":"other/paper","quantity":1,"picked_up":true}],"groups":["litter"],"has_litter":true,"has_pet_waste":false,"has_substances":false,"zone":"cottonwood_zone_E","zone_edge_m":22.5,"nbhd_edge_m":null}},{"type":"Feature","geometry":{"type":"Point","coordinates":[-122.56052398682,49.205612182617]},"properties":{"id":556209,"datetime":"2026-10-06T21:03:25.000000Z","filename":"https://olm-s3.s3.eu-west-1.amazonaws.com/2026/10/06/mcs7W4wc1YHLFaal9zeCaDn39TFCiMD63MmvlkdH.jpg","tags":[{"type":"standard","category":"other","item":"paper","quantity":1}],"objects":[{"status":"OK","on_map":true,"group":"Piece","subgroup":"","layer":"Paper Piece","full_name":"Piece \u2013 Paper Piece","olm_key":"other/paper","quantity":1,"picked_up":true}],"groups":["litter"],"has_litter":true,"has_pet_waste":false,"has_substances":false,"zone":"cottonwood_zone_E","zone_edge_m":22.5,"nbhd_edge_m":null}},{"type":"Feature","geometry":{"type":"Point","coordinates":[-122.56253814697,49.206436157227]},"properties":{"id":556208,"datetime":"2026-10-06T21:04:06.000000Z","filename":"https://olm-s3.s3.eu-west-1.amazonaws.com/2026/10/06/o0t9TY6TrtPsnZwIth31YObGEnWLMETM1QpVYD0p.jpg","tags":[{"type":"standard","category":"other","item":"plastic","quantity":1}],"objects":[{"status":"OK","on_map":true,"group":"Piece","subgroup":"","layer":"Plastic Piece","full_name":"Piece \u2013 Plastic Piece","olm_key":"other/plastic","quantity":1,"picked_up":true}],"groups":["litter"],"has_litter":true,"has_pet_waste":false,"has_substances":false,"zone":"cottonwood_zone_E","zone_edge_m":114.2,"nbhd_edge_m":null}},{"type":"Feature","geometry":{"type":"Point","coordinates":[-122.56253814697,49.206436157227]},"properties":{"id":556207,"datetime":"2026-10-06T21:04:13.000000Z","filename":"https://olm-s3.s3.eu-west-1.amazonaws.com/2026/10/06/puaoH9xEHLpRn7YBYaSujW2EWAMHZwixHSdNfGiB.jpg","tags":[{"type":"standard","category":"smoking","item":"butts","quantity":1}],"objects":[{"status":"OK","on_map":true,"group":"Smoking","subgroup":"","layer":"Cigarette Butts","full_name":"Smoking \u2013 Cigarette Butts","olm_key":"smoking/butts","quantity":1,"picked_up":true}],"groups":["substances"],"has_litter":false,"has_pet_waste":false,"has_substances":true,"zone":"cottonwood_zone_E","zone_edge_m":114.2,"nbhd_edge_m":null}},{"type":"Feature","geometry":{"type":"Point","coordinates":[-122.56253814697,49.206436157227]},"properties":{"id":556206,"datetime":"2026-10-06T21:04:21.000000Z","filename":"https://olm-s3.s3.eu-west-1.amazonaws.com/2026/10/06/IaMrF7T45fBRxDk8EsWBTq7kc9WJBjuqRG7kPvT8.jpg","tags":[{"type":"standard","category":"smoking","item":"butts","quantity":1}],"objects":[{"status":"OK","on_map":true,"group":"Smoking","subgroup":"","layer":"Cigarette Butts","full_name":"Smoking \u2013 Cigarette Butts","olm_key":"smoking/butts","quantity":1,"picked_up":true}],"groups":["substances"],"has_litter":false,"has_pet_waste":false,"has_substances":true,"zone":"cottonwood_zone_E","zone_edge_m":114.2,"nbhd_edge_m":null}},{"type":"Feature","geometry":{"type":"Point","coordinates":[-122.56253814697,49.206436157227]},"properties":{"id":556205,"datetime":"2026-10-06T21:04:40.000000Z","filename":"https://olm-s3.s3.eu-west-1.amazonaws.com/2026/10/06/E2rm0LSvOfz8QGrJ8nw6njwgiTtimhlTr6ra0s1S.jpg","tags":[{"type":"standard","category":"other","item":"plastic","quantity":2}],"objects":[{"status":"OK","on_map":true,"group":"Piece","subgroup":"","layer":"Plastic Piece","full_name":"Piece \u2013 Plastic Piece","olm_key":"other/plastic","quantity":2,"picked_up":true}],"groups":["litter"],"has_litter":true,"has_pet_waste":false,"has_substances":false,"zone":"cottonwood_zone_E","zone_edge_m":114.2,"nbhd_edge_m":null}},{"type":"Feature","geometry":{"type":"Point","coordinates":[-122.56253814697,49.206436157227]},"properties":{"id":556204,"datetime":"2026-10-06T21:05:00.000000Z","filename":"https://olm-s3.s3.eu-west-1.amazonaws.com/2026/10/06/n8GjenF3p3LMuZSJJTPXKw4yqWS73ayLrk2uRDcP.jpg","tags":[{"type":"standard","category":"sanitary","item":"tissue","quantity":1}],"objects":[{"status":"OK","on_map":true,"group":"Household","subgroup":"","layer":"Hygiene Paper","full_name":"Household \u2013 Hygiene Paper","olm_key":"sanitary/tissue","quantity":1,"picked_up":true}],"groups":["litter"],"has_litter":true,"has_pet_waste":false,"has_substances":false,"zone":"cottonwood_zone_E","zone_edge_m":114.2,"nbhd_edge_m":null}},{"type":"Feature","geometry":{"type":"Point","coordinates":[-122.56253814697,49.206436157227]},"properties":{"id":556203,"datetime":"2026-10-06T21:05:14.000000Z","filename":"https://olm-s3.s3.eu-west-1.amazonaws.com/2026/10/06/03RyzH4NhjA05R7o20puybz3IOotOD8YZlGQdSbX.jpg","tags":[{"type":"standard","category":"other","item":"paper","quantity":1}],"objects":[{"status":"OK","on_map":true,"group":"Piece","subgroup":"","layer":"Paper Piece","full_name":"Piece \u2013 Paper Piece","olm_key":"other/paper","quantity":1,"picked_up":true}],"groups":["litter"],"has_litter":true,"has_pet_waste":false,"has_substances":false,"zone":"cottonwood_zone_E","zone_edge_m":114.2,"nbhd_edge_m":null}},{"type":"Feature","geometry":{"type":"Point","coordinates":[-122.56253814697,49.206436157227]},"properties":{"id":556202,"datetime":"2026-10-06T21:05:33.000000Z","filename":"https://olm-s3.s3.eu-west-1.amazonaws.com/2026/10/06/o6uSNfbkmywJUC2SmFy8wGoee4jBpYbpYaVDiGMD.jpg","tags":[{"type":"standard","category":"sanitary","item":"tissue","quantity":1}],"objects":[{"status":"OK","on_map":true,"group":"Household","subgroup":"","layer":"Hygiene Paper","full_name":"Household \u2013 Hygiene Paper","olm_key":"sanitary/tissue","quantity":1,"picked_up":true}],"groups":["litter"],"has_litter":true,"has_pet_waste":false,"has_substances":false,"zone":"cottonwood_zone_E","zone_edge_m":114.2,"nbhd_edge_m":null}},{"type":"Feature","geometry":{"type":"Point","coordinates":[-122.56253814697,49.206436157227]},"properties":{"id":556201,"datetime":"2026-10-06T21:05:38.000000Z","filename":"https://olm-s3.s3.eu-west-1.amazonaws.com/2026/10/06/sHunuatojS3aBVroNjVJOGjBru7JnLnMGSUM7TLT.jpg","tags":[{"type":"standard","category":"other","item":"paper","quantity":1}],"objects":[{"status":"OK","on_map":true,"group":"Piece","subgroup":"","layer":"Paper Piece","full_name":"Piece \u2013 Paper Piece","olm_key":"other/paper","quantity":1,"picked_up":true}],"groups":["litter"],"has_litter":true,"has_pet_waste":false,"has_substances":false,"zone":"cottonwood_zone_E","zone_edge_m":114.2,"nbhd_edge_m":null}},{"type":"Feature","geometry":{"type":"Point","coordinates":[-122.56253814697,49.206436157227]},"properties":{"id":556200,"datetime":"2026-10-06T21:05:42.000000Z","filename":"https://olm-s3.s3.eu-west-1.amazonaws.com/2026/10/06/euG9ozHX2Kegwsbv9kQ2ymtP14PUby1f5OqTH4eF.jpg","tags":[{"type":"standard","category":"other","item":"paper","quantity":1}],"objects":[{"status":"OK","on_map":true,"group":"Piece","subgroup":"","layer":"Paper Piece","full_name":"Piece \u2013 Paper Piece","olm_key":"other/paper","quantity":1,"picked_up":true}],"groups":["litter"],"has_litter":true,"has_pet_waste":false,"has_substances":false,"zone":"cottonwood_zone_E","zone_edge_m":114.2,"nbhd_edge_m":null}},{"type":"Feature","geometry":{"type":"Point","coordinates":[-122.56253814697,49.206436157227]},"properties":{"id":556199,"datetime":"2026-10-06T21:05:45.000000Z","filename":"https://olm-s3.s3.eu-west-1.amazonaws.com/2026/10/06/rn8ZZRKb5CzmEsb5PGNPM29hKVVhTBW9UhCmFcf0.jpg","tags":[{"type":"standard","category":"food","item":"tinfoil","quantity":1}],"objects":[{"status":"OK","on_map":true,"group":"Piece","subgroup":"","layer":"Foil Piece","full_name":"Piece \u2013 Foil Piece","olm_key":"food/tinfoil","quantity":1,"picked_up":true}],"groups":["litter"],"has_litter":true,"has_pet_waste":false,"has_substances":false,"zone":"cottonwood_zone_E","zone_edge_m":114.2,"nbhd_edge_m":null}},{"type":"Feature","geometry":{"type":"Point","coordinates":[-122.56246948242,49.207298278809]},"properties":{"id":556198,"datetime":"2026-10-06T21:06:05.000000Z","filename":"https://olm-s3.s3.eu-west-1.amazonaws.com/2026/10/06/AoXJVooNsFc2q59AZtntXWbiuKfd1G0u6HuHyPxo.jpg","tags":[{"type":"standard","category":"other","item":"plastic","quantity":1}],"objects":[{"status":"OK","on_map":true,"group":"Piece","subgroup":"","layer":"Plastic Piece","full_name":"Piece \u2013 Plastic Piece","olm_key":"other/plastic","quantity":1,"picked_up":true}],"groups":["litter"],"has_litter":true,"has_pet_waste":false,"has_substances":false,"zone":"cottonwood_zone_E","zone_edge_m":108.2,"nbhd_edge_m":null}},{"type":"Feature","geometry":{"type":"Point","coordinates":[-122.56246948242,49.207298278809]},"properties":{"id":556197,"datetime":"2026-10-06T21:06:07.000000Z","filename":"https://olm-s3.s3.eu-west-1.amazonaws.com/2026/10/06/i5LSvpTrf0xbhdiKn2c5uPRdffv43P4ljpdSHO6e.jpg","tags":[{"type":"standard","category":"other","item":"paper","quantity":1}],"objects":[{"status":"OK","on_map":true,"group":"Piece","subgroup":"","layer":"Paper Piece","full_name":"Piece \u2013 Paper Piece","olm_key":"other/paper","quantity":1,"picked_up":true}],"groups":["litter"],"has_litter":true,"has_pet_waste":false,"has_substances":false,"zone":"cottonwood_zone_E","zone_edge_m":108.2,"nbhd_edge_m":null}},{"type":"Feature","geometry":{"type":"Point","coordinates":[-122.56246948242,49.207298278809]},"properties":{"id":556196,"datetime":"2026-10-06T21:06:09.000000Z","filename":"https://olm-s3.s3.eu-west-1.amazonaws.com/2026/10/06/3KhVvRUvvEgvITlj00wMHQ5AgCGuucQ0ES3PrqTA.jpg","tags":[{"type":"standard","category":"other","item":"plastic","quantity":2}],"objects":[{"status":"OK","on_map":true,"group":"Piece","subgroup":"","layer":"Plastic Piece","full_name":"Piece \u2013 Plastic Piece","olm_key":"other/plastic","quantity":2,"picked_up":true}],"groups":["litter"],"has_litter":true,"has_pet_waste":false,"has_substances":false,"zone":"cottonwood_zone_E","zone_edge_m":108.2,"nbhd_edge_m":null}},{"type":"Feature","geometry":{"type":"Point","coordinates":[-122.56246948242,49.207298278809]},"properties":{"id":556195,"datetime":"2026-10-06T21:06:14.000000Z","filename":"https://olm-s3.s3.eu-west-1.amazonaws.com/2026/10/06/dwG8j6I3odCu1cUUsRXjraQ9IMzwNbpQp8c5CKJr.jpg","tags":[{"type":"standard","category":"other","item":"balloon","quantity":1}],"objects":[{"status":"OK","on_map":true,"group":"Household","subgroup":"","layer":"Party Litter","full_name":"Household \u2013 Party Litter","olm_key":"other/balloon","quantity":1,"picked_up":true}],"groups":["litter"],"has_litter":true,"has_pet_waste":false,"has_substances":false,"zone":"cottonwood_zone_E","zone_edge_m":108.2,"nbhd_edge_m":null}},{"type":"Feature","geometry":{"type":"Point","coordinates":[-122.56246948242,49.207298278809]},"properties":{"id":556194,"datetime":"2026-10-06T21:06:47.000000Z","filename":"https://olm-s3.s3.eu-west-1.amazonaws.com/2026/10/06/pVz3xRj61XOlbvtSf80c9yfJAeSPl9R7gh1Ydfhm.jpg","tags":[{"type":"standard","category":"other","item":"plastic","quantity":1},{"type":"standard","category":"other","item":"paper","quantity":1}],"objects":[{"status":"OK","on_map":true,"group":"Piece","subgroup":"","layer":"Plastic Piece","full_name":"Piece \u2013 Plastic Piece","olm_key":"other/plastic","quantity":1,"picked_up":true},{"status":"OK","on_map":true,"group":"Piece","subgroup":"","layer":"Paper Piece","full_name":"Piece \u2013 Paper Piece","olm_key":"other/paper","quantity":1,"picked_up":true}],"groups":["litter"],"has_litter":true,"has_pet_waste":false,"has_substances":false,"zone":"cottonwood_zone_E","zone_edge_m":108.2,"nbhd_edge_m":null}},{"type":"Feature","geometry":{"type":"Point","coordinates":[-122.56237030029,49.207462310791]},"properties":{"id":556193,"datetime":"2026-10-06T21:06:57.000000Z","filename":"https://olm-s3.s3.eu-west-1.amazonaws.com/2026/10/06/eSHkrY2a8s0e5At1Eo8buvOxQW3YlDb89fJpfo8J.jpg","tags":[{"type":"standard","category":"other","item":"plastic","quantity":1}],"objects":[{"status":"OK","on_map":true,"group":"Piece","subgroup":"","layer":"Plastic Piece","full_name":"Piece \u2013 Plastic Piece","olm_key":"other/plastic","quantity":1,"picked_up":true}],"groups":["litter"],"has_litter":true,"has_pet_waste":false,"has_substances":false,"zone":"cottonwood_zone_E","zone_edge_m":89.9,"nbhd_edge_m":null}},{"type":"Feature","geometry":{"type":"Point","coordinates":[-122.56237030029,49.207462310791]},"properties":{"id":556192,"datetime":"2026-10-06T21:07:06.000000Z","filename":"https://olm-s3.s3.eu-west-1.amazonaws.com/2026/10/06/5XW2ZAOi6dEkISDD3okiGO8fw4TrTvTYZ9r5HxnV.jpg","tags":[{"type":"standard","category":"food","item":"wrapper","quantity":1},{"type":"material","category":"material","item":"paper","quantity":1,"parent_category":"food","parent_item":"wrapper"},{"type":"custom_tag","category":"custom_tag","item":"material:wax","quantity":1,"parent_category":"food","parent_item":"wrapper"}],"objects":[{"status":"OK","on_map":true,"group":"Convenient Food Drink","subgroup":"Snack","layer":"Foil / Plastic Film Snack Wrapper","full_name":"Convenient Food Drink \u2013 Snack \u2013 Foil / Plastic Film Snack Wrapper","olm_key":"food/wrapper","quantity":1,"picked_up":true}],"groups":["litter"],"has_litter":true,"has_pet_waste":false,"has_substances":false,"zone":"cottonwood_zone_E","zone_edge_m":89.9,"nbhd_edge_m":null}},{"type":"Feature","geometry":{"type":"Point","coordinates":[-122.56237030029,49.207462310791]},"properties":{"id":556191,"datetime":"2026-10-06T21:07:09.000000Z","filename":"https://olm-s3.s3.eu-west-1.amazonaws.com/2026/10/06/IhXIFWFImS3SmSxq6qUipnLPpHSEsUJYCvm33PZY.jpg","tags":[{"type":"standard","category":"other","item":"paper","quantity":1}],"objects":[{"status":"OK","on_map":true,"group":"Piece","subgroup":"","layer":"Paper Piece","full_name":"Piece \u2013 Paper Piece","olm_key":"other/paper","quantity":1,"picked_up":true}],"groups":["litter"],"has_litter":true,"has_pet_waste":false,"has_substances":false,"zone":"cottonwood_zone_E","zone_edge_m":89.9,"nbhd_edge_m":null}},{"type":"Feature","geometry":{"type":"Point","coordinates":[-122.56237030029,49.207462310791]},"properties":{"id":556190,"datetime":"2026-10-06T21:07:15.000000Z","filename":"https://olm-s3.s3.eu-west-1.amazonaws.com/2026/10/06/tMC8DQebePiOH4cXb8AZ2uirpovJm1MXgTrgBCgf.jpg","tags":[{"type":"standard","category":"other","item":"plastic","quantity":1}],"objects":[{"status":"OK","on_map":true,"group":"Piece","subgroup":"","layer":"Plastic Piece","full_name":"Piece \u2013 Plastic Piece","olm_key":"other/plastic","quantity":1,"picked_up":true}],"groups":["litter"],"has_litter":true,"has_pet_waste":false,"has_substances":false,"zone":"cottonwood_zone_E","zone_edge_m":89.9,"nbhd_edge_m":null}},{"type":"Feature","geometry":{"type":"Point","coordinates":[-122.56237030029,49.207462310791]},"properties":{"id":556189,"datetime":"2026-10-06T21:07:20.000000Z","filename":"https://olm-s3.s3.eu-west-1.amazonaws.com/2026/10/06/INMYU8ZIOLhVwcB2AFsqpoEq4MZrrQ409mItLQ9T.jpg","tags":[{"type":"standard","category":"other","item":"plastic","quantity":2}],"objects":[{"status":"OK","on_map":true,"group":"Piece","subgroup":"","layer":"Plastic Piece","full_name":"Piece \u2013 Plastic Piece","olm_key":"other/plastic","quantity":2,"picked_up":true}],"groups":["litter"],"has_litter":true,"has_pet_waste":false,"has_substances":false,"zone":"cottonwood_zone_E","zone_edge_m":89.9,"nbhd_edge_m":null}},{"type":"Feature","geometry":{"type":"Point","coordinates":[-122.56237030029,49.207462310791]},"properties":{"id":556188,"datetime":"2026-10-06T21:07:34.000000Z","filename":"https://olm-s3.s3.eu-west-1.amazonaws.com/2026/10/06/7KKeN7oBQXmALXiB5PQqnWibSuzdcuHkZEmzwOHo.jpg","tags":[{"type":"standard","category":"food","item":"napkins","quantity":1},{"type":"material","category":"material","item":"paper","quantity":1,"parent_category":"food","parent_item":"napkins"}],"objects":[{"status":"OK","on_map":true,"group":"Convenient Food Drink","subgroup":"Take-out","layer":"Napkins","full_name":"Convenient Food Drink \u2013 Take-out \u2013 Napkins","olm_key":"food/napkins","quantity":1,"picked_up":true}],"groups":["litter"],"has_litter":true,"has_pet_waste":false,"has_substances":false,"zone":"cottonwood_zone_E","zone_edge_m":89.9,"nbhd_edge_m":null}},{"type":"Feature","geometry":{"type":"Point","coordinates":[-122.56237030029,49.207462310791]},"properties":{"id":556187,"datetime":"2026-10-06T21:07:43.000000Z","filename":"https://olm-s3.s3.eu-west-1.amazonaws.com/2026/10/06/eGgtVFLm7BVLdR3PV1ctlcUVJHdV3BowsrD60LYg.jpg","tags":[{"type":"standard","category":"other","item":"plastic","quantity":2}],"objects":[{"status":"OK","on_map":true,"group":"Piece","subgroup":"","layer":"Plastic Piece","full_name":"Piece \u2013 Plastic Piece","olm_key":"other/plastic","quantity":2,"picked_up":true}],"groups":["litter"],"has_litter":true,"has_pet_waste":false,"has_substances":false,"zone":"cottonwood_zone_E","zone_edge_m":89.9,"nbhd_edge_m":null}},{"type":"Feature","geometry":{"type":"Point","coordinates":[-122.56237030029,49.207462310791]},"properties":{"id":556186,"datetime":"2026-10-06T21:07:50.000000Z","filename":"https://olm-s3.s3.eu-west-1.amazonaws.com/2026/10/06/iXcoGtNq6dTq4k2z9gd6H7yITzCgtu9yOFAb1kIV.jpg","tags":[{"type":"standard","category":"food","item":"packet","quantity":1},{"type":"material","category":"material","item":"paper","quantity":1,"parent_category":"food","parent_item":"packet"}],"objects":[{"status":"OK","on_map":true,"group":"Convenient Food Drink","subgroup":"Take-out","layer":"Condiment Packets","full_name":"Convenient Food Drink \u2013 Take-out \u2013 Condiment Packets","olm_key":"food/packet","quantity":1,"picked_up":true}],"groups":["litter"],"has_litter":true,"has_pet_waste":false,"has_substances":false,"zone":"cottonwood_zone_E","zone_edge_m":89.9,"nbhd_edge_m":null}},{"type":"Feature","geometry":{"type":"Point","coordinates":[-122.56237030029,49.207462310791]},"properties":{"id":556185,"datetime":"2026-10-06T21:08:00.000000Z","filename":"https://olm-s3.s3.eu-west-1.amazonaws.com/2026/10/06/WwNGe6vlITifh1dAgtG3W0fcxKuV757b943aec5E.jpg","tags":[{"type":"standard","category":"other","item":"other","quantity":1},{"type":"material","category":"material","item":"polyester","quantity":1,"parent_category":"other","parent_item":"other"}],"objects":[{"status":"OK","on_map":true,"group":"Household","subgroup":"","layer":"Household misc","full_name":"Household \u2013 Household misc","olm_key":"other/other","quantity":1,"picked_up":true}],"groups":["litter"],"has_litter":true,"has_pet_waste":false,"has_substances":false,"zone":"cottonwood_zone_E","zone_edge_m":89.9,"nbhd_edge_m":null}},{"type":"Feature","geometry":{"type":"Point","coordinates":[-122.56237030029,49.207462310791]},"properties":{"id":556184,"datetime":"2026-10-06T21:08:09.000000Z","filename":"https://olm-s3.s3.eu-west-1.amazonaws.com/2026/10/06/xqWStIwmixdoXfoVgczjgXg153xb1CjIEktG5b01.jpg","tags":[{"type":"standard","category":"other","item":"plastic","quantity":1},{"type":"material","category":"material","item":"plastic","quantity":1,"parent_category":"other","parent_item":"plastic"},{"type":"material","category":"material","item":"foil","quantity":1,"parent_category":"other","parent_item":"plastic"}],"objects":[{"status":"OK","on_map":true,"group":"Piece","subgroup":"","layer":"Plastic Piece","full_name":"Piece \u2013 Plastic Piece","olm_key":"other/plastic","quantity":1,"picked_up":true}],"groups":["litter"],"has_litter":true,"has_pet_waste":false,"has_substances":false,"zone":"cottonwood_zone_E","zone_edge_m":89.9,"nbhd_edge_m":null}},{"type":"Feature","geometry":{"type":"Point","coordinates":[-122.56237030029,49.207462310791]},"properties":{"id":556183,"datetime":"2026-10-06T21:08:10.000000Z","filename":"https://olm-s3.s3.eu-west-1.amazonaws.com/2026/10/06/NExbevbgRo6CvI0ZvgO2SrX8mjuKcemFxMWieYTv.jpg","tags":[{"type":"standard","category":"other","item":"plastic","quantity":1}],"objects":[{"status":"OK","on_map":true,"group":"Piece","subgroup":"","layer":"Plastic Piece","full_name":"Piece \u2013 Plastic Piece","olm_key":"other/plastic","quantity":1,"picked_up":true}],"groups":["litter"],"has_litter":true,"has_pet_waste":false,"has_substances":false,"zone":"cottonwood_zone_E","zone_edge_m":89.9,"nbhd_edge_m":null}},{"type":"Feature","geometry":{"type":"Point","coordinates":[-122.56187438965,49.208106994629]},"properties":{"id":556182,"datetime":"2026-10-06T21:09:11.000000Z","filename":"https://olm-s3.s3.eu-west-1.amazonaws.com/2026/10/06/ZxNbWGymyuqqPk9o2dJSzr1GPgqYRxd4mPVn81Cz.jpg","tags":[{"type":"standard","category":"other","item":"paper","quantity":1}],"objects":[{"status":"OK","on_map":true,"group":"Piece","subgroup":"","layer":"Paper Piece","full_name":"Piece \u2013 Paper Piece","olm_key":"other/paper","quantity":1,"picked_up":true}],"groups":["litter"],"has_litter":true,"has_pet_waste":false,"has_substances":false,"zone":"cottonwood_zone_E","zone_edge_m":18.1,"nbhd_edge_m":null}},{"type":"Feature","geometry":{"type":"Point","coordinates":[-122.56187438965,49.208106994629]},"properties":{"id":556181,"datetime":"2026-10-06T21:09:29.000000Z","filename":"https://olm-s3.s3.eu-west-1.amazonaws.com/2026/10/06/aDqsLBNnybRTOMvT4Q4DomKh6PWG9UazGktPQJ04.jpg","tags":[{"type":"standard","category":"smoking","item":"butts","quantity":1}],"objects":[{"status":"OK","on_map":true,"group":"Smoking","subgroup":"","layer":"Cigarette Butts","full_name":"Smoking \u2013 Cigarette Butts","olm_key":"smoking/butts","quantity":1,"picked_up":true}],"groups":["substances"],"has_litter":false,"has_pet_waste":false,"has_substances":true,"zone":"cottonwood_zone_E","zone_edge_m":18.1,"nbhd_edge_m":null}},{"type":"Feature","geometry":{"type":"Point","coordinates":[-122.56187438965,49.208106994629]},"properties":{"id":556180,"datetime":"2026-10-06T21:10:00.000000Z","filename":"https://olm-s3.s3.eu-west-1.amazonaws.com/2026/10/06/2rOpB33LH18gJ7UcG700niPYwJUVQfKcPK9DlIzM.jpg","tags":[{"type":"standard","category":"food","item":"cutlery","quantity":1},{"type":"material","category":"material","item":"plastic","quantity":1,"parent_category":"food","parent_item":"cutlery"}],"objects":[{"status":"OK","on_map":true,"group":"Convenient Food Drink","subgroup":"Take-out","layer":"Cutlery","full_name":"Convenient Food Drink \u2013 Take-out \u2013 Cutlery","olm_key":"food/cutlery","quantity":1,"picked_up":true}],"groups":["litter"],"has_litter":true,"has_pet_waste":false,"has_substances":false,"zone":"cottonwood_zone_E","zone_edge_m":18.1,"nbhd_edge_m":null}},{"type":"Feature","geometry":{"type":"Point","coordinates":[-122.56187438965,49.208106994629]},"properties":{"id":556179,"datetime":"2026-10-06T21:10:40.000000Z","filename":"https://olm-s3.s3.eu-west-1.amazonaws.com/2026/10/06/uwdLF5qWTdQGPi4VjdC7iKZuJxjad7NcedjVQlDb.jpg","tags":[{"type":"standard","category":"pets","item":"dogshit","quantity":1}],"objects":[{"status":"OK","on_map":true,"group":"Fecal","subgroup":"","layer":"Pet Waste Unbagged","full_name":"Fecal \u2013 Pet Waste Unbagged","olm_key":"pets/dogshit","quantity":1,"picked_up":false}],"groups":["pet_waste"],"has_litter":false,"has_pet_waste":true,"has_substances":false,"zone":"cottonwood_zone_E","zone_edge_m":18.1,"nbhd_edge_m":null}},{"type":"Feature","geometry":{"type":"Point","coordinates":[-122.56187438965,49.208106994629]},"properties":{"id":556178,"datetime":"2026-10-06T21:11:03.000000Z","filename":"https://olm-s3.s3.eu-west-1.amazonaws.com/2026/10/06/v6NoHRZ1vWZPvxGYj2r8PSeM4LLpH4q5tLWc6V0q.jpg","tags":[{"type":"standard","category":"other","item":"plastic","quantity":1}],"objects":[{"status":"OK","on_map":true,"group":"Piece","subgroup":"","layer":"Plastic Piece","full_name":"Piece \u2013 Plastic Piece","olm_key":"other/plastic","quantity":1,"picked_up":true}],"groups":["litter"],"has_litter":true,"has_pet_waste":false,"has_substances":false,"zone":"cottonwood_zone_E","zone_edge_m":18.1,"nbhd_edge_m":null}},{"type":"Feature","geometry":{"type":"Point","coordinates":[-122.5616607666,49.209217071533]},"properties":{"id":556177,"datetime":"2026-10-06T21:11:36.000000Z","filename":"https://olm-s3.s3.eu-west-1.amazonaws.com/2026/10/06/6NH3Gn9PgQO7btuXORPCZLPjSWUZofZu8eMhqdxx.jpg","tags":[{"type":"standard","category":"other","item":"plastic","quantity":1}],"objects":[{"status":"OK","on_map":true,"group":"Piece","subgroup":"","layer":"Plastic Piece","full_name":"Piece \u2013 Plastic Piece","olm_key":"other/plastic","quantity":1,"picked_up":true}],"groups":["litter"],"has_litter":true,"has_pet_waste":false,"has_substances":false,"zone":"cottonwood_zone_D","zone_edge_m":62.7,"nbhd_edge_m":null}},{"type":"Feature","geometry":{"type":"Point","coordinates":[-122.5616607666,49.209217071533]},"properties":{"id":556176,"datetime":"2026-10-06T21:11:49.000000Z","filename":"https://olm-s3.s3.eu-west-1.amazonaws.com/2026/10/06/23y6xPLPgsHcYFgIrx04AsIapMMH9GujTs2kHWeA.jpg","tags":[{"type":"standard","category":"food","item":"cutlery","quantity":1}],"objects":[{"status":"OK","on_map":true,"group":"Convenient Food Drink","subgroup":"Take-out","layer":"Cutlery","full_name":"Convenient Food Drink \u2013 Take-out \u2013 Cutlery","olm_key":"food/cutlery","quantity":1,"picked_up":true}],"groups":["litter"],"has_litter":true,"has_pet_waste":false,"has_substances":false,"zone":"cottonwood_zone_D","zone_edge_m":62.7,"nbhd_edge_m":null}},{"type":"Feature","geometry":{"type":"Point","coordinates":[-122.5599822998,49.210006713867]},"properties":{"id":556156,"datetime":"2026-10-05T20:00:19.000000Z","filename":"https://olm-s3.s3.eu-west-1.amazonaws.com/2026/10/05/TNyWRzb07XTw5430SjT3t9R9vu4hSeXSg5L53Llr.jpg","tags":[{"type":"standard","category":"other","item":"plastic","quantity":1}],"objects":[{"status":"OK","on_map":true,"group":"Piece","subgroup":"","layer":"Plastic Piece","full_name":"Piece \u2013 Plastic Piece","olm_key":"other/plastic","quantity":1,"picked_up":true}],"groups":["litter"],"has_litter":true,"has_pet_waste":false,"has_substances":false,"zone":"cottonwood_zone_C","zone_edge_m":25.2,"nbhd_edge_m":null}},{"type":"Feature","geometry":{"type":"Point","coordinates":[-122.55683135986,49.208740234375]},"properties":{"id":556155,"datetime":"2026-10-05T20:11:21.000000Z","filename":"https://olm-s3.s3.eu-west-1.amazonaws.com/2026/10/05/mJiZjHVFr4ehIleAfieaxIDsxdHQzIU5PiuACoJ8.jpg","tags":[{"type":"standard","category":"smoking","item":"butts","quantity":1}],"objects":[{"status":"OK","on_map":true,"group":"Smoking","subgroup":"","layer":"Cigarette Butts","full_name":"Smoking \u2013 Cigarette Butts","olm_key":"smoking/butts","quantity":1,"picked_up":true}],"groups":["substances"],"has_litter":false,"has_pet_waste":false,"has_substances":true,"zone":"cottonwood_zone_D","zone_edge_m":52.3,"nbhd_edge_m":null}},{"type":"Feature","geometry":{"type":"Point","coordinates":[-122.55673980713,49.208320617676]},"properties":{"id":556154,"datetime":"2026-10-05T20:13:47.000000Z","filename":"https://olm-s3.s3.eu-west-1.amazonaws.com/2026/10/05/SDcBRlGGKZ3AXHY2aNAWcC0AEAoaosTg6TqhZQ1a.jpg","tags":[{"type":"standard","category":"other","item":"paper","quantity":1},{"type":"material","category":"material","item":"paper","quantity":1,"parent_category":"other","parent_item":"paper"},{"type":"material","category":"material","item":"plastic","quantity":1,"parent_category":"other","parent_item":"paper"},{"type":"material","category":"material","item":"foil","quantity":1,"parent_category":"other","parent_item":"paper"}],"objects":[{"status":"OK","on_map":true,"group":"Piece","subgroup":"","layer":"Paper Piece","full_name":"Piece \u2013 Paper Piece","olm_key":"other/paper","quantity":1,"picked_up":true}],"groups":["litter"],"has_litter":true,"has_pet_waste":false,"has_substances":false,"zone":"cottonwood_zone_D","zone_edge_m":5.6,"nbhd_edge_m":null}},{"type":"Feature","geometry":{"type":"Point","coordinates":[-122.55668640137,49.207641601562]},"properties":{"id":556153,"datetime":"2026-10-05T20:20:20.000000Z","filename":"https://olm-s3.s3.eu-west-1.amazonaws.com/2026/10/05/g2UiF76LXaTwjhMxByeDAktsBI75FaR6jrIWLHdw.jpg","tags":[{"type":"standard","category":"other","item":"plastic","quantity":1}],"objects":[{"status":"OK","on_map":true,"group":"Piece","subgroup":"","layer":"Plastic Piece","full_name":"Piece \u2013 Plastic Piece","olm_key":"other/plastic","quantity":1,"picked_up":true}],"groups":["litter"],"has_litter":true,"has_pet_waste":false,"has_substances":false,"zone":"cottonwood_zone_E","zone_edge_m":49.9,"nbhd_edge_m":null}},{"type":"Feature","geometry":{"type":"Point","coordinates":[-122.55689239502,49.206214904785]},"properties":{"id":556152,"datetime":"2026-10-05T20:27:22.000000Z","filename":"https://olm-s3.s3.eu-west-1.amazonaws.com/2026/10/05/PrizYYbnp2TWpEvzBxMNX33YFtA2spr9QktS9Us5.jpg","tags":[{"type":"standard","category":"other","item":"plastic","quantity":1},{"type":"material","category":"material","item":"plastic","quantity":1,"parent_category":"other","parent_item":"plastic"},{"type":"material","category":"material","item":"foil","quantity":1,"parent_category":"other","parent_item":"plastic"},{"type":"brand","category":"brand","item":"cadburys","quantity":1,"parent_category":"other","parent_item":"plastic"}],"objects":[{"status":"OK","on_map":true,"group":"Piece","subgroup":"","layer":"Plastic Piece","full_name":"Piece \u2013 Plastic Piece","olm_key":"other/plastic","quantity":1,"picked_up":true}],"groups":["litter"],"has_litter":true,"has_pet_waste":false,"has_substances":false,"zone":"cottonwood_zone_E","zone_edge_m":64.9,"nbhd_edge_m":null}},{"type":"Feature","geometry":{"type":"Point","coordinates":[-122.55681610107,49.206199645996]},"properties":{"id":556151,"datetime":"2026-10-05T20:30:40.000000Z","filename":"https://olm-s3.s3.eu-west-1.amazonaws.com/2026/10/05/fglByJzVaSm9p3FxDVHn9NPzWP7wzY2t4pemYZRN.jpg","tags":[{"type":"standard","category":"other","item":"paper","quantity":1},{"type":"material","category":"material","item":"paper","quantity":1,"parent_category":"other","parent_item":"paper"}],"objects":[{"status":"OK","on_map":true,"group":"Piece","subgroup":"","layer":"Paper Piece","full_name":"Piece \u2013 Paper Piece","olm_key":"other/paper","quantity":1,"picked_up":true}],"groups":["litter"],"has_litter":true,"has_pet_waste":false,"has_substances":false,"zone":"cottonwood_zone_E","zone_edge_m":59.4,"nbhd_edge_m":null}},{"type":"Feature","geometry":{"type":"Point","coordinates":[-122.55680084229,49.209720611572]},"properties":{"id":556150,"datetime":"2026-10-05T20:46:33.000000Z","filename":"https://olm-s3.s3.eu-west-1.amazonaws.com/2026/10/05/MsIqmxZCaAnXMESKz1TlESul0CDkXEzVg1IX8kdR.jpg","tags":[{"type":"standard","category":"other","item":"paper","quantity":1},{"type":"material","category":"material","item":"paper","quantity":1,"parent_category":"other","parent_item":"paper"}],"objects":[{"status":"OK","on_map":true,"group":"Piece","subgroup":"","layer":"Paper Piece","full_name":"Piece \u2013 Paper Piece","olm_key":"other/paper","quantity":1,"picked_up":true}],"groups":["litter"],"has_litter":true,"has_pet_waste":false,"has_substances":false,"zone":"cottonwood_zone_D","zone_edge_m":6.6,"nbhd_edge_m":null}},{"type":"Feature","geometry":{"type":"Point","coordinates":[-122.56119537354,49.210231781006]},"properties":{"id":556149,"datetime":"2026-10-05T19:59:14.000000Z","filename":"https://olm-s3.s3.eu-west-1.amazonaws.com/2026/10/05/L53qFlHkmrqaB6rhll1Enow0kry0u0mp8NQrkTa1.jpg","tags":[{"type":"standard","category":"other","item":"paper","quantity":1},{"type":"material","category":"material","item":"paper","quantity":1,"parent_category":"other","parent_item":"paper"},{"type":"custom_tag","category":"custom_tag","item":"flyer","quantity":1,"parent_category":"other","parent_item":"paper"}],"objects":[{"status":"OK","on_map":true,"group":"Piece","subgroup":"","layer":"Paper Piece","full_name":"Piece \u2013 Paper Piece","olm_key":"other/paper","quantity":1,"picked_up":true}],"groups":["litter"],"has_litter":true,"has_pet_waste":false,"has_substances":false,"zone":"cottonwood_zone_C","zone_edge_m":50.3,"nbhd_edge_m":null}},{"type":"Feature","geometry":{"type":"Point","coordinates":[-122.56119537354,49.210231781006]},"properties":{"id":556148,"datetime":"2026-10-05T19:59:44.000000Z","filename":"https://olm-s3.s3.eu-west-1.amazonaws.com/2026/10/05/rKRrE5q83aZbKoi3GH8gC0uYggDgMiSkNeasEfPT.jpg","tags":[{"type":"standard","category":"smoking","item":"butts","quantity":1}],"objects":[{"status":"OK","on_map":true,"group":"Smoking","subgroup":"","layer":"Cigarette Butts","full_name":"Smoking \u2013 Cigarette Butts","olm_key":"smoking/butts","quantity":1,"picked_up":true}],"groups":["substances"],"has_litter":false,"has_pet_waste":false,"has_substances":true,"zone":"cottonwood_zone_C","zone_edge_m":50.3,"nbhd_edge_m":null}},{"type":"Feature","geometry":{"type":"Point","coordinates":[-122.56119537354,49.210231781006]},"properties":{"id":556147,"datetime":"2026-10-05T20:00:06.000000Z","filename":"https://olm-s3.s3.eu-west-1.amazonaws.com/2026/10/05/d7IQdH17iVGShtmAY50OiWmeLPmfgwb5NsMe7P4S.jpg","tags":[{"type":"standard","category":"smoking","item":"butts","quantity":1}],"objects":[{"status":"OK","on_map":true,"group":"Smoking","subgroup":"","layer":"Cigarette Butts","full_name":"Smoking \u2013 Cigarette Butts","olm_key":"smoking/butts","quantity":1,"picked_up":true}],"groups":["substances"],"has_litter":false,"has_pet_waste":false,"has_substances":true,"zone":"cottonwood_zone_C","zone_edge_m":50.3,"nbhd_edge_m":null}},{"type":"Feature","geometry":{"type":"Point","coordinates":[-122.5599822998,49.210006713867]},"properties":{"id":556146,"datetime":"2026-10-05T20:00:37.000000Z","filename":"https://olm-s3.s3.eu-west-1.amazonaws.com/2026/10/05/PI27gt8zzhEGrqHfd82iM0JRpJKvec8U3tPDBATy.jpg","tags":[{"type":"standard","category":"food","item":"wrapper","quantity":1},{"type":"material","category":"material","item":"plastic","quantity":1,"parent_category":"food","parent_item":"wrapper"},{"type":"material","category":"material","item":"foil","quantity":1,"parent_category":"food","parent_item":"wrapper"}],"objects":[{"status":"OK","on_map":true,"group":"Convenient Food Drink","subgroup":"Snack","layer":"Foil / Plastic Film Snack Wrapper","full_name":"Convenient Food Drink \u2013 Snack \u2013 Foil / Plastic Film Snack Wrapper","olm_key":"food/wrapper","quantity":1,"picked_up":true}],"groups":["litter"],"has_litter":true,"has_pet_waste":false,"has_substances":false,"zone":"cottonwood_zone_C","zone_edge_m":25.2,"nbhd_edge_m":null}},{"type":"Feature","geometry":{"type":"Point","coordinates":[-122.5599822998,49.210006713867]},"properties":{"id":556145,"datetime":"2026-10-05T20:01:10.000000Z","filename":"https://olm-s3.s3.eu-west-1.amazonaws.com/2026/10/05/Id7hySrpWqJ8xXKmVjvQLRnwAHMliXfMDuNZonum.jpg","tags":[{"type":"standard","category":"other","item":"plastic","quantity":1}],"objects":[{"status":"OK","on_map":true,"group":"Piece","subgroup":"","layer":"Plastic Piece","full_name":"Piece \u2013 Plastic Piece","olm_key":"other/plastic","quantity":1,"picked_up":true}],"groups":["litter"],"has_litter":true,"has_pet_waste":false,"has_substances":false,"zone":"cottonwood_zone_C","zone_edge_m":25.2,"nbhd_edge_m":null}},{"type":"Feature","geometry":{"type":"Point","coordinates":[-122.5599822998,49.210006713867]},"properties":{"id":556144,"datetime":"2026-10-05T20:02:18.000000Z","filename":"https://olm-s3.s3.eu-west-1.amazonaws.com/2026/10/05/dxfPHqP8jBSMFobS4CuDt9tFZl5mHj4sM9IGl2Mo.jpg","tags":[{"type":"standard","category":"smoking","item":"butts","quantity":1}],"objects":[{"status":"OK","on_map":true,"group":"Smoking","subgroup":"","layer":"Cigarette Butts","full_name":"Smoking \u2013 Cigarette Butts","olm_key":"smoking/butts","quantity":1,"picked_up":true}],"groups":["substances"],"has_litter":false,"has_pet_waste":false,"has_substances":true,"zone":"cottonwood_zone_C","zone_edge_m":25.2,"nbhd_edge_m":null}},{"type":"Feature","geometry":{"type":"Point","coordinates":[-122.5599822998,49.210006713867]},"properties":{"id":556143,"datetime":"2026-10-05T20:02:23.000000Z","filename":"https://olm-s3.s3.eu-west-1.amazonaws.com/2026/10/05/SdbENfBFDwXhGqlgGjXpQMG4ihBnccaJhzULYfyc.jpg","tags":[{"type":"standard","category":"smoking","item":"butts","quantity":1}],"objects":[{"status":"OK","on_map":true,"group":"Smoking","subgroup":"","layer":"Cigarette Butts","full_name":"Smoking \u2013 Cigarette Butts","olm_key":"smoking/butts","quantity":1,"picked_up":true}],"groups":["substances"],"has_litter":false,"has_pet_waste":false,"has_substances":true,"zone":"cottonwood_zone_C","zone_edge_m":25.2,"nbhd_edge_m":null}},{"type":"Feature","geometry":{"type":"Point","coordinates":[-122.5599822998,49.210006713867]},"properties":{"id":556142,"datetime":"2026-10-05T20:02:53.000000Z","filename":"https://olm-s3.s3.eu-west-1.amazonaws.com/2026/10/05/FLEUcBB4CVZL59LqFrufHM3loxHhGlaoW9aYpCub.jpg","tags":[{"type":"standard","category":"smoking","item":"butts","quantity":1}],"objects":[{"status":"OK","on_map":true,"group":"Smoking","subgroup":"","layer":"Cigarette Butts","full_name":"Smoking \u2013 Cigarette Butts","olm_key":"smoking/butts","quantity":1,"picked_up":true}],"groups":["substances"],"has_litter":false,"has_pet_waste":false,"has_substances":true,"zone":"cottonwood_zone_C","zone_edge_m":25.2,"nbhd_edge_m":null}},{"type":"Feature","geometry":{"type":"Point","coordinates":[-122.5599822998,49.210006713867]},"properties":{"id":556141,"datetime":"2026-10-05T20:02:58.000000Z","filename":"https://olm-s3.s3.eu-west-1.amazonaws.com/2026/10/05/mF7RxTzxUc1MPTAUzcnRa8cyMDwBH0cBCq52Na8f.jpg","tags":[{"type":"standard","category":"smoking","item":"butts","quantity":1}],"objects":[{"status":"OK","on_map":true,"group":"Smoking","subgroup":"","layer":"Cigarette Butts","full_name":"Smoking \u2013 Cigarette Butts","olm_key":"smoking/butts","quantity":1,"picked_up":true}],"groups":["substances"],"has_litter":false,"has_pet_waste":false,"has_substances":true,"zone":"cottonwood_zone_C","zone_edge_m":25.2,"nbhd_edge_m":null}},{"type":"Feature","geometry":{"type":"Point","coordinates":[-122.5599822998,49.210006713867]},"properties":{"id":556140,"datetime":"2026-10-05T20:03:06.000000Z","filename":"https://olm-s3.s3.eu-west-1.amazonaws.com/2026/10/05/qeC6EQG6H0dkAbVPox983bEzMW7eUVBob34jx75c.jpg","tags":[{"type":"standard","category":"smoking","item":"butts","quantity":1}],"objects":[{"status":"OK","on_map":true,"group":"Smoking","subgroup":"","layer":"Cigarette Butts","full_name":"Smoking \u2013 Cigarette Butts","olm_key":"smoking/butts","quantity":1,"picked_up":true}],"groups":["substances"],"has_litter":false,"has_pet_waste":false,"has_substances":true,"zone":"cottonwood_zone_C","zone_edge_m":25.2,"nbhd_edge_m":null}},{"type":"Feature","geometry":{"type":"Point","coordinates":[-122.5599822998,49.210006713867]},"properties":{"id":556139,"datetime":"2026-10-05T20:03:10.000000Z","filename":"https://olm-s3.s3.eu-west-1.amazonaws.com/2026/10/05/Y2DIS0iL97YEHNt7YUFFgoNDRxf2gO9FMM3mFbS8.jpg","tags":[{"type":"standard","category":"smoking","item":"butts","quantity":2}],"objects":[{"status":"OK","on_map":true,"group":"Smoking","subgroup":"","layer":"Cigarette Butts","full_name":"Smoking \u2013 Cigarette Butts","olm_key":"smoking/butts","quantity":2,"picked_up":true}],"groups":["substances"],"has_litter":false,"has_pet_waste":false,"has_substances":true,"zone":"cottonwood_zone_C","zone_edge_m":25.2,"nbhd_edge_m":null}},{"type":"Feature","geometry":{"type":"Point","coordinates":[-122.5599822998,49.210006713867]},"properties":{"id":556138,"datetime":"2026-10-05T20:03:16.000000Z","filename":"https://olm-s3.s3.eu-west-1.amazonaws.com/2026/10/05/ACMk9tsoTBfW8RSUr0Xl6TT5UlzvVwa2I6pLc9hQ.jpg","tags":[{"type":"standard","category":"softdrinks","item":"bottle","quantity":1,"object_type":"energy"}],"objects":[{"status":"OK","on_map":true,"group":"Convenient Food Drink","subgroup":"Drink","layer":"Plastic or Glass Drink Bottle","full_name":"Convenient Food Drink \u2013 Drink \u2013 Plastic or Glass Drink Bottle","olm_key":"softdrinks/bottle","quantity":1,"picked_up":true}],"groups":["litter"],"has_litter":true,"has_pet_waste":false,"has_substances":false,"zone":"cottonwood_zone_C","zone_edge_m":25.2,"nbhd_edge_m":null}},{"type":"Feature","geometry":{"type":"Point","coordinates":[-122.5599822998,49.210006713867]},"properties":{"id":556137,"datetime":"2026-10-05T20:03:20.000000Z","filename":"https://olm-s3.s3.eu-west-1.amazonaws.com/2026/10/05/o9JmwxxfP3qDpbUTBqtDwRDy3MhCWtGf1r8MAjYN.jpg","tags":[{"type":"standard","category":"other","item":"plastic","quantity":1}],"objects":[{"status":"OK","on_map":true,"group":"Piece","subgroup":"","layer":"Plastic Piece","full_name":"Piece \u2013 Plastic Piece","olm_key":"other/plastic","quantity":1,"picked_up":true}],"groups":["litter"],"has_litter":true,"has_pet_waste":false,"has_substances":false,"zone":"cottonwood_zone_C","zone_edge_m":25.2,"nbhd_edge_m":null}},{"type":"Feature","geometry":{"type":"Point","coordinates":[-122.55723571777,49.210208892822]},"properties":{"id":556136,"datetime":"2026-10-05T20:03:27.000000Z","filename":"https://olm-s3.s3.eu-west-1.amazonaws.com/2026/10/05/Wq7MVWpc5RQ00bSF6AXmHXMSo7WLqLecaxANtt2T.jpg","tags":[{"type":"standard","category":"smoking","item":"butts","quantity":1}],"objects":[{"status":"OK","on_map":true,"group":"Smoking","subgroup":"","layer":"Cigarette Butts","full_name":"Smoking \u2013 Cigarette Butts","olm_key":"smoking/butts","quantity":1,"picked_up":true}],"groups":["substances"],"has_litter":false,"has_pet_waste":false,"has_substances":true,"zone":"cottonwood_zone_C","zone_edge_m":47.7,"nbhd_edge_m":null}},{"type":"Feature","geometry":{"type":"Point","coordinates":[-122.55731201172,49.210315704346]},"properties":{"id":556135,"datetime":"2026-10-05T20:03:31.000000Z","filename":"https://olm-s3.s3.eu-west-1.amazonaws.com/2026/10/05/6QKozKS4cfwQunb30iYzW9HvQOF71c77TbCo3lHo.jpg","tags":[{"type":"standard","category":"smoking","item":"butts","quantity":1}],"objects":[{"status":"OK","on_map":true,"group":"Smoking","subgroup":"","layer":"Cigarette Butts","full_name":"Smoking \u2013 Cigarette Butts","olm_key":"smoking/butts","quantity":1,"picked_up":true}],"groups":["substances"],"has_litter":false,"has_pet_waste":false,"has_substances":true,"zone":"cottonwood_zone_C","zone_edge_m":59.6,"nbhd_edge_m":null}},{"type":"Feature","geometry":{"type":"Point","coordinates":[-122.55731201172,49.210315704346]},"properties":{"id":556134,"datetime":"2026-10-05T20:03:48.000000Z","filename":"https://olm-s3.s3.eu-west-1.amazonaws.com/2026/10/05/de6eJFfY1eLRA2cGdVMmbQhjTAJeGuqOG3fY2Dg1.jpg","tags":[{"type":"standard","category":"smoking","item":"butts","quantity":2}],"objects":[{"status":"OK","on_map":true,"group":"Smoking","subgroup":"","layer":"Cigarette Butts","full_name":"Smoking \u2013 Cigarette Butts","olm_key":"smoking/butts","quantity":2,"picked_up":true}],"groups":["substances"],"has_litter":false,"has_pet_waste":false,"has_substances":true,"zone":"cottonwood_zone_C","zone_edge_m":59.6,"nbhd_edge_m":null}},{"type":"Feature","geometry":{"type":"Point","coordinates":[-122.55731201172,49.210315704346]},"properties":{"id":556133,"datetime":"2026-10-05T20:04:11.000000Z","filename":"https://olm-s3.s3.eu-west-1.amazonaws.com/2026/10/05/C4qUEgWaitcDsCkG8zbxCQhsJSULuVtiS4bMM7nO.jpg","tags":[{"type":"standard","category":"food","item":"wrapper","quantity":1},{"type":"material","category":"material","item":"paper","quantity":1,"parent_category":"food","parent_item":"wrapper"}],"objects":[{"status":"OK","on_map":true,"group":"Convenient Food Drink","subgroup":"Snack","layer":"Foil / Plastic Film Snack Wrapper","full_name":"Convenient Food Drink \u2013 Snack \u2013 Foil / Plastic Film Snack Wrapper","olm_key":"food/wrapper","quantity":1,"picked_up":true}],"groups":["litter"],"has_litter":true,"has_pet_waste":false,"has_substances":false,"zone":"cottonwood_zone_C","zone_edge_m":59.6,"nbhd_edge_m":null}},{"type":"Feature","geometry":{"type":"Point","coordinates":[-122.55731201172,49.210315704346]},"properties":{"id":556132,"datetime":"2026-10-05T20:04:16.000000Z","filename":"https://olm-s3.s3.eu-west-1.amazonaws.com/2026/10/05/3XSdVlLgUPdfXYO65tGnkPHmKAC3RHTtECbThzdH.jpg","tags":[{"type":"standard","category":"other","item":"plastic_bag","quantity":1}],"objects":[{"status":"OK","on_map":true,"group":"Household","subgroup":"","layer":"Household Plastic Bag","full_name":"Household \u2013 Household Plastic Bag","olm_key":"other/plastic_bag","quantity":1,"picked_up":true}],"groups":["litter"],"has_litter":true,"has_pet_waste":false,"has_substances":false,"zone":"cottonwood_zone_C","zone_edge_m":59.6,"nbhd_edge_m":null}},{"type":"Feature","geometry":{"type":"Point","coordinates":[-122.55731201172,49.210315704346]},"properties":{"id":556131,"datetime":"2026-10-05T20:04:37.000000Z","filename":"https://olm-s3.s3.eu-west-1.amazonaws.com/2026/10/05/4dfk3nrj0ZUmIRUTf6H3rraXasz8sRkSm6GfYDOx.jpg","tags":[{"type":"standard","category":"smoking","item":"butts","quantity":1}],"objects":[{"status":"OK","on_map":true,"group":"Smoking","subgroup":"","layer":"Cigarette Butts","full_name":"Smoking \u2013 Cigarette Butts","olm_key":"smoking/butts","quantity":1,"picked_up":true}],"groups":["substances"],"has_litter":false,"has_pet_waste":false,"has_substances":true,"zone":"cottonwood_zone_C","zone_edge_m":59.6,"nbhd_edge_m":null}},{"type":"Feature","geometry":{"type":"Point","coordinates":[-122.55731201172,49.210315704346]},"properties":{"id":556130,"datetime":"2026-10-05T20:05:03.000000Z","filename":"https://olm-s3.s3.eu-west-1.amazonaws.com/2026/10/05/P5r0Q9R6pCLCxO9j7GMKry1yc0pFPUZxy6WaIehI.jpg","tags":[{"type":"standard","category":"smoking","item":"butts","quantity":1}],"objects":[{"status":"OK","on_map":true,"group":"Smoking","subgroup":"","layer":"Cigarette Butts","full_name":"Smoking \u2013 Cigarette Butts","olm_key":"smoking/butts","quantity":1,"picked_up":true}],"groups":["substances"],"has_litter":false,"has_pet_waste":false,"has_substances":true,"zone":"cottonwood_zone_C","zone_edge_m":59.6,"nbhd_edge_m":null}},{"type":"Feature","geometry":{"type":"Point","coordinates":[-122.55731201172,49.210315704346]},"properties":{"id":556129,"datetime":"2026-10-05T20:05:06.000000Z","filename":"https://olm-s3.s3.eu-west-1.amazonaws.com/2026/10/05/PXWQbUvfNOnKEhS0ZW6WDmGdPtxmC4IcjP3h2fde.jpg","tags":[{"type":"standard","category":"smoking","item":"butts","quantity":1}],"objects":[{"status":"OK","on_map":true,"group":"Smoking","subgroup":"","layer":"Cigarette Butts","full_name":"Smoking \u2013 Cigarette Butts","olm_key":"smoking/butts","quantity":1,"picked_up":true}],"groups":["substances"],"has_litter":false,"has_pet_waste":false,"has_substances":true,"zone":"cottonwood_zone_C","zone_edge_m":59.6,"nbhd_edge_m":null}},{"type":"Feature","geometry":{"type":"Point","coordinates":[-122.55731201172,49.210315704346]},"properties":{"id":556128,"datetime":"2026-10-05T20:05:23.000000Z","filename":"https://olm-s3.s3.eu-west-1.amazonaws.com/2026/10/05/UmnFlRjzKiOC1o15CpMFcm1ALNLfDHJZDlBJObVa.jpg","tags":[{"type":"standard","category":"smoking","item":"butts","quantity":1}],"objects":[{"status":"OK","on_map":true,"group":"Smoking","subgroup":"","layer":"Cigarette Butts","full_name":"Smoking \u2013 Cigarette Butts","olm_key":"smoking/butts","quantity":1,"picked_up":true}],"groups":["substances"],"has_litter":false,"has_pet_waste":false,"has_substances":true,"zone":"cottonwood_zone_C","zone_edge_m":59.6,"nbhd_edge_m":null}},{"type":"Feature","geometry":{"type":"Point","coordinates":[-122.55731201172,49.210315704346]},"properties":{"id":556127,"datetime":"2026-10-05T20:05:47.000000Z","filename":"https://olm-s3.s3.eu-west-1.amazonaws.com/2026/10/05/Jp9W6Ce6UaylaXvA6ESbgpuX89xwHLj9W2EO6hFl.jpg","tags":[{"type":"standard","category":"other","item":"paper","quantity":1},{"type":"material","category":"material","item":"paper","quantity":1,"parent_category":"other","parent_item":"paper"}],"objects":[{"status":"OK","on_map":true,"group":"Piece","subgroup":"","layer":"Paper Piece","full_name":"Piece \u2013 Paper Piece","olm_key":"other/paper","quantity":1,"picked_up":true}],"groups":["litter"],"has_litter":true,"has_pet_waste":false,"has_substances":false,"zone":"cottonwood_zone_C","zone_edge_m":59.6,"nbhd_edge_m":null}},{"type":"Feature","geometry":{"type":"Point","coordinates":[-122.55731201172,49.210315704346]},"properties":{"id":556126,"datetime":"2026-10-05T20:06:11.000000Z","filename":"https://olm-s3.s3.eu-west-1.amazonaws.com/2026/10/05/F5DuhFQAaOCKXZKywasYrSlrpbqnRl72e3g8odf9.jpg","tags":[{"type":"standard","category":"smoking","item":"butts","quantity":1}],"objects":[{"status":"OK","on_map":true,"group":"Smoking","subgroup":"","layer":"Cigarette Butts","full_name":"Smoking \u2013 Cigarette Butts","olm_key":"smoking/butts","quantity":1,"picked_up":true}],"groups":["substances"],"has_litter":false,"has_pet_waste":false,"has_substances":true,"zone":"cottonwood_zone_C","zone_edge_m":59.6,"nbhd_edge_m":null}},{"type":"Feature","geometry":{"type":"Point","coordinates":[-122.55731201172,49.210315704346]},"properties":{"id":556125,"datetime":"2026-10-05T20:06:18.000000Z","filename":"https://olm-s3.s3.eu-west-1.amazonaws.com/2026/10/05/o3M6vkjSzznRFuCFPvfgMV9jDBbn68Jd3Gtyr8ZG.jpg","tags":[{"type":"standard","category":"softdrinks","item":"cup","quantity":1},{"type":"material","category":"material","item":"plastic","quantity":1,"parent_category":"softdrinks","parent_item":"cup"},{"type":"brand","category":"brand","item":"tim_hortons","quantity":1,"parent_category":"softdrinks","parent_item":"cup"}],"objects":[{"status":"OK","on_map":true,"group":"Convenient Food Drink","subgroup":"Drink","layer":"Cold Beverage Cup","full_name":"Convenient Food Drink \u2013 Drink \u2013 Cold Beverage Cup","olm_key":"softdrinks/cup","quantity":1,"picked_up":true}],"groups":["litter"],"has_litter":true,"has_pet_waste":false,"has_substances":false,"zone":"cottonwood_zone_C","zone_edge_m":59.6,"nbhd_edge_m":null}},{"type":"Feature","geometry":{"type":"Point","coordinates":[-122.55731201172,49.210315704346]},"properties":{"id":556124,"datetime":"2026-10-05T20:06:27.000000Z","filename":"https://olm-s3.s3.eu-west-1.amazonaws.com/2026/10/05/RdKRZSNJRa6zygi3D9DnDfmGSJBlJJCEHq5Z53Zt.jpg","tags":[{"type":"standard","category":"softdrinks","item":"straw","quantity":1}],"objects":[{"status":"OK","on_map":true,"group":"Convenient Food Drink","subgroup":"Drink","layer":"Paper Drink Straws","full_name":"Convenient Food Drink \u2013 Drink \u2013 Paper Drink Straws","olm_key":"softdrinks/straw","quantity":1,"picked_up":true}],"groups":["litter"],"has_litter":true,"has_pet_waste":false,"has_substances":false,"zone":"cottonwood_zone_C","zone_edge_m":59.6,"nbhd_edge_m":null}},{"type":"Feature","geometry":{"type":"Point","coordinates":[-122.55731201172,49.210315704346]},"properties":{"id":556123,"datetime":"2026-10-05T20:06:36.000000Z","filename":"https://olm-s3.s3.eu-west-1.amazonaws.com/2026/10/05/IbGV2jsVuE2GJmhQZt5NdYpkn4vJMKn2VD8UlsNV.jpg","tags":[{"type":"standard","category":"other","item":"plastic","quantity":1}],"objects":[{"status":"OK","on_map":true,"group":"Piece","subgroup":"","layer":"Plastic Piece","full_name":"Piece \u2013 Plastic Piece","olm_key":"other/plastic","quantity":1,"picked_up":true}],"groups":["litter"],"has_litter":true,"has_pet_waste":false,"has_substances":false,"zone":"cottonwood_zone_C","zone_edge_m":59.6,"nbhd_edge_m":null}},{"type":"Feature","geometry":{"type":"Point","coordinates":[-122.55731201172,49.210315704346]},"properties":{"id":556122,"datetime":"2026-10-05T20:06:47.000000Z","filename":"https://olm-s3.s3.eu-west-1.amazonaws.com/2026/10/05/aD17YByv5RpVBvHPwdhRFpOiC2S1EABsop3Qq6zA.jpg","tags":[{"type":"standard","category":"smoking","item":"butts","quantity":1}],"objects":[{"status":"OK","on_map":true,"group":"Smoking","subgroup":"","layer":"Cigarette Butts","full_name":"Smoking \u2013 Cigarette Butts","olm_key":"smoking/butts","quantity":1,"picked_up":true}],"groups":["substances"],"has_litter":false,"has_pet_waste":false,"has_substances":true,"zone":"cottonwood_zone_C","zone_edge_m":59.6,"nbhd_edge_m":null}},{"type":"Feature","geometry":{"type":"Point","coordinates":[-122.55731201172,49.210315704346]},"properties":{"id":556121,"datetime":"2026-10-05T20:06:59.000000Z","filename":"https://olm-s3.s3.eu-west-1.amazonaws.com/2026/10/05/JsWIj2amN28AmuLozzeGqNJi4d09WpVMaNEgKKNN.jpg","tags":[{"type":"standard","category":"other","item":"plastic","quantity":1}],"objects":[{"status":"OK","on_map":true,"group":"Piece","subgroup":"","layer":"Plastic Piece","full_name":"Piece \u2013 Plastic Piece","olm_key":"other/plastic","quantity":1,"picked_up":true}],"groups":["litter"],"has_litter":true,"has_pet_waste":false,"has_substances":false,"zone":"cottonwood_zone_C","zone_edge_m":59.6,"nbhd_edge_m":null}},{"type":"Feature","geometry":{"type":"Point","coordinates":[-122.55731201172,49.210315704346]},"properties":{"id":556120,"datetime":"2026-10-05T20:07:09.000000Z","filename":"https://olm-s3.s3.eu-west-1.amazonaws.com/2026/10/05/Iy3g3hneqnJUgYMm7GlvNb14jGAsZeI2oalSEcKR.jpg","tags":[{"type":"standard","category":"other","item":"plastic","quantity":1}],"objects":[{"status":"OK","on_map":true,"group":"Piece","subgroup":"","layer":"Plastic Piece","full_name":"Piece \u2013 Plastic Piece","olm_key":"other/plastic","quantity":1,"picked_up":true}],"groups":["litter"],"has_litter":true,"has_pet_waste":false,"has_substances":false,"zone":"cottonwood_zone_C","zone_edge_m":59.6,"nbhd_edge_m":null}},{"type":"Feature","geometry":{"type":"Point","coordinates":[-122.55731201172,49.210315704346]},"properties":{"id":556119,"datetime":"2026-10-05T20:07:13.000000Z","filename":"https://olm-s3.s3.eu-west-1.amazonaws.com/2026/10/05/YkfbI8LxdW9ylp8fAAPFj72yQMYbdj9laj50cdm4.jpg","tags":[{"type":"standard","category":"other","item":"plastic","quantity":1}],"objects":[{"status":"OK","on_map":true,"group":"Piece","subgroup":"","layer":"Plastic Piece","full_name":"Piece \u2013 Plastic Piece","olm_key":"other/plastic","quantity":1,"picked_up":true}],"groups":["litter"],"has_litter":true,"has_pet_waste":false,"has_substances":false,"zone":"cottonwood_zone_C","zone_edge_m":59.6,"nbhd_edge_m":null}},{"type":"Feature","geometry":{"type":"Point","coordinates":[-122.55731201172,49.210315704346]},"properties":{"id":556118,"datetime":"2026-10-05T20:07:21.000000Z","filename":"https://olm-s3.s3.eu-west-1.amazonaws.com/2026/10/05/FO29jekKmM5AyvEP5sf8BDUMpPf4WGoEBjnTC10i.jpg","tags":[{"type":"standard","category":"smoking","item":"butts","quantity":1}],"objects":[{"status":"OK","on_map":true,"group":"Smoking","subgroup":"","layer":"Cigarette Butts","full_name":"Smoking \u2013 Cigarette Butts","olm_key":"smoking/butts","quantity":1,"picked_up":true}],"groups":["substances"],"has_litter":false,"has_pet_waste":false,"has_substances":true,"zone":"cottonwood_zone_C","zone_edge_m":59.6,"nbhd_edge_m":null}},{"type":"Feature","geometry":{"type":"Point","coordinates":[-122.55731201172,49.210315704346]},"properties":{"id":556117,"datetime":"2026-10-05T20:07:27.000000Z","filename":"https://olm-s3.s3.eu-west-1.amazonaws.com/2026/10/05/A4rqxsICpc9YxCKQjT5mjTQ9WcVDRa6LbYLMTABl.jpg","tags":[{"type":"standard","category":"other","item":"plastic","quantity":1}],"objects":[{"status":"OK","on_map":true,"group":"Piece","subgroup":"","layer":"Plastic Piece","full_name":"Piece \u2013 Plastic Piece","olm_key":"other/plastic","quantity":1,"picked_up":true}],"groups":["litter"],"has_litter":true,"has_pet_waste":false,"has_substances":false,"zone":"cottonwood_zone_C","zone_edge_m":59.6,"nbhd_edge_m":null}},{"type":"Feature","geometry":{"type":"Point","coordinates":[-122.55731201172,49.210315704346]},"properties":{"id":556116,"datetime":"2026-10-05T20:07:40.000000Z","filename":"https://olm-s3.s3.eu-west-1.amazonaws.com/2026/10/05/G4JEBAoKH1mDJhZBk8TbcJ08FnOrTAP5GI4XKceW.jpg","tags":[{"type":"standard","category":"other","item":"other","quantity":1},{"type":"brand","category":"brand","item":"Fabreze","quantity":1,"parent_category":"other","parent_item":"other"},{"type":"custom_tag","category":"custom_tag","item":"aerosol","quantity":1,"parent_category":"other","parent_item":"other"}],"objects":[{"status":"OK","on_map":true,"group":"Household","subgroup":"","layer":"Household misc","full_name":"Household \u2013 Household misc","olm_key":"other/other","quantity":1,"picked_up":true}],"groups":["litter"],"has_litter":true,"has_pet_waste":false,"has_substances":false,"zone":"cottonwood_zone_C","zone_edge_m":59.6,"nbhd_edge_m":null}},{"type":"Feature","geometry":{"type":"Point","coordinates":[-122.5569152832,49.209075927734]},"properties":{"id":556115,"datetime":"2026-10-05T20:07:47.000000Z","filename":"https://olm-s3.s3.eu-west-1.amazonaws.com/2026/10/05/zEGMsXXNo66NV6E3QsVAQ7Jvocehpbi1r6FcBQrq.jpg","tags":[{"type":"standard","category":"smoking","item":"butts","quantity":1}],"objects":[{"status":"OK","on_map":true,"group":"Smoking","subgroup":"","layer":"Cigarette Butts","full_name":"Smoking \u2013 Cigarette Butts","olm_key":"smoking/butts","quantity":1,"picked_up":true}],"groups":["substances"],"has_litter":false,"has_pet_waste":false,"has_substances":true,"zone":"cottonwood_zone_D","zone_edge_m":66.6,"nbhd_edge_m":null}},{"type":"Feature","geometry":{"type":"Point","coordinates":[-122.5569152832,49.209075927734]},"properties":{"id":556114,"datetime":"2026-10-05T20:07:56.000000Z","filename":"https://olm-s3.s3.eu-west-1.amazonaws.com/2026/10/05/4K6z7LmJr9wdU3SDYJL9gg5lf8vf1bnqXNdPl0yX.jpg","tags":[{"type":"standard","category":"softdrinks","item":"straw","quantity":1}],"objects":[{"status":"OK","on_map":true,"group":"Convenient Food Drink","subgroup":"Drink","layer":"Paper Drink Straws","full_name":"Convenient Food Drink \u2013 Drink \u2013 Paper Drink Straws","olm_key":"softdrinks/straw","quantity":1,"picked_up":true}],"groups":["litter"],"has_litter":true,"has_pet_waste":false,"has_substances":false,"zone":"cottonwood_zone_D","zone_edge_m":66.6,"nbhd_edge_m":null}},{"type":"Feature","geometry":{"type":"Point","coordinates":[-122.5569152832,49.209075927734]},"properties":{"id":556113,"datetime":"2026-10-05T20:08:08.000000Z","filename":"https://olm-s3.s3.eu-west-1.amazonaws.com/2026/10/05/k92gLF52nknnK55CuAMTnpmataMLqE2cilj5uLv1.jpg","tags":[{"type":"standard","category":"food","item":"lid","quantity":1},{"type":"material","category":"material","item":"plastic","quantity":1,"parent_category":"food","parent_item":"lid"}],"objects":[{"status":"OK","on_map":true,"group":"Household","subgroup":"","layer":"Food Container Lid","full_name":"Household \u2013 Food Container Lid","olm_key":"food/lid","quantity":1,"picked_up":true}],"groups":["litter"],"has_litter":true,"has_pet_waste":false,"has_substances":false,"zone":"cottonwood_zone_D","zone_edge_m":66.6,"nbhd_edge_m":null}},{"type":"Feature","geometry":{"type":"Point","coordinates":[-122.5569152832,49.209075927734]},"properties":{"id":556112,"datetime":"2026-10-05T20:08:15.000000Z","filename":"https://olm-s3.s3.eu-west-1.amazonaws.com/2026/10/05/9zrcKpUmvjQ3AzMyt1Y4YyY4EHJ93YQ9TBFe3nxx.jpg","tags":[{"type":"standard","category":"food","item":"tinfoil","quantity":3}],"objects":[{"status":"OK","on_map":true,"group":"Piece","subgroup":"","layer":"Foil Piece","full_name":"Piece \u2013 Foil Piece","olm_key":"food/tinfoil","quantity":3,"picked_up":true}],"groups":["litter"],"has_litter":true,"has_pet_waste":false,"has_substances":false,"zone":"cottonwood_zone_D","zone_edge_m":66.6,"nbhd_edge_m":null}},{"type":"Feature","geometry":{"type":"Point","coordinates":[-122.5569152832,49.209075927734]},"properties":{"id":556111,"datetime":"2026-10-05T20:08:34.000000Z","filename":"https://olm-s3.s3.eu-west-1.amazonaws.com/2026/10/05/UlcJ6tpPIwiDjIBxyCu9eLKVBdHb0Axh73v6iLYu.jpg","tags":[{"type":"standard","category":"other","item":"plastic","quantity":1}],"objects":[{"status":"OK","on_map":true,"group":"Piece","subgroup":"","layer":"Plastic Piece","full_name":"Piece \u2013 Plastic Piece","olm_key":"other/plastic","quantity":1,"picked_up":true}],"groups":["litter"],"has_litter":true,"has_pet_waste":false,"has_substances":false,"zone":"cottonwood_zone_D","zone_edge_m":66.6,"nbhd_edge_m":null}},{"type":"Feature","geometry":{"type":"Point","coordinates":[-122.55687713623,49.209056854248]},"properties":{"id":556110,"datetime":"2026-10-05T20:08:46.000000Z","filename":"https://olm-s3.s3.eu-west-1.amazonaws.com/2026/10/05/VTPYwN4qnp8VPIkugRTvJztrCt3OKuzjZgP2Lwaw.jpg","tags":[{"type":"standard","category":"smoking","item":"butts","quantity":1}],"objects":[{"status":"OK","on_map":true,"group":"Smoking","subgroup":"","layer":"Cigarette Butts","full_name":"Smoking \u2013 Cigarette Butts","olm_key":"smoking/butts","quantity":1,"picked_up":true}],"groups":["substances"],"has_litter":false,"has_pet_waste":false,"has_substances":true,"zone":"cottonwood_zone_D","zone_edge_m":63.8,"nbhd_edge_m":null}},{"type":"Feature","geometry":{"type":"Point","coordinates":[-122.55687713623,49.209056854248]},"properties":{"id":556109,"datetime":"2026-10-05T20:08:55.000000Z","filename":"https://olm-s3.s3.eu-west-1.amazonaws.com/2026/10/05/dXwXquvPzpTa67dGKJqpveNI2dtHt9FArkIyYbTp.jpg","tags":[{"type":"standard","category":"smoking","item":"butts","quantity":1}],"objects":[{"status":"OK","on_map":true,"group":"Smoking","subgroup":"","layer":"Cigarette Butts","full_name":"Smoking \u2013 Cigarette Butts","olm_key":"smoking/butts","quantity":1,"picked_up":true}],"groups":["substances"],"has_litter":false,"has_pet_waste":false,"has_substances":true,"zone":"cottonwood_zone_D","zone_edge_m":63.8,"nbhd_edge_m":null}},{"type":"Feature","geometry":{"type":"Point","coordinates":[-122.55687713623,49.209056854248]},"properties":{"id":556108,"datetime":"2026-10-05T20:09:03.000000Z","filename":"https://olm-s3.s3.eu-west-1.amazonaws.com/2026/10/05/ouSjnOSUJl9epJpRxQANRv4dyeRm7ifChpOjYiA2.jpg","tags":[{"type":"standard","category":"other","item":"plastic_bag","quantity":1}],"objects":[{"status":"OK","on_map":true,"group":"Household","subgroup":"","layer":"Household Plastic Bag","full_name":"Household \u2013 Household Plastic Bag","olm_key":"other/plastic_bag","quantity":1,"picked_up":true}],"groups":["litter"],"has_litter":true,"has_pet_waste":false,"has_substances":false,"zone":"cottonwood_zone_D","zone_edge_m":63.8,"nbhd_edge_m":null}},{"type":"Feature","geometry":{"type":"Point","coordinates":[-122.55687713623,49.209056854248]},"properties":{"id":556107,"datetime":"2026-10-05T20:09:15.000000Z","filename":"https://olm-s3.s3.eu-west-1.amazonaws.com/2026/10/05/RJe2UgmdkTxtA2iC2YOilDKY3uqXT44DY13TH32b.jpg","tags":[{"type":"standard","category":"other","item":"plastic","quantity":1}],"objects":[{"status":"OK","on_map":true,"group":"Piece","subgroup":"","layer":"Plastic Piece","full_name":"Piece \u2013 Plastic Piece","olm_key":"other/plastic","quantity":1,"picked_up":true}],"groups":["litter"],"has_litter":true,"has_pet_waste":false,"has_substances":false,"zone":"cottonwood_zone_D","zone_edge_m":63.8,"nbhd_edge_m":null}},{"type":"Feature","geometry":{"type":"Point","coordinates":[-122.55687713623,49.209056854248]},"properties":{"id":556106,"datetime":"2026-10-05T20:09:17.000000Z","filename":"https://olm-s3.s3.eu-west-1.amazonaws.com/2026/10/05/tJ5zjDUe50kegMnoQgLduXJX4rC0QC3YwHmiRKuX.jpg","tags":[{"type":"standard","category":"food","item":"bag","quantity":1},{"type":"material","category":"material","item":"paper","quantity":1,"parent_category":"food","parent_item":"bag"}],"objects":[{"status":"OK","on_map":true,"group":"Household","subgroup":"","layer":"Plastic (#4) or Paper Food Bag","full_name":"Household \u2013 Plastic (#4) or Paper Food Bag","olm_key":"food/bag","quantity":1,"picked_up":true}],"groups":["litter"],"has_litter":true,"has_pet_waste":false,"has_substances":false,"zone":"cottonwood_zone_D","zone_edge_m":63.8,"nbhd_edge_m":null}},{"type":"Feature","geometry":{"type":"Point","coordinates":[-122.55687713623,49.209056854248]},"properties":{"id":556105,"datetime":"2026-10-05T20:09:28.000000Z","filename":"https://olm-s3.s3.eu-west-1.amazonaws.com/2026/10/05/0XXjSTc6modq5SUoBVjqrRGtTkzhroZWVTQI0zdU.jpg","tags":[{"type":"standard","category":"other","item":"plastic","quantity":1}],"objects":[{"status":"OK","on_map":true,"group":"Piece","subgroup":"","layer":"Plastic Piece","full_name":"Piece \u2013 Plastic Piece","olm_key":"other/plastic","quantity":1,"picked_up":true}],"groups":["litter"],"has_litter":true,"has_pet_waste":false,"has_substances":false,"zone":"cottonwood_zone_D","zone_edge_m":63.8,"nbhd_edge_m":null}},{"type":"Feature","geometry":{"type":"Point","coordinates":[-122.55687713623,49.209056854248]},"properties":{"id":556104,"datetime":"2026-10-05T20:09:35.000000Z","filename":"https://olm-s3.s3.eu-west-1.amazonaws.com/2026/10/05/EMhtHcWsTtgpDJglntdJmI0ZENBv6wXyMPIhVpYA.jpg","tags":[{"type":"standard","category":"smoking","item":"butts","quantity":1}],"objects":[{"status":"OK","on_map":true,"group":"Smoking","subgroup":"","layer":"Cigarette Butts","full_name":"Smoking \u2013 Cigarette Butts","olm_key":"smoking/butts","quantity":1,"picked_up":true}],"groups":["substances"],"has_litter":false,"has_pet_waste":false,"has_substances":true,"zone":"cottonwood_zone_D","zone_edge_m":63.8,"nbhd_edge_m":null}},{"type":"Feature","geometry":{"type":"Point","coordinates":[-122.55687713623,49.209056854248]},"properties":{"id":556103,"datetime":"2026-10-05T20:09:48.000000Z","filename":"https://olm-s3.s3.eu-west-1.amazonaws.com/2026/10/05/I36yOiUzPKj4bZRfBFtb2KYFp313JnknGqjMnx5C.jpg","tags":[{"type":"standard","category":"smoking","item":"butts","quantity":1}],"objects":[{"status":"OK","on_map":true,"group":"Smoking","subgroup":"","layer":"Cigarette Butts","full_name":"Smoking \u2013 Cigarette Butts","olm_key":"smoking/butts","quantity":1,"picked_up":true}],"groups":["substances"],"has_litter":false,"has_pet_waste":false,"has_substances":true,"zone":"cottonwood_zone_D","zone_edge_m":63.8,"nbhd_edge_m":null}},{"type":"Feature","geometry":{"type":"Point","coordinates":[-122.55687713623,49.209056854248]},"properties":{"id":556102,"datetime":"2026-10-05T20:09:55.000000Z","filename":"https://olm-s3.s3.eu-west-1.amazonaws.com/2026/10/05/ayJ2yMyAHQfNLLXDsDASBDFV74GX0a2jCUvZZpHg.jpg","tags":[{"type":"standard","category":"smoking","item":"butts","quantity":1}],"objects":[{"status":"OK","on_map":true,"group":"Smoking","subgroup":"","layer":"Cigarette Butts","full_name":"Smoking \u2013 Cigarette Butts","olm_key":"smoking/butts","quantity":1,"picked_up":true}],"groups":["substances"],"has_litter":false,"has_pet_waste":false,"has_substances":true,"zone":"cottonwood_zone_D","zone_edge_m":63.8,"nbhd_edge_m":null}},{"type":"Feature","geometry":{"type":"Point","coordinates":[-122.55687713623,49.209056854248]},"properties":{"id":556101,"datetime":"2026-10-05T20:10:02.000000Z","filename":"https://olm-s3.s3.eu-west-1.amazonaws.com/2026/10/05/DeMO2OeUpg4tZUYtsJaxl3xwSB5Owl2vS4xwSrX9.jpg","tags":[{"type":"standard","category":"smoking","item":"butts","quantity":2}],"objects":[{"status":"OK","on_map":true,"group":"Smoking","subgroup":"","layer":"Cigarette Butts","full_name":"Smoking \u2013 Cigarette Butts","olm_key":"smoking/butts","quantity":2,"picked_up":true}],"groups":["substances"],"has_litter":false,"has_pet_waste":false,"has_substances":true,"zone":"cottonwood_zone_D","zone_edge_m":63.8,"nbhd_edge_m":null}},{"type":"Feature","geometry":{"type":"Point","coordinates":[-122.55675506592,49.208755493164]},"properties":{"id":556100,"datetime":"2026-10-05T20:10:18.000000Z","filename":"https://olm-s3.s3.eu-west-1.amazonaws.com/2026/10/05/hfbDaAj3qa5q4QfRyk26upk6selwk2p1e17us2nu.jpg","tags":[{"type":"standard","category":"softdrinks","item":"bottle_cap","quantity":1},{"type":"material","category":"material","item":"plastic","quantity":1,"parent_category":"softdrinks","parent_item":"bottle_cap"}],"objects":[{"status":"OK","on_map":true,"group":"Convenient Food Drink","subgroup":"Drink","layer":"Drink Bottle Cap","full_name":"Convenient Food Drink \u2013 Drink \u2013 Drink Bottle Cap","olm_key":"softdrinks/bottle_cap","quantity":1,"picked_up":true}],"groups":["litter"],"has_litter":true,"has_pet_waste":false,"has_substances":false,"zone":"cottonwood_zone_D","zone_edge_m":54.0,"nbhd_edge_m":null}},{"type":"Feature","geometry":{"type":"Point","coordinates":[-122.55684661865,49.208744049072]},"properties":{"id":556099,"datetime":"2026-10-05T20:10:25.000000Z","filename":"https://olm-s3.s3.eu-west-1.amazonaws.com/2026/10/05/ijS1IhCGBFT7XN0mqSbsHBnDOQX7lM6RKKYHO45M.jpg","tags":[{"type":"standard","category":"smoking","item":"butts","quantity":1}],"objects":[{"status":"OK","on_map":true,"group":"Smoking","subgroup":"","layer":"Cigarette Butts","full_name":"Smoking \u2013 Cigarette Butts","olm_key":"smoking/butts","quantity":1,"picked_up":true}],"groups":["substances"],"has_litter":false,"has_pet_waste":false,"has_substances":true,"zone":"cottonwood_zone_D","zone_edge_m":52.8,"nbhd_edge_m":null}},{"type":"Feature","geometry":{"type":"Point","coordinates":[-122.55683135986,49.208740234375]},"properties":{"id":556098,"datetime":"2026-10-05T20:10:29.000000Z","filename":"https://olm-s3.s3.eu-west-1.amazonaws.com/2026/10/05/IElL52YSC4Ri2ReSFclQPXISvelmEW0LNZlmkOQ1.jpg","tags":[{"type":"standard","category":"smoking","item":"butts","quantity":1}],"objects":[{"status":"OK","on_map":true,"group":"Smoking","subgroup":"","layer":"Cigarette Butts","full_name":"Smoking \u2013 Cigarette Butts","olm_key":"smoking/butts","quantity":1,"picked_up":true}],"groups":["substances"],"has_litter":false,"has_pet_waste":false,"has_substances":true,"zone":"cottonwood_zone_D","zone_edge_m":52.3,"nbhd_edge_m":null}},{"type":"Feature","geometry":{"type":"Point","coordinates":[-122.55683135986,49.208740234375]},"properties":{"id":556097,"datetime":"2026-10-05T20:10:38.000000Z","filename":"https://olm-s3.s3.eu-west-1.amazonaws.com/2026/10/05/3iggTar8wvQBYBViiLwNvTWwuirffKP3B1sVV05u.jpg","tags":[{"type":"standard","category":"smoking","item":"butts","quantity":1}],"objects":[{"status":"OK","on_map":true,"group":"Smoking","subgroup":"","layer":"Cigarette Butts","full_name":"Smoking \u2013 Cigarette Butts","olm_key":"smoking/butts","quantity":1,"picked_up":true}],"groups":["substances"],"has_litter":false,"has_pet_waste":false,"has_substances":true,"zone":"cottonwood_zone_D","zone_edge_m":52.3,"nbhd_edge_m":null}},{"type":"Feature","geometry":{"type":"Point","coordinates":[-122.55683135986,49.208740234375]},"properties":{"id":556096,"datetime":"2026-10-05T20:10:45.000000Z","filename":"https://olm-s3.s3.eu-west-1.amazonaws.com/2026/10/05/qPsNhpFPKWwMBp5LS0LGrrFBwohNDnQiP3by8ykz.jpg","tags":[{"type":"standard","category":"smoking","item":"butts","quantity":1}],"objects":[{"status":"OK","on_map":true,"group":"Smoking","subgroup":"","layer":"Cigarette Butts","full_name":"Smoking \u2013 Cigarette Butts","olm_key":"smoking/butts","quantity":1,"picked_up":true}],"groups":["substances"],"has_litter":false,"has_pet_waste":false,"has_substances":true,"zone":"cottonwood_zone_D","zone_edge_m":52.3,"nbhd_edge_m":null}},{"type":"Feature","geometry":{"type":"Point","coordinates":[-122.55683135986,49.208740234375]},"properties":{"id":556095,"datetime":"2026-10-05T20:10:52.000000Z","filename":"https://olm-s3.s3.eu-west-1.amazonaws.com/2026/10/05/VQdCwpHbNuRMl0dj4Isez6KFy3oxq3X5ksyjscQU.jpg","tags":[{"type":"standard","category":"smoking","item":"butts","quantity":1}],"objects":[{"status":"OK","on_map":true,"group":"Smoking","subgroup":"","layer":"Cigarette Butts","full_name":"Smoking \u2013 Cigarette Butts","olm_key":"smoking/butts","quantity":1,"picked_up":true}],"groups":["substances"],"has_litter":false,"has_pet_waste":false,"has_substances":true,"zone":"cottonwood_zone_D","zone_edge_m":52.3,"nbhd_edge_m":null}},{"type":"Feature","geometry":{"type":"Point","coordinates":[-122.55683135986,49.208740234375]},"properties":{"id":556094,"datetime":"2026-10-05T20:11:14.000000Z","filename":"https://olm-s3.s3.eu-west-1.amazonaws.com/2026/10/05/uzcpPgFPDCzVm7HKNoveFbXadihSOqaqenRPbYe6.jpg","tags":[{"type":"standard","category":"other","item":"paper","quantity":1},{"type":"material","category":"material","item":"paper","quantity":1,"parent_category":"other","parent_item":"paper"}],"objects":[{"status":"OK","on_map":true,"group":"Piece","subgroup":"","layer":"Paper Piece","full_name":"Piece \u2013 Paper Piece","olm_key":"other/paper","quantity":1,"picked_up":true}],"groups":["litter"],"has_litter":true,"has_pet_waste":false,"has_substances":false,"zone":"cottonwood_zone_D","zone_edge_m":52.3,"nbhd_edge_m":null}},{"type":"Feature","geometry":{"type":"Point","coordinates":[-122.55683135986,49.208740234375]},"properties":{"id":556093,"datetime":"2026-10-05T20:11:44.000000Z","filename":"https://olm-s3.s3.eu-west-1.amazonaws.com/2026/10/05/ch2e6IsHMc6VQEUf2KVqHZ2sLfBzhGon5OvmjC1c.jpg","tags":[{"type":"standard","category":"other","item":"other","quantity":1},{"type":"standard","category":"smoking","item":"butts","quantity":1}],"objects":[{"status":"OK","on_map":true,"group":"Household","subgroup":"","layer":"Household misc","full_name":"Household \u2013 Household misc","olm_key":"other/other","quantity":1,"picked_up":true},{"status":"OK","on_map":true,"group":"Smoking","subgroup":"","layer":"Cigarette Butts","full_name":"Smoking \u2013 Cigarette Butts","olm_key":"smoking/butts","quantity":1,"picked_up":true}],"groups":["litter","substances"],"has_litter":true,"has_pet_waste":false,"has_substances":true,"zone":"cottonwood_zone_D","zone_edge_m":52.3,"nbhd_edge_m":null}},{"type":"Feature","geometry":{"type":"Point","coordinates":[-122.55683135986,49.208740234375]},"properties":{"id":556092,"datetime":"2026-10-05T20:11:51.000000Z","filename":"https://olm-s3.s3.eu-west-1.amazonaws.com/2026/10/05/3EkSWmwXZHoSomNtNKA4eNKyUeXjVP0yjMyNUztf.jpg","tags":[{"type":"standard","category":"smoking","item":"butts","quantity":1}],"objects":[{"status":"OK","on_map":true,"group":"Smoking","subgroup":"","layer":"Cigarette Butts","full_name":"Smoking \u2013 Cigarette Butts","olm_key":"smoking/butts","quantity":1,"picked_up":true}],"groups":["substances"],"has_litter":false,"has_pet_waste":false,"has_substances":true,"zone":"cottonwood_zone_D","zone_edge_m":52.3,"nbhd_edge_m":null}},{"type":"Feature","geometry":{"type":"Point","coordinates":[-122.55683135986,49.208740234375]},"properties":{"id":556091,"datetime":"2026-10-05T20:11:54.000000Z","filename":"https://olm-s3.s3.eu-west-1.amazonaws.com/2026/10/05/3m3Od3wxyw8Z0dLOV9ALg7HpeD0yWBldO6o00B1R.jpg","tags":[{"type":"standard","category":"smoking","item":"butts","quantity":1}],"objects":[{"status":"OK","on_map":true,"group":"Smoking","subgroup":"","layer":"Cigarette Butts","full_name":"Smoking \u2013 Cigarette Butts","olm_key":"smoking/butts","quantity":1,"picked_up":true}],"groups":["substances"],"has_litter":false,"has_pet_waste":false,"has_substances":true,"zone":"cottonwood_zone_D","zone_edge_m":52.3,"nbhd_edge_m":null}},{"type":"Feature","geometry":{"type":"Point","coordinates":[-122.55683135986,49.208740234375]},"properties":{"id":556090,"datetime":"2026-10-05T20:12:00.000000Z","filename":"https://olm-s3.s3.eu-west-1.amazonaws.com/2026/10/05/rorqtmAnMJ10pOtRIM3QcBrd9NWOpoW05f6o8Ik2.jpg","tags":[{"type":"standard","category":"smoking","item":"butts","quantity":2}],"objects":[{"status":"OK","on_map":true,"group":"Smoking","subgroup":"","layer":"Cigarette Butts","full_name":"Smoking \u2013 Cigarette Butts","olm_key":"smoking/butts","quantity":2,"picked_up":true}],"groups":["substances"],"has_litter":false,"has_pet_waste":false,"has_substances":true,"zone":"cottonwood_zone_D","zone_edge_m":52.3,"nbhd_edge_m":null}},{"type":"Feature","geometry":{"type":"Point","coordinates":[-122.55683135986,49.208740234375]},"properties":{"id":556089,"datetime":"2026-10-05T20:12:05.000000Z","filename":"https://olm-s3.s3.eu-west-1.amazonaws.com/2026/10/05/6uLchp5EZwk5sgrBo1KPdcowvszjL9flkFPWlvOD.jpg","tags":[{"type":"standard","category":"smoking","item":"butts","quantity":1}],"objects":[{"status":"OK","on_map":true,"group":"Smoking","subgroup":"","layer":"Cigarette Butts","full_name":"Smoking \u2013 Cigarette Butts","olm_key":"smoking/butts","quantity":1,"picked_up":true}],"groups":["substances"],"has_litter":false,"has_pet_waste":false,"has_substances":true,"zone":"cottonwood_zone_D","zone_edge_m":52.3,"nbhd_edge_m":null}},{"type":"Feature","geometry":{"type":"Point","coordinates":[-122.55683135986,49.208740234375]},"properties":{"id":556088,"datetime":"2026-10-05T20:12:23.000000Z","filename":"https://olm-s3.s3.eu-west-1.amazonaws.com/2026/10/05/bwuX4EYDKbHmkTYnu7Y9hYQl9x56HQrSC9bHw395.jpg","tags":[{"type":"standard","category":"smoking","item":"butts","quantity":2}],"objects":[{"status":"OK","on_map":true,"group":"Smoking","subgroup":"","layer":"Cigarette Butts","full_name":"Smoking \u2013 Cigarette Butts","olm_key":"smoking/butts","quantity":2,"picked_up":true}],"groups":["substances"],"has_litter":false,"has_pet_waste":false,"has_substances":true,"zone":"cottonwood_zone_D","zone_edge_m":52.3,"nbhd_edge_m":null}},{"type":"Feature","geometry":{"type":"Point","coordinates":[-122.55683135986,49.208740234375]},"properties":{"id":556087,"datetime":"2026-10-05T20:12:36.000000Z","filename":"https://olm-s3.s3.eu-west-1.amazonaws.com/2026/10/05/0q528xQn2qv3jAGTwliCJ74wBeuvFqsxO6Rsnyzf.jpg","tags":[{"type":"standard","category":"smoking","item":"butts","quantity":1}],"objects":[{"status":"OK","on_map":true,"group":"Smoking","subgroup":"","layer":"Cigarette Butts","full_name":"Smoking \u2013 Cigarette Butts","olm_key":"smoking/butts","quantity":1,"picked_up":true}],"groups":["substances"],"has_litter":false,"has_pet_waste":false,"has_substances":true,"zone":"cottonwood_zone_D","zone_edge_m":52.3,"nbhd_edge_m":null}},{"type":"Feature","geometry":{"type":"Point","coordinates":[-122.55673980713,49.208320617676]},"properties":{"id":556086,"datetime":"2026-10-05T20:12:39.000000Z","filename":"https://olm-s3.s3.eu-west-1.amazonaws.com/2026/10/05/UyzbOTIVHswpVIvD39wM6BZf5Dawv62iTxLFNfpW.jpg","tags":[{"type":"standard","category":"smoking","item":"butts","quantity":1}],"objects":[{"status":"OK","on_map":true,"group":"Smoking","subgroup":"","layer":"Cigarette Butts","full_name":"Smoking \u2013 Cigarette Butts","olm_key":"smoking/butts","quantity":1,"picked_up":true}],"groups":["substances"],"has_litter":false,"has_pet_waste":false,"has_substances":true,"zone":"cottonwood_zone_D","zone_edge_m":5.6,"nbhd_edge_m":null}},{"type":"Feature","geometry":{"type":"Point","coordinates":[-122.55673980713,49.208320617676]},"properties":{"id":556085,"datetime":"2026-10-05T20:12:46.000000Z","filename":"https://olm-s3.s3.eu-west-1.amazonaws.com/2026/10/05/a2b5uh5b5PcQhTASMxdy1iQq3oJfxnCH9yyq5ukN.jpg","tags":[{"type":"standard","category":"smoking","item":"butts","quantity":2}],"objects":[{"status":"OK","on_map":true,"group":"Smoking","subgroup":"","layer":"Cigarette Butts","full_name":"Smoking \u2013 Cigarette Butts","olm_key":"smoking/butts","quantity":2,"picked_up":true}],"groups":["substances"],"has_litter":false,"has_pet_waste":false,"has_substances":true,"zone":"cottonwood_zone_D","zone_edge_m":5.6,"nbhd_edge_m":null}},{"type":"Feature","geometry":{"type":"Point","coordinates":[-122.55673980713,49.208320617676]},"properties":{"id":556084,"datetime":"2026-10-05T20:12:57.000000Z","filename":"https://olm-s3.s3.eu-west-1.amazonaws.com/2026/10/05/uqyAZrwm0fDpjNdc0CVnGpriu3KnaEdMjWjfOyuK.jpg","tags":[{"type":"standard","category":"smoking","item":"butts","quantity":1}],"objects":[{"status":"OK","on_map":true,"group":"Smoking","subgroup":"","layer":"Cigarette Butts","full_name":"Smoking \u2013 Cigarette Butts","olm_key":"smoking/butts","quantity":1,"picked_up":true}],"groups":["substances"],"has_litter":false,"has_pet_waste":false,"has_substances":true,"zone":"cottonwood_zone_D","zone_edge_m":5.6,"nbhd_edge_m":null}},{"type":"Feature","geometry":{"type":"Point","coordinates":[-122.55673980713,49.208320617676]},"properties":{"id":556083,"datetime":"2026-10-05T20:13:01.000000Z","filename":"https://olm-s3.s3.eu-west-1.amazonaws.com/2026/10/05/qURQpI3sw3TOJg9FF0bDktUzkSfFaFlF51BvSxQL.jpg","tags":[{"type":"standard","category":"other","item":"paper","quantity":1},{"type":"material","category":"material","item":"paper","quantity":1,"parent_category":"other","parent_item":"paper"}],"objects":[{"status":"OK","on_map":true,"group":"Piece","subgroup":"","layer":"Paper Piece","full_name":"Piece \u2013 Paper Piece","olm_key":"other/paper","quantity":1,"picked_up":true}],"groups":["litter"],"has_litter":true,"has_pet_waste":false,"has_substances":false,"zone":"cottonwood_zone_D","zone_edge_m":5.6,"nbhd_edge_m":null}},{"type":"Feature","geometry":{"type":"Point","coordinates":[-122.55673980713,49.208320617676]},"properties":{"id":556082,"datetime":"2026-10-05T20:13:08.000000Z","filename":"https://olm-s3.s3.eu-west-1.amazonaws.com/2026/10/05/R1EY6BoHe1Xqq6YVbFaioTB8dTRuaPoMxlk6kYXK.jpg","tags":[{"type":"standard","category":"food","item":"wrapper","quantity":1},{"type":"material","category":"material","item":"plastic","quantity":1,"parent_category":"food","parent_item":"wrapper"}],"objects":[{"status":"OK","on_map":true,"group":"Convenient Food Drink","subgroup":"Snack","layer":"Foil / Plastic Film Snack Wrapper","full_name":"Convenient Food Drink \u2013 Snack \u2013 Foil / Plastic Film Snack Wrapper","olm_key":"food/wrapper","quantity":1,"picked_up":true}],"groups":["litter"],"has_litter":true,"has_pet_waste":false,"has_substances":false,"zone":"cottonwood_zone_D","zone_edge_m":5.6,"nbhd_edge_m":null}},{"type":"Feature","geometry":{"type":"Point","coordinates":[-122.55673980713,49.208320617676]},"properties":{"id":556081,"datetime":"2026-10-05T20:13:12.000000Z","filename":"https://olm-s3.s3.eu-west-1.amazonaws.com/2026/10/05/Y67cNe1yOIB9f1BfaZHAd5e73akGMvN3AkxKABDU.jpg","tags":[{"type":"standard","category":"smoking","item":"butts","quantity":1}],"objects":[{"status":"OK","on_map":true,"group":"Smoking","subgroup":"","layer":"Cigarette Butts","full_name":"Smoking \u2013 Cigarette Butts","olm_key":"smoking/butts","quantity":1,"picked_up":true}],"groups":["substances"],"has_litter":false,"has_pet_waste":false,"has_substances":true,"zone":"cottonwood_zone_D","zone_edge_m":5.6,"nbhd_edge_m":null}},{"type":"Feature","geometry":{"type":"Point","coordinates":[-122.55673980713,49.208320617676]},"properties":{"id":556080,"datetime":"2026-10-05T20:13:18.000000Z","filename":"https://olm-s3.s3.eu-west-1.amazonaws.com/2026/10/05/WwmW8FLyKtVKUzHqPp8M1hqppjlmM1XeDyAiJuif.jpg","tags":[{"type":"standard","category":"smoking","item":"butts","quantity":1}],"objects":[{"status":"OK","on_map":true,"group":"Smoking","subgroup":"","layer":"Cigarette Butts","full_name":"Smoking \u2013 Cigarette Butts","olm_key":"smoking/butts","quantity":1,"picked_up":true}],"groups":["substances"],"has_litter":false,"has_pet_waste":false,"has_substances":true,"zone":"cottonwood_zone_D","zone_edge_m":5.6,"nbhd_edge_m":null}},{"type":"Feature","geometry":{"type":"Point","coordinates":[-122.55673980713,49.208320617676]},"properties":{"id":556079,"datetime":"2026-10-05T20:13:26.000000Z","filename":"https://olm-s3.s3.eu-west-1.amazonaws.com/2026/10/05/8TbTF7wdoeKek4nvY40URcmjZ1q0O2tOBEGJpXsp.jpg","tags":[{"type":"standard","category":"smoking","item":"butts","quantity":1}],"objects":[{"status":"OK","on_map":true,"group":"Smoking","subgroup":"","layer":"Cigarette Butts","full_name":"Smoking \u2013 Cigarette Butts","olm_key":"smoking/butts","quantity":1,"picked_up":true}],"groups":["substances"],"has_litter":false,"has_pet_waste":false,"has_substances":true,"zone":"cottonwood_zone_D","zone_edge_m":5.6,"nbhd_edge_m":null}},{"type":"Feature","geometry":{"type":"Point","coordinates":[-122.55673980713,49.208320617676]},"properties":{"id":556078,"datetime":"2026-10-05T20:13:39.000000Z","filename":"https://olm-s3.s3.eu-west-1.amazonaws.com/2026/10/05/lqZh1fN2WLo3ijFlGlNsLWkjZ1lRB4wmNtRSk4fi.jpg","tags":[{"type":"standard","category":"smoking","item":"butts","quantity":1}],"objects":[{"status":"OK","on_map":true,"group":"Smoking","subgroup":"","layer":"Cigarette Butts","full_name":"Smoking \u2013 Cigarette Butts","olm_key":"smoking/butts","quantity":1,"picked_up":true}],"groups":["substances"],"has_litter":false,"has_pet_waste":false,"has_substances":true,"zone":"cottonwood_zone_D","zone_edge_m":5.6,"nbhd_edge_m":null}},{"type":"Feature","geometry":{"type":"Point","coordinates":[-122.55673980713,49.208320617676]},"properties":{"id":556077,"datetime":"2026-10-05T20:13:59.000000Z","filename":"https://olm-s3.s3.eu-west-1.amazonaws.com/2026/10/05/ww07T9qz0Ls6y3vPfol72NiTPvesV8cxTFTlC1QM.jpg","tags":[{"type":"standard","category":"other","item":"other","quantity":1}],"objects":[{"status":"OK","on_map":true,"group":"Household","subgroup":"","layer":"Household misc","full_name":"Household \u2013 Household misc","olm_key":"other/other","quantity":1,"picked_up":true}],"groups":["litter"],"has_litter":true,"has_pet_waste":false,"has_substances":false,"zone":"cottonwood_zone_D","zone_edge_m":5.6,"nbhd_edge_m":null}},{"type":"Feature","geometry":{"type":"Point","coordinates":[-122.55673980713,49.208320617676]},"properties":{"id":556076,"datetime":"2026-10-05T20:14:06.000000Z","filename":"https://olm-s3.s3.eu-west-1.amazonaws.com/2026/10/05/0O3Mao6gJNVf37yd70m4TsfcKwFSq6bojKvNgE7s.jpg","tags":[{"type":"standard","category":"smoking","item":"butts","quantity":1}],"objects":[{"status":"OK","on_map":true,"group":"Smoking","subgroup":"","layer":"Cigarette Butts","full_name":"Smoking \u2013 Cigarette Butts","olm_key":"smoking/butts","quantity":1,"picked_up":true}],"groups":["substances"],"has_litter":false,"has_pet_waste":false,"has_substances":true,"zone":"cottonwood_zone_D","zone_edge_m":5.6,"nbhd_edge_m":null}},{"type":"Feature","geometry":{"type":"Point","coordinates":[-122.55673980713,49.208320617676]},"properties":{"id":556075,"datetime":"2026-10-05T20:14:13.000000Z","filename":"https://olm-s3.s3.eu-west-1.amazonaws.com/2026/10/05/RCGxExKdDUMCiaRAGUuYzUYBmwN4k9qWRGLEawKv.jpg","tags":[{"type":"standard","category":"smoking","item":"butts","quantity":2}],"objects":[{"status":"OK","on_map":true,"group":"Smoking","subgroup":"","layer":"Cigarette Butts","full_name":"Smoking \u2013 Cigarette Butts","olm_key":"smoking/butts","quantity":2,"picked_up":true}],"groups":["substances"],"has_litter":false,"has_pet_waste":false,"has_substances":true,"zone":"cottonwood_zone_D","zone_edge_m":5.6,"nbhd_edge_m":null}},{"type":"Feature","geometry":{"type":"Point","coordinates":[-122.55673980713,49.208320617676]},"properties":{"id":556074,"datetime":"2026-10-05T20:14:17.000000Z","filename":"https://olm-s3.s3.eu-west-1.amazonaws.com/2026/10/05/4iRJWZJ6sh53cFEe5hJt2Aj9KZ7lGIB17zz09NGh.jpg","tags":[{"type":"standard","category":"other","item":"plastic","quantity":1}],"objects":[{"status":"OK","on_map":true,"group":"Piece","subgroup":"","layer":"Plastic Piece","full_name":"Piece \u2013 Plastic Piece","olm_key":"other/plastic","quantity":1,"picked_up":true}],"groups":["litter"],"has_litter":true,"has_pet_waste":false,"has_substances":false,"zone":"cottonwood_zone_D","zone_edge_m":5.6,"nbhd_edge_m":null}},{"type":"Feature","geometry":{"type":"Point","coordinates":[-122.55673980713,49.208320617676]},"properties":{"id":556073,"datetime":"2026-10-05T20:14:23.000000Z","filename":"https://olm-s3.s3.eu-west-1.amazonaws.com/2026/10/05/qWwHWBRRQe6cbTGnTKwbjVG6I8Ya5vCtKdBDd2Kf.jpg","tags":[{"type":"standard","category":"smoking","item":"butts","quantity":1}],"objects":[{"status":"OK","on_map":true,"group":"Smoking","subgroup":"","layer":"Cigarette Butts","full_name":"Smoking \u2013 Cigarette Butts","olm_key":"smoking/butts","quantity":1,"picked_up":true}],"groups":["substances"],"has_litter":false,"has_pet_waste":false,"has_substances":true,"zone":"cottonwood_zone_D","zone_edge_m":5.6,"nbhd_edge_m":null}},{"type":"Feature","geometry":{"type":"Point","coordinates":[-122.55673980713,49.208320617676]},"properties":{"id":556072,"datetime":"2026-10-05T20:14:29.000000Z","filename":"https://olm-s3.s3.eu-west-1.amazonaws.com/2026/10/05/ob76JvzYdeNbw22PRzfBZO8ig7mz3J3V76NstSrM.jpg","tags":[{"type":"standard","category":"food","item":"wrapper","quantity":1},{"type":"material","category":"material","item":"plastic","quantity":1,"parent_category":"food","parent_item":"wrapper"},{"type":"material","category":"material","item":"foil","quantity":1,"parent_category":"food","parent_item":"wrapper"}],"objects":[{"status":"OK","on_map":true,"group":"Convenient Food Drink","subgroup":"Snack","layer":"Foil / Plastic Film Snack Wrapper","full_name":"Convenient Food Drink \u2013 Snack \u2013 Foil / Plastic Film Snack Wrapper","olm_key":"food/wrapper","quantity":1,"picked_up":true}],"groups":["litter"],"has_litter":true,"has_pet_waste":false,"has_substances":false,"zone":"cottonwood_zone_D","zone_edge_m":5.6,"nbhd_edge_m":null}},{"type":"Feature","geometry":{"type":"Point","coordinates":[-122.55673980713,49.208320617676]},"properties":{"id":556071,"datetime":"2026-10-05T20:14:37.000000Z","filename":"https://olm-s3.s3.eu-west-1.amazonaws.com/2026/10/05/wmMJEexcboCfnTdZY52vUZBkwnPZwAVF7j0avUN6.jpg","tags":[{"type":"standard","category":"other","item":"balloon","quantity":1}],"objects":[{"status":"OK","on_map":true,"group":"Household","subgroup":"","layer":"Party Litter","full_name":"Household \u2013 Party Litter","olm_key":"other/balloon","quantity":1,"picked_up":true}],"groups":["litter"],"has_litter":true,"has_pet_waste":false,"has_substances":false,"zone":"cottonwood_zone_D","zone_edge_m":5.6,"nbhd_edge_m":null}},{"type":"Feature","geometry":{"type":"Point","coordinates":[-122.55673980713,49.208320617676]},"properties":{"id":556070,"datetime":"2026-10-05T20:14:44.000000Z","filename":"https://olm-s3.s3.eu-west-1.amazonaws.com/2026/10/05/RVyyS5JSn2fqQWuGSNlHjDVD2Z1YcGp62cZXmoAf.jpg","tags":[{"type":"standard","category":"smoking","item":"butts","quantity":1}],"objects":[{"status":"OK","on_map":true,"group":"Smoking","subgroup":"","layer":"Cigarette Butts","full_name":"Smoking \u2013 Cigarette Butts","olm_key":"smoking/butts","quantity":1,"picked_up":true}],"groups":["substances"],"has_litter":false,"has_pet_waste":false,"has_substances":true,"zone":"cottonwood_zone_D","zone_edge_m":5.6,"nbhd_edge_m":null}},{"type":"Feature","geometry":{"type":"Point","coordinates":[-122.55673980713,49.208320617676]},"properties":{"id":556069,"datetime":"2026-10-05T20:14:52.000000Z","filename":"https://olm-s3.s3.eu-west-1.amazonaws.com/2026/10/05/Sv3T2r3ZfhsIUllBBmeqpd1jsXXsDUFiC4rEX33B.jpg","tags":[{"type":"standard","category":"smoking","item":"butts","quantity":1}],"objects":[{"status":"OK","on_map":true,"group":"Smoking","subgroup":"","layer":"Cigarette Butts","full_name":"Smoking \u2013 Cigarette Butts","olm_key":"smoking/butts","quantity":1,"picked_up":true}],"groups":["substances"],"has_litter":false,"has_pet_waste":false,"has_substances":true,"zone":"cottonwood_zone_D","zone_edge_m":5.6,"nbhd_edge_m":null}},{"type":"Feature","geometry":{"type":"Point","coordinates":[-122.55673980713,49.208320617676]},"properties":{"id":556068,"datetime":"2026-10-05T20:14:57.000000Z","filename":"https://olm-s3.s3.eu-west-1.amazonaws.com/2026/10/05/rp0GHDRCS78zDGOdyOuGTwQxiZJIDAgwJvXrVQjC.jpg","tags":[{"type":"standard","category":"marine","item":"polystyrene_fragment","quantity":1}],"objects":[{"status":"OK","on_map":true,"group":"Piece","subgroup":"","layer":"Styrofoam Piece","full_name":"Piece \u2013 Styrofoam Piece","olm_key":"marine/polystyrene_fragment","quantity":1,"picked_up":true}],"groups":["litter"],"has_litter":true,"has_pet_waste":false,"has_substances":false,"zone":"cottonwood_zone_D","zone_edge_m":5.6,"nbhd_edge_m":null}},{"type":"Feature","geometry":{"type":"Point","coordinates":[-122.55673980713,49.208320617676]},"properties":{"id":556067,"datetime":"2026-10-05T20:15:03.000000Z","filename":"https://olm-s3.s3.eu-west-1.amazonaws.com/2026/10/05/UII0maj8Gc64gwxMLHDmyTlV7diYI1zl2loKLZhE.jpg","tags":[{"type":"standard","category":"other","item":"paper","quantity":1},{"type":"material","category":"material","item":"paper","quantity":1,"parent_category":"other","parent_item":"paper"}],"objects":[{"status":"OK","on_map":true,"group":"Piece","subgroup":"","layer":"Paper Piece","full_name":"Piece \u2013 Paper Piece","olm_key":"other/paper","quantity":1,"picked_up":true}],"groups":["litter"],"has_litter":true,"has_pet_waste":false,"has_substances":false,"zone":"cottonwood_zone_D","zone_edge_m":5.6,"nbhd_edge_m":null}},{"type":"Feature","geometry":{"type":"Point","coordinates":[-122.55673980713,49.208320617676]},"properties":{"id":556066,"datetime":"2026-10-05T20:15:08.000000Z","filename":"https://olm-s3.s3.eu-west-1.amazonaws.com/2026/10/05/54ZFHPGax2pBjSkiW8xghG2HcytEoqGZ9uL905zW.jpg","tags":[{"type":"standard","category":"other","item":"plastic","quantity":1}],"objects":[{"status":"OK","on_map":true,"group":"Piece","subgroup":"","layer":"Plastic Piece","full_name":"Piece \u2013 Plastic Piece","olm_key":"other/plastic","quantity":1,"picked_up":true}],"groups":["litter"],"has_litter":true,"has_pet_waste":false,"has_substances":false,"zone":"cottonwood_zone_D","zone_edge_m":5.6,"nbhd_edge_m":null}},{"type":"Feature","geometry":{"type":"Point","coordinates":[-122.55673980713,49.208320617676]},"properties":{"id":556065,"datetime":"2026-10-05T20:15:11.000000Z","filename":"https://olm-s3.s3.eu-west-1.amazonaws.com/2026/10/05/Qw4kzKoB37HgYiazFWCuiTZgqpv2Hb4w7orhvCtv.jpg","tags":[{"type":"standard","category":"smoking","item":"butts","quantity":2}],"objects":[{"status":"OK","on_map":true,"group":"Smoking","subgroup":"","layer":"Cigarette Butts","full_name":"Smoking \u2013 Cigarette Butts","olm_key":"smoking/butts","quantity":2,"picked_up":true}],"groups":["substances"],"has_litter":false,"has_pet_waste":false,"has_substances":true,"zone":"cottonwood_zone_D","zone_edge_m":5.6,"nbhd_edge_m":null}},{"type":"Feature","geometry":{"type":"Point","coordinates":[-122.55673980713,49.208320617676]},"properties":{"id":556064,"datetime":"2026-10-05T20:15:15.000000Z","filename":"https://olm-s3.s3.eu-west-1.amazonaws.com/2026/10/05/P9Bo6BvR8rQ0awD0PSw1zgs1IVtzO3OlAMNABcBk.jpg","tags":[{"type":"standard","category":"smoking","item":"butts","quantity":2}],"objects":[{"status":"OK","on_map":true,"group":"Smoking","subgroup":"","layer":"Cigarette Butts","full_name":"Smoking \u2013 Cigarette Butts","olm_key":"smoking/butts","quantity":2,"picked_up":true}],"groups":["substances"],"has_litter":false,"has_pet_waste":false,"has_substances":true,"zone":"cottonwood_zone_D","zone_edge_m":5.6,"nbhd_edge_m":null}},{"type":"Feature","geometry":{"type":"Point","coordinates":[-122.55673980713,49.208320617676]},"properties":{"id":556063,"datetime":"2026-10-05T20:15:21.000000Z","filename":"https://olm-s3.s3.eu-west-1.amazonaws.com/2026/10/05/p71IZO6ui0AGmBYRpPMJKc7femUA4wCPQc2iN8C6.jpg","tags":[{"type":"standard","category":"other","item":"paper","quantity":1},{"type":"material","category":"material","item":"paper","quantity":1,"parent_category":"other","parent_item":"paper"}],"objects":[{"status":"OK","on_map":true,"group":"Piece","subgroup":"","layer":"Paper Piece","full_name":"Piece \u2013 Paper Piece","olm_key":"other/paper","quantity":1,"picked_up":true}],"groups":["litter"],"has_litter":true,"has_pet_waste":false,"has_substances":false,"zone":"cottonwood_zone_D","zone_edge_m":5.6,"nbhd_edge_m":null}},{"type":"Feature","geometry":{"type":"Point","coordinates":[-122.55673980713,49.208320617676]},"properties":{"id":556062,"datetime":"2026-10-05T20:15:29.000000Z","filename":"https://olm-s3.s3.eu-west-1.amazonaws.com/2026/10/05/JtbAwrhwkqiaXi0eJOVyGonVTlwojW2FPp30OT8T.jpg","tags":[{"type":"standard","category":"smoking","item":"butts","quantity":2}],"objects":[{"status":"OK","on_map":true,"group":"Smoking","subgroup":"","layer":"Cigarette Butts","full_name":"Smoking \u2013 Cigarette Butts","olm_key":"smoking/butts","quantity":2,"picked_up":true}],"groups":["substances"],"has_litter":false,"has_pet_waste":false,"has_substances":true,"zone":"cottonwood_zone_D","zone_edge_m":5.6,"nbhd_edge_m":null}},{"type":"Feature","geometry":{"type":"Point","coordinates":[-122.55699157715,49.208065032959]},"properties":{"id":556061,"datetime":"2026-10-05T20:15:38.000000Z","filename":"https://olm-s3.s3.eu-west-1.amazonaws.com/2026/10/05/mWa0WeQI3Q5Fk9dJ3en41LYDtR8MeZRLPcc4kSo6.jpg","tags":[{"type":"standard","category":"other","item":"paper","quantity":1},{"type":"material","category":"material","item":"paper","quantity":1,"parent_category":"other","parent_item":"paper"}],"objects":[{"status":"OK","on_map":true,"group":"Piece","subgroup":"","layer":"Paper Piece","full_name":"Piece \u2013 Paper Piece","olm_key":"other/paper","quantity":1,"picked_up":true}],"groups":["litter"],"has_litter":true,"has_pet_waste":false,"has_substances":false,"zone":"cottonwood_zone_E","zone_edge_m":22.8,"nbhd_edge_m":null}},{"type":"Feature","geometry":{"type":"Point","coordinates":[-122.55699157715,49.208065032959]},"properties":{"id":556060,"datetime":"2026-10-05T20:15:43.000000Z","filename":"https://olm-s3.s3.eu-west-1.amazonaws.com/2026/10/05/tMD4RSGRU3TTfZMZsrircouBNbTt3b5dnqulT6NS.jpg","tags":[{"type":"standard","category":"smoking","item":"butts","quantity":1}],"objects":[{"status":"OK","on_map":true,"group":"Smoking","subgroup":"","layer":"Cigarette Butts","full_name":"Smoking \u2013 Cigarette Butts","olm_key":"smoking/butts","quantity":1,"picked_up":true}],"groups":["substances"],"has_litter":false,"has_pet_waste":false,"has_substances":true,"zone":"cottonwood_zone_E","zone_edge_m":22.8,"nbhd_edge_m":null}},{"type":"Feature","geometry":{"type":"Point","coordinates":[-122.55684661865,49.208045959473]},"properties":{"id":556059,"datetime":"2026-10-05T20:15:55.000000Z","filename":"https://olm-s3.s3.eu-west-1.amazonaws.com/2026/10/05/XHBSDoY9yq4zOtXcXsmqqR4yFnFk0IOPF7E50e5j.jpg","tags":[{"type":"standard","category":"smoking","item":"butts","quantity":1}],"objects":[{"status":"OK","on_map":true,"group":"Smoking","subgroup":"","layer":"Cigarette Butts","full_name":"Smoking \u2013 Cigarette Butts","olm_key":"smoking/butts","quantity":1,"picked_up":true}],"groups":["substances"],"has_litter":false,"has_pet_waste":false,"has_substances":true,"zone":"cottonwood_zone_E","zone_edge_m":24.9,"nbhd_edge_m":null}},{"type":"Feature","geometry":{"type":"Point","coordinates":[-122.55684661865,49.208045959473]},"properties":{"id":556058,"datetime":"2026-10-05T20:15:59.000000Z","filename":"https://olm-s3.s3.eu-west-1.amazonaws.com/2026/10/05/DrEuMLJcIC9nfa7YuGTs4dCAtyGzMSfbrRgoiSeI.jpg","tags":[{"type":"standard","category":"smoking","item":"butts","quantity":1}],"objects":[{"status":"OK","on_map":true,"group":"Smoking","subgroup":"","layer":"Cigarette Butts","full_name":"Smoking \u2013 Cigarette Butts","olm_key":"smoking/butts","quantity":1,"picked_up":true}],"groups":["substances"],"has_litter":false,"has_pet_waste":false,"has_substances":true,"zone":"cottonwood_zone_E","zone_edge_m":24.9,"nbhd_edge_m":null}},{"type":"Feature","geometry":{"type":"Point","coordinates":[-122.55684661865,49.208045959473]},"properties":{"id":556057,"datetime":"2026-10-05T20:16:06.000000Z","filename":"https://olm-s3.s3.eu-west-1.amazonaws.com/2026/10/05/IAASQcbeq49qWAkBR0xJBgf9kyD0lvKkd03Szw8u.jpg","tags":[{"type":"standard","category":"other","item":"paper","quantity":1},{"type":"material","category":"material","item":"paper","quantity":1,"parent_category":"other","parent_item":"paper"}],"objects":[{"status":"OK","on_map":true,"group":"Piece","subgroup":"","layer":"Paper Piece","full_name":"Piece \u2013 Paper Piece","olm_key":"other/paper","quantity":1,"picked_up":true}],"groups":["litter"],"has_litter":true,"has_pet_waste":false,"has_substances":false,"zone":"cottonwood_zone_E","zone_edge_m":24.9,"nbhd_edge_m":null}},{"type":"Feature","geometry":{"type":"Point","coordinates":[-122.55684661865,49.208045959473]},"properties":{"id":556056,"datetime":"2026-10-05T20:16:19.000000Z","filename":"https://olm-s3.s3.eu-west-1.amazonaws.com/2026/10/05/5onNqz6HLbVFtcMKQQX45Ls0jDWxhssmQ346PE8d.jpg","tags":[{"type":"standard","category":"smoking","item":"butts","quantity":1}],"objects":[{"status":"OK","on_map":true,"group":"Smoking","subgroup":"","layer":"Cigarette Butts","full_name":"Smoking \u2013 Cigarette Butts","olm_key":"smoking/butts","quantity":1,"picked_up":true}],"groups":["substances"],"has_litter":false,"has_pet_waste":false,"has_substances":true,"zone":"cottonwood_zone_E","zone_edge_m":24.9,"nbhd_edge_m":null}},{"type":"Feature","geometry":{"type":"Point","coordinates":[-122.55684661865,49.208045959473]},"properties":{"id":556055,"datetime":"2026-10-05T20:16:23.000000Z","filename":"https://olm-s3.s3.eu-west-1.amazonaws.com/2026/10/05/nkiNVIUJJE46yNb0hkTpNM8MnsMJOcIzwymA0h5k.jpg","tags":[{"type":"standard","category":"smoking","item":"butts","quantity":1}],"objects":[{"status":"OK","on_map":true,"group":"Smoking","subgroup":"","layer":"Cigarette Butts","full_name":"Smoking \u2013 Cigarette Butts","olm_key":"smoking/butts","quantity":1,"picked_up":true}],"groups":["substances"],"has_litter":false,"has_pet_waste":false,"has_substances":true,"zone":"cottonwood_zone_E","zone_edge_m":24.9,"nbhd_edge_m":null}},{"type":"Feature","geometry":{"type":"Point","coordinates":[-122.55684661865,49.208045959473]},"properties":{"id":556054,"datetime":"2026-10-05T20:16:38.000000Z","filename":"https://olm-s3.s3.eu-west-1.amazonaws.com/2026/10/05/jPLXyccfWT9xmiexdiJGJXMF6d1KATjhSPxvrktU.jpg","tags":[{"type":"standard","category":"other","item":"plastic","quantity":1}],"objects":[{"status":"OK","on_map":true,"group":"Piece","subgroup":"","layer":"Plastic Piece","full_name":"Piece \u2013 Plastic Piece","olm_key":"other/plastic","quantity":1,"picked_up":true}],"groups":["litter"],"has_litter":true,"has_pet_waste":false,"has_substances":false,"zone":"cottonwood_zone_E","zone_edge_m":24.9,"nbhd_edge_m":null}},{"type":"Feature","geometry":{"type":"Point","coordinates":[-122.55684661865,49.208045959473]},"properties":{"id":556053,"datetime":"2026-10-05T20:16:47.000000Z","filename":"https://olm-s3.s3.eu-west-1.amazonaws.com/2026/10/05/LN4t4WWmJEDLyhnjcIoSH8hJhDoJdATGk8ks4w2f.jpg","tags":[{"type":"standard","category":"smoking","item":"butts","quantity":1}],"objects":[{"status":"OK","on_map":true,"group":"Smoking","subgroup":"","layer":"Cigarette Butts","full_name":"Smoking \u2013 Cigarette Butts","olm_key":"smoking/butts","quantity":1,"picked_up":true}],"groups":["substances"],"has_litter":false,"has_pet_waste":false,"has_substances":true,"zone":"cottonwood_zone_E","zone_edge_m":24.9,"nbhd_edge_m":null}},{"type":"Feature","geometry":{"type":"Point","coordinates":[-122.55684661865,49.208045959473]},"properties":{"id":556052,"datetime":"2026-10-05T20:16:50.000000Z","filename":"https://olm-s3.s3.eu-west-1.amazonaws.com/2026/10/05/uNim16ka6KTspKUeFtEj8jdV3Sdro7e6zjMaPadG.jpg","tags":[{"type":"standard","category":"other","item":"paper","quantity":1},{"type":"material","category":"material","item":"paper","quantity":1,"parent_category":"other","parent_item":"paper"},{"type":"standard","category":"smoking","item":"butts","quantity":1}],"objects":[{"status":"OK","on_map":true,"group":"Piece","subgroup":"","layer":"Paper Piece","full_name":"Piece \u2013 Paper Piece","olm_key":"other/paper","quantity":1,"picked_up":true},{"status":"OK","on_map":true,"group":"Smoking","subgroup":"","layer":"Cigarette Butts","full_name":"Smoking \u2013 Cigarette Butts","olm_key":"smoking/butts","quantity":1,"picked_up":true}],"groups":["litter","substances"],"has_litter":true,"has_pet_waste":false,"has_substances":true,"zone":"cottonwood_zone_E","zone_edge_m":24.9,"nbhd_edge_m":null}},{"type":"Feature","geometry":{"type":"Point","coordinates":[-122.55684661865,49.208045959473]},"properties":{"id":556051,"datetime":"2026-10-05T20:17:00.000000Z","filename":"https://olm-s3.s3.eu-west-1.amazonaws.com/2026/10/05/IfpIgBRaN8wmI5pcyLFBrhhRdSx61kGJXc1trkUA.jpg","tags":[{"type":"standard","category":"other","item":"balloon","quantity":1}],"objects":[{"status":"OK","on_map":true,"group":"Household","subgroup":"","layer":"Party Litter","full_name":"Household \u2013 Party Litter","olm_key":"other/balloon","quantity":1,"picked_up":true}],"groups":["litter"],"has_litter":true,"has_pet_waste":false,"has_substances":false,"zone":"cottonwood_zone_E","zone_edge_m":24.9,"nbhd_edge_m":null}},{"type":"Feature","geometry":{"type":"Point","coordinates":[-122.55684661865,49.208045959473]},"properties":{"id":556050,"datetime":"2026-10-05T20:17:04.000000Z","filename":"https://olm-s3.s3.eu-west-1.amazonaws.com/2026/10/05/ujYHjLyLJfwpI5xPiH3YWXhKwVBM2ZNAyRMj1v9u.jpg","tags":[{"type":"standard","category":"other","item":"balloon","quantity":1}],"objects":[{"status":"OK","on_map":true,"group":"Household","subgroup":"","layer":"Party Litter","full_name":"Household \u2013 Party Litter","olm_key":"other/balloon","quantity":1,"picked_up":true}],"groups":["litter"],"has_litter":true,"has_pet_waste":false,"has_substances":false,"zone":"cottonwood_zone_E","zone_edge_m":24.9,"nbhd_edge_m":null}},{"type":"Feature","geometry":{"type":"Point","coordinates":[-122.55684661865,49.208045959473]},"properties":{"id":556049,"datetime":"2026-10-05T20:17:13.000000Z","filename":"https://olm-s3.s3.eu-west-1.amazonaws.com/2026/10/05/TsBQB5spqQcwcP1nn1EhbTNF4GhfMyLj0FQHiwee.jpg","tags":[{"type":"standard","category":"other","item":"balloon","quantity":1}],"objects":[{"status":"OK","on_map":true,"group":"Household","subgroup":"","layer":"Party Litter","full_name":"Household \u2013 Party Litter","olm_key":"other/balloon","quantity":1,"picked_up":true}],"groups":["litter"],"has_litter":true,"has_pet_waste":false,"has_substances":false,"zone":"cottonwood_zone_E","zone_edge_m":24.9,"nbhd_edge_m":null}},{"type":"Feature","geometry":{"type":"Point","coordinates":[-122.55684661865,49.208045959473]},"properties":{"id":556048,"datetime":"2026-10-05T20:17:25.000000Z","filename":"https://olm-s3.s3.eu-west-1.amazonaws.com/2026/10/05/M9gEpZUiLGktNrfuIPFC4Fvcuapn26J4pwG7FaRd.jpg","tags":[{"type":"standard","category":"other","item":"plastic","quantity":1}],"objects":[{"status":"OK","on_map":true,"group":"Piece","subgroup":"","layer":"Plastic Piece","full_name":"Piece \u2013 Plastic Piece","olm_key":"other/plastic","quantity":1,"picked_up":true}],"groups":["litter"],"has_litter":true,"has_pet_waste":false,"has_substances":false,"zone":"cottonwood_zone_E","zone_edge_m":24.9,"nbhd_edge_m":null}},{"type":"Feature","geometry":{"type":"Point","coordinates":[-122.55684661865,49.208045959473]},"properties":{"id":556047,"datetime":"2026-10-05T20:17:29.000000Z","filename":"https://olm-s3.s3.eu-west-1.amazonaws.com/2026/10/05/EElgUkDq7GoGv41QmbkulwbUEcBXFnTwZVbvNJFJ.jpg","tags":[{"type":"standard","category":"smoking","item":"butts","quantity":1}],"objects":[{"status":"OK","on_map":true,"group":"Smoking","subgroup":"","layer":"Cigarette Butts","full_name":"Smoking \u2013 Cigarette Butts","olm_key":"smoking/butts","quantity":1,"picked_up":true}],"groups":["substances"],"has_litter":false,"has_pet_waste":false,"has_substances":true,"zone":"cottonwood_zone_E","zone_edge_m":24.9,"nbhd_edge_m":null}},{"type":"Feature","geometry":{"type":"Point","coordinates":[-122.55684661865,49.208045959473]},"properties":{"id":556046,"datetime":"2026-10-05T20:17:35.000000Z","filename":"https://olm-s3.s3.eu-west-1.amazonaws.com/2026/10/05/khNTw7FTj0MzEoElkLH5ZSWwlirJQAVcHwh3KYOO.jpg","tags":[{"type":"standard","category":"other","item":"balloon","quantity":1}],"objects":[{"status":"OK","on_map":true,"group":"Household","subgroup":"","layer":"Party Litter","full_name":"Household \u2013 Party Litter","olm_key":"other/balloon","quantity":1,"picked_up":true}],"groups":["litter"],"has_litter":true,"has_pet_waste":false,"has_substances":false,"zone":"cottonwood_zone_E","zone_edge_m":24.9,"nbhd_edge_m":null}},{"type":"Feature","geometry":{"type":"Point","coordinates":[-122.55684661865,49.208045959473]},"properties":{"id":556045,"datetime":"2026-10-05T20:17:40.000000Z","filename":"https://olm-s3.s3.eu-west-1.amazonaws.com/2026/10/05/D6ls0VZSuKI89wIwcHu1dnBgrftqi3YOuIFBXBcl.jpg","tags":[{"type":"standard","category":"smoking","item":"butts","quantity":1}],"objects":[{"status":"OK","on_map":true,"group":"Smoking","subgroup":"","layer":"Cigarette Butts","full_name":"Smoking \u2013 Cigarette Butts","olm_key":"smoking/butts","quantity":1,"picked_up":true}],"groups":["substances"],"has_litter":false,"has_pet_waste":false,"has_substances":true,"zone":"cottonwood_zone_E","zone_edge_m":24.9,"nbhd_edge_m":null}},{"type":"Feature","geometry":{"type":"Point","coordinates":[-122.55684661865,49.208045959473]},"properties":{"id":556044,"datetime":"2026-10-05T20:17:51.000000Z","filename":"https://olm-s3.s3.eu-west-1.amazonaws.com/2026/10/05/7kPyDNIKbuO3WO3VlcGfHDWY37UI760icZurB8yL.jpg","tags":[{"type":"standard","category":"smoking","item":"butts","quantity":1}],"objects":[{"status":"OK","on_map":true,"group":"Smoking","subgroup":"","layer":"Cigarette Butts","full_name":"Smoking \u2013 Cigarette Butts","olm_key":"smoking/butts","quantity":1,"picked_up":true}],"groups":["substances"],"has_litter":false,"has_pet_waste":false,"has_substances":true,"zone":"cottonwood_zone_E","zone_edge_m":24.9,"nbhd_edge_m":null}},{"type":"Feature","geometry":{"type":"Point","coordinates":[-122.55684661865,49.208045959473]},"properties":{"id":556043,"datetime":"2026-10-05T20:17:55.000000Z","filename":"https://olm-s3.s3.eu-west-1.amazonaws.com/2026/10/05/QDc4vKs7BVRUTYTsVr8BYewocbkqL81czxnoGde5.jpg","tags":[{"type":"standard","category":"other","item":"balloon","quantity":1}],"objects":[{"status":"OK","on_map":true,"group":"Household","subgroup":"","layer":"Party Litter","full_name":"Household \u2013 Party Litter","olm_key":"other/balloon","quantity":1,"picked_up":true}],"groups":["litter"],"has_litter":true,"has_pet_waste":false,"has_substances":false,"zone":"cottonwood_zone_E","zone_edge_m":24.9,"nbhd_edge_m":null}},{"type":"Feature","geometry":{"type":"Point","coordinates":[-122.55684661865,49.208045959473]},"properties":{"id":556042,"datetime":"2026-10-05T20:18:02.000000Z","filename":"https://olm-s3.s3.eu-west-1.amazonaws.com/2026/10/05/GStPQqC2bCWfID4IxME11tY0PO3JHBohjQAu1uRK.jpg","tags":[{"type":"standard","category":"other","item":"balloon","quantity":1}],"objects":[{"status":"OK","on_map":true,"group":"Household","subgroup":"","layer":"Party Litter","full_name":"Household \u2013 Party Litter","olm_key":"other/balloon","quantity":1,"picked_up":true}],"groups":["litter"],"has_litter":true,"has_pet_waste":false,"has_substances":false,"zone":"cottonwood_zone_E","zone_edge_m":24.9,"nbhd_edge_m":null}},{"type":"Feature","geometry":{"type":"Point","coordinates":[-122.55684661865,49.208045959473]},"properties":{"id":556041,"datetime":"2026-10-05T20:18:27.000000Z","filename":"https://olm-s3.s3.eu-west-1.amazonaws.com/2026/10/05/B745JA0vTd1qPtBZ7EwykPJWMgVPj80W9vhsUAa0.jpg","tags":[{"type":"standard","category":"smoking","item":"butts","quantity":1}],"objects":[{"status":"OK","on_map":true,"group":"Smoking","subgroup":"","layer":"Cigarette Butts","full_name":"Smoking \u2013 Cigarette Butts","olm_key":"smoking/butts","quantity":1,"picked_up":true}],"groups":["substances"],"has_litter":false,"has_pet_waste":false,"has_substances":true,"zone":"cottonwood_zone_E","zone_edge_m":24.9,"nbhd_edge_m":null}},{"type":"Feature","geometry":{"type":"Point","coordinates":[-122.55684661865,49.208045959473]},"properties":{"id":556040,"datetime":"2026-10-05T20:18:36.000000Z","filename":"https://olm-s3.s3.eu-west-1.amazonaws.com/2026/10/05/3rMNDwl7R4FUXn3lYQtUHPcADO15be7ikmpPq8re.jpg","tags":[{"type":"standard","category":"pets","item":"dogshit_in_bag","quantity":1}],"objects":[{"status":"OK","on_map":true,"group":"Fecal","subgroup":"","layer":"Pet Waste Bagged","full_name":"Fecal \u2013 Pet Waste Bagged","olm_key":"pets/dogshit_in_bag","quantity":1,"picked_up":false}],"groups":["pet_waste"],"has_litter":false,"has_pet_waste":true,"has_substances":false,"zone":"cottonwood_zone_E","zone_edge_m":24.9,"nbhd_edge_m":null}},{"type":"Feature","geometry":{"type":"Point","coordinates":[-122.55684661865,49.208045959473]},"properties":{"id":556039,"datetime":"2026-10-05T20:18:40.000000Z","filename":"https://olm-s3.s3.eu-west-1.amazonaws.com/2026/10/05/jX3tnyUiM26Y4l7N59QUouhanBhJjhQnJwRDxy4y.jpg","tags":[{"type":"standard","category":"pets","item":"dogshit","quantity":1}],"objects":[{"status":"OK","on_map":true,"group":"Fecal","subgroup":"","layer":"Pet Waste Unbagged","full_name":"Fecal \u2013 Pet Waste Unbagged","olm_key":"pets/dogshit","quantity":1,"picked_up":false}],"groups":["pet_waste"],"has_litter":false,"has_pet_waste":true,"has_substances":false,"zone":"cottonwood_zone_E","zone_edge_m":24.9,"nbhd_edge_m":null}},{"type":"Feature","geometry":{"type":"Point","coordinates":[-122.55684661865,49.208045959473]},"properties":{"id":556038,"datetime":"2026-10-05T20:18:48.000000Z","filename":"https://olm-s3.s3.eu-west-1.amazonaws.com/2026/10/05/WPVdPDwtUqX9F74eccsmAYMjEhjxhZe1NuKNUeAt.jpg","tags":[{"type":"standard","category":"smoking","item":"butts","quantity":1}],"objects":[{"status":"OK","on_map":true,"group":"Smoking","subgroup":"","layer":"Cigarette Butts","full_name":"Smoking \u2013 Cigarette Butts","olm_key":"smoking/butts","quantity":1,"picked_up":true}],"groups":["substances"],"has_litter":false,"has_pet_waste":false,"has_substances":true,"zone":"cottonwood_zone_E","zone_edge_m":24.9,"nbhd_edge_m":null}},{"type":"Feature","geometry":{"type":"Point","coordinates":[-122.55684661865,49.208045959473]},"properties":{"id":556037,"datetime":"2026-10-05T20:18:53.000000Z","filename":"https://olm-s3.s3.eu-west-1.amazonaws.com/2026/10/05/DAG3tkZ4kzljnMVdnWelVPEu6EGcPAMKMbYN9LvV.jpg","tags":[{"type":"standard","category":"smoking","item":"butts","quantity":1}],"objects":[{"status":"OK","on_map":true,"group":"Smoking","subgroup":"","layer":"Cigarette Butts","full_name":"Smoking \u2013 Cigarette Butts","olm_key":"smoking/butts","quantity":1,"picked_up":true}],"groups":["substances"],"has_litter":false,"has_pet_waste":false,"has_substances":true,"zone":"cottonwood_zone_E","zone_edge_m":24.9,"nbhd_edge_m":null}},{"type":"Feature","geometry":{"type":"Point","coordinates":[-122.55684661865,49.208045959473]},"properties":{"id":556036,"datetime":"2026-10-05T20:18:57.000000Z","filename":"https://olm-s3.s3.eu-west-1.amazonaws.com/2026/10/05/trYUTUxKj32RxmgY5JOx5DhuRYpAX09yuMMBEePP.jpg","tags":[{"type":"standard","category":"other","item":"paper","quantity":1},{"type":"material","category":"material","item":"paper","quantity":1,"parent_category":"other","parent_item":"paper"}],"objects":[{"status":"OK","on_map":true,"group":"Piece","subgroup":"","layer":"Paper Piece","full_name":"Piece \u2013 Paper Piece","olm_key":"other/paper","quantity":1,"picked_up":true}],"groups":["litter"],"has_litter":true,"has_pet_waste":false,"has_substances":false,"zone":"cottonwood_zone_E","zone_edge_m":24.9,"nbhd_edge_m":null}},{"type":"Feature","geometry":{"type":"Point","coordinates":[-122.55684661865,49.208045959473]},"properties":{"id":556035,"datetime":"2026-10-05T20:19:03.000000Z","filename":"https://olm-s3.s3.eu-west-1.amazonaws.com/2026/10/05/bQWkvB7xnBn6mOm1jRsqcyDnffrWBnnxJDtfXnt4.jpg","tags":[{"type":"standard","category":"smoking","item":"butts","quantity":1}],"objects":[{"status":"OK","on_map":true,"group":"Smoking","subgroup":"","layer":"Cigarette Butts","full_name":"Smoking \u2013 Cigarette Butts","olm_key":"smoking/butts","quantity":1,"picked_up":true}],"groups":["substances"],"has_litter":false,"has_pet_waste":false,"has_substances":true,"zone":"cottonwood_zone_E","zone_edge_m":24.9,"nbhd_edge_m":null}},{"type":"Feature","geometry":{"type":"Point","coordinates":[-122.55684661865,49.208045959473]},"properties":{"id":556034,"datetime":"2026-10-05T20:19:17.000000Z","filename":"https://olm-s3.s3.eu-west-1.amazonaws.com/2026/10/05/Tk6NdZ7P1Uhm2ivVKOEHL19CCrUR6NHxTGP5WIBi.jpg","tags":[{"type":"standard","category":"alcohol","item":"can","quantity":1,"object_type":"spirits"},{"type":"material","category":"material","item":"aluminium","quantity":1,"parent_category":"alcohol","parent_item":"can"}],"objects":[{"status":"OK","on_map":true,"group":"Household","subgroup":"Liquor","layer":"Liquor Can","full_name":"Household \u2013 Liquor \u2013 Liquor Can","olm_key":"alcohol/can","quantity":1,"picked_up":true}],"groups":["substances"],"has_litter":false,"has_pet_waste":false,"has_substances":true,"zone":"cottonwood_zone_E","zone_edge_m":24.9,"nbhd_edge_m":null}},{"type":"Feature","geometry":{"type":"Point","coordinates":[-122.55684661865,49.208045959473]},"properties":{"id":556033,"datetime":"2026-10-05T20:19:29.000000Z","filename":"https://olm-s3.s3.eu-west-1.amazonaws.com/2026/10/05/2UIq1q7RiL7MeId6GvFKv675yFgYWOZX5YFwCinw.jpg","tags":[{"type":"standard","category":"softdrinks","item":"straw","quantity":1}],"objects":[{"status":"OK","on_map":true,"group":"Convenient Food Drink","subgroup":"Drink","layer":"Paper Drink Straws","full_name":"Convenient Food Drink \u2013 Drink \u2013 Paper Drink Straws","olm_key":"softdrinks/straw","quantity":1,"picked_up":true}],"groups":["litter"],"has_litter":true,"has_pet_waste":false,"has_substances":false,"zone":"cottonwood_zone_E","zone_edge_m":24.9,"nbhd_edge_m":null}},{"type":"Feature","geometry":{"type":"Point","coordinates":[-122.55684661865,49.208045959473]},"properties":{"id":556032,"datetime":"2026-10-05T20:19:34.000000Z","filename":"https://olm-s3.s3.eu-west-1.amazonaws.com/2026/10/05/RGWiBzYgTl4SP3MC24QPc6G1asZazCqNELUCSA6P.jpg","tags":[{"type":"standard","category":"softdrinks","item":"straw_wrapper","quantity":1}],"objects":[{"status":"OK","on_map":true,"group":"Convenient Food Drink","subgroup":"Drink","layer":"Drink Straw Wrapper","full_name":"Convenient Food Drink \u2013 Drink \u2013 Drink Straw Wrapper","olm_key":"softdrinks/straw_wrapper","quantity":1,"picked_up":true}],"groups":["litter"],"has_litter":true,"has_pet_waste":false,"has_substances":false,"zone":"cottonwood_zone_E","zone_edge_m":24.9,"nbhd_edge_m":null}},{"type":"Feature","geometry":{"type":"Point","coordinates":[-122.55684661865,49.208045959473]},"properties":{"id":556031,"datetime":"2026-10-05T20:19:46.000000Z","filename":"https://olm-s3.s3.eu-west-1.amazonaws.com/2026/10/05/7KBwjwp8jalXVm4kG29wMP2IcymfRRFaLozBRSUl.jpg","tags":[{"type":"standard","category":"smoking","item":"butts","quantity":1}],"objects":[{"status":"OK","on_map":true,"group":"Smoking","subgroup":"","layer":"Cigarette Butts","full_name":"Smoking \u2013 Cigarette Butts","olm_key":"smoking/butts","quantity":1,"picked_up":true}],"groups":["substances"],"has_litter":false,"has_pet_waste":false,"has_substances":true,"zone":"cottonwood_zone_E","zone_edge_m":24.9,"nbhd_edge_m":null}},{"type":"Feature","geometry":{"type":"Point","coordinates":[-122.55668640137,49.207641601562]},"properties":{"id":556030,"datetime":"2026-10-05T20:19:49.000000Z","filename":"https://olm-s3.s3.eu-west-1.amazonaws.com/2026/10/05/vTpNhehU3bgiezUssBlisWh7WqfJaXNhLaiTk4ji.jpg","tags":[{"type":"standard","category":"smoking","item":"butts","quantity":1}],"objects":[{"status":"OK","on_map":true,"group":"Smoking","subgroup":"","layer":"Cigarette Butts","full_name":"Smoking \u2013 Cigarette Butts","olm_key":"smoking/butts","quantity":1,"picked_up":true}],"groups":["substances"],"has_litter":false,"has_pet_waste":false,"has_substances":true,"zone":"cottonwood_zone_E","zone_edge_m":49.9,"nbhd_edge_m":null}},{"type":"Feature","geometry":{"type":"Point","coordinates":[-122.55668640137,49.207641601562]},"properties":{"id":556029,"datetime":"2026-10-05T20:19:56.000000Z","filename":"https://olm-s3.s3.eu-west-1.amazonaws.com/2026/10/05/hJ2Qmlwm1KpRF5Kw7UG3aIBaE7cJedxPSadYFqVT.jpg","tags":[{"type":"standard","category":"smoking","item":"butts","quantity":1}],"objects":[{"status":"OK","on_map":true,"group":"Smoking","subgroup":"","layer":"Cigarette Butts","full_name":"Smoking \u2013 Cigarette Butts","olm_key":"smoking/butts","quantity":1,"picked_up":true}],"groups":["substances"],"has_litter":false,"has_pet_waste":false,"has_substances":true,"zone":"cottonwood_zone_E","zone_edge_m":49.9,"nbhd_edge_m":null}},{"type":"Feature","geometry":{"type":"Point","coordinates":[-122.55668640137,49.207641601562]},"properties":{"id":556028,"datetime":"2026-10-05T20:20:03.000000Z","filename":"https://olm-s3.s3.eu-west-1.amazonaws.com/2026/10/05/OlZcswoCqdKW4XYZedekH8aANRaX6ebLMpFqr5l7.jpg","tags":[{"type":"standard","category":"smoking","item":"butts","quantity":3}],"objects":[{"status":"OK","on_map":true,"group":"Smoking","subgroup":"","layer":"Cigarette Butts","full_name":"Smoking \u2013 Cigarette Butts","olm_key":"smoking/butts","quantity":3,"picked_up":true}],"groups":["substances"],"has_litter":false,"has_pet_waste":false,"has_substances":true,"zone":"cottonwood_zone_E","zone_edge_m":49.9,"nbhd_edge_m":null}},{"type":"Feature","geometry":{"type":"Point","coordinates":[-122.55668640137,49.207641601562]},"properties":{"id":556027,"datetime":"2026-10-05T20:20:15.000000Z","filename":"https://olm-s3.s3.eu-west-1.amazonaws.com/2026/10/05/y6zolgignBiOX1XZN4SAUXCdOO5QKiinAPoZSGfu.jpg","tags":[{"type":"standard","category":"smoking","item":"butts","quantity":1}],"objects":[{"status":"OK","on_map":true,"group":"Smoking","subgroup":"","layer":"Cigarette Butts","full_name":"Smoking \u2013 Cigarette Butts","olm_key":"smoking/butts","quantity":1,"picked_up":true}],"groups":["substances"],"has_litter":false,"has_pet_waste":false,"has_substances":true,"zone":"cottonwood_zone_E","zone_edge_m":49.9,"nbhd_edge_m":null}},{"type":"Feature","geometry":{"type":"Point","coordinates":[-122.55668640137,49.207641601562]},"properties":{"id":556026,"datetime":"2026-10-05T20:20:26.000000Z","filename":"https://olm-s3.s3.eu-west-1.amazonaws.com/2026/10/05/i8IAndcO6nBFWPeVdB72o5NyTkc9f3Hl41HhoRia.jpg","tags":[{"type":"standard","category":"other","item":"plastic","quantity":1}],"objects":[{"status":"OK","on_map":true,"group":"Piece","subgroup":"","layer":"Plastic Piece","full_name":"Piece \u2013 Plastic Piece","olm_key":"other/plastic","quantity":1,"picked_up":true}],"groups":["litter"],"has_litter":true,"has_pet_waste":false,"has_substances":false,"zone":"cottonwood_zone_E","zone_edge_m":49.9,"nbhd_edge_m":null}},{"type":"Feature","geometry":{"type":"Point","coordinates":[-122.55668640137,49.207641601562]},"properties":{"id":556025,"datetime":"2026-10-05T20:20:38.000000Z","filename":"https://olm-s3.s3.eu-west-1.amazonaws.com/2026/10/05/wPTgmwdeBsgWwQgeRt0IbZSsUtDVxB1Cm1yTkDlR.jpg","tags":[{"type":"standard","category":"food","item":"other","quantity":1}],"objects":[{"status":"OK","on_map":true,"group":"Household","subgroup":"","layer":"Organic Debris, Misc.","full_name":"Household \u2013 Organic Debris, Misc.","olm_key":"food/other","quantity":1,"picked_up":true}],"groups":["litter"],"has_litter":true,"has_pet_waste":false,"has_substances":false,"zone":"cottonwood_zone_E","zone_edge_m":49.9,"nbhd_edge_m":null}},{"type":"Feature","geometry":{"type":"Point","coordinates":[-122.55668640137,49.207641601562]},"properties":{"id":556024,"datetime":"2026-10-05T20:20:48.000000Z","filename":"https://olm-s3.s3.eu-west-1.amazonaws.com/2026/10/05/VNSBbCn7PSuxxUYNJLVxpnqAnYPjqzSEEZWFF6lx.jpg","tags":[{"type":"standard","category":"smoking","item":"butts","quantity":1}],"objects":[{"status":"OK","on_map":true,"group":"Smoking","subgroup":"","layer":"Cigarette Butts","full_name":"Smoking \u2013 Cigarette Butts","olm_key":"smoking/butts","quantity":1,"picked_up":true}],"groups":["substances"],"has_litter":false,"has_pet_waste":false,"has_substances":true,"zone":"cottonwood_zone_E","zone_edge_m":49.9,"nbhd_edge_m":null}},{"type":"Feature","geometry":{"type":"Point","coordinates":[-122.55673217773,49.207260131836]},"properties":{"id":556023,"datetime":"2026-10-05T20:20:57.000000Z","filename":"https://olm-s3.s3.eu-west-1.amazonaws.com/2026/10/05/eS0epmJyAdTVpHd6NuOmFNMWmKLtcTZzDlLeMGMn.jpg","tags":[{"type":"standard","category":"food","item":"wrapper","quantity":1},{"type":"material","category":"material","item":"plastic","quantity":1,"parent_category":"food","parent_item":"wrapper"},{"type":"material","category":"material","item":"foil","quantity":1,"parent_category":"food","parent_item":"wrapper"},{"type":"standard","category":"smoking","item":"butts","quantity":1}],"objects":[{"status":"OK","on_map":true,"group":"Convenient Food Drink","subgroup":"Snack","layer":"Foil / Plastic Film Snack Wrapper","full_name":"Convenient Food Drink \u2013 Snack \u2013 Foil / Plastic Film Snack Wrapper","olm_key":"food/wrapper","quantity":1,"picked_up":true},{"status":"OK","on_map":true,"group":"Smoking","subgroup":"","layer":"Cigarette Butts","full_name":"Smoking \u2013 Cigarette Butts","olm_key":"smoking/butts","quantity":1,"picked_up":true}],"groups":["litter","substances"],"has_litter":true,"has_pet_waste":false,"has_substances":true,"zone":"cottonwood_zone_E","zone_edge_m":53.2,"nbhd_edge_m":null}},{"type":"Feature","geometry":{"type":"Point","coordinates":[-122.55673217773,49.207260131836]},"properties":{"id":556022,"datetime":"2026-10-05T20:21:03.000000Z","filename":"https://olm-s3.s3.eu-west-1.amazonaws.com/2026/10/05/tdtiGMFhGeTdBr2kYzlY04ZrnHGYGz5wq69O2ybl.jpg","tags":[{"type":"standard","category":"smoking","item":"butts","quantity":1}],"objects":[{"status":"OK","on_map":true,"group":"Smoking","subgroup":"","layer":"Cigarette Butts","full_name":"Smoking \u2013 Cigarette Butts","olm_key":"smoking/butts","quantity":1,"picked_up":true}],"groups":["substances"],"has_litter":false,"has_pet_waste":false,"has_substances":true,"zone":"cottonwood_zone_E","zone_edge_m":53.2,"nbhd_edge_m":null}},{"type":"Feature","geometry":{"type":"Point","coordinates":[-122.55673217773,49.207260131836]},"properties":{"id":556021,"datetime":"2026-10-05T20:21:09.000000Z","filename":"https://olm-s3.s3.eu-west-1.amazonaws.com/2026/10/05/dlQE0epqP8cX46A40PUR6VfVJrGMRmJoRG6gCk9R.jpg","tags":[{"type":"standard","category":"other","item":"plastic","quantity":1}],"objects":[{"status":"OK","on_map":true,"group":"Piece","subgroup":"","layer":"Plastic Piece","full_name":"Piece \u2013 Plastic Piece","olm_key":"other/plastic","quantity":1,"picked_up":true}],"groups":["litter"],"has_litter":true,"has_pet_waste":false,"has_substances":false,"zone":"cottonwood_zone_E","zone_edge_m":53.2,"nbhd_edge_m":null}},{"type":"Feature","geometry":{"type":"Point","coordinates":[-122.55673217773,49.207260131836]},"properties":{"id":556020,"datetime":"2026-10-05T20:21:14.000000Z","filename":"https://olm-s3.s3.eu-west-1.amazonaws.com/2026/10/05/RRdB89LE1HLfKE5c8dPuQdtmf1OT53ubxpxGuJOs.jpg","tags":[{"type":"standard","category":"smoking","item":"butts","quantity":2}],"objects":[{"status":"OK","on_map":true,"group":"Smoking","subgroup":"","layer":"Cigarette Butts","full_name":"Smoking \u2013 Cigarette Butts","olm_key":"smoking/butts","quantity":2,"picked_up":true}],"groups":["substances"],"has_litter":false,"has_pet_waste":false,"has_substances":true,"zone":"cottonwood_zone_E","zone_edge_m":53.2,"nbhd_edge_m":null}},{"type":"Feature","geometry":{"type":"Point","coordinates":[-122.55673217773,49.207260131836]},"properties":{"id":556019,"datetime":"2026-10-05T20:21:19.000000Z","filename":"https://olm-s3.s3.eu-west-1.amazonaws.com/2026/10/05/sFEbYVbFpsXcFC9T4oshD23RCsYEG7dQEOw2Q6er.jpg","tags":[{"type":"standard","category":"food","item":"gum","quantity":1},{"type":"standard","category":"smoking","item":"butts","quantity":1}],"objects":[{"status":"OK","on_map":true,"group":"Convenient Food Drink","subgroup":"Snack","layer":"Chewed Gum","full_name":"Convenient Food Drink \u2013 Snack \u2013 Chewed Gum","olm_key":"food/gum","quantity":1,"picked_up":true},{"status":"OK","on_map":true,"group":"Smoking","subgroup":"","layer":"Cigarette Butts","full_name":"Smoking \u2013 Cigarette Butts","olm_key":"smoking/butts","quantity":1,"picked_up":true}],"groups":["litter","substances"],"has_litter":true,"has_pet_waste":false,"has_substances":true,"zone":"cottonwood_zone_E","zone_edge_m":53.2,"nbhd_edge_m":null}},{"type":"Feature","geometry":{"type":"Point","coordinates":[-122.55673217773,49.207260131836]},"properties":{"id":556018,"datetime":"2026-10-05T20:21:25.000000Z","filename":"https://olm-s3.s3.eu-west-1.amazonaws.com/2026/10/05/X1bXNCYRN6lHZQfhaVOMXL2z2B78iQRQno3ilz2n.jpg","tags":[{"type":"standard","category":"smoking","item":"butts","quantity":8}],"objects":[{"status":"OK","on_map":true,"group":"Smoking","subgroup":"","layer":"Cigarette Butts","full_name":"Smoking \u2013 Cigarette Butts","olm_key":"smoking/butts","quantity":8,"picked_up":true}],"groups":["substances"],"has_litter":false,"has_pet_waste":false,"has_substances":true,"zone":"cottonwood_zone_E","zone_edge_m":53.2,"nbhd_edge_m":null}},{"type":"Feature","geometry":{"type":"Point","coordinates":[-122.55673217773,49.207260131836]},"properties":{"id":556017,"datetime":"2026-10-05T20:21:45.000000Z","filename":"https://olm-s3.s3.eu-west-1.amazonaws.com/2026/10/05/KcRLcuuLgo8bqEM32NcWqcievzHAkCpenLhYv1Ov.jpg","tags":[{"type":"standard","category":"smoking","item":"butts","quantity":1}],"objects":[{"status":"OK","on_map":true,"group":"Smoking","subgroup":"","layer":"Cigarette Butts","full_name":"Smoking \u2013 Cigarette Butts","olm_key":"smoking/butts","quantity":1,"picked_up":true}],"groups":["substances"],"has_litter":false,"has_pet_waste":false,"has_substances":true,"zone":"cottonwood_zone_E","zone_edge_m":53.2,"nbhd_edge_m":null}},{"type":"Feature","geometry":{"type":"Point","coordinates":[-122.55673217773,49.207260131836]},"properties":{"id":556016,"datetime":"2026-10-05T20:21:50.000000Z","filename":"https://olm-s3.s3.eu-west-1.amazonaws.com/2026/10/05/ss8xl44rLwyF9MqBN3oZqiPA9eavhlOoOFAGQp1C.jpg","tags":[{"type":"standard","category":"smoking","item":"butts","quantity":1}],"objects":[{"status":"OK","on_map":true,"group":"Smoking","subgroup":"","layer":"Cigarette Butts","full_name":"Smoking \u2013 Cigarette Butts","olm_key":"smoking/butts","quantity":1,"picked_up":true}],"groups":["substances"],"has_litter":false,"has_pet_waste":false,"has_substances":true,"zone":"cottonwood_zone_E","zone_edge_m":53.2,"nbhd_edge_m":null}},{"type":"Feature","geometry":{"type":"Point","coordinates":[-122.55673217773,49.207260131836]},"properties":{"id":556015,"datetime":"2026-10-05T20:21:55.000000Z","filename":"https://olm-s3.s3.eu-west-1.amazonaws.com/2026/10/05/SjOngoA0HAcxfEo3PI6wdRf3yoXlmsaFNq0ePeL7.jpg","tags":[{"type":"standard","category":"smoking","item":"butts","quantity":3}],"objects":[{"status":"OK","on_map":true,"group":"Smoking","subgroup":"","layer":"Cigarette Butts","full_name":"Smoking \u2013 Cigarette Butts","olm_key":"smoking/butts","quantity":3,"picked_up":true}],"groups":["substances"],"has_litter":false,"has_pet_waste":false,"has_substances":true,"zone":"cottonwood_zone_E","zone_edge_m":53.2,"nbhd_edge_m":null}},{"type":"Feature","geometry":{"type":"Point","coordinates":[-122.55680084229,49.207248687744]},"properties":{"id":556014,"datetime":"2026-10-05T20:22:12.000000Z","filename":"https://olm-s3.s3.eu-west-1.amazonaws.com/2026/10/05/VYLcdiTZCTXpcKcJ4cQlVh86dMYBF4XYeIcmZq5G.jpg","tags":[{"type":"standard","category":"smoking","item":"butts","quantity":1}],"objects":[{"status":"OK","on_map":true,"group":"Smoking","subgroup":"","layer":"Cigarette Butts","full_name":"Smoking \u2013 Cigarette Butts","olm_key":"smoking/butts","quantity":1,"picked_up":true}],"groups":["substances"],"has_litter":false,"has_pet_waste":false,"has_substances":true,"zone":"cottonwood_zone_E","zone_edge_m":58.2,"nbhd_edge_m":null}},{"type":"Feature","geometry":{"type":"Point","coordinates":[-122.55680847168,49.20726776123]},"properties":{"id":556013,"datetime":"2026-10-05T20:22:15.000000Z","filename":"https://olm-s3.s3.eu-west-1.amazonaws.com/2026/10/05/SfpFi7qVGb0eXF7BmyDOLOuXER1xUpXiq1kTVn9n.jpg","tags":[{"type":"standard","category":"smoking","item":"butts","quantity":1}],"objects":[{"status":"OK","on_map":true,"group":"Smoking","subgroup":"","layer":"Cigarette Butts","full_name":"Smoking \u2013 Cigarette Butts","olm_key":"smoking/butts","quantity":1,"picked_up":true}],"groups":["substances"],"has_litter":false,"has_pet_waste":false,"has_substances":true,"zone":"cottonwood_zone_E","zone_edge_m":58.8,"nbhd_edge_m":null}},{"type":"Feature","geometry":{"type":"Point","coordinates":[-122.55680847168,49.20726776123]},"properties":{"id":556012,"datetime":"2026-10-05T20:22:20.000000Z","filename":"https://olm-s3.s3.eu-west-1.amazonaws.com/2026/10/05/6mW28Bnbe3bmSgrJfK5rrrG0xpLUzyQ5QEQ7pdLe.jpg","tags":[{"type":"standard","category":"smoking","item":"butts","quantity":1}],"objects":[{"status":"OK","on_map":true,"group":"Smoking","subgroup":"","layer":"Cigarette Butts","full_name":"Smoking \u2013 Cigarette Butts","olm_key":"smoking/butts","quantity":1,"picked_up":true}],"groups":["substances"],"has_litter":false,"has_pet_waste":false,"has_substances":true,"zone":"cottonwood_zone_E","zone_edge_m":58.8,"nbhd_edge_m":null}},{"type":"Feature","geometry":{"type":"Point","coordinates":[-122.55683135986,49.207252502441]},"properties":{"id":556011,"datetime":"2026-10-05T20:22:25.000000Z","filename":"https://olm-s3.s3.eu-west-1.amazonaws.com/2026/10/05/D9UKApk3KpNxK1pXUfElIvmcn2VjMAD155qhrxnF.jpg","tags":[{"type":"standard","category":"smoking","item":"vape","quantity":1}],"objects":[{"status":"OK","on_map":true,"group":"Smoking","subgroup":"","layer":"Nicotine Vape","full_name":"Smoking \u2013 Nicotine Vape","olm_key":"smoking/vape","quantity":1,"picked_up":true}],"groups":["substances"],"has_litter":false,"has_pet_waste":false,"has_substances":true,"zone":"cottonwood_zone_E","zone_edge_m":60.5,"nbhd_edge_m":null}},{"type":"Feature","geometry":{"type":"Point","coordinates":[-122.55682373047,49.207252502441]},"properties":{"id":556010,"datetime":"2026-10-05T20:22:29.000000Z","filename":"https://olm-s3.s3.eu-west-1.amazonaws.com/2026/10/05/byCB8M9BRcyRMmlIaTbKFxsLRdt4Vp0CO3uXBpSI.jpg","tags":[{"type":"standard","category":"smoking","item":"butts","quantity":1}],"objects":[{"status":"OK","on_map":true,"group":"Smoking","subgroup":"","layer":"Cigarette Butts","full_name":"Smoking \u2013 Cigarette Butts","olm_key":"smoking/butts","quantity":1,"picked_up":true}],"groups":["substances"],"has_litter":false,"has_pet_waste":false,"has_substances":true,"zone":"cottonwood_zone_E","zone_edge_m":59.9,"nbhd_edge_m":null}},{"type":"Feature","geometry":{"type":"Point","coordinates":[-122.55681610107,49.207252502441]},"properties":{"id":556009,"datetime":"2026-10-05T20:22:32.000000Z","filename":"https://olm-s3.s3.eu-west-1.amazonaws.com/2026/10/05/uUdj1vBy4ZlE1zciLU6zXxwJry5FPKyovnyPtyd3.jpg","tags":[{"type":"standard","category":"smoking","item":"butts","quantity":1}],"objects":[{"status":"OK","on_map":true,"group":"Smoking","subgroup":"","layer":"Cigarette Butts","full_name":"Smoking \u2013 Cigarette Butts","olm_key":"smoking/butts","quantity":1,"picked_up":true}],"groups":["substances"],"has_litter":false,"has_pet_waste":false,"has_substances":true,"zone":"cottonwood_zone_E","zone_edge_m":59.4,"nbhd_edge_m":null}},{"type":"Feature","geometry":{"type":"Point","coordinates":[-122.55681610107,49.207252502441]},"properties":{"id":556008,"datetime":"2026-10-05T20:22:37.000000Z","filename":"https://olm-s3.s3.eu-west-1.amazonaws.com/2026/10/05/rlXsr4qFhqCJwlsp4PLku50UUS5T0pkVxrFDrI6y.jpg","tags":[{"type":"standard","category":"smoking","item":"butts","quantity":1}],"objects":[{"status":"OK","on_map":true,"group":"Smoking","subgroup":"","layer":"Cigarette Butts","full_name":"Smoking \u2013 Cigarette Butts","olm_key":"smoking/butts","quantity":1,"picked_up":true}],"groups":["substances"],"has_litter":false,"has_pet_waste":false,"has_substances":true,"zone":"cottonwood_zone_E","zone_edge_m":59.4,"nbhd_edge_m":null}},{"type":"Feature","geometry":{"type":"Point","coordinates":[-122.55681610107,49.207252502441]},"properties":{"id":556007,"datetime":"2026-10-05T20:22:39.000000Z","filename":"https://olm-s3.s3.eu-west-1.amazonaws.com/2026/10/05/QoJUbKzbCoAP2gEMs7nDL7oaG8pxNcxB5UwgLrwh.jpg","tags":[{"type":"standard","category":"smoking","item":"butts","quantity":2}],"objects":[{"status":"OK","on_map":true,"group":"Smoking","subgroup":"","layer":"Cigarette Butts","full_name":"Smoking \u2013 Cigarette Butts","olm_key":"smoking/butts","quantity":2,"picked_up":true}],"groups":["substances"],"has_litter":false,"has_pet_waste":false,"has_substances":true,"zone":"cottonwood_zone_E","zone_edge_m":59.4,"nbhd_edge_m":null}},{"type":"Feature","geometry":{"type":"Point","coordinates":[-122.55681610107,49.207252502441]},"properties":{"id":556006,"datetime":"2026-10-05T20:22:46.000000Z","filename":"https://olm-s3.s3.eu-west-1.amazonaws.com/2026/10/05/DvtaulU1kCwyqC0Mitigg7VD0UD9uBywaKEPcpks.jpg","tags":[{"type":"standard","category":"smoking","item":"butts","quantity":1}],"objects":[{"status":"OK","on_map":true,"group":"Smoking","subgroup":"","layer":"Cigarette Butts","full_name":"Smoking \u2013 Cigarette Butts","olm_key":"smoking/butts","quantity":1,"picked_up":true}],"groups":["substances"],"has_litter":false,"has_pet_waste":false,"has_substances":true,"zone":"cottonwood_zone_E","zone_edge_m":59.4,"nbhd_edge_m":null}},{"type":"Feature","geometry":{"type":"Point","coordinates":[-122.55681610107,49.207252502441]},"properties":{"id":556005,"datetime":"2026-10-05T20:22:56.000000Z","filename":"https://olm-s3.s3.eu-west-1.amazonaws.com/2026/10/05/ESWXe4Hdhs8QsD33W5kGhAsUTTabNcn7xqoFRKmA.jpg","tags":[{"type":"standard","category":"smoking","item":"butts","quantity":1}],"objects":[{"status":"OK","on_map":true,"group":"Smoking","subgroup":"","layer":"Cigarette Butts","full_name":"Smoking \u2013 Cigarette Butts","olm_key":"smoking/butts","quantity":1,"picked_up":true}],"groups":["substances"],"has_litter":false,"has_pet_waste":false,"has_substances":true,"zone":"cottonwood_zone_E","zone_edge_m":59.4,"nbhd_edge_m":null}},{"type":"Feature","geometry":{"type":"Point","coordinates":[-122.55681610107,49.207252502441]},"properties":{"id":556004,"datetime":"2026-10-05T20:23:02.000000Z","filename":"https://olm-s3.s3.eu-west-1.amazonaws.com/2026/10/05/zULtOmKyFwH6s3AtoolRkv0kTnloNYvDOxWErgKz.jpg","tags":[{"type":"standard","category":"marine","item":"polystyrene_fragment","quantity":1}],"objects":[{"status":"OK","on_map":true,"group":"Piece","subgroup":"","layer":"Styrofoam Piece","full_name":"Piece \u2013 Styrofoam Piece","olm_key":"marine/polystyrene_fragment","quantity":1,"picked_up":true}],"groups":["litter"],"has_litter":true,"has_pet_waste":false,"has_substances":false,"zone":"cottonwood_zone_E","zone_edge_m":59.4,"nbhd_edge_m":null}},{"type":"Feature","geometry":{"type":"Point","coordinates":[-122.55681610107,49.207252502441]},"properties":{"id":556003,"datetime":"2026-10-05T20:23:08.000000Z","filename":"https://olm-s3.s3.eu-west-1.amazonaws.com/2026/10/05/WncHy74WaYUwK47iSNYr8dfUJcHU8nJ6GXGo6oJy.jpg","tags":[{"type":"standard","category":"smoking","item":"butts","quantity":4}],"objects":[{"status":"OK","on_map":true,"group":"Smoking","subgroup":"","layer":"Cigarette Butts","full_name":"Smoking \u2013 Cigarette Butts","olm_key":"smoking/butts","quantity":4,"picked_up":true}],"groups":["substances"],"has_litter":false,"has_pet_waste":false,"has_substances":true,"zone":"cottonwood_zone_E","zone_edge_m":59.4,"nbhd_edge_m":null}},{"type":"Feature","geometry":{"type":"Point","coordinates":[-122.55681610107,49.207252502441]},"properties":{"id":556002,"datetime":"2026-10-05T20:23:27.000000Z","filename":"https://olm-s3.s3.eu-west-1.amazonaws.com/2026/10/05/GTwT7Qb3oF14eQBgUnVJ8di5K1Ij7ykckfX1mGBu.jpg","tags":[{"type":"standard","category":"smoking","item":"butts","quantity":1}],"objects":[{"status":"OK","on_map":true,"group":"Smoking","subgroup":"","layer":"Cigarette Butts","full_name":"Smoking \u2013 Cigarette Butts","olm_key":"smoking/butts","quantity":1,"picked_up":true}],"groups":["substances"],"has_litter":false,"has_pet_waste":false,"has_substances":true,"zone":"cottonwood_zone_E","zone_edge_m":59.4,"nbhd_edge_m":null}},{"type":"Feature","geometry":{"type":"Point","coordinates":[-122.55681610107,49.207252502441]},"properties":{"id":556001,"datetime":"2026-10-05T20:23:29.000000Z","filename":"https://olm-s3.s3.eu-west-1.amazonaws.com/2026/10/05/FQDA4860CX058bCLk4q58XdyOMHOILzlqiYWABt2.jpg","tags":[{"type":"standard","category":"smoking","item":"butts","quantity":1}],"objects":[{"status":"OK","on_map":true,"group":"Smoking","subgroup":"","layer":"Cigarette Butts","full_name":"Smoking \u2013 Cigarette Butts","olm_key":"smoking/butts","quantity":1,"picked_up":true}],"groups":["substances"],"has_litter":false,"has_pet_waste":false,"has_substances":true,"zone":"cottonwood_zone_E","zone_edge_m":59.4,"nbhd_edge_m":null}},{"type":"Feature","geometry":{"type":"Point","coordinates":[-122.55681610107,49.207252502441]},"properties":{"id":556000,"datetime":"2026-10-05T20:23:37.000000Z","filename":"https://olm-s3.s3.eu-west-1.amazonaws.com/2026/10/05/RmxCfSzv9FFuunQokQt67T9Sgb6Ex4YM58b7MaCT.jpg","tags":[{"type":"standard","category":"smoking","item":"butts","quantity":1}],"objects":[{"status":"OK","on_map":true,"group":"Smoking","subgroup":"","layer":"Cigarette Butts","full_name":"Smoking \u2013 Cigarette Butts","olm_key":"smoking/butts","quantity":1,"picked_up":true}],"groups":["substances"],"has_litter":false,"has_pet_waste":false,"has_substances":true,"zone":"cottonwood_zone_E","zone_edge_m":59.4,"nbhd_edge_m":null}},{"type":"Feature","geometry":{"type":"Point","coordinates":[-122.55681610107,49.207252502441]},"properties":{"id":555999,"datetime":"2026-10-05T20:23:42.000000Z","filename":"https://olm-s3.s3.eu-west-1.amazonaws.com/2026/10/05/k1I28egDsocll6IEtrvUjAZwcT4FClDDIaKudtQ4.jpg","tags":[{"type":"standard","category":"smoking","item":"butts","quantity":1}],"objects":[{"status":"OK","on_map":true,"group":"Smoking","subgroup":"","layer":"Cigarette Butts","full_name":"Smoking \u2013 Cigarette Butts","olm_key":"smoking/butts","quantity":1,"picked_up":true}],"groups":["substances"],"has_litter":false,"has_pet_waste":false,"has_substances":true,"zone":"cottonwood_zone_E","zone_edge_m":59.4,"nbhd_edge_m":null}},{"type":"Feature","geometry":{"type":"Point","coordinates":[-122.55681610107,49.207252502441]},"properties":{"id":555998,"datetime":"2026-10-05T20:23:48.000000Z","filename":"https://olm-s3.s3.eu-west-1.amazonaws.com/2026/10/05/WZ2J8LiBJQ0uM1oOCOL8XrHxJmtjaMHakIazAId2.jpg","tags":[{"type":"standard","category":"smoking","item":"butts","quantity":1}],"objects":[{"status":"OK","on_map":true,"group":"Smoking","subgroup":"","layer":"Cigarette Butts","full_name":"Smoking \u2013 Cigarette Butts","olm_key":"smoking/butts","quantity":1,"picked_up":true}],"groups":["substances"],"has_litter":false,"has_pet_waste":false,"has_substances":true,"zone":"cottonwood_zone_E","zone_edge_m":59.4,"nbhd_edge_m":null}},{"type":"Feature","geometry":{"type":"Point","coordinates":[-122.55681610107,49.207252502441]},"properties":{"id":555997,"datetime":"2026-10-05T20:24:00.000000Z","filename":"https://olm-s3.s3.eu-west-1.amazonaws.com/2026/10/05/q3CbtGmEFZeAVTsdbKhz2c17p9RoAfR9QFnKUSv2.jpg","tags":[{"type":"standard","category":"smoking","item":"butts","quantity":1}],"objects":[{"status":"OK","on_map":true,"group":"Smoking","subgroup":"","layer":"Cigarette Butts","full_name":"Smoking \u2013 Cigarette Butts","olm_key":"smoking/butts","quantity":1,"picked_up":true}],"groups":["substances"],"has_litter":false,"has_pet_waste":false,"has_substances":true,"zone":"cottonwood_zone_E","zone_edge_m":59.4,"nbhd_edge_m":null}},{"type":"Feature","geometry":{"type":"Point","coordinates":[-122.55681610107,49.207252502441]},"properties":{"id":555996,"datetime":"2026-10-05T20:24:04.000000Z","filename":"https://olm-s3.s3.eu-west-1.amazonaws.com/2026/10/05/pEbSkWQWFPZWIwCbemRiDzN3MBHAT4TlG8V0aMnK.jpg","tags":[{"type":"standard","category":"smoking","item":"butts","quantity":1}],"objects":[{"status":"OK","on_map":true,"group":"Smoking","subgroup":"","layer":"Cigarette Butts","full_name":"Smoking \u2013 Cigarette Butts","olm_key":"smoking/butts","quantity":1,"picked_up":true}],"groups":["substances"],"has_litter":false,"has_pet_waste":false,"has_substances":true,"zone":"cottonwood_zone_E","zone_edge_m":59.4,"nbhd_edge_m":null}},{"type":"Feature","geometry":{"type":"Point","coordinates":[-122.55681610107,49.207252502441]},"properties":{"id":555995,"datetime":"2026-10-05T20:24:10.000000Z","filename":"https://olm-s3.s3.eu-west-1.amazonaws.com/2026/10/05/AXyJn0WhRVIFA2CkykMO0ViZySARGHsIhplgrwBG.jpg","tags":[{"type":"standard","category":"smoking","item":"butts","quantity":1}],"objects":[{"status":"OK","on_map":true,"group":"Smoking","subgroup":"","layer":"Cigarette Butts","full_name":"Smoking \u2013 Cigarette Butts","olm_key":"smoking/butts","quantity":1,"picked_up":true}],"groups":["substances"],"has_litter":false,"has_pet_waste":false,"has_substances":true,"zone":"cottonwood_zone_E","zone_edge_m":59.4,"nbhd_edge_m":null}},{"type":"Feature","geometry":{"type":"Point","coordinates":[-122.55681610107,49.207252502441]},"properties":{"id":555994,"datetime":"2026-10-05T20:24:15.000000Z","filename":"https://olm-s3.s3.eu-west-1.amazonaws.com/2026/10/05/Kl5AwwoOC78RI7bydrHxhrvV0DcHVKPi2PjbDjmy.jpg","tags":[{"type":"standard","category":"smoking","item":"butts","quantity":1}],"objects":[{"status":"OK","on_map":true,"group":"Smoking","subgroup":"","layer":"Cigarette Butts","full_name":"Smoking \u2013 Cigarette Butts","olm_key":"smoking/butts","quantity":1,"picked_up":true}],"groups":["substances"],"has_litter":false,"has_pet_waste":false,"has_substances":true,"zone":"cottonwood_zone_E","zone_edge_m":59.4,"nbhd_edge_m":null}},{"type":"Feature","geometry":{"type":"Point","coordinates":[-122.55681610107,49.207252502441]},"properties":{"id":555993,"datetime":"2026-10-05T20:24:20.000000Z","filename":"https://olm-s3.s3.eu-west-1.amazonaws.com/2026/10/05/8Fgf21O0fMjNkFXSUFQbYqP66KkRR7aPAkQZmlcf.jpg","tags":[{"type":"standard","category":"other","item":"plastic","quantity":1}],"objects":[{"status":"OK","on_map":true,"group":"Piece","subgroup":"","layer":"Plastic Piece","full_name":"Piece \u2013 Plastic Piece","olm_key":"other/plastic","quantity":1,"picked_up":true}],"groups":["litter"],"has_litter":true,"has_pet_waste":false,"has_substances":false,"zone":"cottonwood_zone_E","zone_edge_m":59.4,"nbhd_edge_m":null}},{"type":"Feature","geometry":{"type":"Point","coordinates":[-122.55681610107,49.207252502441]},"properties":{"id":555992,"datetime":"2026-10-05T20:24:29.000000Z","filename":"https://olm-s3.s3.eu-west-1.amazonaws.com/2026/10/05/hTCv6uH4ojlyu47EMyk9cE1bCMouH1e4p93ZVOjy.jpg","tags":[{"type":"standard","category":"sanitary","item":"wipes","quantity":1}],"objects":[{"status":"OK","on_map":true,"group":"Household","subgroup":"","layer":"Wet Wipes","full_name":"Household \u2013 Wet Wipes","olm_key":"sanitary/wipes","quantity":1,"picked_up":true}],"groups":["litter"],"has_litter":true,"has_pet_waste":false,"has_substances":false,"zone":"cottonwood_zone_E","zone_edge_m":59.4,"nbhd_edge_m":null}},{"type":"Feature","geometry":{"type":"Point","coordinates":[-122.55687713623,49.207305908203]},"properties":{"id":555991,"datetime":"2026-10-05T20:24:40.000000Z","filename":"https://olm-s3.s3.eu-west-1.amazonaws.com/2026/10/05/sBcP78q1Kwco5sKVPqbETg9jEsy0v6Imjr1FHlqF.jpg","tags":[{"type":"standard","category":"smoking","item":"butts","quantity":1}],"objects":[{"status":"OK","on_map":true,"group":"Smoking","subgroup":"","layer":"Cigarette Butts","full_name":"Smoking \u2013 Cigarette Butts","olm_key":"smoking/butts","quantity":1,"picked_up":true}],"groups":["substances"],"has_litter":false,"has_pet_waste":false,"has_substances":true,"zone":"cottonwood_zone_E","zone_edge_m":63.8,"nbhd_edge_m":null}},{"type":"Feature","geometry":{"type":"Point","coordinates":[-122.55687713623,49.207305908203]},"properties":{"id":555990,"datetime":"2026-10-05T20:24:45.000000Z","filename":"https://olm-s3.s3.eu-west-1.amazonaws.com/2026/10/05/cYugYLshU3QesmoUgFcScb6mBQZowxa5icldwZjb.jpg","tags":[{"type":"standard","category":"smoking","item":"butts","quantity":2}],"objects":[{"status":"OK","on_map":true,"group":"Smoking","subgroup":"","layer":"Cigarette Butts","full_name":"Smoking \u2013 Cigarette Butts","olm_key":"smoking/butts","quantity":2,"picked_up":true}],"groups":["substances"],"has_litter":false,"has_pet_waste":false,"has_substances":true,"zone":"cottonwood_zone_E","zone_edge_m":63.8,"nbhd_edge_m":null}},{"type":"Feature","geometry":{"type":"Point","coordinates":[-122.55687713623,49.207305908203]},"properties":{"id":555989,"datetime":"2026-10-05T20:24:51.000000Z","filename":"https://olm-s3.s3.eu-west-1.amazonaws.com/2026/10/05/Kp00ek04QvU9JbKLJJ8KcJNoPOj5OsKp9HdQBMBx.jpg","tags":[{"type":"standard","category":"smoking","item":"butts","quantity":1}],"objects":[{"status":"OK","on_map":true,"group":"Smoking","subgroup":"","layer":"Cigarette Butts","full_name":"Smoking \u2013 Cigarette Butts","olm_key":"smoking/butts","quantity":1,"picked_up":true}],"groups":["substances"],"has_litter":false,"has_pet_waste":false,"has_substances":true,"zone":"cottonwood_zone_E","zone_edge_m":63.8,"nbhd_edge_m":null}},{"type":"Feature","geometry":{"type":"Point","coordinates":[-122.55687713623,49.207305908203]},"properties":{"id":555988,"datetime":"2026-10-05T20:24:55.000000Z","filename":"https://olm-s3.s3.eu-west-1.amazonaws.com/2026/10/05/CJh6Oyy8vMp0tT5KlLLpfErXJkFbf9A1m6HErMBx.jpg","tags":[{"type":"standard","category":"smoking","item":"butts","quantity":1}],"objects":[{"status":"OK","on_map":true,"group":"Smoking","subgroup":"","layer":"Cigarette Butts","full_name":"Smoking \u2013 Cigarette Butts","olm_key":"smoking/butts","quantity":1,"picked_up":true}],"groups":["substances"],"has_litter":false,"has_pet_waste":false,"has_substances":true,"zone":"cottonwood_zone_E","zone_edge_m":63.8,"nbhd_edge_m":null}},{"type":"Feature","geometry":{"type":"Point","coordinates":[-122.55687713623,49.207305908203]},"properties":{"id":555987,"datetime":"2026-10-05T20:25:09.000000Z","filename":"https://olm-s3.s3.eu-west-1.amazonaws.com/2026/10/05/aAu4Ce3THaQ1jauyX7AK0FYQlXBchT2MVT7kvb9y.jpg","tags":[{"type":"standard","category":"smoking","item":"butts","quantity":1}],"objects":[{"status":"OK","on_map":true,"group":"Smoking","subgroup":"","layer":"Cigarette Butts","full_name":"Smoking \u2013 Cigarette Butts","olm_key":"smoking/butts","quantity":1,"picked_up":true}],"groups":["substances"],"has_litter":false,"has_pet_waste":false,"has_substances":true,"zone":"cottonwood_zone_E","zone_edge_m":63.8,"nbhd_edge_m":null}},{"type":"Feature","geometry":{"type":"Point","coordinates":[-122.55687713623,49.207305908203]},"properties":{"id":555986,"datetime":"2026-10-05T20:25:32.000000Z","filename":"https://olm-s3.s3.eu-west-1.amazonaws.com/2026/10/05/XURL1Rhlye326nkvkkRaLFqmDIoz74Lu2qMuOlfH.jpg","tags":[{"type":"standard","category":"smoking","item":"butts","quantity":1}],"objects":[{"status":"OK","on_map":true,"group":"Smoking","subgroup":"","layer":"Cigarette Butts","full_name":"Smoking \u2013 Cigarette Butts","olm_key":"smoking/butts","quantity":1,"picked_up":true}],"groups":["substances"],"has_litter":false,"has_pet_waste":false,"has_substances":true,"zone":"cottonwood_zone_E","zone_edge_m":63.8,"nbhd_edge_m":null}},{"type":"Feature","geometry":{"type":"Point","coordinates":[-122.55687713623,49.207305908203]},"properties":{"id":555985,"datetime":"2026-10-05T20:25:40.000000Z","filename":"https://olm-s3.s3.eu-west-1.amazonaws.com/2026/10/05/6J3uVTTSfvhaaZHagonOYYNZqbuxZTLS62OT7rwg.jpg","tags":[{"type":"standard","category":"smoking","item":"butts","quantity":1}],"objects":[{"status":"OK","on_map":true,"group":"Smoking","subgroup":"","layer":"Cigarette Butts","full_name":"Smoking \u2013 Cigarette Butts","olm_key":"smoking/butts","quantity":1,"picked_up":true}],"groups":["substances"],"has_litter":false,"has_pet_waste":false,"has_substances":true,"zone":"cottonwood_zone_E","zone_edge_m":63.8,"nbhd_edge_m":null}},{"type":"Feature","geometry":{"type":"Point","coordinates":[-122.55687713623,49.207305908203]},"properties":{"id":555984,"datetime":"2026-10-05T20:26:00.000000Z","filename":"https://olm-s3.s3.eu-west-1.amazonaws.com/2026/10/05/HVmfIMNarM9wbc7afYSmzbbuzH0u1egrHOvIrBA6.jpg","tags":[{"type":"standard","category":"other","item":"paper","quantity":1},{"type":"material","category":"material","item":"paper","quantity":1,"parent_category":"other","parent_item":"paper"}],"objects":[{"status":"OK","on_map":true,"group":"Piece","subgroup":"","layer":"Paper Piece","full_name":"Piece \u2013 Paper Piece","olm_key":"other/paper","quantity":1,"picked_up":true}],"groups":["litter"],"has_litter":true,"has_pet_waste":false,"has_substances":false,"zone":"cottonwood_zone_E","zone_edge_m":63.8,"nbhd_edge_m":null}},{"type":"Feature","geometry":{"type":"Point","coordinates":[-122.55689239502,49.206214904785]},"properties":{"id":555983,"datetime":"2026-10-05T20:26:09.000000Z","filename":"https://olm-s3.s3.eu-west-1.amazonaws.com/2026/10/05/j3m0ixzamPg7mKHW50W9WLNHnj2HJr6wtb4snYuS.jpg","tags":[{"type":"standard","category":"smoking","item":"butts","quantity":1}],"objects":[{"status":"OK","on_map":true,"group":"Smoking","subgroup":"","layer":"Cigarette Butts","full_name":"Smoking \u2013 Cigarette Butts","olm_key":"smoking/butts","quantity":1,"picked_up":true}],"groups":["substances"],"has_litter":false,"has_pet_waste":false,"has_substances":true,"zone":"cottonwood_zone_E","zone_edge_m":64.9,"nbhd_edge_m":null}},{"type":"Feature","geometry":{"type":"Point","coordinates":[-122.55689239502,49.206214904785]},"properties":{"id":555982,"datetime":"2026-10-05T20:26:14.000000Z","filename":"https://olm-s3.s3.eu-west-1.amazonaws.com/2026/10/05/CC9aH7pHeLjfyeQaLsKYTbkelgzxGlIzGlXYUN0Z.jpg","tags":[{"type":"standard","category":"smoking","item":"butts","quantity":1}],"objects":[{"status":"OK","on_map":true,"group":"Smoking","subgroup":"","layer":"Cigarette Butts","full_name":"Smoking \u2013 Cigarette Butts","olm_key":"smoking/butts","quantity":1,"picked_up":true}],"groups":["substances"],"has_litter":false,"has_pet_waste":false,"has_substances":true,"zone":"cottonwood_zone_E","zone_edge_m":64.9,"nbhd_edge_m":null}},{"type":"Feature","geometry":{"type":"Point","coordinates":[-122.55689239502,49.206214904785]},"properties":{"id":555981,"datetime":"2026-10-05T20:26:26.000000Z","filename":"https://olm-s3.s3.eu-west-1.amazonaws.com/2026/10/05/3cNfgebNbeVeD9atzivK5zue6XYwhQlQezetn68C.jpg","tags":[{"type":"standard","category":"smoking","item":"butts","quantity":1}],"objects":[{"status":"OK","on_map":true,"group":"Smoking","subgroup":"","layer":"Cigarette Butts","full_name":"Smoking \u2013 Cigarette Butts","olm_key":"smoking/butts","quantity":1,"picked_up":true}],"groups":["substances"],"has_litter":false,"has_pet_waste":false,"has_substances":true,"zone":"cottonwood_zone_E","zone_edge_m":64.9,"nbhd_edge_m":null}},{"type":"Feature","geometry":{"type":"Point","coordinates":[-122.55689239502,49.206214904785]},"properties":{"id":555980,"datetime":"2026-10-05T20:26:34.000000Z","filename":"https://olm-s3.s3.eu-west-1.amazonaws.com/2026/10/05/Y0lASCx59OjDQKK9IQrP8FZS4wr7dUZYBDc6gI9I.jpg","tags":[{"type":"standard","category":"smoking","item":"butts","quantity":1}],"objects":[{"status":"OK","on_map":true,"group":"Smoking","subgroup":"","layer":"Cigarette Butts","full_name":"Smoking \u2013 Cigarette Butts","olm_key":"smoking/butts","quantity":1,"picked_up":true}],"groups":["substances"],"has_litter":false,"has_pet_waste":false,"has_substances":true,"zone":"cottonwood_zone_E","zone_edge_m":64.9,"nbhd_edge_m":null}},{"type":"Feature","geometry":{"type":"Point","coordinates":[-122.55689239502,49.206214904785]},"properties":{"id":555979,"datetime":"2026-10-05T20:27:06.000000Z","filename":"https://olm-s3.s3.eu-west-1.amazonaws.com/2026/10/05/7iTyx4PZqEveRfB1r0oTqLIMw2KaoHBcryVVAogc.jpg","tags":[{"type":"standard","category":"smoking","item":"butts","quantity":1}],"objects":[{"status":"OK","on_map":true,"group":"Smoking","subgroup":"","layer":"Cigarette Butts","full_name":"Smoking \u2013 Cigarette Butts","olm_key":"smoking/butts","quantity":1,"picked_up":true}],"groups":["substances"],"has_litter":false,"has_pet_waste":false,"has_substances":true,"zone":"cottonwood_zone_E","zone_edge_m":64.9,"nbhd_edge_m":null}},{"type":"Feature","geometry":{"type":"Point","coordinates":[-122.55689239502,49.206214904785]},"properties":{"id":555978,"datetime":"2026-10-05T20:27:39.000000Z","filename":"https://olm-s3.s3.eu-west-1.amazonaws.com/2026/10/05/Bo5YxM9Xu8C2MgrTB4ByqmYnqWrReuoeVEgneQAz.jpg","tags":[{"type":"standard","category":"food","item":"other","quantity":1}],"objects":[{"status":"OK","on_map":true,"group":"Household","subgroup":"","layer":"Organic Debris, Misc.","full_name":"Household \u2013 Organic Debris, Misc.","olm_key":"food/other","quantity":1,"picked_up":true}],"groups":["litter"],"has_litter":true,"has_pet_waste":false,"has_substances":false,"zone":"cottonwood_zone_E","zone_edge_m":64.9,"nbhd_edge_m":null}},{"type":"Feature","geometry":{"type":"Point","coordinates":[-122.55689239502,49.206214904785]},"properties":{"id":555977,"datetime":"2026-10-05T20:28:02.000000Z","filename":"https://olm-s3.s3.eu-west-1.amazonaws.com/2026/10/05/kCqaj89rEzgLZnB4LY3iCMgkrLtzxNbosPSQcnMf.jpg","tags":[{"type":"standard","category":"other","item":"paper","quantity":1},{"type":"material","category":"material","item":"paper","quantity":1,"parent_category":"other","parent_item":"paper"}],"objects":[{"status":"OK","on_map":true,"group":"Piece","subgroup":"","layer":"Paper Piece","full_name":"Piece \u2013 Paper Piece","olm_key":"other/paper","quantity":1,"picked_up":true}],"groups":["litter"],"has_litter":true,"has_pet_waste":false,"has_substances":false,"zone":"cottonwood_zone_E","zone_edge_m":64.9,"nbhd_edge_m":null}},{"type":"Feature","geometry":{"type":"Point","coordinates":[-122.55679321289,49.20592880249]},"properties":{"id":555976,"datetime":"2026-10-05T20:28:11.000000Z","filename":"https://olm-s3.s3.eu-west-1.amazonaws.com/2026/10/05/3an69GeB7q9B3MBRansiXRHSaIqzmCGNhuhnCyZ5.jpg","tags":[{"type":"standard","category":"other","item":"other","quantity":1}],"objects":[{"status":"OK","on_map":true,"group":"Household","subgroup":"","layer":"Household misc","full_name":"Household \u2013 Household misc","olm_key":"other/other","quantity":1,"picked_up":true}],"groups":["litter"],"has_litter":true,"has_pet_waste":false,"has_substances":false,"zone":"cottonwood_zone_E","zone_edge_m":57.7,"nbhd_edge_m":null}},{"type":"Feature","geometry":{"type":"Point","coordinates":[-122.55679321289,49.20592880249]},"properties":{"id":555975,"datetime":"2026-10-05T20:28:15.000000Z","filename":"https://olm-s3.s3.eu-west-1.amazonaws.com/2026/10/05/GnayUQHqTutugXaIyMMN41JbKC8qLjUrYMkrq1Ug.jpg","tags":[{"type":"standard","category":"food","item":"packaging","quantity":1}],"objects":[{"status":"OK","on_map":true,"group":"Convenient Food Drink","subgroup":"Take-out","layer":"Food Packaging","full_name":"Convenient Food Drink \u2013 Take-out \u2013 Food Packaging","olm_key":"food/packaging","quantity":1,"picked_up":true}],"groups":["litter"],"has_litter":true,"has_pet_waste":false,"has_substances":false,"zone":"cottonwood_zone_E","zone_edge_m":57.7,"nbhd_edge_m":null}},{"type":"Feature","geometry":{"type":"Point","coordinates":[-122.55679321289,49.20592880249]},"properties":{"id":555974,"datetime":"2026-10-05T20:28:19.000000Z","filename":"https://olm-s3.s3.eu-west-1.amazonaws.com/2026/10/05/6l9m8JC4GTtFhtU7xuYarJe9Pu3w1btKyyHcsOqW.jpg","tags":[{"type":"standard","category":"other","item":"paper","quantity":1},{"type":"material","category":"material","item":"paper","quantity":1,"parent_category":"other","parent_item":"paper"}],"objects":[{"status":"OK","on_map":true,"group":"Piece","subgroup":"","layer":"Paper Piece","full_name":"Piece \u2013 Paper Piece","olm_key":"other/paper","quantity":1,"picked_up":true}],"groups":["litter"],"has_litter":true,"has_pet_waste":false,"has_substances":false,"zone":"cottonwood_zone_E","zone_edge_m":57.7,"nbhd_edge_m":null}},{"type":"Feature","geometry":{"type":"Point","coordinates":[-122.55679321289,49.20592880249]},"properties":{"id":555973,"datetime":"2026-10-05T20:28:22.000000Z","filename":"https://olm-s3.s3.eu-west-1.amazonaws.com/2026/10/05/c01hbROcTFQ6OgApuxQz3NavRdIEEg4kUHrFmjP8.jpg","tags":[{"type":"standard","category":"other","item":"paper","quantity":1},{"type":"material","category":"material","item":"paper","quantity":1,"parent_category":"other","parent_item":"paper"},{"type":"standard","category":"other","item":"plastic","quantity":2}],"objects":[{"status":"OK","on_map":true,"group":"Piece","subgroup":"","layer":"Paper Piece","full_name":"Piece \u2013 Paper Piece","olm_key":"other/paper","quantity":1,"picked_up":true},{"status":"OK","on_map":true,"group":"Piece","subgroup":"","layer":"Plastic Piece","full_name":"Piece \u2013 Plastic Piece","olm_key":"other/plastic","quantity":2,"picked_up":true}],"groups":["litter"],"has_litter":true,"has_pet_waste":false,"has_substances":false,"zone":"cottonwood_zone_E","zone_edge_m":57.7,"nbhd_edge_m":null}},{"type":"Feature","geometry":{"type":"Point","coordinates":[-122.55679321289,49.20592880249]},"properties":{"id":555972,"datetime":"2026-10-05T20:28:33.000000Z","filename":"https://olm-s3.s3.eu-west-1.amazonaws.com/2026/10/05/Ak07UZmnxVAraYzc64Xjvokkl13ZHgXtTq4Fi5Ap.jpg","tags":[{"type":"standard","category":"other","item":"paper","quantity":1},{"type":"material","category":"material","item":"paper","quantity":1,"parent_category":"other","parent_item":"paper"}],"objects":[{"status":"OK","on_map":true,"group":"Piece","subgroup":"","layer":"Paper Piece","full_name":"Piece \u2013 Paper Piece","olm_key":"other/paper","quantity":1,"picked_up":true}],"groups":["litter"],"has_litter":true,"has_pet_waste":false,"has_substances":false,"zone":"cottonwood_zone_E","zone_edge_m":57.7,"nbhd_edge_m":null}},{"type":"Feature","geometry":{"type":"Point","coordinates":[-122.55679321289,49.20592880249]},"properties":{"id":555971,"datetime":"2026-10-05T20:28:40.000000Z","filename":"https://olm-s3.s3.eu-west-1.amazonaws.com/2026/10/05/IXerS9F41Qrc0JbH3cBycUUwznrfSHgOfJp5UKYk.jpg","tags":[{"type":"standard","category":"food","item":"wrapper","quantity":1},{"type":"material","category":"material","item":"plastic","quantity":1,"parent_category":"food","parent_item":"wrapper"}],"objects":[{"status":"OK","on_map":true,"group":"Convenient Food Drink","subgroup":"Snack","layer":"Foil / Plastic Film Snack Wrapper","full_name":"Convenient Food Drink \u2013 Snack \u2013 Foil / Plastic Film Snack Wrapper","olm_key":"food/wrapper","quantity":1,"picked_up":true}],"groups":["litter"],"has_litter":true,"has_pet_waste":false,"has_substances":false,"zone":"cottonwood_zone_E","zone_edge_m":57.7,"nbhd_edge_m":null}},{"type":"Feature","geometry":{"type":"Point","coordinates":[-122.55679321289,49.20592880249]},"properties":{"id":555970,"datetime":"2026-10-05T20:28:46.000000Z","filename":"https://olm-s3.s3.eu-west-1.amazonaws.com/2026/10/05/mKL6r564x6upG3XBat39GxFB049b5imT1rqiUfj9.jpg","tags":[{"type":"standard","category":"softdrinks","item":"lid","quantity":1}],"objects":[{"status":"OK","on_map":true,"group":"Convenient Food Drink","subgroup":"Drink","layer":"Cold Beverage Lid","full_name":"Convenient Food Drink \u2013 Drink \u2013 Cold Beverage Lid","olm_key":"softdrinks/lid","quantity":1,"picked_up":true}],"groups":["litter"],"has_litter":true,"has_pet_waste":false,"has_substances":false,"zone":"cottonwood_zone_E","zone_edge_m":57.7,"nbhd_edge_m":null}},{"type":"Feature","geometry":{"type":"Point","coordinates":[-122.55679321289,49.20592880249]},"properties":{"id":555969,"datetime":"2026-10-05T20:28:53.000000Z","filename":"https://olm-s3.s3.eu-west-1.amazonaws.com/2026/10/05/pjvM415rqmDwOeTaxZXKITh3S1enTuqMXiNPv6kk.jpg","tags":[{"type":"standard","category":"food","item":"napkins","quantity":1},{"type":"material","category":"material","item":"paper","quantity":1,"parent_category":"food","parent_item":"napkins"}],"objects":[{"status":"OK","on_map":true,"group":"Convenient Food Drink","subgroup":"Take-out","layer":"Napkins","full_name":"Convenient Food Drink \u2013 Take-out \u2013 Napkins","olm_key":"food/napkins","quantity":1,"picked_up":true}],"groups":["litter"],"has_litter":true,"has_pet_waste":false,"has_substances":false,"zone":"cottonwood_zone_E","zone_edge_m":57.7,"nbhd_edge_m":null}},{"type":"Feature","geometry":{"type":"Point","coordinates":[-122.55679321289,49.20592880249]},"properties":{"id":555968,"datetime":"2026-10-05T20:28:57.000000Z","filename":"https://olm-s3.s3.eu-west-1.amazonaws.com/2026/10/05/hW9s2mZq6mY9yDLI3RsShLUzVW2F4p56wOvO0Xsi.jpg","tags":[{"type":"standard","category":"other","item":"paper","quantity":1},{"type":"material","category":"material","item":"paper","quantity":1,"parent_category":"other","parent_item":"paper"}],"objects":[{"status":"OK","on_map":true,"group":"Piece","subgroup":"","layer":"Paper Piece","full_name":"Piece \u2013 Paper Piece","olm_key":"other/paper","quantity":1,"picked_up":true}],"groups":["litter"],"has_litter":true,"has_pet_waste":false,"has_substances":false,"zone":"cottonwood_zone_E","zone_edge_m":57.7,"nbhd_edge_m":null}},{"type":"Feature","geometry":{"type":"Point","coordinates":[-122.55679321289,49.20592880249]},"properties":{"id":555967,"datetime":"2026-10-05T20:29:04.000000Z","filename":"https://olm-s3.s3.eu-west-1.amazonaws.com/2026/10/05/cJo0NG9nCbOfj6zqeiNK0jzQDr5aHVk1KmQXBZd6.jpg","tags":[{"type":"standard","category":"marine","item":"polystyrene_fragment","quantity":1}],"objects":[{"status":"OK","on_map":true,"group":"Piece","subgroup":"","layer":"Styrofoam Piece","full_name":"Piece \u2013 Styrofoam Piece","olm_key":"marine/polystyrene_fragment","quantity":1,"picked_up":true}],"groups":["litter"],"has_litter":true,"has_pet_waste":false,"has_substances":false,"zone":"cottonwood_zone_E","zone_edge_m":57.7,"nbhd_edge_m":null}},{"type":"Feature","geometry":{"type":"Point","coordinates":[-122.55679321289,49.20592880249]},"properties":{"id":555966,"datetime":"2026-10-05T20:29:30.000000Z","filename":"https://olm-s3.s3.eu-west-1.amazonaws.com/2026/10/05/NA1KN0W3N51aH3ok24f8bmgp3v4TK58m7UXEbWI8.jpg","tags":[{"type":"standard","category":"marine","item":"polystyrene_fragment","quantity":1}],"objects":[{"status":"OK","on_map":true,"group":"Piece","subgroup":"","layer":"Styrofoam Piece","full_name":"Piece \u2013 Styrofoam Piece","olm_key":"marine/polystyrene_fragment","quantity":1,"picked_up":true}],"groups":["litter"],"has_litter":true,"has_pet_waste":false,"has_substances":false,"zone":"cottonwood_zone_E","zone_edge_m":57.7,"nbhd_edge_m":null}},{"type":"Feature","geometry":{"type":"Point","coordinates":[-122.55679321289,49.20592880249]},"properties":{"id":555965,"datetime":"2026-10-05T20:29:48.000000Z","filename":"https://olm-s3.s3.eu-west-1.amazonaws.com/2026/10/05/OQ5FQMPttG9YYARj6yhCSAGB4Qrfm0Ayhi1IZai0.jpg","tags":[{"type":"standard","category":"other","item":"paper","quantity":5},{"type":"material","category":"material","item":"paper","quantity":1,"parent_category":"other","parent_item":"paper"}],"objects":[{"status":"OK","on_map":true,"group":"Piece","subgroup":"","layer":"Paper Piece","full_name":"Piece \u2013 Paper Piece","olm_key":"other/paper","quantity":5,"picked_up":true}],"groups":["litter"],"has_litter":true,"has_pet_waste":false,"has_substances":false,"zone":"cottonwood_zone_E","zone_edge_m":57.7,"nbhd_edge_m":null}},{"type":"Feature","geometry":{"type":"Point","coordinates":[-122.55679321289,49.20592880249]},"properties":{"id":555964,"datetime":"2026-10-05T20:29:56.000000Z","filename":"https://olm-s3.s3.eu-west-1.amazonaws.com/2026/10/05/ET4pJYkW3SKYzu4giqufLM3S0ZfdDT0e64yGwfRJ.jpg","tags":[{"type":"standard","category":"smoking","item":"butts","quantity":1}],"objects":[{"status":"OK","on_map":true,"group":"Smoking","subgroup":"","layer":"Cigarette Butts","full_name":"Smoking \u2013 Cigarette Butts","olm_key":"smoking/butts","quantity":1,"picked_up":true}],"groups":["substances"],"has_litter":false,"has_pet_waste":false,"has_substances":true,"zone":"cottonwood_zone_E","zone_edge_m":57.7,"nbhd_edge_m":null}},{"type":"Feature","geometry":{"type":"Point","coordinates":[-122.55679321289,49.20592880249]},"properties":{"id":555963,"datetime":"2026-10-05T20:30:05.000000Z","filename":"https://olm-s3.s3.eu-west-1.amazonaws.com/2026/10/05/mnOAVJ8MIaftENVOI841OcsYRi6rInXbu9p4pb56.jpg","tags":[{"type":"standard","category":"food","item":"wrapper","quantity":1},{"type":"material","category":"material","item":"paper","quantity":1,"parent_category":"food","parent_item":"wrapper"}],"objects":[{"status":"OK","on_map":true,"group":"Convenient Food Drink","subgroup":"Snack","layer":"Foil / Plastic Film Snack Wrapper","full_name":"Convenient Food Drink \u2013 Snack \u2013 Foil / Plastic Film Snack Wrapper","olm_key":"food/wrapper","quantity":1,"picked_up":true}],"groups":["litter"],"has_litter":true,"has_pet_waste":false,"has_substances":false,"zone":"cottonwood_zone_E","zone_edge_m":57.7,"nbhd_edge_m":null}},{"type":"Feature","geometry":{"type":"Point","coordinates":[-122.55681610107,49.206199645996]},"properties":{"id":555962,"datetime":"2026-10-05T20:30:14.000000Z","filename":"https://olm-s3.s3.eu-west-1.amazonaws.com/2026/10/05/wE4HRNWjgkCd2n7wwg9JMaaLn1wM3fucItytr9ii.jpg","tags":[{"type":"standard","category":"industrial","item":"other","quantity":1}],"objects":[{"status":"OK","on_map":true,"group":"Industrial","subgroup":"","layer":"Industrial Debris","full_name":"Industrial \u2013 Industrial Debris","olm_key":"industrial/other","quantity":1,"picked_up":true}],"groups":["litter"],"has_litter":true,"has_pet_waste":false,"has_substances":false,"zone":"cottonwood_zone_E","zone_edge_m":59.4,"nbhd_edge_m":null}},{"type":"Feature","geometry":{"type":"Point","coordinates":[-122.55681610107,49.206199645996]},"properties":{"id":555961,"datetime":"2026-10-05T20:30:55.000000Z","filename":"https://olm-s3.s3.eu-west-1.amazonaws.com/2026/10/05/0ChNHfRUcYkF2iFA1QjhAXZpD5PPn49DgRix5kY3.jpg","tags":[{"type":"standard","category":"other","item":"plastic_bag","quantity":1}],"objects":[{"status":"OK","on_map":true,"group":"Household","subgroup":"","layer":"Household Plastic Bag","full_name":"Household \u2013 Household Plastic Bag","olm_key":"other/plastic_bag","quantity":1,"picked_up":true}],"groups":["litter"],"has_litter":true,"has_pet_waste":false,"has_substances":false,"zone":"cottonwood_zone_E","zone_edge_m":59.4,"nbhd_edge_m":null}},{"type":"Feature","geometry":{"type":"Point","coordinates":[-122.55681610107,49.206199645996]},"properties":{"id":555960,"datetime":"2026-10-05T20:31:11.000000Z","filename":"https://olm-s3.s3.eu-west-1.amazonaws.com/2026/10/05/CRUQ6jeN2FxsOXxtfakEePwViokDh6WVVx08ko7K.jpg","tags":[{"type":"standard","category":"food","item":"napkins","quantity":2},{"type":"material","category":"material","item":"paper","quantity":1,"parent_category":"food","parent_item":"napkins"}],"objects":[{"status":"OK","on_map":true,"group":"Convenient Food Drink","subgroup":"Take-out","layer":"Napkins","full_name":"Convenient Food Drink \u2013 Take-out \u2013 Napkins","olm_key":"food/napkins","quantity":2,"picked_up":true}],"groups":["litter"],"has_litter":true,"has_pet_waste":false,"has_substances":false,"zone":"cottonwood_zone_E","zone_edge_m":59.4,"nbhd_edge_m":null}},{"type":"Feature","geometry":{"type":"Point","coordinates":[-122.55681610107,49.206199645996]},"properties":{"id":555959,"datetime":"2026-10-05T20:31:37.000000Z","filename":"https://olm-s3.s3.eu-west-1.amazonaws.com/2026/10/05/if68Y70lmhZQp0uFirgJOvK75SIjrxVxDwbWNJXr.jpg","tags":[{"type":"standard","category":"food","item":"packaging","quantity":1}],"objects":[{"status":"OK","on_map":true,"group":"Convenient Food Drink","subgroup":"Take-out","layer":"Food Packaging","full_name":"Convenient Food Drink \u2013 Take-out \u2013 Food Packaging","olm_key":"food/packaging","quantity":1,"picked_up":true}],"groups":["litter"],"has_litter":true,"has_pet_waste":false,"has_substances":false,"zone":"cottonwood_zone_E","zone_edge_m":59.4,"nbhd_edge_m":null}},{"type":"Feature","geometry":{"type":"Point","coordinates":[-122.55681610107,49.206199645996]},"properties":{"id":555958,"datetime":"2026-10-05T20:31:45.000000Z","filename":"https://olm-s3.s3.eu-west-1.amazonaws.com/2026/10/05/3gaIkPZHlOA119KfOqENDZEXNkCJBKzmuFYVUD7R.jpg","tags":[{"type":"standard","category":"smoking","item":"butts","quantity":2}],"objects":[{"status":"OK","on_map":true,"group":"Smoking","subgroup":"","layer":"Cigarette Butts","full_name":"Smoking \u2013 Cigarette Butts","olm_key":"smoking/butts","quantity":2,"picked_up":true}],"groups":["substances"],"has_litter":false,"has_pet_waste":false,"has_substances":true,"zone":"cottonwood_zone_E","zone_edge_m":59.4,"nbhd_edge_m":null}},{"type":"Feature","geometry":{"type":"Point","coordinates":[-122.55681610107,49.206199645996]},"properties":{"id":555957,"datetime":"2026-10-05T20:31:51.000000Z","filename":"https://olm-s3.s3.eu-west-1.amazonaws.com/2026/10/05/VIFoInB8ZG4DULah6VtcQYCyhfBHHZYItBUb1v1L.jpg","tags":[{"type":"standard","category":"other","item":"plastic_bag","quantity":1}],"objects":[{"status":"OK","on_map":true,"group":"Household","subgroup":"","layer":"Household Plastic Bag","full_name":"Household \u2013 Household Plastic Bag","olm_key":"other/plastic_bag","quantity":1,"picked_up":true}],"groups":["litter"],"has_litter":true,"has_pet_waste":false,"has_substances":false,"zone":"cottonwood_zone_E","zone_edge_m":59.4,"nbhd_edge_m":null}},{"type":"Feature","geometry":{"type":"Point","coordinates":[-122.55681610107,49.206199645996]},"properties":{"id":555956,"datetime":"2026-10-05T20:31:57.000000Z","filename":"https://olm-s3.s3.eu-west-1.amazonaws.com/2026/10/05/P74oG3YY6op3JfPNodY0JqteDsuVHAdmFj3TJV2u.jpg","tags":[{"type":"standard","category":"food","item":"packaging","quantity":1},{"type":"standard","category":"smoking","item":"butts","quantity":1}],"objects":[{"status":"OK","on_map":true,"group":"Convenient Food Drink","subgroup":"Take-out","layer":"Food Packaging","full_name":"Convenient Food Drink \u2013 Take-out \u2013 Food Packaging","olm_key":"food/packaging","quantity":1,"picked_up":true},{"status":"OK","on_map":true,"group":"Smoking","subgroup":"","layer":"Cigarette Butts","full_name":"Smoking \u2013 Cigarette Butts","olm_key":"smoking/butts","quantity":1,"picked_up":true}],"groups":["litter","substances"],"has_litter":true,"has_pet_waste":false,"has_substances":true,"zone":"cottonwood_zone_E","zone_edge_m":59.4,"nbhd_edge_m":null}},{"type":"Feature","geometry":{"type":"Point","coordinates":[-122.55687713623,49.206123352051]},"properties":{"id":555955,"datetime":"2026-10-05T20:32:16.000000Z","filename":"https://olm-s3.s3.eu-west-1.amazonaws.com/2026/10/05/GcxUAI3Pduv7QyrqWZOfxx8wlAG6g9TOlsf4DLBm.jpg","tags":[{"type":"standard","category":"other","item":"paper","quantity":1},{"type":"material","category":"material","item":"paper","quantity":1,"parent_category":"other","parent_item":"paper"}],"objects":[{"status":"OK","on_map":true,"group":"Piece","subgroup":"","layer":"Paper Piece","full_name":"Piece \u2013 Paper Piece","olm_key":"other/paper","quantity":1,"picked_up":true}],"groups":["litter"],"has_litter":true,"has_pet_waste":false,"has_substances":false,"zone":"cottonwood_zone_E","zone_edge_m":63.8,"nbhd_edge_m":null}},{"type":"Feature","geometry":{"type":"Point","coordinates":[-122.55687713623,49.206123352051]},"properties":{"id":555954,"datetime":"2026-10-05T20:32:22.000000Z","filename":"https://olm-s3.s3.eu-west-1.amazonaws.com/2026/10/05/fdjdoVU8rdlY5WzDP4cCQjtn1lzUeAzq24nBR7Cg.jpg","tags":[{"type":"standard","category":"smoking","item":"butts","quantity":2}],"objects":[{"status":"OK","on_map":true,"group":"Smoking","subgroup":"","layer":"Cigarette Butts","full_name":"Smoking \u2013 Cigarette Butts","olm_key":"smoking/butts","quantity":2,"picked_up":true}],"groups":["substances"],"has_litter":false,"has_pet_waste":false,"has_substances":true,"zone":"cottonwood_zone_E","zone_edge_m":63.8,"nbhd_edge_m":null}},{"type":"Feature","geometry":{"type":"Point","coordinates":[-122.55687713623,49.206123352051]},"properties":{"id":555953,"datetime":"2026-10-05T20:32:31.000000Z","filename":"https://olm-s3.s3.eu-west-1.amazonaws.com/2026/10/05/nHlcLVkkcGcPKf9QO1PYZ2VaKWz0mA7UMJnKQqSK.jpg","tags":[{"type":"standard","category":"smoking","item":"butts","quantity":1}],"objects":[{"status":"OK","on_map":true,"group":"Smoking","subgroup":"","layer":"Cigarette Butts","full_name":"Smoking \u2013 Cigarette Butts","olm_key":"smoking/butts","quantity":1,"picked_up":true}],"groups":["substances"],"has_litter":false,"has_pet_waste":false,"has_substances":true,"zone":"cottonwood_zone_E","zone_edge_m":63.8,"nbhd_edge_m":null}},{"type":"Feature","geometry":{"type":"Point","coordinates":[-122.55687713623,49.206123352051]},"properties":{"id":555952,"datetime":"2026-10-05T20:32:34.000000Z","filename":"https://olm-s3.s3.eu-west-1.amazonaws.com/2026/10/05/zTsCXnb7Vl1PsK9prfyS2UalzHup8RVrtK4a6xTk.jpg","tags":[{"type":"standard","category":"other","item":"plastic_bag","quantity":1}],"objects":[{"status":"OK","on_map":true,"group":"Household","subgroup":"","layer":"Household Plastic Bag","full_name":"Household \u2013 Household Plastic Bag","olm_key":"other/plastic_bag","quantity":1,"picked_up":true}],"groups":["litter"],"has_litter":true,"has_pet_waste":false,"has_substances":false,"zone":"cottonwood_zone_E","zone_edge_m":63.8,"nbhd_edge_m":null}},{"type":"Feature","geometry":{"type":"Point","coordinates":[-122.55687713623,49.206123352051]},"properties":{"id":555951,"datetime":"2026-10-05T20:32:44.000000Z","filename":"https://olm-s3.s3.eu-west-1.amazonaws.com/2026/10/05/46XB4vairgap4hCXQhc11th1tJXVqtFyiAfEWK6j.jpg","tags":[{"type":"standard","category":"smoking","item":"butts","quantity":1}],"objects":[{"status":"OK","on_map":true,"group":"Smoking","subgroup":"","layer":"Cigarette Butts","full_name":"Smoking \u2013 Cigarette Butts","olm_key":"smoking/butts","quantity":1,"picked_up":true}],"groups":["substances"],"has_litter":false,"has_pet_waste":false,"has_substances":true,"zone":"cottonwood_zone_E","zone_edge_m":63.8,"nbhd_edge_m":null}},{"type":"Feature","geometry":{"type":"Point","coordinates":[-122.55687713623,49.206123352051]},"properties":{"id":555950,"datetime":"2026-10-05T20:32:49.000000Z","filename":"https://olm-s3.s3.eu-west-1.amazonaws.com/2026/10/05/gqXmROkACOqj5YuTAjsvlwaIySuvnwTucN2Oonco.jpg","tags":[{"type":"standard","category":"smoking","item":"butts","quantity":1}],"objects":[{"status":"OK","on_map":true,"group":"Smoking","subgroup":"","layer":"Cigarette Butts","full_name":"Smoking \u2013 Cigarette Butts","olm_key":"smoking/butts","quantity":1,"picked_up":true}],"groups":["substances"],"has_litter":false,"has_pet_waste":false,"has_substances":true,"zone":"cottonwood_zone_E","zone_edge_m":63.8,"nbhd_edge_m":null}},{"type":"Feature","geometry":{"type":"Point","coordinates":[-122.55687713623,49.206123352051]},"properties":{"id":555949,"datetime":"2026-10-05T20:32:55.000000Z","filename":"https://olm-s3.s3.eu-west-1.amazonaws.com/2026/10/05/QFoA9f08Lv3mKfMf8BW6mcxllCRvrFcKU9d04DDW.jpg","tags":[{"type":"standard","category":"industrial","item":"other","quantity":1}],"objects":[{"status":"OK","on_map":true,"group":"Industrial","subgroup":"","layer":"Industrial Debris","full_name":"Industrial \u2013 Industrial Debris","olm_key":"industrial/other","quantity":1,"picked_up":true}],"groups":["litter"],"has_litter":true,"has_pet_waste":false,"has_substances":false,"zone":"cottonwood_zone_E","zone_edge_m":63.8,"nbhd_edge_m":null}},{"type":"Feature","geometry":{"type":"Point","coordinates":[-122.55687713623,49.206123352051]},"properties":{"id":555948,"datetime":"2026-10-05T20:32:59.000000Z","filename":"https://olm-s3.s3.eu-west-1.amazonaws.com/2026/10/05/WJn963c0P5xRuE4M9gXMMoSq1PUVhSk6yKAchOjq.jpg","tags":[{"type":"standard","category":"smoking","item":"butts","quantity":1}],"objects":[{"status":"OK","on_map":true,"group":"Smoking","subgroup":"","layer":"Cigarette Butts","full_name":"Smoking \u2013 Cigarette Butts","olm_key":"smoking/butts","quantity":1,"picked_up":true}],"groups":["substances"],"has_litter":false,"has_pet_waste":false,"has_substances":true,"zone":"cottonwood_zone_E","zone_edge_m":63.8,"nbhd_edge_m":null}},{"type":"Feature","geometry":{"type":"Point","coordinates":[-122.55687713623,49.206123352051]},"properties":{"id":555947,"datetime":"2026-10-05T20:33:10.000000Z","filename":"https://olm-s3.s3.eu-west-1.amazonaws.com/2026/10/05/9WQJ2TvNatCbVrRisrp3w50AGFpyaGP896PKKErJ.jpg","tags":[{"type":"standard","category":"other","item":"other","quantity":1}],"objects":[{"status":"OK","on_map":true,"group":"Household","subgroup":"","layer":"Household misc","full_name":"Household \u2013 Household misc","olm_key":"other/other","quantity":1,"picked_up":true}],"groups":["litter"],"has_litter":true,"has_pet_waste":false,"has_substances":false,"zone":"cottonwood_zone_E","zone_edge_m":63.8,"nbhd_edge_m":null}},{"type":"Feature","geometry":{"type":"Point","coordinates":[-122.55687713623,49.206123352051]},"properties":{"id":555946,"datetime":"2026-10-05T20:33:15.000000Z","filename":"https://olm-s3.s3.eu-west-1.amazonaws.com/2026/10/05/Plg5GVxBsm91Loxs1KrBx1dcnqy3NDVZXh8xXbZp.jpg","tags":[{"type":"standard","category":"smoking","item":"butts","quantity":1}],"objects":[{"status":"OK","on_map":true,"group":"Smoking","subgroup":"","layer":"Cigarette Butts","full_name":"Smoking \u2013 Cigarette Butts","olm_key":"smoking/butts","quantity":1,"picked_up":true}],"groups":["substances"],"has_litter":false,"has_pet_waste":false,"has_substances":true,"zone":"cottonwood_zone_E","zone_edge_m":63.8,"nbhd_edge_m":null}},{"type":"Feature","geometry":{"type":"Point","coordinates":[-122.55687713623,49.206123352051]},"properties":{"id":555945,"datetime":"2026-10-05T20:33:18.000000Z","filename":"https://olm-s3.s3.eu-west-1.amazonaws.com/2026/10/05/0sxS0H8eTTSCowopEYQ36cyMMeTFStyPJoagaPyT.jpg","tags":[{"type":"standard","category":"smoking","item":"butts","quantity":1}],"objects":[{"status":"OK","on_map":true,"group":"Smoking","subgroup":"","layer":"Cigarette Butts","full_name":"Smoking \u2013 Cigarette Butts","olm_key":"smoking/butts","quantity":1,"picked_up":true}],"groups":["substances"],"has_litter":false,"has_pet_waste":false,"has_substances":true,"zone":"cottonwood_zone_E","zone_edge_m":63.8,"nbhd_edge_m":null}},{"type":"Feature","geometry":{"type":"Point","coordinates":[-122.55687713623,49.206123352051]},"properties":{"id":555944,"datetime":"2026-10-05T20:33:38.000000Z","filename":"https://olm-s3.s3.eu-west-1.amazonaws.com/2026/10/05/iE0pk4FxJ2kzTjLdypLKf7ya3jnB8IwTh2BzfhAl.jpg","tags":[{"type":"standard","category":"other","item":"paper","quantity":1},{"type":"material","category":"material","item":"paper","quantity":1,"parent_category":"other","parent_item":"paper"},{"type":"custom_tag","category":"custom_tag","item":"flyer","quantity":1,"parent_category":"other","parent_item":"paper"}],"objects":[{"status":"OK","on_map":true,"group":"Piece","subgroup":"","layer":"Paper Piece","full_name":"Piece \u2013 Paper Piece","olm_key":"other/paper","quantity":1,"picked_up":true}],"groups":["litter"],"has_litter":true,"has_pet_waste":false,"has_substances":false,"zone":"cottonwood_zone_E","zone_edge_m":63.8,"nbhd_edge_m":null}},{"type":"Feature","geometry":{"type":"Point","coordinates":[-122.55687713623,49.206123352051]},"properties":{"id":555943,"datetime":"2026-10-05T20:33:50.000000Z","filename":"https://olm-s3.s3.eu-west-1.amazonaws.com/2026/10/05/PyVGpO2BkBRF0j8tvYwvkGyWQbb1k5EsaNCritjX.jpg","tags":[{"type":"standard","category":"food","item":"tinfoil","quantity":1}],"objects":[{"status":"OK","on_map":true,"group":"Piece","subgroup":"","layer":"Foil Piece","full_name":"Piece \u2013 Foil Piece","olm_key":"food/tinfoil","quantity":1,"picked_up":true}],"groups":["litter"],"has_litter":true,"has_pet_waste":false,"has_substances":false,"zone":"cottonwood_zone_E","zone_edge_m":63.8,"nbhd_edge_m":null}},{"type":"Feature","geometry":{"type":"Point","coordinates":[-122.55687713623,49.206123352051]},"properties":{"id":555942,"datetime":"2026-10-05T20:33:57.000000Z","filename":"https://olm-s3.s3.eu-west-1.amazonaws.com/2026/10/05/Z9f6j2KmylRIwJTs0Uh40l0H5YrDlORLL0qDRlQW.jpg","tags":[{"type":"standard","category":"smoking","item":"butts","quantity":1}],"objects":[{"status":"OK","on_map":true,"group":"Smoking","subgroup":"","layer":"Cigarette Butts","full_name":"Smoking \u2013 Cigarette Butts","olm_key":"smoking/butts","quantity":1,"picked_up":true}],"groups":["substances"],"has_litter":false,"has_pet_waste":false,"has_substances":true,"zone":"cottonwood_zone_E","zone_edge_m":63.8,"nbhd_edge_m":null}},{"type":"Feature","geometry":{"type":"Point","coordinates":[-122.55687713623,49.206123352051]},"properties":{"id":555941,"datetime":"2026-10-05T20:34:00.000000Z","filename":"https://olm-s3.s3.eu-west-1.amazonaws.com/2026/10/05/5O1bHuANqFtVapssMoffk8JuK3wAuPe80u05T22O.jpg","tags":[{"type":"standard","category":"smoking","item":"butts","quantity":1}],"objects":[{"status":"OK","on_map":true,"group":"Smoking","subgroup":"","layer":"Cigarette Butts","full_name":"Smoking \u2013 Cigarette Butts","olm_key":"smoking/butts","quantity":1,"picked_up":true}],"groups":["substances"],"has_litter":false,"has_pet_waste":false,"has_substances":true,"zone":"cottonwood_zone_E","zone_edge_m":63.8,"nbhd_edge_m":null}},{"type":"Feature","geometry":{"type":"Point","coordinates":[-122.55687713623,49.206123352051]},"properties":{"id":555940,"datetime":"2026-10-05T20:34:07.000000Z","filename":"https://olm-s3.s3.eu-west-1.amazonaws.com/2026/10/05/32VQRcKG2DnuO6RePcTAIVZhS8X2kqob1q0m0Nvw.jpg","tags":[{"type":"standard","category":"other","item":"paper","quantity":1},{"type":"material","category":"material","item":"paper","quantity":1,"parent_category":"other","parent_item":"paper"},{"type":"custom_tag","category":"custom_tag","item":"flyer","quantity":1,"parent_category":"other","parent_item":"paper"}],"objects":[{"status":"OK","on_map":true,"group":"Piece","subgroup":"","layer":"Paper Piece","full_name":"Piece \u2013 Paper Piece","olm_key":"other/paper","quantity":1,"picked_up":true}],"groups":["litter"],"has_litter":true,"has_pet_waste":false,"has_substances":false,"zone":"cottonwood_zone_E","zone_edge_m":63.8,"nbhd_edge_m":null}},{"type":"Feature","geometry":{"type":"Point","coordinates":[-122.55680847168,49.206985473633]},"properties":{"id":555939,"datetime":"2026-10-05T20:34:26.000000Z","filename":"https://olm-s3.s3.eu-west-1.amazonaws.com/2026/10/05/bB4AcaaBht2RVfo31o0Lv06tgK3lI447ixEUSpfR.jpg","tags":[{"type":"standard","category":"softdrinks","item":"bottle_cap","quantity":1},{"type":"material","category":"material","item":"plastic","quantity":1,"parent_category":"softdrinks","parent_item":"bottle_cap"}],"objects":[{"status":"OK","on_map":true,"group":"Convenient Food Drink","subgroup":"Drink","layer":"Drink Bottle Cap","full_name":"Convenient Food Drink \u2013 Drink \u2013 Drink Bottle Cap","olm_key":"softdrinks/bottle_cap","quantity":1,"picked_up":true}],"groups":["litter"],"has_litter":true,"has_pet_waste":false,"has_substances":false,"zone":"cottonwood_zone_E","zone_edge_m":58.8,"nbhd_edge_m":null}},{"type":"Feature","geometry":{"type":"Point","coordinates":[-122.55680847168,49.206985473633]},"properties":{"id":555938,"datetime":"2026-10-05T20:34:31.000000Z","filename":"https://olm-s3.s3.eu-west-1.amazonaws.com/2026/10/05/PCOOiq8mizBwAvLyvdq3HO0JIDaL3ZiBpTZuWWU0.jpg","tags":[{"type":"standard","category":"smoking","item":"butts","quantity":1}],"objects":[{"status":"OK","on_map":true,"group":"Smoking","subgroup":"","layer":"Cigarette Butts","full_name":"Smoking \u2013 Cigarette Butts","olm_key":"smoking/butts","quantity":1,"picked_up":true}],"groups":["substances"],"has_litter":false,"has_pet_waste":false,"has_substances":true,"zone":"cottonwood_zone_E","zone_edge_m":58.8,"nbhd_edge_m":null}},{"type":"Feature","geometry":{"type":"Point","coordinates":[-122.55680847168,49.206985473633]},"properties":{"id":555937,"datetime":"2026-10-05T20:34:54.000000Z","filename":"https://olm-s3.s3.eu-west-1.amazonaws.com/2026/10/05/hPKybqg7vIvhZm8Rtzx6wkQbWg07rQqjVnp021kZ.jpg","tags":[{"type":"standard","category":"other","item":"plastic","quantity":1}],"objects":[{"status":"OK","on_map":true,"group":"Piece","subgroup":"","layer":"Plastic Piece","full_name":"Piece \u2013 Plastic Piece","olm_key":"other/plastic","quantity":1,"picked_up":true}],"groups":["litter"],"has_litter":true,"has_pet_waste":false,"has_substances":false,"zone":"cottonwood_zone_E","zone_edge_m":58.8,"nbhd_edge_m":null}},{"type":"Feature","geometry":{"type":"Point","coordinates":[-122.55680847168,49.206985473633]},"properties":{"id":555936,"datetime":"2026-10-05T20:35:00.000000Z","filename":"https://olm-s3.s3.eu-west-1.amazonaws.com/2026/10/05/2QcEGQ93PbI0YZgW9D1OtXCJB4sD0tXUy3dS6lNx.jpg","tags":[{"type":"standard","category":"other","item":"paper","quantity":1},{"type":"material","category":"material","item":"paper","quantity":1,"parent_category":"other","parent_item":"paper"}],"objects":[{"status":"OK","on_map":true,"group":"Piece","subgroup":"","layer":"Paper Piece","full_name":"Piece \u2013 Paper Piece","olm_key":"other/paper","quantity":1,"picked_up":true}],"groups":["litter"],"has_litter":true,"has_pet_waste":false,"has_substances":false,"zone":"cottonwood_zone_E","zone_edge_m":58.8,"nbhd_edge_m":null}},{"type":"Feature","geometry":{"type":"Point","coordinates":[-122.55680847168,49.206985473633]},"properties":{"id":555935,"datetime":"2026-10-05T20:35:11.000000Z","filename":"https://olm-s3.s3.eu-west-1.amazonaws.com/2026/10/05/gtTnd2ntTwGHQEq1k0S9Ms1y7FPlzdg0Hdgmpu9j.jpg","tags":[{"type":"standard","category":"other","item":"paper","quantity":1},{"type":"material","category":"material","item":"paper","quantity":1,"parent_category":"other","parent_item":"paper"}],"objects":[{"status":"OK","on_map":true,"group":"Piece","subgroup":"","layer":"Paper Piece","full_name":"Piece \u2013 Paper Piece","olm_key":"other/paper","quantity":1,"picked_up":true}],"groups":["litter"],"has_litter":true,"has_pet_waste":false,"has_substances":false,"zone":"cottonwood_zone_E","zone_edge_m":58.8,"nbhd_edge_m":null}},{"type":"Feature","geometry":{"type":"Point","coordinates":[-122.55680847168,49.206985473633]},"properties":{"id":555934,"datetime":"2026-10-05T20:35:23.000000Z","filename":"https://olm-s3.s3.eu-west-1.amazonaws.com/2026/10/05/yWBCICNr1JZ8Yy8wla3yh9vZnZQmSwH1Zz4NJlIz.jpg","tags":[{"type":"standard","category":"other","item":"paper","quantity":1},{"type":"material","category":"material","item":"paper","quantity":1,"parent_category":"other","parent_item":"paper"}],"objects":[{"status":"OK","on_map":true,"group":"Piece","subgroup":"","layer":"Paper Piece","full_name":"Piece \u2013 Paper Piece","olm_key":"other/paper","quantity":1,"picked_up":true}],"groups":["litter"],"has_litter":true,"has_pet_waste":false,"has_substances":false,"zone":"cottonwood_zone_E","zone_edge_m":58.8,"nbhd_edge_m":null}},{"type":"Feature","geometry":{"type":"Point","coordinates":[-122.55680847168,49.206985473633]},"properties":{"id":555933,"datetime":"2026-10-05T20:35:29.000000Z","filename":"https://olm-s3.s3.eu-west-1.amazonaws.com/2026/10/05/24uHyK4icmZnhYkDyhqmTn4uqCsA8PmeQqyXS77T.jpg","tags":[{"type":"standard","category":"other","item":"paper","quantity":1},{"type":"material","category":"material","item":"paper","quantity":1,"parent_category":"other","parent_item":"paper"}],"objects":[{"status":"OK","on_map":true,"group":"Piece","subgroup":"","layer":"Paper Piece","full_name":"Piece \u2013 Paper Piece","olm_key":"other/paper","quantity":1,"picked_up":true}],"groups":["litter"],"has_litter":true,"has_pet_waste":false,"has_substances":false,"zone":"cottonwood_zone_E","zone_edge_m":58.8,"nbhd_edge_m":null}},{"type":"Feature","geometry":{"type":"Point","coordinates":[-122.55680847168,49.206985473633]},"properties":{"id":555932,"datetime":"2026-10-05T20:35:42.000000Z","filename":"https://olm-s3.s3.eu-west-1.amazonaws.com/2026/10/05/EgVP2vx0PRg1BhFosMgN9D3UcPLdurnVI3I4KvoL.jpg","tags":[{"type":"standard","category":"smoking","item":"butts","quantity":1}],"objects":[{"status":"OK","on_map":true,"group":"Smoking","subgroup":"","layer":"Cigarette Butts","full_name":"Smoking \u2013 Cigarette Butts","olm_key":"smoking/butts","quantity":1,"picked_up":true}],"groups":["substances"],"has_litter":false,"has_pet_waste":false,"has_substances":true,"zone":"cottonwood_zone_E","zone_edge_m":58.8,"nbhd_edge_m":null}},{"type":"Feature","geometry":{"type":"Point","coordinates":[-122.55680847168,49.206985473633]},"properties":{"id":555931,"datetime":"2026-10-05T20:35:47.000000Z","filename":"https://olm-s3.s3.eu-west-1.amazonaws.com/2026/10/05/yPjOPb59eDY2H3VShIjrq67zyc2lXMvfOtHPZ1we.jpg","tags":[{"type":"standard","category":"smoking","item":"butts","quantity":1}],"objects":[{"status":"OK","on_map":true,"group":"Smoking","subgroup":"","layer":"Cigarette Butts","full_name":"Smoking \u2013 Cigarette Butts","olm_key":"smoking/butts","quantity":1,"picked_up":true}],"groups":["substances"],"has_litter":false,"has_pet_waste":false,"has_substances":true,"zone":"cottonwood_zone_E","zone_edge_m":58.8,"nbhd_edge_m":null}},{"type":"Feature","geometry":{"type":"Point","coordinates":[-122.55680847168,49.206985473633]},"properties":{"id":555930,"datetime":"2026-10-05T20:35:59.000000Z","filename":"https://olm-s3.s3.eu-west-1.amazonaws.com/2026/10/05/kXnmsMKrOzs7v3mjmdK7uDaKizy0rMXjwBTWa3lN.jpg","tags":[{"type":"standard","category":"smoking","item":"butts","quantity":1}],"objects":[{"status":"OK","on_map":true,"group":"Smoking","subgroup":"","layer":"Cigarette Butts","full_name":"Smoking \u2013 Cigarette Butts","olm_key":"smoking/butts","quantity":1,"picked_up":true}],"groups":["substances"],"has_litter":false,"has_pet_waste":false,"has_substances":true,"zone":"cottonwood_zone_E","zone_edge_m":58.8,"nbhd_edge_m":null}},{"type":"Feature","geometry":{"type":"Point","coordinates":[-122.55680847168,49.206985473633]},"properties":{"id":555929,"datetime":"2026-10-05T20:36:03.000000Z","filename":"https://olm-s3.s3.eu-west-1.amazonaws.com/2026/10/05/j013rw1O7pYhYwvNA39BfX37CTBAosZ8wk8cAv0p.jpg","tags":[{"type":"standard","category":"smoking","item":"butts","quantity":1}],"objects":[{"status":"OK","on_map":true,"group":"Smoking","subgroup":"","layer":"Cigarette Butts","full_name":"Smoking \u2013 Cigarette Butts","olm_key":"smoking/butts","quantity":1,"picked_up":true}],"groups":["substances"],"has_litter":false,"has_pet_waste":false,"has_substances":true,"zone":"cottonwood_zone_E","zone_edge_m":58.8,"nbhd_edge_m":null}},{"type":"Feature","geometry":{"type":"Point","coordinates":[-122.55674743652,49.207565307617]},"properties":{"id":555928,"datetime":"2026-10-05T20:36:12.000000Z","filename":"https://olm-s3.s3.eu-west-1.amazonaws.com/2026/10/05/CpnUmSuriXg7FXVEDpx1Fv8sLwe5WLnzNyekL1H5.jpg","tags":[{"type":"standard","category":"other","item":"other","quantity":1}],"objects":[{"status":"OK","on_map":true,"group":"Household","subgroup":"","layer":"Household misc","full_name":"Household \u2013 Household misc","olm_key":"other/other","quantity":1,"picked_up":true}],"groups":["litter"],"has_litter":true,"has_pet_waste":false,"has_substances":false,"zone":"cottonwood_zone_E","zone_edge_m":54.4,"nbhd_edge_m":null}},{"type":"Feature","geometry":{"type":"Point","coordinates":[-122.55674743652,49.207565307617]},"properties":{"id":555927,"datetime":"2026-10-05T20:36:18.000000Z","filename":"https://olm-s3.s3.eu-west-1.amazonaws.com/2026/10/05/EYKQY91y2zARtMzOaclnCk5dXh4y99RbLCyIlWxn.jpg","tags":[{"type":"standard","category":"other","item":"paper","quantity":1},{"type":"material","category":"material","item":"paper","quantity":1,"parent_category":"other","parent_item":"paper"}],"objects":[{"status":"OK","on_map":true,"group":"Piece","subgroup":"","layer":"Paper Piece","full_name":"Piece \u2013 Paper Piece","olm_key":"other/paper","quantity":1,"picked_up":true}],"groups":["litter"],"has_litter":true,"has_pet_waste":false,"has_substances":false,"zone":"cottonwood_zone_E","zone_edge_m":54.4,"nbhd_edge_m":null}},{"type":"Feature","geometry":{"type":"Point","coordinates":[-122.55674743652,49.207565307617]},"properties":{"id":555926,"datetime":"2026-10-05T20:36:28.000000Z","filename":"https://olm-s3.s3.eu-west-1.amazonaws.com/2026/10/05/zHZlrcYfSyeEeTi1SJUo6I3CgtDRXnktyElhVEe2.jpg","tags":[{"type":"standard","category":"dumping","item":"dumping","quantity":1,"object_type":"medium"}],"objects":[{"status":"OK","on_map":true,"group":"Dumping","subgroup":"","layer":"Med","full_name":"Dumping \u2013 Med","olm_key":"dumping/dumping","quantity":1,"picked_up":false}],"groups":["litter"],"has_litter":true,"has_pet_waste":false,"has_substances":false,"zone":"cottonwood_zone_E","zone_edge_m":54.4,"nbhd_edge_m":null}},{"type":"Feature","geometry":{"type":"Point","coordinates":[-122.55674743652,49.207565307617]},"properties":{"id":555925,"datetime":"2026-10-05T20:36:36.000000Z","filename":"https://olm-s3.s3.eu-west-1.amazonaws.com/2026/10/05/IdiphWossW3NKbSOvcjWuUxCkmpXwaCMLjHVszGE.jpg","tags":[{"type":"standard","category":"softdrinks","item":"straw_wrapper","quantity":1},{"type":"standard","category":"softdrinks","item":"straw","quantity":1}],"objects":[{"status":"OK","on_map":true,"group":"Convenient Food Drink","subgroup":"Drink","layer":"Drink Straw Wrapper","full_name":"Convenient Food Drink \u2013 Drink \u2013 Drink Straw Wrapper","olm_key":"softdrinks/straw_wrapper","quantity":1,"picked_up":true},{"status":"OK","on_map":true,"group":"Convenient Food Drink","subgroup":"Drink","layer":"Paper Drink Straws","full_name":"Convenient Food Drink \u2013 Drink \u2013 Paper Drink Straws","olm_key":"softdrinks/straw","quantity":1,"picked_up":true}],"groups":["litter"],"has_litter":true,"has_pet_waste":false,"has_substances":false,"zone":"cottonwood_zone_E","zone_edge_m":54.4,"nbhd_edge_m":null}},{"type":"Feature","geometry":{"type":"Point","coordinates":[-122.55674743652,49.207565307617]},"properties":{"id":555924,"datetime":"2026-10-05T20:36:53.000000Z","filename":"https://olm-s3.s3.eu-west-1.amazonaws.com/2026/10/05/j5yOcWRyyAHVXUYTu2kBbmf3ABNviuJOYXhIXMg2.jpg","tags":[{"type":"standard","category":"other","item":"paper","quantity":1},{"type":"material","category":"material","item":"paper","quantity":1,"parent_category":"other","parent_item":"paper"},{"type":"custom_tag","category":"custom_tag","item":"flyer","quantity":1,"parent_category":"other","parent_item":"paper"}],"objects":[{"status":"OK","on_map":true,"group":"Piece","subgroup":"","layer":"Paper Piece","full_name":"Piece \u2013 Paper Piece","olm_key":"other/paper","quantity":1,"picked_up":true}],"groups":["litter"],"has_litter":true,"has_pet_waste":false,"has_substances":false,"zone":"cottonwood_zone_E","zone_edge_m":54.4,"nbhd_edge_m":null}},{"type":"Feature","geometry":{"type":"Point","coordinates":[-122.55674743652,49.207565307617]},"properties":{"id":555923,"datetime":"2026-10-05T20:37:02.000000Z","filename":"https://olm-s3.s3.eu-west-1.amazonaws.com/2026/10/05/Jtbn3gf8xo7UE0IlqLr3j2pSOChHBkd7saE0C7h5.jpg","tags":[{"type":"standard","category":"other","item":"plastic","quantity":1}],"objects":[{"status":"OK","on_map":true,"group":"Piece","subgroup":"","layer":"Plastic Piece","full_name":"Piece \u2013 Plastic Piece","olm_key":"other/plastic","quantity":1,"picked_up":true}],"groups":["litter"],"has_litter":true,"has_pet_waste":false,"has_substances":false,"zone":"cottonwood_zone_E","zone_edge_m":54.4,"nbhd_edge_m":null}},{"type":"Feature","geometry":{"type":"Point","coordinates":[-122.55674743652,49.207565307617]},"properties":{"id":555922,"datetime":"2026-10-05T20:37:04.000000Z","filename":"https://olm-s3.s3.eu-west-1.amazonaws.com/2026/10/05/3RByN6O7RJyOuqkWgm7yEAYlSQTy0aDOrEaoG1pS.jpg","tags":[{"type":"standard","category":"other","item":"plastic","quantity":1}],"objects":[{"status":"OK","on_map":true,"group":"Piece","subgroup":"","layer":"Plastic Piece","full_name":"Piece \u2013 Plastic Piece","olm_key":"other/plastic","quantity":1,"picked_up":true}],"groups":["litter"],"has_litter":true,"has_pet_waste":false,"has_substances":false,"zone":"cottonwood_zone_E","zone_edge_m":54.4,"nbhd_edge_m":null}},{"type":"Feature","geometry":{"type":"Point","coordinates":[-122.55674743652,49.207565307617]},"properties":{"id":555921,"datetime":"2026-10-05T20:37:07.000000Z","filename":"https://olm-s3.s3.eu-west-1.amazonaws.com/2026/10/05/x0Tslv1UkbxM1yqyrksn6lOlB4dW9HxSgD8UotzP.jpg","tags":[{"type":"standard","category":"smoking","item":"butts","quantity":2}],"objects":[{"status":"OK","on_map":true,"group":"Smoking","subgroup":"","layer":"Cigarette Butts","full_name":"Smoking \u2013 Cigarette Butts","olm_key":"smoking/butts","quantity":2,"picked_up":true}],"groups":["substances"],"has_litter":false,"has_pet_waste":false,"has_substances":true,"zone":"cottonwood_zone_E","zone_edge_m":54.4,"nbhd_edge_m":null}},{"type":"Feature","geometry":{"type":"Point","coordinates":[-122.55674743652,49.207565307617]},"properties":{"id":555920,"datetime":"2026-10-05T20:37:11.000000Z","filename":"https://olm-s3.s3.eu-west-1.amazonaws.com/2026/10/05/oayGF7mLYAehjmQKbGs7dKhwUnQoDrNuaJ6cnmq8.jpg","tags":[{"type":"standard","category":"smoking","item":"butts","quantity":4}],"objects":[{"status":"OK","on_map":true,"group":"Smoking","subgroup":"","layer":"Cigarette Butts","full_name":"Smoking \u2013 Cigarette Butts","olm_key":"smoking/butts","quantity":4,"picked_up":true}],"groups":["substances"],"has_litter":false,"has_pet_waste":false,"has_substances":true,"zone":"cottonwood_zone_E","zone_edge_m":54.4,"nbhd_edge_m":null}},{"type":"Feature","geometry":{"type":"Point","coordinates":[-122.55674743652,49.207565307617]},"properties":{"id":555919,"datetime":"2026-10-05T20:37:20.000000Z","filename":"https://olm-s3.s3.eu-west-1.amazonaws.com/2026/10/05/Z44FVxkGOlZkHXCQ6TVtqjmqjYJJ8X0uUB1VmXl1.jpg","tags":[{"type":"standard","category":"other","item":"plastic","quantity":1}],"objects":[{"status":"OK","on_map":true,"group":"Piece","subgroup":"","layer":"Plastic Piece","full_name":"Piece \u2013 Plastic Piece","olm_key":"other/plastic","quantity":1,"picked_up":true}],"groups":["litter"],"has_litter":true,"has_pet_waste":false,"has_substances":false,"zone":"cottonwood_zone_E","zone_edge_m":54.4,"nbhd_edge_m":null}},{"type":"Feature","geometry":{"type":"Point","coordinates":[-122.55674743652,49.207565307617]},"properties":{"id":555918,"datetime":"2026-10-05T20:37:23.000000Z","filename":"https://olm-s3.s3.eu-west-1.amazonaws.com/2026/10/05/XTMAvwohDcN2bdziOQHudFtn1f9NAXYUuQfcjIf8.jpg","tags":[{"type":"standard","category":"other","item":"plastic","quantity":1}],"objects":[{"status":"OK","on_map":true,"group":"Piece","subgroup":"","layer":"Plastic Piece","full_name":"Piece \u2013 Plastic Piece","olm_key":"other/plastic","quantity":1,"picked_up":true}],"groups":["litter"],"has_litter":true,"has_pet_waste":false,"has_substances":false,"zone":"cottonwood_zone_E","zone_edge_m":54.4,"nbhd_edge_m":null}},{"type":"Feature","geometry":{"type":"Point","coordinates":[-122.55674743652,49.207565307617]},"properties":{"id":555917,"datetime":"2026-10-05T20:37:27.000000Z","filename":"https://olm-s3.s3.eu-west-1.amazonaws.com/2026/10/05/nV4N3qBVXnD5fOnjyx2XKllLQg0bdL2Lwc51mbFm.jpg","tags":[{"type":"standard","category":"smoking","item":"butts","quantity":1}],"objects":[{"status":"OK","on_map":true,"group":"Smoking","subgroup":"","layer":"Cigarette Butts","full_name":"Smoking \u2013 Cigarette Butts","olm_key":"smoking/butts","quantity":1,"picked_up":true}],"groups":["substances"],"has_litter":false,"has_pet_waste":false,"has_substances":true,"zone":"cottonwood_zone_E","zone_edge_m":54.4,"nbhd_edge_m":null}},{"type":"Feature","geometry":{"type":"Point","coordinates":[-122.55674743652,49.207565307617]},"properties":{"id":555916,"datetime":"2026-10-05T20:37:30.000000Z","filename":"https://olm-s3.s3.eu-west-1.amazonaws.com/2026/10/05/haUvUvYka6XBtHLBoPmvc6h7irQDbeOFQdpmXda1.jpg","tags":[{"type":"standard","category":"smoking","item":"butts","quantity":1}],"objects":[{"status":"OK","on_map":true,"group":"Smoking","subgroup":"","layer":"Cigarette Butts","full_name":"Smoking \u2013 Cigarette Butts","olm_key":"smoking/butts","quantity":1,"picked_up":true}],"groups":["substances"],"has_litter":false,"has_pet_waste":false,"has_substances":true,"zone":"cottonwood_zone_E","zone_edge_m":54.4,"nbhd_edge_m":null}},{"type":"Feature","geometry":{"type":"Point","coordinates":[-122.55674743652,49.207565307617]},"properties":{"id":555915,"datetime":"2026-10-05T20:37:33.000000Z","filename":"https://olm-s3.s3.eu-west-1.amazonaws.com/2026/10/05/ZiJoE2g416NkKu9V4Z0UwhK9Gd7mbZIUczdORELv.jpg","tags":[{"type":"standard","category":"smoking","item":"butts","quantity":2}],"objects":[{"status":"OK","on_map":true,"group":"Smoking","subgroup":"","layer":"Cigarette Butts","full_name":"Smoking \u2013 Cigarette Butts","olm_key":"smoking/butts","quantity":2,"picked_up":true}],"groups":["substances"],"has_litter":false,"has_pet_waste":false,"has_substances":true,"zone":"cottonwood_zone_E","zone_edge_m":54.4,"nbhd_edge_m":null}},{"type":"Feature","geometry":{"type":"Point","coordinates":[-122.55674743652,49.207565307617]},"properties":{"id":555914,"datetime":"2026-10-05T20:37:41.000000Z","filename":"https://olm-s3.s3.eu-west-1.amazonaws.com/2026/10/05/NOpbMusqNKDosRyaLIRZUKrtlvS0OMqnJtPLe5hd.jpg","tags":[{"type":"standard","category":"other","item":"paper","quantity":1},{"type":"material","category":"material","item":"paper","quantity":1,"parent_category":"other","parent_item":"paper"}],"objects":[{"status":"OK","on_map":true,"group":"Piece","subgroup":"","layer":"Paper Piece","full_name":"Piece \u2013 Paper Piece","olm_key":"other/paper","quantity":1,"picked_up":true}],"groups":["litter"],"has_litter":true,"has_pet_waste":false,"has_substances":false,"zone":"cottonwood_zone_E","zone_edge_m":54.4,"nbhd_edge_m":null}},{"type":"Feature","geometry":{"type":"Point","coordinates":[-122.55674743652,49.207565307617]},"properties":{"id":555913,"datetime":"2026-10-05T20:37:49.000000Z","filename":"https://olm-s3.s3.eu-west-1.amazonaws.com/2026/10/05/qDgBaYGHR3gOaygr7Wz4qWBcH9xOjmAU9ejJ7wTP.jpg","tags":[{"type":"standard","category":"medical","item":"bandage","quantity":1}],"objects":[{"status":"OK","on_map":true,"group":"Household","subgroup":"","layer":"Medical Bandages","full_name":"Household \u2013 Medical Bandages","olm_key":"medical/bandage","quantity":1,"picked_up":true}],"groups":["litter"],"has_litter":true,"has_pet_waste":false,"has_substances":false,"zone":"cottonwood_zone_E","zone_edge_m":54.4,"nbhd_edge_m":null}},{"type":"Feature","geometry":{"type":"Point","coordinates":[-122.55674743652,49.207565307617]},"properties":{"id":555912,"datetime":"2026-10-05T20:37:53.000000Z","filename":"https://olm-s3.s3.eu-west-1.amazonaws.com/2026/10/05/8jBclGlVwzBRl0heHaiuqprzVXOjMkvRtQmA9488.jpg","tags":[{"type":"standard","category":"other","item":"plastic","quantity":1}],"objects":[{"status":"OK","on_map":true,"group":"Piece","subgroup":"","layer":"Plastic Piece","full_name":"Piece \u2013 Plastic Piece","olm_key":"other/plastic","quantity":1,"picked_up":true}],"groups":["litter"],"has_litter":true,"has_pet_waste":false,"has_substances":false,"zone":"cottonwood_zone_E","zone_edge_m":54.4,"nbhd_edge_m":null}},{"type":"Feature","geometry":{"type":"Point","coordinates":[-122.55674743652,49.207565307617]},"properties":{"id":555911,"datetime":"2026-10-05T20:38:02.000000Z","filename":"https://olm-s3.s3.eu-west-1.amazonaws.com/2026/10/05/ZmzJ5MGdo1ViAWhFCiv9bhOOKWoULQmySLxeXEJU.jpg","tags":[{"type":"standard","category":"food","item":"wrapper","quantity":1},{"type":"material","category":"material","item":"plastic","quantity":1,"parent_category":"food","parent_item":"wrapper"}],"objects":[{"status":"OK","on_map":true,"group":"Convenient Food Drink","subgroup":"Snack","layer":"Foil / Plastic Film Snack Wrapper","full_name":"Convenient Food Drink \u2013 Snack \u2013 Foil / Plastic Film Snack Wrapper","olm_key":"food/wrapper","quantity":1,"picked_up":true}],"groups":["litter"],"has_litter":true,"has_pet_waste":false,"has_substances":false,"zone":"cottonwood_zone_E","zone_edge_m":54.4,"nbhd_edge_m":null}},{"type":"Feature","geometry":{"type":"Point","coordinates":[-122.55674743652,49.207565307617]},"properties":{"id":555910,"datetime":"2026-10-05T20:38:07.000000Z","filename":"https://olm-s3.s3.eu-west-1.amazonaws.com/2026/10/05/Hd8ZHY2n4znXZ6ZNrL2H5KyGcChkcC076JvedPI9.jpg","tags":[{"type":"standard","category":"smoking","item":"butts","quantity":1}],"objects":[{"status":"OK","on_map":true,"group":"Smoking","subgroup":"","layer":"Cigarette Butts","full_name":"Smoking \u2013 Cigarette Butts","olm_key":"smoking/butts","quantity":1,"picked_up":true}],"groups":["substances"],"has_litter":false,"has_pet_waste":false,"has_substances":true,"zone":"cottonwood_zone_E","zone_edge_m":54.4,"nbhd_edge_m":null}},{"type":"Feature","geometry":{"type":"Point","coordinates":[-122.55674743652,49.207565307617]},"properties":{"id":555909,"datetime":"2026-10-05T20:38:10.000000Z","filename":"https://olm-s3.s3.eu-west-1.amazonaws.com/2026/10/05/NAwbmOjXz9Iazjv7UwybaXAQiBbQArO7XTv0cA1D.jpg","tags":[{"type":"standard","category":"food","item":"wrapper","quantity":1},{"type":"material","category":"material","item":"plastic","quantity":1,"parent_category":"food","parent_item":"wrapper"},{"type":"material","category":"material","item":"foil","quantity":1,"parent_category":"food","parent_item":"wrapper"}],"objects":[{"status":"OK","on_map":true,"group":"Convenient Food Drink","subgroup":"Snack","layer":"Foil / Plastic Film Snack Wrapper","full_name":"Convenient Food Drink \u2013 Snack \u2013 Foil / Plastic Film Snack Wrapper","olm_key":"food/wrapper","quantity":1,"picked_up":true}],"groups":["litter"],"has_litter":true,"has_pet_waste":false,"has_substances":false,"zone":"cottonwood_zone_E","zone_edge_m":54.4,"nbhd_edge_m":null}},{"type":"Feature","geometry":{"type":"Point","coordinates":[-122.55673217773,49.207664489746]},"properties":{"id":555908,"datetime":"2026-10-05T20:38:13.000000Z","filename":"https://olm-s3.s3.eu-west-1.amazonaws.com/2026/10/05/dxNUDsDNrk7iPB2MvowLMzuANuYdxTcYwE5TmNzl.jpg","tags":[{"type":"standard","category":"food","item":"wrapper","quantity":1}],"objects":[{"status":"OK","on_map":true,"group":"Convenient Food Drink","subgroup":"Snack","layer":"Foil / Plastic Film Snack Wrapper","full_name":"Convenient Food Drink \u2013 Snack \u2013 Foil / Plastic Film Snack Wrapper","olm_key":"food/wrapper","quantity":1,"picked_up":true}],"groups":["litter"],"has_litter":true,"has_pet_waste":false,"has_substances":false,"zone":"cottonwood_zone_E","zone_edge_m":53.2,"nbhd_edge_m":null}},{"type":"Feature","geometry":{"type":"Point","coordinates":[-122.55673217773,49.207664489746]},"properties":{"id":555907,"datetime":"2026-10-05T20:38:19.000000Z","filename":"https://olm-s3.s3.eu-west-1.amazonaws.com/2026/10/05/QwUMK3VD0yDY7XvVaiK4v2L8VGVuOH88Ra4C3qiY.jpg","tags":[{"type":"standard","category":"smoking","item":"butts","quantity":1}],"objects":[{"status":"OK","on_map":true,"group":"Smoking","subgroup":"","layer":"Cigarette Butts","full_name":"Smoking \u2013 Cigarette Butts","olm_key":"smoking/butts","quantity":1,"picked_up":true}],"groups":["substances"],"has_litter":false,"has_pet_waste":false,"has_substances":true,"zone":"cottonwood_zone_E","zone_edge_m":53.2,"nbhd_edge_m":null}},{"type":"Feature","geometry":{"type":"Point","coordinates":[-122.55673217773,49.207664489746]},"properties":{"id":555906,"datetime":"2026-10-05T20:38:36.000000Z","filename":"https://olm-s3.s3.eu-west-1.amazonaws.com/2026/10/05/GqMooVrcMgEH7zp5EKtIw4jrb81Zg9xrqlDYsIra.jpg","tags":[{"type":"standard","category":"other","item":"plastic","quantity":1}],"objects":[{"status":"OK","on_map":true,"group":"Piece","subgroup":"","layer":"Plastic Piece","full_name":"Piece \u2013 Plastic Piece","olm_key":"other/plastic","quantity":1,"picked_up":true}],"groups":["litter"],"has_litter":true,"has_pet_waste":false,"has_substances":false,"zone":"cottonwood_zone_E","zone_edge_m":53.2,"nbhd_edge_m":null}},{"type":"Feature","geometry":{"type":"Point","coordinates":[-122.55673217773,49.207664489746]},"properties":{"id":555905,"datetime":"2026-10-05T20:38:42.000000Z","filename":"https://olm-s3.s3.eu-west-1.amazonaws.com/2026/10/05/lPvWj1Fz2WdRVTwAZJiZ3nwfYiopr8n3NOp7XIdG.jpg","tags":[{"type":"standard","category":"food","item":"straw","quantity":1}],"objects":[{"status":"OK","on_map":true,"group":"Household","subgroup":"","layer":"Plastic Straws","full_name":"Household \u2013 Plastic Straws","olm_key":"food/straw","quantity":1,"picked_up":true}],"groups":["litter"],"has_litter":true,"has_pet_waste":false,"has_substances":false,"zone":"cottonwood_zone_E","zone_edge_m":53.2,"nbhd_edge_m":null}},{"type":"Feature","geometry":{"type":"Point","coordinates":[-122.55673217773,49.207664489746]},"properties":{"id":555904,"datetime":"2026-10-05T20:38:47.000000Z","filename":"https://olm-s3.s3.eu-west-1.amazonaws.com/2026/10/05/tisMcXC7j7nM8c5sfrsHhphY1oTFzORmIuYYCTag.jpg","tags":[{"type":"standard","category":"food","item":"wrapper","quantity":1},{"type":"standard","category":"other","item":"plastic","quantity":1}],"objects":[{"status":"OK","on_map":true,"group":"Convenient Food Drink","subgroup":"Snack","layer":"Foil / Plastic Film Snack Wrapper","full_name":"Convenient Food Drink \u2013 Snack \u2013 Foil / Plastic Film Snack Wrapper","olm_key":"food/wrapper","quantity":1,"picked_up":true},{"status":"OK","on_map":true,"group":"Piece","subgroup":"","layer":"Plastic Piece","full_name":"Piece \u2013 Plastic Piece","olm_key":"other/plastic","quantity":1,"picked_up":true}],"groups":["litter"],"has_litter":true,"has_pet_waste":false,"has_substances":false,"zone":"cottonwood_zone_E","zone_edge_m":53.2,"nbhd_edge_m":null}},{"type":"Feature","geometry":{"type":"Point","coordinates":[-122.55673217773,49.207664489746]},"properties":{"id":555903,"datetime":"2026-10-05T20:38:52.000000Z","filename":"https://olm-s3.s3.eu-west-1.amazonaws.com/2026/10/05/qNthbVZeMIDtRZh76ibuI6aaIevFn8y48NRYnp61.jpg","tags":[{"type":"standard","category":"other","item":"plastic","quantity":1}],"objects":[{"status":"OK","on_map":true,"group":"Piece","subgroup":"","layer":"Plastic Piece","full_name":"Piece \u2013 Plastic Piece","olm_key":"other/plastic","quantity":1,"picked_up":true}],"groups":["litter"],"has_litter":true,"has_pet_waste":false,"has_substances":false,"zone":"cottonwood_zone_E","zone_edge_m":53.2,"nbhd_edge_m":null}},{"type":"Feature","geometry":{"type":"Point","coordinates":[-122.55673217773,49.207664489746]},"properties":{"id":555902,"datetime":"2026-10-05T20:38:57.000000Z","filename":"https://olm-s3.s3.eu-west-1.amazonaws.com/2026/10/05/ya71KLK7cMH8Jgej0RX988CCoJHvrwU0E2y5nPvg.jpg","tags":[{"type":"standard","category":"other","item":"balloon","quantity":1}],"objects":[{"status":"OK","on_map":true,"group":"Household","subgroup":"","layer":"Party Litter","full_name":"Household \u2013 Party Litter","olm_key":"other/balloon","quantity":1,"picked_up":true}],"groups":["litter"],"has_litter":true,"has_pet_waste":false,"has_substances":false,"zone":"cottonwood_zone_E","zone_edge_m":53.2,"nbhd_edge_m":null}},{"type":"Feature","geometry":{"type":"Point","coordinates":[-122.55673217773,49.207664489746]},"properties":{"id":555901,"datetime":"2026-10-05T20:39:06.000000Z","filename":"https://olm-s3.s3.eu-west-1.amazonaws.com/2026/10/05/XF4OwReijWtYXLNCYoSsvuXzaFN1QTNBI2UedKXX.jpg","tags":[{"type":"standard","category":"smoking","item":"butts","quantity":1}],"objects":[{"status":"OK","on_map":true,"group":"Smoking","subgroup":"","layer":"Cigarette Butts","full_name":"Smoking \u2013 Cigarette Butts","olm_key":"smoking/butts","quantity":1,"picked_up":true}],"groups":["substances"],"has_litter":false,"has_pet_waste":false,"has_substances":true,"zone":"cottonwood_zone_E","zone_edge_m":53.2,"nbhd_edge_m":null}},{"type":"Feature","geometry":{"type":"Point","coordinates":[-122.55673217773,49.207664489746]},"properties":{"id":555900,"datetime":"2026-10-05T20:39:22.000000Z","filename":"https://olm-s3.s3.eu-west-1.amazonaws.com/2026/10/05/sRaVmZmnLtgeVSPdUA4zdbXtXrIx1KluCCnfz54W.jpg","tags":[{"type":"standard","category":"smoking","item":"butts","quantity":2}],"objects":[{"status":"OK","on_map":true,"group":"Smoking","subgroup":"","layer":"Cigarette Butts","full_name":"Smoking \u2013 Cigarette Butts","olm_key":"smoking/butts","quantity":2,"picked_up":true}],"groups":["substances"],"has_litter":false,"has_pet_waste":false,"has_substances":true,"zone":"cottonwood_zone_E","zone_edge_m":53.2,"nbhd_edge_m":null}},{"type":"Feature","geometry":{"type":"Point","coordinates":[-122.55673217773,49.207664489746]},"properties":{"id":555899,"datetime":"2026-10-05T20:39:26.000000Z","filename":"https://olm-s3.s3.eu-west-1.amazonaws.com/2026/10/05/ahgXZno0T3tZ6w3Ux3Ujy2vHLjj2dmrUVRX1pDha.jpg","tags":[{"type":"standard","category":"smoking","item":"butts","quantity":2}],"objects":[{"status":"OK","on_map":true,"group":"Smoking","subgroup":"","layer":"Cigarette Butts","full_name":"Smoking \u2013 Cigarette Butts","olm_key":"smoking/butts","quantity":2,"picked_up":true}],"groups":["substances"],"has_litter":false,"has_pet_waste":false,"has_substances":true,"zone":"cottonwood_zone_E","zone_edge_m":53.2,"nbhd_edge_m":null}},{"type":"Feature","geometry":{"type":"Point","coordinates":[-122.55673217773,49.207664489746]},"properties":{"id":555898,"datetime":"2026-10-05T20:39:38.000000Z","filename":"https://olm-s3.s3.eu-west-1.amazonaws.com/2026/10/05/OopbiIn0mzNoh2Ug9j6VIe1CQ6fe3ghT73CWYCUI.jpg","tags":[{"type":"standard","category":"softdrinks","item":"straw_wrapper","quantity":1}],"objects":[{"status":"OK","on_map":true,"group":"Convenient Food Drink","subgroup":"Drink","layer":"Drink Straw Wrapper","full_name":"Convenient Food Drink \u2013 Drink \u2013 Drink Straw Wrapper","olm_key":"softdrinks/straw_wrapper","quantity":1,"picked_up":true}],"groups":["litter"],"has_litter":true,"has_pet_waste":false,"has_substances":false,"zone":"cottonwood_zone_E","zone_edge_m":53.2,"nbhd_edge_m":null}},{"type":"Feature","geometry":{"type":"Point","coordinates":[-122.55673217773,49.207664489746]},"properties":{"id":555897,"datetime":"2026-10-05T20:39:44.000000Z","filename":"https://olm-s3.s3.eu-west-1.amazonaws.com/2026/10/05/sc3bdSFg3K7rbDIoClX773qEk0CDWynM9BF2bAX1.jpg","tags":[{"type":"standard","category":"smoking","item":"butts","quantity":1}],"objects":[{"status":"OK","on_map":true,"group":"Smoking","subgroup":"","layer":"Cigarette Butts","full_name":"Smoking \u2013 Cigarette Butts","olm_key":"smoking/butts","quantity":1,"picked_up":true}],"groups":["substances"],"has_litter":false,"has_pet_waste":false,"has_substances":true,"zone":"cottonwood_zone_E","zone_edge_m":53.2,"nbhd_edge_m":null}},{"type":"Feature","geometry":{"type":"Point","coordinates":[-122.55673217773,49.207664489746]},"properties":{"id":555896,"datetime":"2026-10-05T20:39:49.000000Z","filename":"https://olm-s3.s3.eu-west-1.amazonaws.com/2026/10/05/aPRKBCbCmdyGzbByf0uoUq5QLgB9UiCauSSJ8xL1.jpg","tags":[{"type":"standard","category":"smoking","item":"packaging","quantity":1},{"type":"custom_tag","category":"custom_tag","item":"THC","quantity":1,"parent_category":"smoking","parent_item":"packaging"}],"objects":[{"status":"OK","on_map":true,"group":"Smoking","subgroup":"","layer":"Cannabis Packaging","full_name":"Smoking \u2013 Cannabis Packaging","olm_key":"smoking/packaging","quantity":1,"picked_up":true}],"groups":["substances"],"has_litter":false,"has_pet_waste":false,"has_substances":true,"zone":"cottonwood_zone_E","zone_edge_m":53.2,"nbhd_edge_m":null}},{"type":"Feature","geometry":{"type":"Point","coordinates":[-122.55673217773,49.207664489746]},"properties":{"id":555895,"datetime":"2026-10-05T20:39:58.000000Z","filename":"https://olm-s3.s3.eu-west-1.amazonaws.com/2026/10/05/dybsJKiDn0CYafskjtSL4Jkevt3z1F2rUQCutX7b.jpg","tags":[{"type":"standard","category":"smoking","item":"butts","quantity":1}],"objects":[{"status":"OK","on_map":true,"group":"Smoking","subgroup":"","layer":"Cigarette Butts","full_name":"Smoking \u2013 Cigarette Butts","olm_key":"smoking/butts","quantity":1,"picked_up":true}],"groups":["substances"],"has_litter":false,"has_pet_waste":false,"has_substances":true,"zone":"cottonwood_zone_E","zone_edge_m":53.2,"nbhd_edge_m":null}},{"type":"Feature","geometry":{"type":"Point","coordinates":[-122.55673217773,49.207664489746]},"properties":{"id":555894,"datetime":"2026-10-05T20:40:05.000000Z","filename":"https://olm-s3.s3.eu-west-1.amazonaws.com/2026/10/05/r1dnmhZpQdBpryK3tcCgdAcqrtTVpYJdWh5cGgwV.jpg","tags":[{"type":"standard","category":"smoking","item":"butts","quantity":2}],"objects":[{"status":"OK","on_map":true,"group":"Smoking","subgroup":"","layer":"Cigarette Butts","full_name":"Smoking \u2013 Cigarette Butts","olm_key":"smoking/butts","quantity":2,"picked_up":true}],"groups":["substances"],"has_litter":false,"has_pet_waste":false,"has_substances":true,"zone":"cottonwood_zone_E","zone_edge_m":53.2,"nbhd_edge_m":null}},{"type":"Feature","geometry":{"type":"Point","coordinates":[-122.55673217773,49.207664489746]},"properties":{"id":555893,"datetime":"2026-10-05T20:40:10.000000Z","filename":"https://olm-s3.s3.eu-west-1.amazonaws.com/2026/10/05/63tSrKq2KjkH4CPLRrGXFlEmVPe8LZQp1mOZYcrN.jpg","tags":[{"type":"standard","category":"other","item":"plastic","quantity":1}],"objects":[{"status":"OK","on_map":true,"group":"Piece","subgroup":"","layer":"Plastic Piece","full_name":"Piece \u2013 Plastic Piece","olm_key":"other/plastic","quantity":1,"picked_up":true}],"groups":["litter"],"has_litter":true,"has_pet_waste":false,"has_substances":false,"zone":"cottonwood_zone_E","zone_edge_m":53.2,"nbhd_edge_m":null}},{"type":"Feature","geometry":{"type":"Point","coordinates":[-122.55673217773,49.207664489746]},"properties":{"id":555892,"datetime":"2026-10-05T20:40:13.000000Z","filename":"https://olm-s3.s3.eu-west-1.amazonaws.com/2026/10/05/OcNvRplRWWr6KIcCQVK8cCUkTsQlruvPoGs6F1WU.jpg","tags":[{"type":"standard","category":"smoking","item":"butts","quantity":1}],"objects":[{"status":"OK","on_map":true,"group":"Smoking","subgroup":"","layer":"Cigarette Butts","full_name":"Smoking \u2013 Cigarette Butts","olm_key":"smoking/butts","quantity":1,"picked_up":true}],"groups":["substances"],"has_litter":false,"has_pet_waste":false,"has_substances":true,"zone":"cottonwood_zone_E","zone_edge_m":53.2,"nbhd_edge_m":null}},{"type":"Feature","geometry":{"type":"Point","coordinates":[-122.55642700195,49.20768737793]},"properties":{"id":555891,"datetime":"2026-10-05T20:40:17.000000Z","filename":"https://olm-s3.s3.eu-west-1.amazonaws.com/2026/10/05/fkpLvObUxEl4budFj4bvH0aSLtmYXnvIYshIU1Ip.jpg","tags":[{"type":"standard","category":"smoking","item":"butts","quantity":2}],"objects":[{"status":"OK","on_map":true,"group":"Smoking","subgroup":"","layer":"Cigarette Butts","full_name":"Smoking \u2013 Cigarette Butts","olm_key":"smoking/butts","quantity":2,"picked_up":true}],"groups":["substances"],"has_litter":false,"has_pet_waste":false,"has_substances":true,"zone":"cottonwood_zone_E","zone_edge_m":31.1,"nbhd_edge_m":null}},{"type":"Feature","geometry":{"type":"Point","coordinates":[-122.55642700195,49.20768737793]},"properties":{"id":555890,"datetime":"2026-10-05T20:40:28.000000Z","filename":"https://olm-s3.s3.eu-west-1.amazonaws.com/2026/10/05/H6OnlgG1cdQTpGmWAAIGYog99RE8pjGAbBOCepAq.jpg","tags":[{"type":"standard","category":"food","item":"wrapper","quantity":1},{"type":"material","category":"material","item":"plastic","quantity":1,"parent_category":"food","parent_item":"wrapper"}],"objects":[{"status":"OK","on_map":true,"group":"Convenient Food Drink","subgroup":"Snack","layer":"Foil / Plastic Film Snack Wrapper","full_name":"Convenient Food Drink \u2013 Snack \u2013 Foil / Plastic Film Snack Wrapper","olm_key":"food/wrapper","quantity":1,"picked_up":true}],"groups":["litter"],"has_litter":true,"has_pet_waste":false,"has_substances":false,"zone":"cottonwood_zone_E","zone_edge_m":31.1,"nbhd_edge_m":null}},{"type":"Feature","geometry":{"type":"Point","coordinates":[-122.55642700195,49.20768737793]},"properties":{"id":555889,"datetime":"2026-10-05T20:40:35.000000Z","filename":"https://olm-s3.s3.eu-west-1.amazonaws.com/2026/10/05/OCh8AFmgevO6h8pvVLAO1QZ4NNMDnh8MVz3IOjDi.jpg","tags":[{"type":"standard","category":"food","item":"wrapper","quantity":1},{"type":"material","category":"material","item":"plastic","quantity":1,"parent_category":"food","parent_item":"wrapper"},{"type":"material","category":"material","item":"foil","quantity":1,"parent_category":"food","parent_item":"wrapper"}],"objects":[{"status":"OK","on_map":true,"group":"Convenient Food Drink","subgroup":"Snack","layer":"Foil / Plastic Film Snack Wrapper","full_name":"Convenient Food Drink \u2013 Snack \u2013 Foil / Plastic Film Snack Wrapper","olm_key":"food/wrapper","quantity":1,"picked_up":true}],"groups":["litter"],"has_litter":true,"has_pet_waste":false,"has_substances":false,"zone":"cottonwood_zone_E","zone_edge_m":31.1,"nbhd_edge_m":null}},{"type":"Feature","geometry":{"type":"Point","coordinates":[-122.55642700195,49.20768737793]},"properties":{"id":555888,"datetime":"2026-10-05T20:40:43.000000Z","filename":"https://olm-s3.s3.eu-west-1.amazonaws.com/2026/10/05/rwU1G87E9bLlE4VswxG8yQGliSC2hnarDNlRf6Og.jpg","tags":[{"type":"standard","category":"other","item":"paper","quantity":1},{"type":"material","category":"material","item":"paper","quantity":1,"parent_category":"other","parent_item":"paper"},{"type":"custom_tag","category":"custom_tag","item":"flyer","quantity":1,"parent_category":"other","parent_item":"paper"}],"objects":[{"status":"OK","on_map":true,"group":"Piece","subgroup":"","layer":"Paper Piece","full_name":"Piece \u2013 Paper Piece","olm_key":"other/paper","quantity":1,"picked_up":true}],"groups":["litter"],"has_litter":true,"has_pet_waste":false,"has_substances":false,"zone":"cottonwood_zone_E","zone_edge_m":31.1,"nbhd_edge_m":null}},{"type":"Feature","geometry":{"type":"Point","coordinates":[-122.55642700195,49.20768737793]},"properties":{"id":555887,"datetime":"2026-10-05T20:40:51.000000Z","filename":"https://olm-s3.s3.eu-west-1.amazonaws.com/2026/10/05/8Z4BMDow19v614dACXeBbdM6llfH3O5JJGx194iE.jpg","tags":[{"type":"standard","category":"smoking","item":"butts","quantity":1}],"objects":[{"status":"OK","on_map":true,"group":"Smoking","subgroup":"","layer":"Cigarette Butts","full_name":"Smoking \u2013 Cigarette Butts","olm_key":"smoking/butts","quantity":1,"picked_up":true}],"groups":["substances"],"has_litter":false,"has_pet_waste":false,"has_substances":true,"zone":"cottonwood_zone_E","zone_edge_m":31.1,"nbhd_edge_m":null}},{"type":"Feature","geometry":{"type":"Point","coordinates":[-122.55642700195,49.20768737793]},"properties":{"id":555886,"datetime":"2026-10-05T20:41:01.000000Z","filename":"https://olm-s3.s3.eu-west-1.amazonaws.com/2026/10/05/562Wr4ZcDvI5lwYQZ4djTPXO0dNp1uNjKEdNkS6C.jpg","tags":[{"type":"standard","category":"smoking","item":"butts","quantity":1}],"objects":[{"status":"OK","on_map":true,"group":"Smoking","subgroup":"","layer":"Cigarette Butts","full_name":"Smoking \u2013 Cigarette Butts","olm_key":"smoking/butts","quantity":1,"picked_up":true}],"groups":["substances"],"has_litter":false,"has_pet_waste":false,"has_substances":true,"zone":"cottonwood_zone_E","zone_edge_m":31.1,"nbhd_edge_m":null}},{"type":"Feature","geometry":{"type":"Point","coordinates":[-122.55642700195,49.20768737793]},"properties":{"id":555885,"datetime":"2026-10-05T20:41:08.000000Z","filename":"https://olm-s3.s3.eu-west-1.amazonaws.com/2026/10/05/89iL0krkvnvnEBIavSfx6h75y1tLOvz5h6yYbLYi.jpg","tags":[{"type":"standard","category":"smoking","item":"butts","quantity":1}],"objects":[{"status":"OK","on_map":true,"group":"Smoking","subgroup":"","layer":"Cigarette Butts","full_name":"Smoking \u2013 Cigarette Butts","olm_key":"smoking/butts","quantity":1,"picked_up":true}],"groups":["substances"],"has_litter":false,"has_pet_waste":false,"has_substances":true,"zone":"cottonwood_zone_E","zone_edge_m":31.1,"nbhd_edge_m":null}},{"type":"Feature","geometry":{"type":"Point","coordinates":[-122.55642700195,49.20768737793]},"properties":{"id":555884,"datetime":"2026-10-05T20:41:12.000000Z","filename":"https://olm-s3.s3.eu-west-1.amazonaws.com/2026/10/05/8n67zTSVX0oC4O8IUUmljvJEbVTyzxcPHiMX0Fzs.jpg","tags":[{"type":"standard","category":"softdrinks","item":"straw_wrapper","quantity":1}],"objects":[{"status":"OK","on_map":true,"group":"Convenient Food Drink","subgroup":"Drink","layer":"Drink Straw Wrapper","full_name":"Convenient Food Drink \u2013 Drink \u2013 Drink Straw Wrapper","olm_key":"softdrinks/straw_wrapper","quantity":1,"picked_up":true}],"groups":["litter"],"has_litter":true,"has_pet_waste":false,"has_substances":false,"zone":"cottonwood_zone_E","zone_edge_m":31.1,"nbhd_edge_m":null}},{"type":"Feature","geometry":{"type":"Point","coordinates":[-122.55642700195,49.20768737793]},"properties":{"id":555883,"datetime":"2026-10-05T20:41:15.000000Z","filename":"https://olm-s3.s3.eu-west-1.amazonaws.com/2026/10/05/asQTgePI3tEhwy5ahqwmSD636cIeulX9yhDBG1y7.jpg","tags":[{"type":"standard","category":"other","item":"plastic","quantity":1}],"objects":[{"status":"OK","on_map":true,"group":"Piece","subgroup":"","layer":"Plastic Piece","full_name":"Piece \u2013 Plastic Piece","olm_key":"other/plastic","quantity":1,"picked_up":true}],"groups":["litter"],"has_litter":true,"has_pet_waste":false,"has_substances":false,"zone":"cottonwood_zone_E","zone_edge_m":31.1,"nbhd_edge_m":null}},{"type":"Feature","geometry":{"type":"Point","coordinates":[-122.55642700195,49.20768737793]},"properties":{"id":555882,"datetime":"2026-10-05T20:41:21.000000Z","filename":"https://olm-s3.s3.eu-west-1.amazonaws.com/2026/10/05/keWmuUWsRXB64saXl3QgqTi9IvuWIMsWRK3XPruW.jpg","tags":[{"type":"standard","category":"food","item":"wrapper","quantity":1},{"type":"material","category":"material","item":"plastic","quantity":1,"parent_category":"food","parent_item":"wrapper"}],"objects":[{"status":"OK","on_map":true,"group":"Convenient Food Drink","subgroup":"Snack","layer":"Foil / Plastic Film Snack Wrapper","full_name":"Convenient Food Drink \u2013 Snack \u2013 Foil / Plastic Film Snack Wrapper","olm_key":"food/wrapper","quantity":1,"picked_up":true}],"groups":["litter"],"has_litter":true,"has_pet_waste":false,"has_substances":false,"zone":"cottonwood_zone_E","zone_edge_m":31.1,"nbhd_edge_m":null}},{"type":"Feature","geometry":{"type":"Point","coordinates":[-122.55642700195,49.20768737793]},"properties":{"id":555881,"datetime":"2026-10-05T20:41:31.000000Z","filename":"https://olm-s3.s3.eu-west-1.amazonaws.com/2026/10/05/3TPvzVG2y9Kmtn9twgEIZPgVQtmmTupR7ILvj3Dl.jpg","tags":[{"type":"standard","category":"other","item":"paper","quantity":1},{"type":"material","category":"material","item":"paper","quantity":1,"parent_category":"other","parent_item":"paper"}],"objects":[{"status":"OK","on_map":true,"group":"Piece","subgroup":"","layer":"Paper Piece","full_name":"Piece \u2013 Paper Piece","olm_key":"other/paper","quantity":1,"picked_up":true}],"groups":["litter"],"has_litter":true,"has_pet_waste":false,"has_substances":false,"zone":"cottonwood_zone_E","zone_edge_m":31.1,"nbhd_edge_m":null}},{"type":"Feature","geometry":{"type":"Point","coordinates":[-122.55642700195,49.20768737793]},"properties":{"id":555880,"datetime":"2026-10-05T20:41:35.000000Z","filename":"https://olm-s3.s3.eu-west-1.amazonaws.com/2026/10/05/q70RFR4MPZs9O66v2chNdiKNFLP1zRX8sqZUds8A.jpg","tags":[{"type":"standard","category":"other","item":"clothing","quantity":1}],"objects":[{"status":"OK","on_map":true,"group":"Household","subgroup":"","layer":"Abandoned Textile Apparel","full_name":"Household \u2013 Abandoned Textile Apparel","olm_key":"other/clothing","quantity":1,"picked_up":true}],"groups":["litter"],"has_litter":true,"has_pet_waste":false,"has_substances":false,"zone":"cottonwood_zone_E","zone_edge_m":31.1,"nbhd_edge_m":null}},{"type":"Feature","geometry":{"type":"Point","coordinates":[-122.55642700195,49.20768737793]},"properties":{"id":555879,"datetime":"2026-10-05T20:41:43.000000Z","filename":"https://olm-s3.s3.eu-west-1.amazonaws.com/2026/10/05/Mjw0q8pdTojPlCbfLhm6s9aCTt0p4Y4KXyeY9jNd.jpg","tags":[{"type":"standard","category":"softdrinks","item":"cup","quantity":1}],"objects":[{"status":"OK","on_map":true,"group":"Convenient Food Drink","subgroup":"Drink","layer":"Cold Beverage Cup","full_name":"Convenient Food Drink \u2013 Drink \u2013 Cold Beverage Cup","olm_key":"softdrinks/cup","quantity":1,"picked_up":true}],"groups":["litter"],"has_litter":true,"has_pet_waste":false,"has_substances":false,"zone":"cottonwood_zone_E","zone_edge_m":31.1,"nbhd_edge_m":null}},{"type":"Feature","geometry":{"type":"Point","coordinates":[-122.55642700195,49.20768737793]},"properties":{"id":555878,"datetime":"2026-10-05T20:41:56.000000Z","filename":"https://olm-s3.s3.eu-west-1.amazonaws.com/2026/10/05/x66akdudZAEUIPa2ryx0LjVrjXl7Ss2uVJ0q9wXJ.jpg","tags":[{"type":"standard","category":"industrial","item":"other","quantity":1}],"objects":[{"status":"OK","on_map":true,"group":"Industrial","subgroup":"","layer":"Industrial Debris","full_name":"Industrial \u2013 Industrial Debris","olm_key":"industrial/other","quantity":1,"picked_up":true}],"groups":["litter"],"has_litter":true,"has_pet_waste":false,"has_substances":false,"zone":"cottonwood_zone_E","zone_edge_m":31.1,"nbhd_edge_m":null}},{"type":"Feature","geometry":{"type":"Point","coordinates":[-122.55642700195,49.20768737793]},"properties":{"id":555877,"datetime":"2026-10-05T20:42:05.000000Z","filename":"https://olm-s3.s3.eu-west-1.amazonaws.com/2026/10/05/F56c285jquPhaM1fBsVKXYyCSadknqRLOMDc0mbt.jpg","tags":[{"type":"standard","category":"softdrinks","item":"straw","quantity":1}],"objects":[{"status":"OK","on_map":true,"group":"Convenient Food Drink","subgroup":"Drink","layer":"Paper Drink Straws","full_name":"Convenient Food Drink \u2013 Drink \u2013 Paper Drink Straws","olm_key":"softdrinks/straw","quantity":1,"picked_up":true}],"groups":["litter"],"has_litter":true,"has_pet_waste":false,"has_substances":false,"zone":"cottonwood_zone_E","zone_edge_m":31.1,"nbhd_edge_m":null}},{"type":"Feature","geometry":{"type":"Point","coordinates":[-122.55642700195,49.20768737793]},"properties":{"id":555876,"datetime":"2026-10-05T20:42:10.000000Z","filename":"https://olm-s3.s3.eu-west-1.amazonaws.com/2026/10/05/0e5ZHhlNWeolg5SNCq6DhKlpKNXgshpzpGw69Eq7.jpg","tags":[{"type":"standard","category":"other","item":"paper","quantity":1},{"type":"material","category":"material","item":"paper","quantity":1,"parent_category":"other","parent_item":"paper"}],"objects":[{"status":"OK","on_map":true,"group":"Piece","subgroup":"","layer":"Paper Piece","full_name":"Piece \u2013 Paper Piece","olm_key":"other/paper","quantity":1,"picked_up":true}],"groups":["litter"],"has_litter":true,"has_pet_waste":false,"has_substances":false,"zone":"cottonwood_zone_E","zone_edge_m":31.1,"nbhd_edge_m":null}},{"type":"Feature","geometry":{"type":"Point","coordinates":[-122.55642700195,49.20768737793]},"properties":{"id":555875,"datetime":"2026-10-05T20:42:13.000000Z","filename":"https://olm-s3.s3.eu-west-1.amazonaws.com/2026/10/05/qMcCxj6y6AAC0TOfiXNSycIGSbT3JQEkYr1mJv2d.jpg","tags":[{"type":"standard","category":"softdrinks","item":"straw_wrapper","quantity":1}],"objects":[{"status":"OK","on_map":true,"group":"Convenient Food Drink","subgroup":"Drink","layer":"Drink Straw Wrapper","full_name":"Convenient Food Drink \u2013 Drink \u2013 Drink Straw Wrapper","olm_key":"softdrinks/straw_wrapper","quantity":1,"picked_up":true}],"groups":["litter"],"has_litter":true,"has_pet_waste":false,"has_substances":false,"zone":"cottonwood_zone_E","zone_edge_m":31.1,"nbhd_edge_m":null}},{"type":"Feature","geometry":{"type":"Point","coordinates":[-122.55696868896,49.208095550537]},"properties":{"id":555874,"datetime":"2026-10-05T20:42:19.000000Z","filename":"https://olm-s3.s3.eu-west-1.amazonaws.com/2026/10/05/kDeON6rV1jHK28180ID7u4c7iwcvzf0EzGxACqYl.jpg","tags":[{"type":"standard","category":"other","item":"plastic","quantity":1}],"objects":[{"status":"OK","on_map":true,"group":"Piece","subgroup":"","layer":"Plastic Piece","full_name":"Piece \u2013 Plastic Piece","olm_key":"other/plastic","quantity":1,"picked_up":true}],"groups":["litter"],"has_litter":true,"has_pet_waste":false,"has_substances":false,"zone":"cottonwood_zone_E","zone_edge_m":19.4,"nbhd_edge_m":null}},{"type":"Feature","geometry":{"type":"Point","coordinates":[-122.55696868896,49.208095550537]},"properties":{"id":555873,"datetime":"2026-10-05T20:43:02.000000Z","filename":"https://olm-s3.s3.eu-west-1.amazonaws.com/2026/10/05/C6iXfUQlgshSDp3RppUSVqolVOTOK6AGnNFsv9Mo.jpg","tags":[{"type":"standard","category":"other","item":"plastic","quantity":1}],"objects":[{"status":"OK","on_map":true,"group":"Piece","subgroup":"","layer":"Plastic Piece","full_name":"Piece \u2013 Plastic Piece","olm_key":"other/plastic","quantity":1,"picked_up":true}],"groups":["litter"],"has_litter":true,"has_pet_waste":false,"has_substances":false,"zone":"cottonwood_zone_E","zone_edge_m":19.4,"nbhd_edge_m":null}},{"type":"Feature","geometry":{"type":"Point","coordinates":[-122.55696868896,49.208095550537]},"properties":{"id":555872,"datetime":"2026-10-05T20:43:24.000000Z","filename":"https://olm-s3.s3.eu-west-1.amazonaws.com/2026/10/05/KzG8Ma3fPeeLu2cDtEiyjg2ajbkyFoeyIKHKeP5w.jpg","tags":[{"type":"standard","category":"smoking","item":"butts","quantity":1}],"objects":[{"status":"OK","on_map":true,"group":"Smoking","subgroup":"","layer":"Cigarette Butts","full_name":"Smoking \u2013 Cigarette Butts","olm_key":"smoking/butts","quantity":1,"picked_up":true}],"groups":["substances"],"has_litter":false,"has_pet_waste":false,"has_substances":true,"zone":"cottonwood_zone_E","zone_edge_m":19.4,"nbhd_edge_m":null}},{"type":"Feature","geometry":{"type":"Point","coordinates":[-122.55696868896,49.208095550537]},"properties":{"id":555871,"datetime":"2026-10-05T20:43:30.000000Z","filename":"https://olm-s3.s3.eu-west-1.amazonaws.com/2026/10/05/WRSLmK4o0xxwR4P4vSUQQHDdjdIWzfN4oYl79LGH.jpg","tags":[{"type":"standard","category":"food","item":"wrapper","quantity":1},{"type":"material","category":"material","item":"plastic","quantity":1,"parent_category":"food","parent_item":"wrapper"},{"type":"material","category":"material","item":"foil","quantity":1,"parent_category":"food","parent_item":"wrapper"}],"objects":[{"status":"OK","on_map":true,"group":"Convenient Food Drink","subgroup":"Snack","layer":"Foil / Plastic Film Snack Wrapper","full_name":"Convenient Food Drink \u2013 Snack \u2013 Foil / Plastic Film Snack Wrapper","olm_key":"food/wrapper","quantity":1,"picked_up":true}],"groups":["litter"],"has_litter":true,"has_pet_waste":false,"has_substances":false,"zone":"cottonwood_zone_E","zone_edge_m":19.4,"nbhd_edge_m":null}},{"type":"Feature","geometry":{"type":"Point","coordinates":[-122.55656433105,49.208877563477]},"properties":{"id":555870,"datetime":"2026-10-05T20:44:05.000000Z","filename":"https://olm-s3.s3.eu-west-1.amazonaws.com/2026/10/05/ce984tjrs1SC6NMf0Z3sWOUGeqdm6KvaZsSEBN8m.jpg","tags":[{"type":"standard","category":"smoking","item":"butts","quantity":1}],"objects":[{"status":"OK","on_map":true,"group":"Smoking","subgroup":"","layer":"Cigarette Butts","full_name":"Smoking \u2013 Cigarette Butts","olm_key":"smoking/butts","quantity":1,"picked_up":true}],"groups":["substances"],"has_litter":false,"has_pet_waste":false,"has_substances":true,"zone":"cottonwood_zone_D","zone_edge_m":41.0,"nbhd_edge_m":null}},{"type":"Feature","geometry":{"type":"Point","coordinates":[-122.55656433105,49.208877563477]},"properties":{"id":555869,"datetime":"2026-10-05T20:44:17.000000Z","filename":"https://olm-s3.s3.eu-west-1.amazonaws.com/2026/10/05/fpLMw0VZvhAIzD0gaODcyzgzXnCJ70oAipcOywkz.jpg","tags":[{"type":"standard","category":"other","item":"paper","quantity":1},{"type":"material","category":"material","item":"paper","quantity":1,"parent_category":"other","parent_item":"paper"}],"objects":[{"status":"OK","on_map":true,"group":"Piece","subgroup":"","layer":"Paper Piece","full_name":"Piece \u2013 Paper Piece","olm_key":"other/paper","quantity":1,"picked_up":true}],"groups":["litter"],"has_litter":true,"has_pet_waste":false,"has_substances":false,"zone":"cottonwood_zone_D","zone_edge_m":41.0,"nbhd_edge_m":null}},{"type":"Feature","geometry":{"type":"Point","coordinates":[-122.55656433105,49.208877563477]},"properties":{"id":555868,"datetime":"2026-10-05T20:44:31.000000Z","filename":"https://olm-s3.s3.eu-west-1.amazonaws.com/2026/10/05/M5SFSvBlD1xJTyagkAMhDNisP8stkXQHlO7qh8Qf.jpg","tags":[{"type":"standard","category":"other","item":"plastic","quantity":1}],"objects":[{"status":"OK","on_map":true,"group":"Piece","subgroup":"","layer":"Plastic Piece","full_name":"Piece \u2013 Plastic Piece","olm_key":"other/plastic","quantity":1,"picked_up":true}],"groups":["litter"],"has_litter":true,"has_pet_waste":false,"has_substances":false,"zone":"cottonwood_zone_D","zone_edge_m":41.0,"nbhd_edge_m":null}},{"type":"Feature","geometry":{"type":"Point","coordinates":[-122.55656433105,49.208877563477]},"properties":{"id":555867,"datetime":"2026-10-05T20:44:48.000000Z","filename":"https://olm-s3.s3.eu-west-1.amazonaws.com/2026/10/05/W7jbKmLwJ2zwmcmPY6H7JQ3V1PDnzhNXWi3Sg2vc.jpg","tags":[{"type":"standard","category":"other","item":"paper","quantity":1},{"type":"material","category":"material","item":"paper","quantity":1,"parent_category":"other","parent_item":"paper"},{"type":"custom_tag","category":"custom_tag","item":"flyer","quantity":1,"parent_category":"other","parent_item":"paper"},{"type":"standard","category":"other","item":"plastic","quantity":1}],"objects":[{"status":"OK","on_map":true,"group":"Piece","subgroup":"","layer":"Paper Piece","full_name":"Piece \u2013 Paper Piece","olm_key":"other/paper","quantity":1,"picked_up":true},{"status":"OK","on_map":true,"group":"Piece","subgroup":"","layer":"Plastic Piece","full_name":"Piece \u2013 Plastic Piece","olm_key":"other/plastic","quantity":1,"picked_up":true}],"groups":["litter"],"has_litter":true,"has_pet_waste":false,"has_substances":false,"zone":"cottonwood_zone_D","zone_edge_m":41.0,"nbhd_edge_m":null}},{"type":"Feature","geometry":{"type":"Point","coordinates":[-122.55656433105,49.208877563477]},"properties":{"id":555866,"datetime":"2026-10-05T20:44:52.000000Z","filename":"https://olm-s3.s3.eu-west-1.amazonaws.com/2026/10/05/xEa8UIuP5NsHsiqAdgUyOstbA6AB96u3lC2nGfPi.jpg","tags":[{"type":"standard","category":"smoking","item":"butts","quantity":4}],"objects":[{"status":"OK","on_map":true,"group":"Smoking","subgroup":"","layer":"Cigarette Butts","full_name":"Smoking \u2013 Cigarette Butts","olm_key":"smoking/butts","quantity":4,"picked_up":true}],"groups":["substances"],"has_litter":false,"has_pet_waste":false,"has_substances":true,"zone":"cottonwood_zone_D","zone_edge_m":41.0,"nbhd_edge_m":null}},{"type":"Feature","geometry":{"type":"Point","coordinates":[-122.55656433105,49.208877563477]},"properties":{"id":555865,"datetime":"2026-10-05T20:45:03.000000Z","filename":"https://olm-s3.s3.eu-west-1.amazonaws.com/2026/10/05/VWF9lqW4hCjdx2YkFWW9IYk4SonOwowgBEDfAWty.jpg","tags":[{"type":"standard","category":"smoking","item":"butts","quantity":1}],"objects":[{"status":"OK","on_map":true,"group":"Smoking","subgroup":"","layer":"Cigarette Butts","full_name":"Smoking \u2013 Cigarette Butts","olm_key":"smoking/butts","quantity":1,"picked_up":true}],"groups":["substances"],"has_litter":false,"has_pet_waste":false,"has_substances":true,"zone":"cottonwood_zone_D","zone_edge_m":41.0,"nbhd_edge_m":null}},{"type":"Feature","geometry":{"type":"Point","coordinates":[-122.55656433105,49.208877563477]},"properties":{"id":555864,"datetime":"2026-10-05T20:45:16.000000Z","filename":"https://olm-s3.s3.eu-west-1.amazonaws.com/2026/10/05/PlIU3Qut9Zr9NhX4HdVt6zI5xk7t3h90Wk2YCKfN.jpg","tags":[{"type":"standard","category":"softdrinks","item":"straw_wrapper","quantity":1}],"objects":[{"status":"OK","on_map":true,"group":"Convenient Food Drink","subgroup":"Drink","layer":"Drink Straw Wrapper","full_name":"Convenient Food Drink \u2013 Drink \u2013 Drink Straw Wrapper","olm_key":"softdrinks/straw_wrapper","quantity":1,"picked_up":true}],"groups":["litter"],"has_litter":true,"has_pet_waste":false,"has_substances":false,"zone":"cottonwood_zone_D","zone_edge_m":41.0,"nbhd_edge_m":null}},{"type":"Feature","geometry":{"type":"Point","coordinates":[-122.55656433105,49.208877563477]},"properties":{"id":555863,"datetime":"2026-10-05T20:45:24.000000Z","filename":"https://olm-s3.s3.eu-west-1.amazonaws.com/2026/10/05/MdiHl0BlTOU3IlyBY98qCCmYZUwPfsoUEoLutU7A.jpg","tags":[{"type":"standard","category":"food","item":"wrapper","quantity":1},{"type":"material","category":"material","item":"plastic","quantity":1,"parent_category":"food","parent_item":"wrapper"}],"objects":[{"status":"OK","on_map":true,"group":"Convenient Food Drink","subgroup":"Snack","layer":"Foil / Plastic Film Snack Wrapper","full_name":"Convenient Food Drink \u2013 Snack \u2013 Foil / Plastic Film Snack Wrapper","olm_key":"food/wrapper","quantity":1,"picked_up":true}],"groups":["litter"],"has_litter":true,"has_pet_waste":false,"has_substances":false,"zone":"cottonwood_zone_D","zone_edge_m":41.0,"nbhd_edge_m":null}},{"type":"Feature","geometry":{"type":"Point","coordinates":[-122.55656433105,49.208877563477]},"properties":{"id":555862,"datetime":"2026-10-05T20:45:27.000000Z","filename":"https://olm-s3.s3.eu-west-1.amazonaws.com/2026/10/05/Gl1eMn9jiymazRPEELHM2Vek11dOJ4pDSIqLlghi.jpg","tags":[{"type":"standard","category":"smoking","item":"butts","quantity":1}],"objects":[{"status":"OK","on_map":true,"group":"Smoking","subgroup":"","layer":"Cigarette Butts","full_name":"Smoking \u2013 Cigarette Butts","olm_key":"smoking/butts","quantity":1,"picked_up":true}],"groups":["substances"],"has_litter":false,"has_pet_waste":false,"has_substances":true,"zone":"cottonwood_zone_D","zone_edge_m":41.0,"nbhd_edge_m":null}},{"type":"Feature","geometry":{"type":"Point","coordinates":[-122.55656433105,49.208877563477]},"properties":{"id":555861,"datetime":"2026-10-05T20:45:55.000000Z","filename":"https://olm-s3.s3.eu-west-1.amazonaws.com/2026/10/05/Ifdvb3KkvGPg4Z1ksa2qgBTxyAv9Kf3kgKFEb2Od.jpg","tags":[{"type":"standard","category":"other","item":"paper","quantity":1},{"type":"material","category":"material","item":"paper","quantity":1,"parent_category":"other","parent_item":"paper"}],"objects":[{"status":"OK","on_map":true,"group":"Piece","subgroup":"","layer":"Paper Piece","full_name":"Piece \u2013 Paper Piece","olm_key":"other/paper","quantity":1,"picked_up":true}],"groups":["litter"],"has_litter":true,"has_pet_waste":false,"has_substances":false,"zone":"cottonwood_zone_D","zone_edge_m":41.0,"nbhd_edge_m":null}},{"type":"Feature","geometry":{"type":"Point","coordinates":[-122.55656433105,49.208877563477]},"properties":{"id":555860,"datetime":"2026-10-05T20:46:01.000000Z","filename":"https://olm-s3.s3.eu-west-1.amazonaws.com/2026/10/05/LGOGuj7aRj7N1uudfnbFfFkpLaYskxZ37qbsNrBs.jpg","tags":[{"type":"standard","category":"other","item":"paper","quantity":1},{"type":"material","category":"material","item":"paper","quantity":1,"parent_category":"other","parent_item":"paper"}],"objects":[{"status":"OK","on_map":true,"group":"Piece","subgroup":"","layer":"Paper Piece","full_name":"Piece \u2013 Paper Piece","olm_key":"other/paper","quantity":1,"picked_up":true}],"groups":["litter"],"has_litter":true,"has_pet_waste":false,"has_substances":false,"zone":"cottonwood_zone_D","zone_edge_m":41.0,"nbhd_edge_m":null}},{"type":"Feature","geometry":{"type":"Point","coordinates":[-122.55680084229,49.209720611572]},"properties":{"id":555859,"datetime":"2026-10-05T20:46:24.000000Z","filename":"https://olm-s3.s3.eu-west-1.amazonaws.com/2026/10/05/VWwHJ6QGVA88qy2ZRpbF5fE8L3C0KX3azcy843J0.jpg","tags":[{"type":"standard","category":"smoking","item":"butts","quantity":1}],"objects":[{"status":"OK","on_map":true,"group":"Smoking","subgroup":"","layer":"Cigarette Butts","full_name":"Smoking \u2013 Cigarette Butts","olm_key":"smoking/butts","quantity":1,"picked_up":true}],"groups":["substances"],"has_litter":false,"has_pet_waste":false,"has_substances":true,"zone":"cottonwood_zone_D","zone_edge_m":6.6,"nbhd_edge_m":null}},{"type":"Feature","geometry":{"type":"Point","coordinates":[-122.55680084229,49.209720611572]},"properties":{"id":555858,"datetime":"2026-10-05T20:46:27.000000Z","filename":"https://olm-s3.s3.eu-west-1.amazonaws.com/2026/10/05/BmiVFSSTgnfRHXsKofbFZoIKXoZMNfqbHOHSN4CI.jpg","tags":[{"type":"standard","category":"smoking","item":"butts","quantity":1}],"objects":[{"status":"OK","on_map":true,"group":"Smoking","subgroup":"","layer":"Cigarette Butts","full_name":"Smoking \u2013 Cigarette Butts","olm_key":"smoking/butts","quantity":1,"picked_up":true}],"groups":["substances"],"has_litter":false,"has_pet_waste":false,"has_substances":true,"zone":"cottonwood_zone_D","zone_edge_m":6.6,"nbhd_edge_m":null}},{"type":"Feature","geometry":{"type":"Point","coordinates":[-122.55680084229,49.209720611572]},"properties":{"id":555857,"datetime":"2026-10-05T20:46:30.000000Z","filename":"https://olm-s3.s3.eu-west-1.amazonaws.com/2026/10/05/R3MQUArMjWjFo0Orkho8lYXBEDaDAu9PUe96SpGG.jpg","tags":[{"type":"standard","category":"smoking","item":"butts","quantity":1}],"objects":[{"status":"OK","on_map":true,"group":"Smoking","subgroup":"","layer":"Cigarette Butts","full_name":"Smoking \u2013 Cigarette Butts","olm_key":"smoking/butts","quantity":1,"picked_up":true}],"groups":["substances"],"has_litter":false,"has_pet_waste":false,"has_substances":true,"zone":"cottonwood_zone_D","zone_edge_m":6.6,"nbhd_edge_m":null}},{"type":"Feature","geometry":{"type":"Point","coordinates":[-122.55680084229,49.209720611572]},"properties":{"id":555856,"datetime":"2026-10-05T20:46:43.000000Z","filename":"https://olm-s3.s3.eu-west-1.amazonaws.com/2026/10/05/XTRBZDW8j1s7siEZJTnXDECd4TsMAOQyOhKyY0sD.jpg","tags":[{"type":"standard","category":"vehicles","item":"car_part","quantity":1}],"objects":[{"status":"OK","on_map":true,"group":"Piece","subgroup":"","layer":"Motor Vehicle Part Piece","full_name":"Piece \u2013 Motor Vehicle Part Piece","olm_key":"vehicles/car_part","quantity":1,"picked_up":true}],"groups":["litter"],"has_litter":true,"has_pet_waste":false,"has_substances":false,"zone":"cottonwood_zone_D","zone_edge_m":6.6,"nbhd_edge_m":null}},{"type":"Feature","geometry":{"type":"Point","coordinates":[-122.55680084229,49.209720611572]},"properties":{"id":555855,"datetime":"2026-10-05T20:46:52.000000Z","filename":"https://olm-s3.s3.eu-west-1.amazonaws.com/2026/10/05/A8MVSLKR7y01UCYgIok24xY5GVqJjW8O2TIKmOoD.jpg","tags":[{"type":"standard","category":"vehicles","item":"car_part","quantity":1}],"objects":[{"status":"OK","on_map":true,"group":"Piece","subgroup":"","layer":"Motor Vehicle Part Piece","full_name":"Piece \u2013 Motor Vehicle Part Piece","olm_key":"vehicles/car_part","quantity":1,"picked_up":true}],"groups":["litter"],"has_litter":true,"has_pet_waste":false,"has_substances":false,"zone":"cottonwood_zone_D","zone_edge_m":6.6,"nbhd_edge_m":null}},{"type":"Feature","geometry":{"type":"Point","coordinates":[-122.55680084229,49.209720611572]},"properties":{"id":555854,"datetime":"2026-10-05T20:46:59.000000Z","filename":"https://olm-s3.s3.eu-west-1.amazonaws.com/2026/10/05/BB5VI6AJRxro7xi1ryLwI2nhGzu5ePLlVfndA7Hy.jpg","tags":[{"type":"standard","category":"coffee","item":"cup","quantity":1},{"type":"brand","category":"brand","item":"tim_hortons","quantity":1,"parent_category":"coffee","parent_item":"cup"},{"type":"standard","category":"smoking","item":"butts","quantity":1}],"objects":[{"status":"OK","on_map":true,"group":"Convenient Food Drink","subgroup":"Drink","layer":"Poly-lined Hot Beverage Cup","full_name":"Convenient Food Drink \u2013 Drink \u2013 Poly-lined Hot Beverage Cup","olm_key":"coffee/cup","quantity":1,"picked_up":true},{"status":"OK","on_map":true,"group":"Smoking","subgroup":"","layer":"Cigarette Butts","full_name":"Smoking \u2013 Cigarette Butts","olm_key":"smoking/butts","quantity":1,"picked_up":true}],"groups":["litter","substances"],"has_litter":true,"has_pet_waste":false,"has_substances":true,"zone":"cottonwood_zone_D","zone_edge_m":6.6,"nbhd_edge_m":null}},{"type":"Feature","geometry":{"type":"Point","coordinates":[-122.55680084229,49.209720611572]},"properties":{"id":555853,"datetime":"2026-10-05T20:47:15.000000Z","filename":"https://olm-s3.s3.eu-west-1.amazonaws.com/2026/10/05/lV0GCYhZNhiQAp8HNPSV4zZPk9SwTqAv4ii2mXNf.jpg","tags":[{"type":"standard","category":"vehicles","item":"car_part","quantity":3}],"objects":[{"status":"OK","on_map":true,"group":"Piece","subgroup":"","layer":"Motor Vehicle Part Piece","full_name":"Piece \u2013 Motor Vehicle Part Piece","olm_key":"vehicles/car_part","quantity":3,"picked_up":true}],"groups":["litter"],"has_litter":true,"has_pet_waste":false,"has_substances":false,"zone":"cottonwood_zone_D","zone_edge_m":6.6,"nbhd_edge_m":null}},{"type":"Feature","geometry":{"type":"Point","coordinates":[-122.55680084229,49.209720611572]},"properties":{"id":555852,"datetime":"2026-10-05T20:47:21.000000Z","filename":"https://olm-s3.s3.eu-west-1.amazonaws.com/2026/10/05/tciFjQgwJgoVaPiwLmaW8aqLYDquI4q7LzJ633ly.jpg","tags":[{"type":"standard","category":"vehicles","item":"car_part","quantity":2}],"objects":[{"status":"OK","on_map":true,"group":"Piece","subgroup":"","layer":"Motor Vehicle Part Piece","full_name":"Piece \u2013 Motor Vehicle Part Piece","olm_key":"vehicles/car_part","quantity":2,"picked_up":true}],"groups":["litter"],"has_litter":true,"has_pet_waste":false,"has_substances":false,"zone":"cottonwood_zone_D","zone_edge_m":6.6,"nbhd_edge_m":null}},{"type":"Feature","geometry":{"type":"Point","coordinates":[-122.55680084229,49.209720611572]},"properties":{"id":555851,"datetime":"2026-10-05T20:47:29.000000Z","filename":"https://olm-s3.s3.eu-west-1.amazonaws.com/2026/10/05/BBfPYBtqHqryrDSgoeLrFQ9DCrH5rupztkhA4uE1.jpg","tags":[{"type":"standard","category":"smoking","item":"butts","quantity":1}],"objects":[{"status":"OK","on_map":true,"group":"Smoking","subgroup":"","layer":"Cigarette Butts","full_name":"Smoking \u2013 Cigarette Butts","olm_key":"smoking/butts","quantity":1,"picked_up":true}],"groups":["substances"],"has_litter":false,"has_pet_waste":false,"has_substances":true,"zone":"cottonwood_zone_D","zone_edge_m":6.6,"nbhd_edge_m":null}},{"type":"Feature","geometry":{"type":"Point","coordinates":[-122.55680084229,49.209720611572]},"properties":{"id":555850,"datetime":"2026-10-05T20:47:52.000000Z","filename":"https://olm-s3.s3.eu-west-1.amazonaws.com/2026/10/05/vyh8x1rCbh6vPMTu0tstcgskbqeElYT8R1rxjnr9.jpg","tags":[{"type":"standard","category":"other","item":"plastic_bag","quantity":1}],"objects":[{"status":"OK","on_map":true,"group":"Household","subgroup":"","layer":"Household Plastic Bag","full_name":"Household \u2013 Household Plastic Bag","olm_key":"other/plastic_bag","quantity":1,"picked_up":true}],"groups":["litter"],"has_litter":true,"has_pet_waste":false,"has_substances":false,"zone":"cottonwood_zone_D","zone_edge_m":6.6,"nbhd_edge_m":null}},{"type":"Feature","geometry":{"type":"Point","coordinates":[-122.55680084229,49.209720611572]},"properties":{"id":555849,"datetime":"2026-10-05T20:48:00.000000Z","filename":"https://olm-s3.s3.eu-west-1.amazonaws.com/2026/10/05/M3pqPO16t4VgYEHyh4X6Shkim7OL2mOITl5UDjFL.jpg","tags":[{"type":"standard","category":"sanitary","item":"tissue","quantity":1}],"objects":[{"status":"OK","on_map":true,"group":"Household","subgroup":"","layer":"Hygiene Paper","full_name":"Household \u2013 Hygiene Paper","olm_key":"sanitary/tissue","quantity":1,"picked_up":true}],"groups":["litter"],"has_litter":true,"has_pet_waste":false,"has_substances":false,"zone":"cottonwood_zone_D","zone_edge_m":6.6,"nbhd_edge_m":null}},{"type":"Feature","geometry":{"type":"Point","coordinates":[-122.55702972412,49.210445404053]},"properties":{"id":555848,"datetime":"2026-10-05T20:48:15.000000Z","filename":"https://olm-s3.s3.eu-west-1.amazonaws.com/2026/10/05/XhG4hgJ7meDHjJsnecwT3M176pu5czbi30lX383A.jpg","tags":[{"type":"standard","category":"food","item":"cutlery","quantity":1}],"objects":[{"status":"OK","on_map":true,"group":"Convenient Food Drink","subgroup":"Take-out","layer":"Cutlery","full_name":"Convenient Food Drink \u2013 Take-out \u2013 Cutlery","olm_key":"food/cutlery","quantity":1,"picked_up":true}],"groups":["litter"],"has_litter":true,"has_pet_waste":false,"has_substances":false,"zone":"cottonwood_zone_C","zone_edge_m":74.1,"nbhd_edge_m":null}},{"type":"Feature","geometry":{"type":"Point","coordinates":[-122.55770111084,49.210243225098]},"properties":{"id":555847,"datetime":"2026-10-05T20:50:16.000000Z","filename":"https://olm-s3.s3.eu-west-1.amazonaws.com/2026/10/05/joc4NPrry62YlBIrPC3qgMqfWfijUs4LhRmF7oTQ.jpg","tags":[{"type":"standard","category":"other","item":"plastic","quantity":1}],"objects":[{"status":"OK","on_map":true,"group":"Piece","subgroup":"","layer":"Plastic Piece","full_name":"Piece \u2013 Plastic Piece","olm_key":"other/plastic","quantity":1,"picked_up":true}],"groups":["litter"],"has_litter":true,"has_pet_waste":false,"has_substances":false,"zone":"cottonwood_zone_C","zone_edge_m":51.6,"nbhd_edge_m":null}},{"type":"Feature","geometry":{"type":"Point","coordinates":[-122.55770111084,49.210243225098]},"properties":{"id":555846,"datetime":"2026-10-05T20:50:50.000000Z","filename":"https://olm-s3.s3.eu-west-1.amazonaws.com/2026/10/05/Sgx5sXqKrwan19K8181nUFbUc1mPLQzKFkplkRQ2.jpg","tags":[{"type":"standard","category":"other","item":"clothing","quantity":1}],"objects":[{"status":"OK","on_map":true,"group":"Household","subgroup":"","layer":"Abandoned Textile Apparel","full_name":"Household \u2013 Abandoned Textile Apparel","olm_key":"other/clothing","quantity":1,"picked_up":true}],"groups":["litter"],"has_litter":true,"has_pet_waste":false,"has_substances":false,"zone":"cottonwood_zone_C","zone_edge_m":51.6,"nbhd_edge_m":null}},{"type":"Feature","geometry":{"type":"Point","coordinates":[-122.56144714355,49.207065582275]},"properties":{"id":555845,"datetime":"2026-10-05T21:19:01.000000Z","filename":"https://olm-s3.s3.eu-west-1.amazonaws.com/2026/10/05/ItfrjopBEDzi1Ytg2uh9BWikjMFJrEFhu485mNga.jpg","tags":[{"type":"standard","category":"smoking","item":"butts","quantity":1}],"objects":[{"status":"OK","on_map":true,"group":"Smoking","subgroup":"","layer":"Cigarette Butts","full_name":"Smoking \u2013 Cigarette Butts","olm_key":"smoking/butts","quantity":1,"picked_up":true}],"groups":["substances"],"has_litter":false,"has_pet_waste":false,"has_substances":true,"zone":"cottonwood_zone_E","zone_edge_m":134.1,"nbhd_edge_m":null}},{"type":"Feature","geometry":{"type":"Point","coordinates":[-122.56144714355,49.207065582275]},"properties":{"id":555844,"datetime":"2026-10-05T21:19:04.000000Z","filename":"https://olm-s3.s3.eu-west-1.amazonaws.com/2026/10/05/5HZ62p2qasyP4XA8r1ZEpPFBgi6hDnErWaF1CYEr.jpg","tags":[{"type":"standard","category":"sanitary","item":"tissue","quantity":1}],"objects":[{"status":"OK","on_map":true,"group":"Household","subgroup":"","layer":"Hygiene Paper","full_name":"Household \u2013 Hygiene Paper","olm_key":"sanitary/tissue","quantity":1,"picked_up":true}],"groups":["litter"],"has_litter":true,"has_pet_waste":false,"has_substances":false,"zone":"cottonwood_zone_E","zone_edge_m":134.1,"nbhd_edge_m":null}},{"type":"Feature","geometry":{"type":"Point","coordinates":[-122.56211090088,49.2077293396]},"properties":{"id":555843,"datetime":"2026-10-05T21:33:57.000000Z","filename":"https://olm-s3.s3.eu-west-1.amazonaws.com/2026/10/05/bedjWbP2JVNOYqwPrP4WZw7Uj6RLbtTOIDKFXdVB.jpg","tags":[{"type":"standard","category":"smoking","item":"packaging","quantity":1},{"type":"custom_tag","category":"custom_tag","item":"THC","quantity":1,"parent_category":"smoking","parent_item":"packaging"}],"objects":[{"status":"OK","on_map":true,"group":"Smoking","subgroup":"","layer":"Cannabis Packaging","full_name":"Smoking \u2013 Cannabis Packaging","olm_key":"smoking/packaging","quantity":1,"picked_up":true}],"groups":["substances"],"has_litter":false,"has_pet_waste":false,"has_substances":true,"zone":"cottonwood_zone_E","zone_edge_m":60.2,"nbhd_edge_m":null}},{"type":"Feature","geometry":{"type":"Point","coordinates":[-122.56145149469,49.207073757417]},"properties":{"id":555842,"datetime":"2026-10-05T21:18:27.000000Z","filename":"https://olm-s3.s3.eu-west-1.amazonaws.com/2026/10/05/4OZeXYp9RsJS6XSJrexMaiFSlDACr2QsXO5uGRlz.jpg","tags":[{"type":"standard","category":"sanitary","item":"tissue","quantity":1}],"objects":[{"status":"OK","on_map":true,"group":"Household","subgroup":"","layer":"Hygiene Paper","full_name":"Household \u2013 Hygiene Paper","olm_key":"sanitary/tissue","quantity":1,"picked_up":true}],"groups":["litter"],"has_litter":true,"has_pet_waste":false,"has_substances":false,"zone":"cottonwood_zone_E","zone_edge_m":133.2,"nbhd_edge_m":null}},{"type":"Feature","geometry":{"type":"Point","coordinates":[-122.56149600261,49.207063321944]},"properties":{"id":555841,"datetime":"2026-10-05T21:17:59.000000Z","filename":"https://olm-s3.s3.eu-west-1.amazonaws.com/2026/10/05/3EiL8UUTcJBd0OAh0wPr3BwP1ZYNQnB3d21yd0ud.jpg","tags":[{"type":"standard","category":"other","item":"plastic","quantity":1}],"objects":[{"status":"OK","on_map":true,"group":"Piece","subgroup":"","layer":"Plastic Piece","full_name":"Piece \u2013 Plastic Piece","olm_key":"other/plastic","quantity":1,"picked_up":true}],"groups":["litter"],"has_litter":true,"has_pet_waste":false,"has_substances":false,"zone":"cottonwood_zone_E","zone_edge_m":134.3,"nbhd_edge_m":null}},{"type":"Feature","geometry":{"type":"Point","coordinates":[-122.56147085689,49.207150116556]},"properties":{"id":555840,"datetime":"2026-10-05T21:17:23.000000Z","filename":"https://olm-s3.s3.eu-west-1.amazonaws.com/2026/10/05/sbJiCSMhPyEwF4pLro683K89UD66Gk92CxFD2bDh.jpg","tags":[{"type":"standard","category":"softdrinks","item":"cup","quantity":1}],"objects":[{"status":"OK","on_map":true,"group":"Convenient Food Drink","subgroup":"Drink","layer":"Cold Beverage Cup","full_name":"Convenient Food Drink \u2013 Drink \u2013 Cold Beverage Cup","olm_key":"softdrinks/cup","quantity":1,"picked_up":true}],"groups":["litter"],"has_litter":true,"has_pet_waste":false,"has_substances":false,"zone":"cottonwood_zone_E","zone_edge_m":124.7,"nbhd_edge_m":null}},{"type":"Feature","geometry":{"type":"Point","coordinates":[-122.56060028076,49.210029602051]},"properties":{"id":555771,"datetime":"2026-10-04T02:02:35.000000Z","filename":"https://olm-s3.s3.eu-west-1.amazonaws.com/2026/10/04/FIQWnSWXwIVCOJJISVCbGYh8FBgl23k29jWNq2iW.jpg","tags":[{"type":"standard","category":"food","item":"wrapper","quantity":1}],"objects":[{"status":"OK","on_map":true,"group":"Convenient Food Drink","subgroup":"Snack","layer":"Foil / Plastic Film Snack Wrapper","full_name":"Convenient Food Drink \u2013 Snack \u2013 Foil / Plastic Film Snack Wrapper","olm_key":"food/wrapper","quantity":1,"picked_up":true}],"groups":["litter"],"has_litter":true,"has_pet_waste":false,"has_substances":false,"zone":"cottonwood_zone_C","zone_edge_m":27.8,"nbhd_edge_m":null}},{"type":"Feature","geometry":{"type":"Point","coordinates":[-122.56060028076,49.210029602051]},"properties":{"id":555770,"datetime":"2026-10-04T02:02:38.000000Z","filename":"https://olm-s3.s3.eu-west-1.amazonaws.com/2026/10/04/S6AigU3Qp7mndQbK3OzJvcK9UmPKYjm6WIkb4cEC.jpg","tags":[{"type":"standard","category":"food","item":"wrapper","quantity":1}],"objects":[{"status":"OK","on_map":true,"group":"Convenient Food Drink","subgroup":"Snack","layer":"Foil / Plastic Film Snack Wrapper","full_name":"Convenient Food Drink \u2013 Snack \u2013 Foil / Plastic Film Snack Wrapper","olm_key":"food/wrapper","quantity":1,"picked_up":true}],"groups":["litter"],"has_litter":true,"has_pet_waste":false,"has_substances":false,"zone":"cottonwood_zone_C","zone_edge_m":27.8,"nbhd_edge_m":null}},{"type":"Feature","geometry":{"type":"Point","coordinates":[-122.55758666992,49.212898254395]},"properties":{"id":555769,"datetime":"2026-10-04T02:14:49.000000Z","filename":"https://olm-s3.s3.eu-west-1.amazonaws.com/2026/10/04/76xsPAJXcMnCXMBwVqAlw1E2yi4O30i7AQZrWTAA.jpg","tags":[{"type":"standard","category":"pets","item":"dogshit_in_bag","quantity":1}],"objects":[{"status":"OK","on_map":true,"group":"Fecal","subgroup":"","layer":"Pet Waste Bagged","full_name":"Fecal \u2013 Pet Waste Bagged","olm_key":"pets/dogshit_in_bag","quantity":1,"picked_up":false}],"groups":["pet_waste"],"has_litter":false,"has_pet_waste":true,"has_substances":false,"zone":"cottonwood_zone_B","zone_edge_m":31.0,"nbhd_edge_m":null}},{"type":"Feature","geometry":{"type":"Point","coordinates":[-122.56079101562,49.210037231445]},"properties":{"id":555763,"datetime":"2026-10-03T20:41:11.000000Z","filename":"https://olm-s3.s3.eu-west-1.amazonaws.com/2026/10/03/1dDiGenUf8Q7VoIkKxyF9VPjYqi5t6odON61ptOq.jpg","tags":[{"type":"standard","category":"other","item":"paper","quantity":1},{"type":"material","category":"material","item":"paper","quantity":1,"parent_category":"other","parent_item":"paper"}],"objects":[{"status":"OK","on_map":true,"group":"Piece","subgroup":"","layer":"Paper Piece","full_name":"Piece \u2013 Paper Piece","olm_key":"other/paper","quantity":1,"picked_up":true}],"groups":["litter"],"has_litter":true,"has_pet_waste":false,"has_substances":false,"zone":"cottonwood_zone_C","zone_edge_m":28.6,"nbhd_edge_m":null}},{"type":"Feature","geometry":{"type":"Point","coordinates":[-122.56079101562,49.210037231445]},"properties":{"id":555762,"datetime":"2026-10-03T20:37:40.000000Z","filename":"https://olm-s3.s3.eu-west-1.amazonaws.com/2026/10/03/E1NUbHS57HX4gnsUC1ufgJaUpwxTNiC5rVftgxSR.jpg","tags":[{"type":"standard","category":"other","item":"plastic","quantity":1}],"objects":[{"status":"OK","on_map":true,"group":"Piece","subgroup":"","layer":"Plastic Piece","full_name":"Piece \u2013 Plastic Piece","olm_key":"other/plastic","quantity":1,"picked_up":true}],"groups":["litter"],"has_litter":true,"has_pet_waste":false,"has_substances":false,"zone":"cottonwood_zone_C","zone_edge_m":28.6,"nbhd_edge_m":null}},{"type":"Feature","geometry":{"type":"Point","coordinates":[-122.56079101562,49.210037231445]},"properties":{"id":555761,"datetime":"2026-10-03T20:37:48.000000Z","filename":"https://olm-s3.s3.eu-west-1.amazonaws.com/2026/10/03/cdJTTQG3zSM24y6O99Afo46p1AxfjqrldLGNKd8T.jpg","tags":[{"type":"standard","category":"other","item":"plastic","quantity":1}],"objects":[{"status":"OK","on_map":true,"group":"Piece","subgroup":"","layer":"Plastic Piece","full_name":"Piece \u2013 Plastic Piece","olm_key":"other/plastic","quantity":1,"picked_up":true}],"groups":["litter"],"has_litter":true,"has_pet_waste":false,"has_substances":false,"zone":"cottonwood_zone_C","zone_edge_m":28.6,"nbhd_edge_m":null}},{"type":"Feature","geometry":{"type":"Point","coordinates":[-122.56079101562,49.210037231445]},"properties":{"id":555760,"datetime":"2026-10-03T20:39:05.000000Z","filename":"https://olm-s3.s3.eu-west-1.amazonaws.com/2026/10/03/TnT6UFPxEP2lZpQ4zMtW1Rr4T1JaLQPlGAJNL7p9.jpg","tags":[{"type":"standard","category":"other","item":"other","quantity":1}],"objects":[{"status":"OK","on_map":true,"group":"Household","subgroup":"","layer":"Household misc","full_name":"Household \u2013 Household misc","olm_key":"other/other","quantity":1,"picked_up":true}],"groups":["litter"],"has_litter":true,"has_pet_waste":false,"has_substances":false,"zone":"cottonwood_zone_C","zone_edge_m":28.6,"nbhd_edge_m":null}},{"type":"Feature","geometry":{"type":"Point","coordinates":[-122.56079101562,49.210037231445]},"properties":{"id":555759,"datetime":"2026-10-03T20:39:34.000000Z","filename":"https://olm-s3.s3.eu-west-1.amazonaws.com/2026/10/03/5WYUqyVse0P6Mwvo5V8Zvumr06hd1gpQEarrNDMX.jpg","tags":[{"type":"standard","category":"other","item":"plastic","quantity":1}],"objects":[{"status":"OK","on_map":true,"group":"Piece","subgroup":"","layer":"Plastic Piece","full_name":"Piece \u2013 Plastic Piece","olm_key":"other/plastic","quantity":1,"picked_up":true}],"groups":["litter"],"has_litter":true,"has_pet_waste":false,"has_substances":false,"zone":"cottonwood_zone_C","zone_edge_m":28.6,"nbhd_edge_m":null}},{"type":"Feature","geometry":{"type":"Point","coordinates":[-122.56079101562,49.210037231445]},"properties":{"id":555758,"datetime":"2026-10-03T20:39:44.000000Z","filename":"https://olm-s3.s3.eu-west-1.amazonaws.com/2026/10/03/dr3X7rFotuLldU9loXcmTzDmpFG9G0Ct1Aj0TYby.jpg","tags":[{"type":"standard","category":"sanitary","item":"wipes","quantity":1}],"objects":[{"status":"OK","on_map":true,"group":"Household","subgroup":"","layer":"Wet Wipes","full_name":"Household \u2013 Wet Wipes","olm_key":"sanitary/wipes","quantity":1,"picked_up":true}],"groups":["litter"],"has_litter":true,"has_pet_waste":false,"has_substances":false,"zone":"cottonwood_zone_C","zone_edge_m":28.6,"nbhd_edge_m":null}},{"type":"Feature","geometry":{"type":"Point","coordinates":[-122.56079101562,49.210037231445]},"properties":{"id":555757,"datetime":"2026-10-03T20:40:10.000000Z","filename":"https://olm-s3.s3.eu-west-1.amazonaws.com/2026/10/03/zXpe343KTE2pCaKWY2r5Oj7uaGj7raI5pAimDP1J.jpg","tags":[{"type":"standard","category":"other","item":"plastic","quantity":2}],"objects":[{"status":"OK","on_map":true,"group":"Piece","subgroup":"","layer":"Plastic Piece","full_name":"Piece \u2013 Plastic Piece","olm_key":"other/plastic","quantity":2,"picked_up":true}],"groups":["litter"],"has_litter":true,"has_pet_waste":false,"has_substances":false,"zone":"cottonwood_zone_C","zone_edge_m":28.6,"nbhd_edge_m":null}},{"type":"Feature","geometry":{"type":"Point","coordinates":[-122.56079101562,49.210037231445]},"properties":{"id":555756,"datetime":"2026-10-03T20:40:23.000000Z","filename":"https://olm-s3.s3.eu-west-1.amazonaws.com/2026/10/03/pOVfW0EU9HlkffOGp86xrxcdkDjfqGvHR3ndBkUp.jpg","tags":[{"type":"standard","category":"vehicles","item":"car_part","quantity":1}],"objects":[{"status":"OK","on_map":true,"group":"Piece","subgroup":"","layer":"Motor Vehicle Part Piece","full_name":"Piece \u2013 Motor Vehicle Part Piece","olm_key":"vehicles/car_part","quantity":1,"picked_up":true}],"groups":["litter"],"has_litter":true,"has_pet_waste":false,"has_substances":false,"zone":"cottonwood_zone_C","zone_edge_m":28.6,"nbhd_edge_m":null}},{"type":"Feature","geometry":{"type":"Point","coordinates":[-122.56079101562,49.210037231445]},"properties":{"id":555755,"datetime":"2026-10-03T20:40:32.000000Z","filename":"https://olm-s3.s3.eu-west-1.amazonaws.com/2026/10/03/gteB8rjxpoiMInAWUljAOuBP67C21WiQxphLXhAb.jpg","tags":[{"type":"standard","category":"other","item":"plastic","quantity":1}],"objects":[{"status":"OK","on_map":true,"group":"Piece","subgroup":"","layer":"Plastic Piece","full_name":"Piece \u2013 Plastic Piece","olm_key":"other/plastic","quantity":1,"picked_up":true}],"groups":["litter"],"has_litter":true,"has_pet_waste":false,"has_substances":false,"zone":"cottonwood_zone_C","zone_edge_m":28.6,"nbhd_edge_m":null}},{"type":"Feature","geometry":{"type":"Point","coordinates":[-122.56079101562,49.210037231445]},"properties":{"id":555754,"datetime":"2026-10-03T20:41:00.000000Z","filename":"https://olm-s3.s3.eu-west-1.amazonaws.com/2026/10/03/sAGqt32UWn5Z8nSnssv0Br4eurFaLJ7rFbhXxCYs.jpg","tags":[{"type":"standard","category":"other","item":"paper","quantity":1},{"type":"material","category":"material","item":"paper","quantity":1,"parent_category":"other","parent_item":"paper"}],"objects":[{"status":"OK","on_map":true,"group":"Piece","subgroup":"","layer":"Paper Piece","full_name":"Piece \u2013 Paper Piece","olm_key":"other/paper","quantity":1,"picked_up":true}],"groups":["litter"],"has_litter":true,"has_pet_waste":false,"has_substances":false,"zone":"cottonwood_zone_C","zone_edge_m":28.6,"nbhd_edge_m":null}},{"type":"Feature","geometry":{"type":"Point","coordinates":[-122.56079101562,49.210037231445]},"properties":{"id":555753,"datetime":"2026-10-03T20:41:28.000000Z","filename":"https://olm-s3.s3.eu-west-1.amazonaws.com/2026/10/03/Ain0gF3V2lazi2Cp7F0B4ddNTAwp8dOdIrgqonk1.jpg","tags":[{"type":"standard","category":"smoking","item":"butts","quantity":1}],"objects":[{"status":"OK","on_map":true,"group":"Smoking","subgroup":"","layer":"Cigarette Butts","full_name":"Smoking \u2013 Cigarette Butts","olm_key":"smoking/butts","quantity":1,"picked_up":true}],"groups":["substances"],"has_litter":false,"has_pet_waste":false,"has_substances":true,"zone":"cottonwood_zone_C","zone_edge_m":28.6,"nbhd_edge_m":null}},{"type":"Feature","geometry":{"type":"Point","coordinates":[-122.56079101562,49.210037231445]},"properties":{"id":555752,"datetime":"2026-10-03T20:42:09.000000Z","filename":"https://olm-s3.s3.eu-west-1.amazonaws.com/2026/10/03/mxazHOxhp2ttfYSkwuzVxM3LdPYd22JI2r9WOZbL.jpg","tags":[{"type":"standard","category":"other","item":"paper","quantity":1},{"type":"material","category":"material","item":"paper","quantity":1,"parent_category":"other","parent_item":"paper"}],"objects":[{"status":"OK","on_map":true,"group":"Piece","subgroup":"","layer":"Paper Piece","full_name":"Piece \u2013 Paper Piece","olm_key":"other/paper","quantity":1,"picked_up":true}],"groups":["litter"],"has_litter":true,"has_pet_waste":false,"has_substances":false,"zone":"cottonwood_zone_C","zone_edge_m":28.6,"nbhd_edge_m":null}},{"type":"Feature","geometry":{"type":"Point","coordinates":[-122.56079101562,49.210037231445]},"properties":{"id":555751,"datetime":"2026-10-03T20:42:40.000000Z","filename":"https://olm-s3.s3.eu-west-1.amazonaws.com/2026/10/03/ZS56eJMU85sEr8w9eN6UxoHgee7g2GpcJULIQgmR.jpg","tags":[{"type":"standard","category":"other","item":"plastic","quantity":1}],"objects":[{"status":"OK","on_map":true,"group":"Piece","subgroup":"","layer":"Plastic Piece","full_name":"Piece \u2013 Plastic Piece","olm_key":"other/plastic","quantity":1,"picked_up":true}],"groups":["litter"],"has_litter":true,"has_pet_waste":false,"has_substances":false,"zone":"cottonwood_zone_C","zone_edge_m":28.6,"nbhd_edge_m":null}},{"type":"Feature","geometry":{"type":"Point","coordinates":[-122.56079101562,49.210037231445]},"properties":{"id":555750,"datetime":"2026-10-03T20:42:50.000000Z","filename":"https://olm-s3.s3.eu-west-1.amazonaws.com/2026/10/03/Pa6E65a0zZaE8HYsMLOMT6fwAtuaUjLXMGv6FSnB.jpg","tags":[{"type":"standard","category":"other","item":"other","quantity":1}],"objects":[{"status":"OK","on_map":true,"group":"Household","subgroup":"","layer":"Household misc","full_name":"Household \u2013 Household misc","olm_key":"other/other","quantity":1,"picked_up":true}],"groups":["litter"],"has_litter":true,"has_pet_waste":false,"has_substances":false,"zone":"cottonwood_zone_C","zone_edge_m":28.6,"nbhd_edge_m":null}},{"type":"Feature","geometry":{"type":"Point","coordinates":[-122.55778503418,49.210220336914]},"properties":{"id":555749,"datetime":"2026-10-03T20:43:00.000000Z","filename":"https://olm-s3.s3.eu-west-1.amazonaws.com/2026/10/03/Nes8Z9C2s9DgSfC8pvWgI3uhFKbPqXrdbaPNn24L.jpg","tags":[{"type":"standard","category":"other","item":"other","quantity":1}],"objects":[{"status":"OK","on_map":true,"group":"Household","subgroup":"","layer":"Household misc","full_name":"Household \u2013 Household misc","olm_key":"other/other","quantity":1,"picked_up":true}],"groups":["litter"],"has_litter":true,"has_pet_waste":false,"has_substances":false,"zone":"cottonwood_zone_C","zone_edge_m":49.0,"nbhd_edge_m":null}},{"type":"Feature","geometry":{"type":"Point","coordinates":[-122.5576171875,49.210247039795]},"properties":{"id":555748,"datetime":"2026-10-03T20:43:25.000000Z","filename":"https://olm-s3.s3.eu-west-1.amazonaws.com/2026/10/03/YU5pROhvE6E4wcgXk5ar9jvGmY2u0k7RkFNasOIm.jpg","tags":[{"type":"standard","category":"smoking","item":"butts","quantity":1}],"objects":[{"status":"OK","on_map":true,"group":"Smoking","subgroup":"","layer":"Cigarette Butts","full_name":"Smoking \u2013 Cigarette Butts","olm_key":"smoking/butts","quantity":1,"picked_up":true}],"groups":["substances"],"has_litter":false,"has_pet_waste":false,"has_substances":true,"zone":"cottonwood_zone_C","zone_edge_m":52.0,"nbhd_edge_m":null}},{"type":"Feature","geometry":{"type":"Point","coordinates":[-122.5576171875,49.210247039795]},"properties":{"id":555747,"datetime":"2026-10-03T20:43:31.000000Z","filename":"https://olm-s3.s3.eu-west-1.amazonaws.com/2026/10/03/oUBqCaCk80KfPVe5y5noWwydUGFeEhd239JaD0DH.jpg","tags":[{"type":"standard","category":"smoking","item":"butts","quantity":1}],"objects":[{"status":"OK","on_map":true,"group":"Smoking","subgroup":"","layer":"Cigarette Butts","full_name":"Smoking \u2013 Cigarette Butts","olm_key":"smoking/butts","quantity":1,"picked_up":true}],"groups":["substances"],"has_litter":false,"has_pet_waste":false,"has_substances":true,"zone":"cottonwood_zone_C","zone_edge_m":52.0,"nbhd_edge_m":null}},{"type":"Feature","geometry":{"type":"Point","coordinates":[-122.5576171875,49.210247039795]},"properties":{"id":555746,"datetime":"2026-10-03T20:43:34.000000Z","filename":"https://olm-s3.s3.eu-west-1.amazonaws.com/2026/10/03/HPZUu1yLejQfJxZkVhxJNijByQmtUdbbXevIKcSj.jpg","tags":[{"type":"standard","category":"smoking","item":"butts","quantity":1}],"objects":[{"status":"OK","on_map":true,"group":"Smoking","subgroup":"","layer":"Cigarette Butts","full_name":"Smoking \u2013 Cigarette Butts","olm_key":"smoking/butts","quantity":1,"picked_up":true}],"groups":["substances"],"has_litter":false,"has_pet_waste":false,"has_substances":true,"zone":"cottonwood_zone_C","zone_edge_m":52.0,"nbhd_edge_m":null}},{"type":"Feature","geometry":{"type":"Point","coordinates":[-122.5576171875,49.210247039795]},"properties":{"id":555745,"datetime":"2026-10-03T20:44:17.000000Z","filename":"https://olm-s3.s3.eu-west-1.amazonaws.com/2026/10/03/Dz9ITsWRhKXLX9WDhNV1ko1hiZWIwykuC2pUDN5O.jpg","tags":[{"type":"standard","category":"food","item":"gum","quantity":1}],"objects":[{"status":"OK","on_map":true,"group":"Convenient Food Drink","subgroup":"Snack","layer":"Chewed Gum","full_name":"Convenient Food Drink \u2013 Snack \u2013 Chewed Gum","olm_key":"food/gum","quantity":1,"picked_up":true}],"groups":["litter"],"has_litter":true,"has_pet_waste":false,"has_substances":false,"zone":"cottonwood_zone_C","zone_edge_m":52.0,"nbhd_edge_m":null}},{"type":"Feature","geometry":{"type":"Point","coordinates":[-122.5576171875,49.210247039795]},"properties":{"id":555744,"datetime":"2026-10-03T20:44:37.000000Z","filename":"https://olm-s3.s3.eu-west-1.amazonaws.com/2026/10/03/o5sL4IsVlGk8B6YW2SE3CmTej77weO2sbGDlkTfx.jpg","tags":[{"type":"standard","category":"food","item":"napkins","quantity":1},{"type":"material","category":"material","item":"paper","quantity":1,"parent_category":"food","parent_item":"napkins"}],"objects":[{"status":"OK","on_map":true,"group":"Convenient Food Drink","subgroup":"Take-out","layer":"Napkins","full_name":"Convenient Food Drink \u2013 Take-out \u2013 Napkins","olm_key":"food/napkins","quantity":1,"picked_up":true}],"groups":["litter"],"has_litter":true,"has_pet_waste":false,"has_substances":false,"zone":"cottonwood_zone_C","zone_edge_m":52.0,"nbhd_edge_m":null}},{"type":"Feature","geometry":{"type":"Point","coordinates":[-122.5576171875,49.210247039795]},"properties":{"id":555743,"datetime":"2026-10-03T20:44:45.000000Z","filename":"https://olm-s3.s3.eu-west-1.amazonaws.com/2026/10/03/kmRwdapvmeGrxcUqBYD236HAvQC8yXSKbiayiXw1.jpg","tags":[{"type":"standard","category":"smoking","item":"butts","quantity":1}],"objects":[{"status":"OK","on_map":true,"group":"Smoking","subgroup":"","layer":"Cigarette Butts","full_name":"Smoking \u2013 Cigarette Butts","olm_key":"smoking/butts","quantity":1,"picked_up":true}],"groups":["substances"],"has_litter":false,"has_pet_waste":false,"has_substances":true,"zone":"cottonwood_zone_C","zone_edge_m":52.0,"nbhd_edge_m":null}},{"type":"Feature","geometry":{"type":"Point","coordinates":[-122.5576171875,49.210247039795]},"properties":{"id":555742,"datetime":"2026-10-03T20:44:50.000000Z","filename":"https://olm-s3.s3.eu-west-1.amazonaws.com/2026/10/03/8gzNRy27aK5q1qwzF0mTwfSpuoEAg1VQmAe4Y9dl.jpg","tags":[{"type":"standard","category":"other","item":"paper","quantity":1},{"type":"material","category":"material","item":"paper","quantity":1,"parent_category":"other","parent_item":"paper"},{"type":"standard","category":"other","item":"plastic","quantity":1}],"objects":[{"status":"OK","on_map":true,"group":"Piece","subgroup":"","layer":"Paper Piece","full_name":"Piece \u2013 Paper Piece","olm_key":"other/paper","quantity":1,"picked_up":true},{"status":"OK","on_map":true,"group":"Piece","subgroup":"","layer":"Plastic Piece","full_name":"Piece \u2013 Plastic Piece","olm_key":"other/plastic","quantity":1,"picked_up":true}],"groups":["litter"],"has_litter":true,"has_pet_waste":false,"has_substances":false,"zone":"cottonwood_zone_C","zone_edge_m":52.0,"nbhd_edge_m":null}},{"type":"Feature","geometry":{"type":"Point","coordinates":[-122.5576171875,49.210247039795]},"properties":{"id":555741,"datetime":"2026-10-03T20:45:04.000000Z","filename":"https://olm-s3.s3.eu-west-1.amazonaws.com/2026/10/03/8w0PG3njnmSZuaq0RRlDQjleOO7miWCriVFAmC7C.jpg","tags":[{"type":"standard","category":"other","item":"plastic","quantity":1}],"objects":[{"status":"OK","on_map":true,"group":"Piece","subgroup":"","layer":"Plastic Piece","full_name":"Piece \u2013 Plastic Piece","olm_key":"other/plastic","quantity":1,"picked_up":true}],"groups":["litter"],"has_litter":true,"has_pet_waste":false,"has_substances":false,"zone":"cottonwood_zone_C","zone_edge_m":52.0,"nbhd_edge_m":null}},{"type":"Feature","geometry":{"type":"Point","coordinates":[-122.5576171875,49.210247039795]},"properties":{"id":555740,"datetime":"2026-10-03T20:45:13.000000Z","filename":"https://olm-s3.s3.eu-west-1.amazonaws.com/2026/10/03/KRsN5kJKI8HNSiU5TdRewxDyo4YkhLss97PIz35l.jpg","tags":[{"type":"standard","category":"other","item":"plastic","quantity":1},{"type":"custom_tag","category":"custom_tag","item":"tinsel","quantity":1,"parent_category":"other","parent_item":"plastic"}],"objects":[{"status":"OK","on_map":true,"group":"Piece","subgroup":"","layer":"Plastic Piece","full_name":"Piece \u2013 Plastic Piece","olm_key":"other/plastic","quantity":1,"picked_up":true}],"groups":["litter"],"has_litter":true,"has_pet_waste":false,"has_substances":false,"zone":"cottonwood_zone_C","zone_edge_m":52.0,"nbhd_edge_m":null}},{"type":"Feature","geometry":{"type":"Point","coordinates":[-122.55702972412,49.210456848145]},"properties":{"id":555739,"datetime":"2026-10-03T20:45:24.000000Z","filename":"https://olm-s3.s3.eu-west-1.amazonaws.com/2026/10/03/hfIrPsxpuy8dJ8tx7o1rJzAaHClR1rIepV6ImUXI.jpg","tags":[{"type":"standard","category":"other","item":"plastic","quantity":1}],"objects":[{"status":"OK","on_map":true,"group":"Piece","subgroup":"","layer":"Plastic Piece","full_name":"Piece \u2013 Plastic Piece","olm_key":"other/plastic","quantity":1,"picked_up":true}],"groups":["litter"],"has_litter":true,"has_pet_waste":false,"has_substances":false,"zone":"cottonwood_zone_C","zone_edge_m":74.9,"nbhd_edge_m":null}},{"type":"Feature","geometry":{"type":"Point","coordinates":[-122.55702972412,49.210456848145]},"properties":{"id":555738,"datetime":"2026-10-03T20:45:35.000000Z","filename":"https://olm-s3.s3.eu-west-1.amazonaws.com/2026/10/03/1OFdusoN7dzXvjIFoZgN70Y3GdYh9LBKx4kyX2IQ.jpg","tags":[{"type":"standard","category":"smoking","item":"butts","quantity":1}],"objects":[{"status":"OK","on_map":true,"group":"Smoking","subgroup":"","layer":"Cigarette Butts","full_name":"Smoking \u2013 Cigarette Butts","olm_key":"smoking/butts","quantity":1,"picked_up":true}],"groups":["substances"],"has_litter":false,"has_pet_waste":false,"has_substances":true,"zone":"cottonwood_zone_C","zone_edge_m":74.9,"nbhd_edge_m":null}},{"type":"Feature","geometry":{"type":"Point","coordinates":[-122.55702972412,49.210456848145]},"properties":{"id":555737,"datetime":"2026-10-03T20:45:43.000000Z","filename":"https://olm-s3.s3.eu-west-1.amazonaws.com/2026/10/03/6Xb3jZtkId9nZLMVIxwMvLeFo1isC4bw6ZvziXe8.jpg","tags":[{"type":"standard","category":"pets","item":"dogshit","quantity":1}],"objects":[{"status":"OK","on_map":true,"group":"Fecal","subgroup":"","layer":"Pet Waste Unbagged","full_name":"Fecal \u2013 Pet Waste Unbagged","olm_key":"pets/dogshit","quantity":1,"picked_up":false}],"groups":["pet_waste"],"has_litter":false,"has_pet_waste":true,"has_substances":false,"zone":"cottonwood_zone_C","zone_edge_m":74.9,"nbhd_edge_m":null}},{"type":"Feature","geometry":{"type":"Point","coordinates":[-122.55702972412,49.210456848145]},"properties":{"id":555736,"datetime":"2026-10-03T20:45:55.000000Z","filename":"https://olm-s3.s3.eu-west-1.amazonaws.com/2026/10/03/xCMytSmTsgKhBrDxURauGDSEJ4Gs6BBBroQYuAu0.jpg","tags":[{"type":"standard","category":"other","item":"paper","quantity":1},{"type":"material","category":"material","item":"paper","quantity":1,"parent_category":"other","parent_item":"paper"}],"objects":[{"status":"OK","on_map":true,"group":"Piece","subgroup":"","layer":"Paper Piece","full_name":"Piece \u2013 Paper Piece","olm_key":"other/paper","quantity":1,"picked_up":true}],"groups":["litter"],"has_litter":true,"has_pet_waste":false,"has_substances":false,"zone":"cottonwood_zone_C","zone_edge_m":74.9,"nbhd_edge_m":null}},{"type":"Feature","geometry":{"type":"Point","coordinates":[-122.55702972412,49.210456848145]},"properties":{"id":555735,"datetime":"2026-10-03T20:46:24.000000Z","filename":"https://olm-s3.s3.eu-west-1.amazonaws.com/2026/10/03/53hXwHRwHInDBdz3ZuDeOzhawX7TfnB4S90SQXvu.jpg","tags":[{"type":"standard","category":"smoking","item":"butts","quantity":1}],"objects":[{"status":"OK","on_map":true,"group":"Smoking","subgroup":"","layer":"Cigarette Butts","full_name":"Smoking \u2013 Cigarette Butts","olm_key":"smoking/butts","quantity":1,"picked_up":true}],"groups":["substances"],"has_litter":false,"has_pet_waste":false,"has_substances":true,"zone":"cottonwood_zone_C","zone_edge_m":74.9,"nbhd_edge_m":null}},{"type":"Feature","geometry":{"type":"Point","coordinates":[-122.55702972412,49.210456848145]},"properties":{"id":555734,"datetime":"2026-10-03T20:46:36.000000Z","filename":"https://olm-s3.s3.eu-west-1.amazonaws.com/2026/10/03/wiJRxPDp3EnjOdD9bp20KsMCS9K5a3dN9pUkM3ZT.jpg","tags":[{"type":"standard","category":"other","item":"paper","quantity":1},{"type":"material","category":"material","item":"paper","quantity":1,"parent_category":"other","parent_item":"paper"}],"objects":[{"status":"OK","on_map":true,"group":"Piece","subgroup":"","layer":"Paper Piece","full_name":"Piece \u2013 Paper Piece","olm_key":"other/paper","quantity":1,"picked_up":true}],"groups":["litter"],"has_litter":true,"has_pet_waste":false,"has_substances":false,"zone":"cottonwood_zone_C","zone_edge_m":74.9,"nbhd_edge_m":null}},{"type":"Feature","geometry":{"type":"Point","coordinates":[-122.55702972412,49.210456848145]},"properties":{"id":555733,"datetime":"2026-10-03T20:46:43.000000Z","filename":"https://olm-s3.s3.eu-west-1.amazonaws.com/2026/10/03/fr4h1sanxRcafGfccRHTxTVO0i1pSddYg7xMNeMA.jpg","tags":[{"type":"standard","category":"other","item":"paper","quantity":2},{"type":"material","category":"material","item":"paper","quantity":1,"parent_category":"other","parent_item":"paper"}],"objects":[{"status":"OK","on_map":true,"group":"Piece","subgroup":"","layer":"Paper Piece","full_name":"Piece \u2013 Paper Piece","olm_key":"other/paper","quantity":2,"picked_up":true}],"groups":["litter"],"has_litter":true,"has_pet_waste":false,"has_substances":false,"zone":"cottonwood_zone_C","zone_edge_m":74.9,"nbhd_edge_m":null}},{"type":"Feature","geometry":{"type":"Point","coordinates":[-122.55702972412,49.210456848145]},"properties":{"id":555732,"datetime":"2026-10-03T20:46:50.000000Z","filename":"https://olm-s3.s3.eu-west-1.amazonaws.com/2026/10/03/a8hPZ3Z1e1X9gKNot7Esqq6yHCkM4AciUZ5D6s9d.jpg","tags":[{"type":"standard","category":"other","item":"paper","quantity":1},{"type":"material","category":"material","item":"paper","quantity":1,"parent_category":"other","parent_item":"paper"}],"objects":[{"status":"OK","on_map":true,"group":"Piece","subgroup":"","layer":"Paper Piece","full_name":"Piece \u2013 Paper Piece","olm_key":"other/paper","quantity":1,"picked_up":true}],"groups":["litter"],"has_litter":true,"has_pet_waste":false,"has_substances":false,"zone":"cottonwood_zone_C","zone_edge_m":74.9,"nbhd_edge_m":null}},{"type":"Feature","geometry":{"type":"Point","coordinates":[-122.55702972412,49.210456848145]},"properties":{"id":555731,"datetime":"2026-10-03T20:47:15.000000Z","filename":"https://olm-s3.s3.eu-west-1.amazonaws.com/2026/10/03/jrkmlHtwHD3rZxeKGXU7D7j9zfEgTo0pSi0XBasQ.jpg","tags":[{"type":"standard","category":"other","item":"plastic","quantity":1}],"objects":[{"status":"OK","on_map":true,"group":"Piece","subgroup":"","layer":"Plastic Piece","full_name":"Piece \u2013 Plastic Piece","olm_key":"other/plastic","quantity":1,"picked_up":true}],"groups":["litter"],"has_litter":true,"has_pet_waste":false,"has_substances":false,"zone":"cottonwood_zone_C","zone_edge_m":74.9,"nbhd_edge_m":null}},{"type":"Feature","geometry":{"type":"Point","coordinates":[-122.5569229126,49.210819244385]},"properties":{"id":555730,"datetime":"2026-10-03T20:47:22.000000Z","filename":"https://olm-s3.s3.eu-west-1.amazonaws.com/2026/10/03/laGUuT9WWdZEnG2or8uYSTEBYXWTsiB8TBtCMTUS.jpg","tags":[{"type":"standard","category":"smoking","item":"butts","quantity":1}],"objects":[{"status":"OK","on_map":true,"group":"Smoking","subgroup":"","layer":"Cigarette Butts","full_name":"Smoking \u2013 Cigarette Butts","olm_key":"smoking/butts","quantity":1,"picked_up":true}],"groups":["substances"],"has_litter":false,"has_pet_waste":false,"has_substances":true,"zone":"cottonwood_zone_C","zone_edge_m":67.1,"nbhd_edge_m":null}},{"type":"Feature","geometry":{"type":"Point","coordinates":[-122.5569229126,49.210819244385]},"properties":{"id":555729,"datetime":"2026-10-03T20:47:25.000000Z","filename":"https://olm-s3.s3.eu-west-1.amazonaws.com/2026/10/03/84Xhnq7WxeLPZiOkEaxWHIoHAYq4txSNyeUdGkb7.jpg","tags":[{"type":"standard","category":"other","item":"plastic","quantity":2}],"objects":[{"status":"OK","on_map":true,"group":"Piece","subgroup":"","layer":"Plastic Piece","full_name":"Piece \u2013 Plastic Piece","olm_key":"other/plastic","quantity":2,"picked_up":true}],"groups":["litter"],"has_litter":true,"has_pet_waste":false,"has_substances":false,"zone":"cottonwood_zone_C","zone_edge_m":67.1,"nbhd_edge_m":null}},{"type":"Feature","geometry":{"type":"Point","coordinates":[-122.5569229126,49.210819244385]},"properties":{"id":555728,"datetime":"2026-10-03T20:47:59.000000Z","filename":"https://olm-s3.s3.eu-west-1.amazonaws.com/2026/10/03/Lc3kORQYylgGVJX4UoArsU0se4IotETSWBFbcuDU.jpg","tags":[{"type":"standard","category":"smoking","item":"butts","quantity":1}],"objects":[{"status":"OK","on_map":true,"group":"Smoking","subgroup":"","layer":"Cigarette Butts","full_name":"Smoking \u2013 Cigarette Butts","olm_key":"smoking/butts","quantity":1,"picked_up":true}],"groups":["substances"],"has_litter":false,"has_pet_waste":false,"has_substances":true,"zone":"cottonwood_zone_C","zone_edge_m":67.1,"nbhd_edge_m":null}},{"type":"Feature","geometry":{"type":"Point","coordinates":[-122.5569229126,49.210819244385]},"properties":{"id":555727,"datetime":"2026-10-03T20:48:05.000000Z","filename":"https://olm-s3.s3.eu-west-1.amazonaws.com/2026/10/03/o1uq7QjG5bLtR0hBQpPcN1oZBbDo6o5iisIa5nVi.jpg","tags":[{"type":"standard","category":"food","item":"wrapper","quantity":1}],"objects":[{"status":"OK","on_map":true,"group":"Convenient Food Drink","subgroup":"Snack","layer":"Foil / Plastic Film Snack Wrapper","full_name":"Convenient Food Drink \u2013 Snack \u2013 Foil / Plastic Film Snack Wrapper","olm_key":"food/wrapper","quantity":1,"picked_up":true}],"groups":["litter"],"has_litter":true,"has_pet_waste":false,"has_substances":false,"zone":"cottonwood_zone_C","zone_edge_m":67.1,"nbhd_edge_m":null}},{"type":"Feature","geometry":{"type":"Point","coordinates":[-122.55702209473,49.211071014404]},"properties":{"id":555726,"datetime":"2026-10-03T20:48:09.000000Z","filename":"https://olm-s3.s3.eu-west-1.amazonaws.com/2026/10/03/CrYszp2XEz45VLz03J1IBX2kv4lifUUTS80mB7G3.jpg","tags":[{"type":"standard","category":"other","item":"plastic","quantity":1}],"objects":[{"status":"OK","on_map":true,"group":"Piece","subgroup":"","layer":"Plastic Piece","full_name":"Piece \u2013 Plastic Piece","olm_key":"other/plastic","quantity":1,"picked_up":true}],"groups":["litter"],"has_litter":true,"has_pet_waste":false,"has_substances":false,"zone":"cottonwood_zone_C","zone_edge_m":74.3,"nbhd_edge_m":null}},{"type":"Feature","geometry":{"type":"Point","coordinates":[-122.55702209473,49.211071014404]},"properties":{"id":555725,"datetime":"2026-10-03T20:48:12.000000Z","filename":"https://olm-s3.s3.eu-west-1.amazonaws.com/2026/10/03/KJmFzccd9ZfBsKCt122M0Y544CWPjQubCJ3pY3Vs.jpg","tags":[{"type":"standard","category":"food","item":"wrapper","quantity":1}],"objects":[{"status":"OK","on_map":true,"group":"Convenient Food Drink","subgroup":"Snack","layer":"Foil / Plastic Film Snack Wrapper","full_name":"Convenient Food Drink \u2013 Snack \u2013 Foil / Plastic Film Snack Wrapper","olm_key":"food/wrapper","quantity":1,"picked_up":true}],"groups":["litter"],"has_litter":true,"has_pet_waste":false,"has_substances":false,"zone":"cottonwood_zone_C","zone_edge_m":74.3,"nbhd_edge_m":null}},{"type":"Feature","geometry":{"type":"Point","coordinates":[-122.55702209473,49.211071014404]},"properties":{"id":555724,"datetime":"2026-10-03T20:48:31.000000Z","filename":"https://olm-s3.s3.eu-west-1.amazonaws.com/2026/10/03/NU5E63QWagpHm71MPYm0A18IqD7Bh47zv9cn3fpJ.jpg","tags":[{"type":"standard","category":"food","item":"wrapper","quantity":1}],"objects":[{"status":"OK","on_map":true,"group":"Convenient Food Drink","subgroup":"Snack","layer":"Foil / Plastic Film Snack Wrapper","full_name":"Convenient Food Drink \u2013 Snack \u2013 Foil / Plastic Film Snack Wrapper","olm_key":"food/wrapper","quantity":1,"picked_up":true}],"groups":["litter"],"has_litter":true,"has_pet_waste":false,"has_substances":false,"zone":"cottonwood_zone_C","zone_edge_m":74.3,"nbhd_edge_m":null}},{"type":"Feature","geometry":{"type":"Point","coordinates":[-122.55702209473,49.211071014404]},"properties":{"id":555723,"datetime":"2026-10-03T20:48:43.000000Z","filename":"https://olm-s3.s3.eu-west-1.amazonaws.com/2026/10/03/9eRjLljw4aI0nx0lrMo0S6CPvyFrILLtzQfCsK0D.jpg","tags":[{"type":"standard","category":"other","item":"paper","quantity":1},{"type":"material","category":"material","item":"paper","quantity":1,"parent_category":"other","parent_item":"paper"}],"objects":[{"status":"OK","on_map":true,"group":"Piece","subgroup":"","layer":"Paper Piece","full_name":"Piece \u2013 Paper Piece","olm_key":"other/paper","quantity":1,"picked_up":true}],"groups":["litter"],"has_litter":true,"has_pet_waste":false,"has_substances":false,"zone":"cottonwood_zone_C","zone_edge_m":74.3,"nbhd_edge_m":null}},{"type":"Feature","geometry":{"type":"Point","coordinates":[-122.55702209473,49.211071014404]},"properties":{"id":555722,"datetime":"2026-10-03T20:48:58.000000Z","filename":"https://olm-s3.s3.eu-west-1.amazonaws.com/2026/10/03/qUHrjCR9wNHbVOAxU0LJVVj43fKcpSnP99dd433T.jpg","tags":[{"type":"standard","category":"other","item":"plastic","quantity":1}],"objects":[{"status":"OK","on_map":true,"group":"Piece","subgroup":"","layer":"Plastic Piece","full_name":"Piece \u2013 Plastic Piece","olm_key":"other/plastic","quantity":1,"picked_up":true}],"groups":["litter"],"has_litter":true,"has_pet_waste":false,"has_substances":false,"zone":"cottonwood_zone_C","zone_edge_m":74.3,"nbhd_edge_m":null}},{"type":"Feature","geometry":{"type":"Point","coordinates":[-122.55702209473,49.211071014404]},"properties":{"id":555721,"datetime":"2026-10-03T20:49:20.000000Z","filename":"https://olm-s3.s3.eu-west-1.amazonaws.com/2026/10/03/zHGx9hTAcMQDemy4D8LYjmKpHi6qL8UlmLLPFI8w.jpg","tags":[{"type":"standard","category":"smoking","item":"butts","quantity":1}],"objects":[{"status":"OK","on_map":true,"group":"Smoking","subgroup":"","layer":"Cigarette Butts","full_name":"Smoking \u2013 Cigarette Butts","olm_key":"smoking/butts","quantity":1,"picked_up":true}],"groups":["substances"],"has_litter":false,"has_pet_waste":false,"has_substances":true,"zone":"cottonwood_zone_C","zone_edge_m":74.3,"nbhd_edge_m":null}},{"type":"Feature","geometry":{"type":"Point","coordinates":[-122.55702209473,49.211071014404]},"properties":{"id":555720,"datetime":"2026-10-03T20:49:28.000000Z","filename":"https://olm-s3.s3.eu-west-1.amazonaws.com/2026/10/03/8OU8dtd3z18ozaIWLhr4CEWvXOz0nm1wHBNWlxgf.jpg","tags":[{"type":"standard","category":"other","item":"plastic","quantity":2}],"objects":[{"status":"OK","on_map":true,"group":"Piece","subgroup":"","layer":"Plastic Piece","full_name":"Piece \u2013 Plastic Piece","olm_key":"other/plastic","quantity":2,"picked_up":true}],"groups":["litter"],"has_litter":true,"has_pet_waste":false,"has_substances":false,"zone":"cottonwood_zone_C","zone_edge_m":74.3,"nbhd_edge_m":null}},{"type":"Feature","geometry":{"type":"Point","coordinates":[-122.55702209473,49.211071014404]},"properties":{"id":555719,"datetime":"2026-10-03T20:49:35.000000Z","filename":"https://olm-s3.s3.eu-west-1.amazonaws.com/2026/10/03/wbB3Wh0jm4z1IQPB8jzZlVkOzRCNvDtkdGaUuOyk.jpg","tags":[{"type":"standard","category":"smoking","item":"butts","quantity":1}],"objects":[{"status":"OK","on_map":true,"group":"Smoking","subgroup":"","layer":"Cigarette Butts","full_name":"Smoking \u2013 Cigarette Butts","olm_key":"smoking/butts","quantity":1,"picked_up":true}],"groups":["substances"],"has_litter":false,"has_pet_waste":false,"has_substances":true,"zone":"cottonwood_zone_C","zone_edge_m":74.3,"nbhd_edge_m":null}},{"type":"Feature","geometry":{"type":"Point","coordinates":[-122.55702209473,49.211071014404]},"properties":{"id":555718,"datetime":"2026-10-03T20:49:45.000000Z","filename":"https://olm-s3.s3.eu-west-1.amazonaws.com/2026/10/03/9LO64JryLxusCkQ8ltROddqwWZPswgOSgcHbVJCZ.jpg","tags":[{"type":"standard","category":"other","item":"other","quantity":1}],"objects":[{"status":"OK","on_map":true,"group":"Household","subgroup":"","layer":"Household misc","full_name":"Household \u2013 Household misc","olm_key":"other/other","quantity":1,"picked_up":true}],"groups":["litter"],"has_litter":true,"has_pet_waste":false,"has_substances":false,"zone":"cottonwood_zone_C","zone_edge_m":74.3,"nbhd_edge_m":null}},{"type":"Feature","geometry":{"type":"Point","coordinates":[-122.55702209473,49.211071014404]},"properties":{"id":555717,"datetime":"2026-10-03T20:50:07.000000Z","filename":"https://olm-s3.s3.eu-west-1.amazonaws.com/2026/10/03/BMOT8DAbyvOVpEfIMnOzeA0crpcht9WwDLqeMGr2.jpg","tags":[{"type":"standard","category":"smoking","item":"butts","quantity":1}],"objects":[{"status":"OK","on_map":true,"group":"Smoking","subgroup":"","layer":"Cigarette Butts","full_name":"Smoking \u2013 Cigarette Butts","olm_key":"smoking/butts","quantity":1,"picked_up":true}],"groups":["substances"],"has_litter":false,"has_pet_waste":false,"has_substances":true,"zone":"cottonwood_zone_C","zone_edge_m":74.3,"nbhd_edge_m":null}},{"type":"Feature","geometry":{"type":"Point","coordinates":[-122.55702209473,49.211071014404]},"properties":{"id":555716,"datetime":"2026-10-03T20:50:13.000000Z","filename":"https://olm-s3.s3.eu-west-1.amazonaws.com/2026/10/03/tC7zxfcH6c7dLsCzECYgyecKfHrJGxzag2LUV3P6.jpg","tags":[{"type":"standard","category":"other","item":"plastic","quantity":1}],"objects":[{"status":"OK","on_map":true,"group":"Piece","subgroup":"","layer":"Plastic Piece","full_name":"Piece \u2013 Plastic Piece","olm_key":"other/plastic","quantity":1,"picked_up":true}],"groups":["litter"],"has_litter":true,"has_pet_waste":false,"has_substances":false,"zone":"cottonwood_zone_C","zone_edge_m":74.3,"nbhd_edge_m":null}},{"type":"Feature","geometry":{"type":"Point","coordinates":[-122.55702209473,49.211071014404]},"properties":{"id":555715,"datetime":"2026-10-03T20:50:23.000000Z","filename":"https://olm-s3.s3.eu-west-1.amazonaws.com/2026/10/03/YGcJDPu7bg0ez6kilULB6mGEfOwP7VmG5JVG9kA8.jpg","tags":[{"type":"standard","category":"food","item":"wrapper","quantity":1}],"objects":[{"status":"OK","on_map":true,"group":"Convenient Food Drink","subgroup":"Snack","layer":"Foil / Plastic Film Snack Wrapper","full_name":"Convenient Food Drink \u2013 Snack \u2013 Foil / Plastic Film Snack Wrapper","olm_key":"food/wrapper","quantity":1,"picked_up":true}],"groups":["litter"],"has_litter":true,"has_pet_waste":false,"has_substances":false,"zone":"cottonwood_zone_C","zone_edge_m":74.3,"nbhd_edge_m":null}},{"type":"Feature","geometry":{"type":"Point","coordinates":[-122.55702209473,49.211071014404]},"properties":{"id":555714,"datetime":"2026-10-03T20:50:29.000000Z","filename":"https://olm-s3.s3.eu-west-1.amazonaws.com/2026/10/03/W7ZtSadGwuIiKZHHkKEN6jDDG5gU8MWLLIoFZJKg.jpg","tags":[{"type":"standard","category":"smoking","item":"butts","quantity":1}],"objects":[{"status":"OK","on_map":true,"group":"Smoking","subgroup":"","layer":"Cigarette Butts","full_name":"Smoking \u2013 Cigarette Butts","olm_key":"smoking/butts","quantity":1,"picked_up":true}],"groups":["substances"],"has_litter":false,"has_pet_waste":false,"has_substances":true,"zone":"cottonwood_zone_C","zone_edge_m":74.3,"nbhd_edge_m":null}},{"type":"Feature","geometry":{"type":"Point","coordinates":[-122.55703735352,49.211204528809]},"properties":{"id":555713,"datetime":"2026-10-03T20:50:47.000000Z","filename":"https://olm-s3.s3.eu-west-1.amazonaws.com/2026/10/03/pXsFNvM6rVrolDirtXAke8Eu39n2naZcro418jS7.jpg","tags":[{"type":"standard","category":"other","item":"plastic","quantity":1}],"objects":[{"status":"OK","on_map":true,"group":"Piece","subgroup":"","layer":"Plastic Piece","full_name":"Piece \u2013 Plastic Piece","olm_key":"other/plastic","quantity":1,"picked_up":true}],"groups":["litter"],"has_litter":true,"has_pet_waste":false,"has_substances":false,"zone":"cottonwood_zone_C","zone_edge_m":75.4,"nbhd_edge_m":null}},{"type":"Feature","geometry":{"type":"Point","coordinates":[-122.55703735352,49.211204528809]},"properties":{"id":555712,"datetime":"2026-10-03T20:50:57.000000Z","filename":"https://olm-s3.s3.eu-west-1.amazonaws.com/2026/10/03/oc4FwI9cWdRcnSQRZevcWPSFOx0WmjFeaAleT9Yg.jpg","tags":[{"type":"standard","category":"other","item":"paper","quantity":1},{"type":"material","category":"material","item":"paper","quantity":1,"parent_category":"other","parent_item":"paper"},{"type":"standard","category":"smoking","item":"butts","quantity":1}],"objects":[{"status":"OK","on_map":true,"group":"Piece","subgroup":"","layer":"Paper Piece","full_name":"Piece \u2013 Paper Piece","olm_key":"other/paper","quantity":1,"picked_up":true},{"status":"OK","on_map":true,"group":"Smoking","subgroup":"","layer":"Cigarette Butts","full_name":"Smoking \u2013 Cigarette Butts","olm_key":"smoking/butts","quantity":1,"picked_up":true}],"groups":["litter","substances"],"has_litter":true,"has_pet_waste":false,"has_substances":true,"zone":"cottonwood_zone_C","zone_edge_m":75.4,"nbhd_edge_m":null}},{"type":"Feature","geometry":{"type":"Point","coordinates":[-122.55703735352,49.211204528809]},"properties":{"id":555711,"datetime":"2026-10-03T20:51:25.000000Z","filename":"https://olm-s3.s3.eu-west-1.amazonaws.com/2026/10/03/nWVK5MBuG5XHospPYUGOIbeka1Eh2WByZGAaXS2h.jpg","tags":[{"type":"standard","category":"other","item":"paper","quantity":1},{"type":"material","category":"material","item":"paper","quantity":1,"parent_category":"other","parent_item":"paper"}],"objects":[{"status":"OK","on_map":true,"group":"Piece","subgroup":"","layer":"Paper Piece","full_name":"Piece \u2013 Paper Piece","olm_key":"other/paper","quantity":1,"picked_up":true}],"groups":["litter"],"has_litter":true,"has_pet_waste":false,"has_substances":false,"zone":"cottonwood_zone_C","zone_edge_m":75.4,"nbhd_edge_m":null}},{"type":"Feature","geometry":{"type":"Point","coordinates":[-122.55703735352,49.211204528809]},"properties":{"id":555710,"datetime":"2026-10-03T20:51:35.000000Z","filename":"https://olm-s3.s3.eu-west-1.amazonaws.com/2026/10/03/mibsx8klmQZqsed4PN3uTiKLAUT3l3IxrBJ8s65I.jpg","tags":[{"type":"standard","category":"smoking","item":"butts","quantity":1}],"objects":[{"status":"OK","on_map":true,"group":"Smoking","subgroup":"","layer":"Cigarette Butts","full_name":"Smoking \u2013 Cigarette Butts","olm_key":"smoking/butts","quantity":1,"picked_up":true}],"groups":["substances"],"has_litter":false,"has_pet_waste":false,"has_substances":true,"zone":"cottonwood_zone_C","zone_edge_m":75.4,"nbhd_edge_m":null}},{"type":"Feature","geometry":{"type":"Point","coordinates":[-122.55703735352,49.211204528809]},"properties":{"id":555709,"datetime":"2026-10-03T20:51:54.000000Z","filename":"https://olm-s3.s3.eu-west-1.amazonaws.com/2026/10/03/WUDfyIq0LCz5n5CssIjcwxoSfEEx6puNKlwA678B.jpg","tags":[{"type":"standard","category":"pets","item":"dogshit","quantity":1}],"objects":[{"status":"OK","on_map":true,"group":"Fecal","subgroup":"","layer":"Pet Waste Unbagged","full_name":"Fecal \u2013 Pet Waste Unbagged","olm_key":"pets/dogshit","quantity":1,"picked_up":false}],"groups":["pet_waste"],"has_litter":false,"has_pet_waste":true,"has_substances":false,"zone":"cottonwood_zone_C","zone_edge_m":75.4,"nbhd_edge_m":null}},{"type":"Feature","geometry":{"type":"Point","coordinates":[-122.55703735352,49.211204528809]},"properties":{"id":555708,"datetime":"2026-10-03T20:52:04.000000Z","filename":"https://olm-s3.s3.eu-west-1.amazonaws.com/2026/10/03/M6b1Z01T7SW8VSsaLThxpwnMuP1eb5YapLcDvDJk.jpg","tags":[{"type":"standard","category":"pets","item":"dogshit","quantity":1}],"objects":[{"status":"OK","on_map":true,"group":"Fecal","subgroup":"","layer":"Pet Waste Unbagged","full_name":"Fecal \u2013 Pet Waste Unbagged","olm_key":"pets/dogshit","quantity":1,"picked_up":false}],"groups":["pet_waste"],"has_litter":false,"has_pet_waste":true,"has_substances":false,"zone":"cottonwood_zone_C","zone_edge_m":75.4,"nbhd_edge_m":null}},{"type":"Feature","geometry":{"type":"Point","coordinates":[-122.55703735352,49.211204528809]},"properties":{"id":555707,"datetime":"2026-10-03T20:52:07.000000Z","filename":"https://olm-s3.s3.eu-west-1.amazonaws.com/2026/10/03/cC1JUXx2TwcgKHAOsvS9SQHYTNk9puy6a3nFtH9y.jpg","tags":[{"type":"standard","category":"pets","item":"dogshit","quantity":1}],"objects":[{"status":"OK","on_map":true,"group":"Fecal","subgroup":"","layer":"Pet Waste Unbagged","full_name":"Fecal \u2013 Pet Waste Unbagged","olm_key":"pets/dogshit","quantity":1,"picked_up":false}],"groups":["pet_waste"],"has_litter":false,"has_pet_waste":true,"has_substances":false,"zone":"cottonwood_zone_C","zone_edge_m":75.4,"nbhd_edge_m":null}},{"type":"Feature","geometry":{"type":"Point","coordinates":[-122.55703735352,49.211204528809]},"properties":{"id":555706,"datetime":"2026-10-03T20:52:18.000000Z","filename":"https://olm-s3.s3.eu-west-1.amazonaws.com/2026/10/03/EAfzdKcJOUWpOmusYSyHEeglw1460biaLlbY4mUT.jpg","tags":[{"type":"standard","category":"other","item":"paper","quantity":1},{"type":"material","category":"material","item":"paper","quantity":1,"parent_category":"other","parent_item":"paper"}],"objects":[{"status":"OK","on_map":true,"group":"Piece","subgroup":"","layer":"Paper Piece","full_name":"Piece \u2013 Paper Piece","olm_key":"other/paper","quantity":1,"picked_up":true}],"groups":["litter"],"has_litter":true,"has_pet_waste":false,"has_substances":false,"zone":"cottonwood_zone_C","zone_edge_m":75.4,"nbhd_edge_m":null}},{"type":"Feature","geometry":{"type":"Point","coordinates":[-122.55703735352,49.211204528809]},"properties":{"id":555705,"datetime":"2026-10-03T20:52:26.000000Z","filename":"https://olm-s3.s3.eu-west-1.amazonaws.com/2026/10/03/TjbE5dwKvXaSHTr0DRAQuGRpwb431GlmqYxTXSFR.jpg","tags":[{"type":"standard","category":"smoking","item":"butts","quantity":1}],"objects":[{"status":"OK","on_map":true,"group":"Smoking","subgroup":"","layer":"Cigarette Butts","full_name":"Smoking \u2013 Cigarette Butts","olm_key":"smoking/butts","quantity":1,"picked_up":true}],"groups":["substances"],"has_litter":false,"has_pet_waste":false,"has_substances":true,"zone":"cottonwood_zone_C","zone_edge_m":75.4,"nbhd_edge_m":null}},{"type":"Feature","geometry":{"type":"Point","coordinates":[-122.55703735352,49.211204528809]},"properties":{"id":555704,"datetime":"2026-10-03T20:52:37.000000Z","filename":"https://olm-s3.s3.eu-west-1.amazonaws.com/2026/10/03/MBCgqmV44GBexLoFF6atRehS7pQFdaU7dcHtVDvn.jpg","tags":[{"type":"standard","category":"food","item":"gum","quantity":1}],"objects":[{"status":"OK","on_map":true,"group":"Convenient Food Drink","subgroup":"Snack","layer":"Chewed Gum","full_name":"Convenient Food Drink \u2013 Snack \u2013 Chewed Gum","olm_key":"food/gum","quantity":1,"picked_up":true}],"groups":["litter"],"has_litter":true,"has_pet_waste":false,"has_substances":false,"zone":"cottonwood_zone_C","zone_edge_m":75.4,"nbhd_edge_m":null}},{"type":"Feature","geometry":{"type":"Point","coordinates":[-122.55703735352,49.211204528809]},"properties":{"id":555703,"datetime":"2026-10-03T20:53:14.000000Z","filename":"https://olm-s3.s3.eu-west-1.amazonaws.com/2026/10/03/YzKbR3oonjLvBnFcIJz5l5SRqr65djwn7lJgclbe.jpg","tags":[{"type":"standard","category":"other","item":"other","quantity":1}],"objects":[{"status":"OK","on_map":true,"group":"Household","subgroup":"","layer":"Household misc","full_name":"Household \u2013 Household misc","olm_key":"other/other","quantity":1,"picked_up":true}],"groups":["litter"],"has_litter":true,"has_pet_waste":false,"has_substances":false,"zone":"cottonwood_zone_C","zone_edge_m":75.4,"nbhd_edge_m":null}},{"type":"Feature","geometry":{"type":"Point","coordinates":[-122.55703735352,49.211204528809]},"properties":{"id":555702,"datetime":"2026-10-03T20:53:34.000000Z","filename":"https://olm-s3.s3.eu-west-1.amazonaws.com/2026/10/03/ygFWh6I91OOa7Mg3pOCmzLrZqUXzLr3lRFwaYVlL.jpg","tags":[{"type":"standard","category":"other","item":"paper","quantity":1},{"type":"material","category":"material","item":"paper","quantity":1,"parent_category":"other","parent_item":"paper"}],"objects":[{"status":"OK","on_map":true,"group":"Piece","subgroup":"","layer":"Paper Piece","full_name":"Piece \u2013 Paper Piece","olm_key":"other/paper","quantity":1,"picked_up":true}],"groups":["litter"],"has_litter":true,"has_pet_waste":false,"has_substances":false,"zone":"cottonwood_zone_C","zone_edge_m":75.4,"nbhd_edge_m":null}},{"type":"Feature","geometry":{"type":"Point","coordinates":[-122.55703735352,49.211204528809]},"properties":{"id":555701,"datetime":"2026-10-03T20:53:41.000000Z","filename":"https://olm-s3.s3.eu-west-1.amazonaws.com/2026/10/03/vfIseWYEefiI37owwaHrOjYiZ7NuXWoHQXpfvwfW.jpg","tags":[{"type":"standard","category":"pets","item":"dogshit","quantity":1}],"objects":[{"status":"OK","on_map":true,"group":"Fecal","subgroup":"","layer":"Pet Waste Unbagged","full_name":"Fecal \u2013 Pet Waste Unbagged","olm_key":"pets/dogshit","quantity":1,"picked_up":false}],"groups":["pet_waste"],"has_litter":false,"has_pet_waste":true,"has_substances":false,"zone":"cottonwood_zone_C","zone_edge_m":75.4,"nbhd_edge_m":null}},{"type":"Feature","geometry":{"type":"Point","coordinates":[-122.55703735352,49.211204528809]},"properties":{"id":555700,"datetime":"2026-10-03T20:53:47.000000Z","filename":"https://olm-s3.s3.eu-west-1.amazonaws.com/2026/10/03/JoClWzLBUIv7HsFLL1kBeGkbZiUhZNtqerQPklmX.jpg","tags":[{"type":"standard","category":"food","item":"napkins","quantity":1},{"type":"material","category":"material","item":"paper","quantity":1,"parent_category":"food","parent_item":"napkins"}],"objects":[{"status":"OK","on_map":true,"group":"Convenient Food Drink","subgroup":"Take-out","layer":"Napkins","full_name":"Convenient Food Drink \u2013 Take-out \u2013 Napkins","olm_key":"food/napkins","quantity":1,"picked_up":true}],"groups":["litter"],"has_litter":true,"has_pet_waste":false,"has_substances":false,"zone":"cottonwood_zone_C","zone_edge_m":75.4,"nbhd_edge_m":null}},{"type":"Feature","geometry":{"type":"Point","coordinates":[-122.55703735352,49.211204528809]},"properties":{"id":555699,"datetime":"2026-10-03T20:53:56.000000Z","filename":"https://olm-s3.s3.eu-west-1.amazonaws.com/2026/10/03/WPSM0o2ahcmaOt5vgfsJXC0zSEFjyMdE53Bd9pfP.jpg","tags":[{"type":"standard","category":"sanitary","item":"wipes","quantity":2}],"objects":[{"status":"OK","on_map":true,"group":"Household","subgroup":"","layer":"Wet Wipes","full_name":"Household \u2013 Wet Wipes","olm_key":"sanitary/wipes","quantity":2,"picked_up":true}],"groups":["litter"],"has_litter":true,"has_pet_waste":false,"has_substances":false,"zone":"cottonwood_zone_C","zone_edge_m":75.4,"nbhd_edge_m":null}},{"type":"Feature","geometry":{"type":"Point","coordinates":[-122.55703735352,49.211204528809]},"properties":{"id":555698,"datetime":"2026-10-03T20:54:01.000000Z","filename":"https://olm-s3.s3.eu-west-1.amazonaws.com/2026/10/03/lC0QyNnikk7TbOkWFlhf1K70RIPfnsVBofI1jxUX.jpg","tags":[{"type":"standard","category":"food","item":"wrapper","quantity":1}],"objects":[{"status":"OK","on_map":true,"group":"Convenient Food Drink","subgroup":"Snack","layer":"Foil / Plastic Film Snack Wrapper","full_name":"Convenient Food Drink \u2013 Snack \u2013 Foil / Plastic Film Snack Wrapper","olm_key":"food/wrapper","quantity":1,"picked_up":true}],"groups":["litter"],"has_litter":true,"has_pet_waste":false,"has_substances":false,"zone":"cottonwood_zone_C","zone_edge_m":75.4,"nbhd_edge_m":null}},{"type":"Feature","geometry":{"type":"Point","coordinates":[-122.55697631836,49.211948394775]},"properties":{"id":555697,"datetime":"2026-10-03T20:54:25.000000Z","filename":"https://olm-s3.s3.eu-west-1.amazonaws.com/2026/10/03/kjjfNL6hrQDWjqyo1T64ab2A3AN0JAPMQSlv33dm.jpg","tags":[{"type":"standard","category":"other","item":"paper","quantity":1},{"type":"material","category":"material","item":"paper","quantity":1,"parent_category":"other","parent_item":"paper"}],"objects":[{"status":"OK","on_map":true,"group":"Piece","subgroup":"","layer":"Paper Piece","full_name":"Piece \u2013 Paper Piece","olm_key":"other/paper","quantity":1,"picked_up":true}],"groups":["litter"],"has_litter":true,"has_pet_waste":false,"has_substances":false,"zone":"cottonwood_zone_C","zone_edge_m":71.0,"nbhd_edge_m":null}},{"type":"Feature","geometry":{"type":"Point","coordinates":[-122.55697631836,49.211948394775]},"properties":{"id":555696,"datetime":"2026-10-03T20:54:43.000000Z","filename":"https://olm-s3.s3.eu-west-1.amazonaws.com/2026/10/03/s9mJ3Lt11KYlFPtnprFIGDSNxeEpRU9QA4HiVCIA.jpg","tags":[{"type":"standard","category":"other","item":"clothing","quantity":1}],"objects":[{"status":"OK","on_map":true,"group":"Household","subgroup":"","layer":"Abandoned Textile Apparel","full_name":"Household \u2013 Abandoned Textile Apparel","olm_key":"other/clothing","quantity":1,"picked_up":true}],"groups":["litter"],"has_litter":true,"has_pet_waste":false,"has_substances":false,"zone":"cottonwood_zone_C","zone_edge_m":71.0,"nbhd_edge_m":null}},{"type":"Feature","geometry":{"type":"Point","coordinates":[-122.55697631836,49.211948394775]},"properties":{"id":555695,"datetime":"2026-10-03T20:55:01.000000Z","filename":"https://olm-s3.s3.eu-west-1.amazonaws.com/2026/10/03/o09LIr5JVqWvYnSMBhAl0OqfqSDqtE5NXzwDjZ64.jpg","tags":[{"type":"standard","category":"other","item":"paper","quantity":1},{"type":"material","category":"material","item":"paper","quantity":1,"parent_category":"other","parent_item":"paper"}],"objects":[{"status":"OK","on_map":true,"group":"Piece","subgroup":"","layer":"Paper Piece","full_name":"Piece \u2013 Paper Piece","olm_key":"other/paper","quantity":1,"picked_up":true}],"groups":["litter"],"has_litter":true,"has_pet_waste":false,"has_substances":false,"zone":"cottonwood_zone_C","zone_edge_m":71.0,"nbhd_edge_m":null}},{"type":"Feature","geometry":{"type":"Point","coordinates":[-122.55697631836,49.211948394775]},"properties":{"id":555694,"datetime":"2026-10-03T20:55:13.000000Z","filename":"https://olm-s3.s3.eu-west-1.amazonaws.com/2026/10/03/iOb1lIDh3WfZs9yaJKQrKILAsTpkiZp8WDPi2DMA.jpg","tags":[{"type":"standard","category":"softdrinks","item":"cup","quantity":1}],"objects":[{"status":"OK","on_map":true,"group":"Convenient Food Drink","subgroup":"Drink","layer":"Cold Beverage Cup","full_name":"Convenient Food Drink \u2013 Drink \u2013 Cold Beverage Cup","olm_key":"softdrinks/cup","quantity":1,"picked_up":true}],"groups":["litter"],"has_litter":true,"has_pet_waste":false,"has_substances":false,"zone":"cottonwood_zone_C","zone_edge_m":71.0,"nbhd_edge_m":null}},{"type":"Feature","geometry":{"type":"Point","coordinates":[-122.55697631836,49.211948394775]},"properties":{"id":555693,"datetime":"2026-10-03T20:55:19.000000Z","filename":"https://olm-s3.s3.eu-west-1.amazonaws.com/2026/10/03/ljpLCWROhf7wzKGiQ7qf3NNMCr59RIXHKM2HMSUU.jpg","tags":[{"type":"standard","category":"smoking","item":"butts","quantity":1}],"objects":[{"status":"OK","on_map":true,"group":"Smoking","subgroup":"","layer":"Cigarette Butts","full_name":"Smoking \u2013 Cigarette Butts","olm_key":"smoking/butts","quantity":1,"picked_up":true}],"groups":["substances"],"has_litter":false,"has_pet_waste":false,"has_substances":true,"zone":"cottonwood_zone_C","zone_edge_m":71.0,"nbhd_edge_m":null}},{"type":"Feature","geometry":{"type":"Point","coordinates":[-122.55697631836,49.211948394775]},"properties":{"id":555692,"datetime":"2026-10-03T20:55:26.000000Z","filename":"https://olm-s3.s3.eu-west-1.amazonaws.com/2026/10/03/P4UclRuh0WIXnJ3UQx4PmodaTYQDwwAgUEwdOKHl.jpg","tags":[{"type":"standard","category":"smoking","item":"butts","quantity":1}],"objects":[{"status":"OK","on_map":true,"group":"Smoking","subgroup":"","layer":"Cigarette Butts","full_name":"Smoking \u2013 Cigarette Butts","olm_key":"smoking/butts","quantity":1,"picked_up":true}],"groups":["substances"],"has_litter":false,"has_pet_waste":false,"has_substances":true,"zone":"cottonwood_zone_C","zone_edge_m":71.0,"nbhd_edge_m":null}},{"type":"Feature","geometry":{"type":"Point","coordinates":[-122.55697631836,49.211948394775]},"properties":{"id":555691,"datetime":"2026-10-03T20:55:35.000000Z","filename":"https://olm-s3.s3.eu-west-1.amazonaws.com/2026/10/03/mxYtXMcbgRiHrgN4xz4vkARf3t4bA0KN2Th8A3fw.jpg","tags":[{"type":"standard","category":"other","item":"plastic","quantity":1}],"objects":[{"status":"OK","on_map":true,"group":"Piece","subgroup":"","layer":"Plastic Piece","full_name":"Piece \u2013 Plastic Piece","olm_key":"other/plastic","quantity":1,"picked_up":true}],"groups":["litter"],"has_litter":true,"has_pet_waste":false,"has_substances":false,"zone":"cottonwood_zone_C","zone_edge_m":71.0,"nbhd_edge_m":null}},{"type":"Feature","geometry":{"type":"Point","coordinates":[-122.55693054199,49.212238311768]},"properties":{"id":555690,"datetime":"2026-10-03T20:56:05.000000Z","filename":"https://olm-s3.s3.eu-west-1.amazonaws.com/2026/10/03/7n9XLUWZc2qh8T1OidHEkALzd56sOeu8C5Ppto4J.jpg","tags":[{"type":"standard","category":"smoking","item":"butts","quantity":1}],"objects":[{"status":"OK","on_map":true,"group":"Smoking","subgroup":"","layer":"Cigarette Butts","full_name":"Smoking \u2013 Cigarette Butts","olm_key":"smoking/butts","quantity":1,"picked_up":true}],"groups":["substances"],"has_litter":false,"has_pet_waste":false,"has_substances":true,"zone":"cottonwood_zone_C","zone_edge_m":42.5,"nbhd_edge_m":null}},{"type":"Feature","geometry":{"type":"Point","coordinates":[-122.55690765381,49.212268829346]},"properties":{"id":555689,"datetime":"2026-10-03T20:56:16.000000Z","filename":"https://olm-s3.s3.eu-west-1.amazonaws.com/2026/10/03/rmZm8WGHYRbQp0LincNUtqQWlFzSFoF2RwiYgCEX.jpg","tags":[{"type":"standard","category":"other","item":"plastic","quantity":1},{"type":"standard","category":"softdrinks","item":"lid","quantity":1}],"objects":[{"status":"OK","on_map":true,"group":"Piece","subgroup":"","layer":"Plastic Piece","full_name":"Piece \u2013 Plastic Piece","olm_key":"other/plastic","quantity":1,"picked_up":true},{"status":"OK","on_map":true,"group":"Convenient Food Drink","subgroup":"Drink","layer":"Cold Beverage Lid","full_name":"Convenient Food Drink \u2013 Drink \u2013 Cold Beverage Lid","olm_key":"softdrinks/lid","quantity":1,"picked_up":true}],"groups":["litter"],"has_litter":true,"has_pet_waste":false,"has_substances":false,"zone":"cottonwood_zone_C","zone_edge_m":39.1,"nbhd_edge_m":null}},{"type":"Feature","geometry":{"type":"Point","coordinates":[-122.55695343018,49.212295532227]},"properties":{"id":555688,"datetime":"2026-10-03T20:56:28.000000Z","filename":"https://olm-s3.s3.eu-west-1.amazonaws.com/2026/10/03/zb0885sLHglWl4rKkeJh9crgrdSKOXdFxTFPiXPr.jpg","tags":[{"type":"standard","category":"smoking","item":"butts","quantity":1}],"objects":[{"status":"OK","on_map":true,"group":"Smoking","subgroup":"","layer":"Cigarette Butts","full_name":"Smoking \u2013 Cigarette Butts","olm_key":"smoking/butts","quantity":1,"picked_up":true}],"groups":["substances"],"has_litter":false,"has_pet_waste":false,"has_substances":true,"zone":"cottonwood_zone_C","zone_edge_m":36.1,"nbhd_edge_m":null}},{"type":"Feature","geometry":{"type":"Point","coordinates":[-122.55695343018,49.212295532227]},"properties":{"id":555687,"datetime":"2026-10-03T20:56:34.000000Z","filename":"https://olm-s3.s3.eu-west-1.amazonaws.com/2026/10/03/JuTPECc7ArGuPZJ3079fLaSCpj0BPIjECg0Gtkrd.jpg","tags":[{"type":"standard","category":"food","item":"other","quantity":1}],"objects":[{"status":"OK","on_map":true,"group":"Household","subgroup":"","layer":"Organic Debris, Misc.","full_name":"Household \u2013 Organic Debris, Misc.","olm_key":"food/other","quantity":1,"picked_up":true}],"groups":["litter"],"has_litter":true,"has_pet_waste":false,"has_substances":false,"zone":"cottonwood_zone_C","zone_edge_m":36.1,"nbhd_edge_m":null}},{"type":"Feature","geometry":{"type":"Point","coordinates":[-122.55695343018,49.212295532227]},"properties":{"id":555686,"datetime":"2026-10-03T20:56:39.000000Z","filename":"https://olm-s3.s3.eu-west-1.amazonaws.com/2026/10/03/QE6mnPxmgc2L5HUx9uFuoMbJtb2c37ZHQkIXTqMj.jpg","tags":[{"type":"standard","category":"softdrinks","item":"straw","quantity":1}],"objects":[{"status":"OK","on_map":true,"group":"Convenient Food Drink","subgroup":"Drink","layer":"Paper Drink Straws","full_name":"Convenient Food Drink \u2013 Drink \u2013 Paper Drink Straws","olm_key":"softdrinks/straw","quantity":1,"picked_up":true}],"groups":["litter"],"has_litter":true,"has_pet_waste":false,"has_substances":false,"zone":"cottonwood_zone_C","zone_edge_m":36.1,"nbhd_edge_m":null}},{"type":"Feature","geometry":{"type":"Point","coordinates":[-122.55695343018,49.212295532227]},"properties":{"id":555685,"datetime":"2026-10-03T20:56:44.000000Z","filename":"https://olm-s3.s3.eu-west-1.amazonaws.com/2026/10/03/7FZvvRexYiJOsM6mse7hSHd4oVcGr9hMyAYWVOfX.jpg","tags":[{"type":"standard","category":"other","item":"plastic","quantity":1}],"objects":[{"status":"OK","on_map":true,"group":"Piece","subgroup":"","layer":"Plastic Piece","full_name":"Piece \u2013 Plastic Piece","olm_key":"other/plastic","quantity":1,"picked_up":true}],"groups":["litter"],"has_litter":true,"has_pet_waste":false,"has_substances":false,"zone":"cottonwood_zone_C","zone_edge_m":36.1,"nbhd_edge_m":null}},{"type":"Feature","geometry":{"type":"Point","coordinates":[-122.55695343018,49.212295532227]},"properties":{"id":555684,"datetime":"2026-10-03T20:57:26.000000Z","filename":"https://olm-s3.s3.eu-west-1.amazonaws.com/2026/10/03/ZmEaCKTntPvpLOJ9xzuy4RijmuHM6kUTHLPlJg1W.jpg","tags":[{"type":"standard","category":"other","item":"plastic","quantity":1}],"objects":[{"status":"OK","on_map":true,"group":"Piece","subgroup":"","layer":"Plastic Piece","full_name":"Piece \u2013 Plastic Piece","olm_key":"other/plastic","quantity":1,"picked_up":true}],"groups":["litter"],"has_litter":true,"has_pet_waste":false,"has_substances":false,"zone":"cottonwood_zone_C","zone_edge_m":36.1,"nbhd_edge_m":null}},{"type":"Feature","geometry":{"type":"Point","coordinates":[-122.55695343018,49.212295532227]},"properties":{"id":555683,"datetime":"2026-10-03T20:57:36.000000Z","filename":"https://olm-s3.s3.eu-west-1.amazonaws.com/2026/10/03/rhM8r0AG7xzfAxIv0MbGMaQbUg74SlHirQJCf6zI.jpg","tags":[{"type":"standard","category":"other","item":"plastic","quantity":1}],"objects":[{"status":"OK","on_map":true,"group":"Piece","subgroup":"","layer":"Plastic Piece","full_name":"Piece \u2013 Plastic Piece","olm_key":"other/plastic","quantity":1,"picked_up":true}],"groups":["litter"],"has_litter":true,"has_pet_waste":false,"has_substances":false,"zone":"cottonwood_zone_C","zone_edge_m":36.1,"nbhd_edge_m":null}},{"type":"Feature","geometry":{"type":"Point","coordinates":[-122.55695343018,49.212295532227]},"properties":{"id":555682,"datetime":"2026-10-03T20:57:40.000000Z","filename":"https://olm-s3.s3.eu-west-1.amazonaws.com/2026/10/03/NhiTYxH4lqGkfLHfli7woTBR4O0MYfZdJHp1UtXx.jpg","tags":[{"type":"standard","category":"other","item":"plastic","quantity":1}],"objects":[{"status":"OK","on_map":true,"group":"Piece","subgroup":"","layer":"Plastic Piece","full_name":"Piece \u2013 Plastic Piece","olm_key":"other/plastic","quantity":1,"picked_up":true}],"groups":["litter"],"has_litter":true,"has_pet_waste":false,"has_substances":false,"zone":"cottonwood_zone_C","zone_edge_m":36.1,"nbhd_edge_m":null}},{"type":"Feature","geometry":{"type":"Point","coordinates":[-122.55695343018,49.212295532227]},"properties":{"id":555681,"datetime":"2026-10-03T20:58:08.000000Z","filename":"https://olm-s3.s3.eu-west-1.amazonaws.com/2026/10/03/K9B06RcNypFZcv97bBvdC8r1u4fwnna3klh2ZJDw.jpg","tags":[{"type":"standard","category":"smoking","item":"butts","quantity":1}],"objects":[{"status":"OK","on_map":true,"group":"Smoking","subgroup":"","layer":"Cigarette Butts","full_name":"Smoking \u2013 Cigarette Butts","olm_key":"smoking/butts","quantity":1,"picked_up":true}],"groups":["substances"],"has_litter":false,"has_pet_waste":false,"has_substances":true,"zone":"cottonwood_zone_C","zone_edge_m":36.1,"nbhd_edge_m":null}},{"type":"Feature","geometry":{"type":"Point","coordinates":[-122.55695343018,49.212295532227]},"properties":{"id":555680,"datetime":"2026-10-03T20:58:21.000000Z","filename":"https://olm-s3.s3.eu-west-1.amazonaws.com/2026/10/03/pirkFbnH4C15q4arKJVsXN92mxnteYTsvpk4AGyE.jpg","tags":[{"type":"standard","category":"smoking","item":"butts","quantity":1}],"objects":[{"status":"OK","on_map":true,"group":"Smoking","subgroup":"","layer":"Cigarette Butts","full_name":"Smoking \u2013 Cigarette Butts","olm_key":"smoking/butts","quantity":1,"picked_up":true}],"groups":["substances"],"has_litter":false,"has_pet_waste":false,"has_substances":true,"zone":"cottonwood_zone_C","zone_edge_m":36.1,"nbhd_edge_m":null}},{"type":"Feature","geometry":{"type":"Point","coordinates":[-122.55695343018,49.212295532227]},"properties":{"id":555679,"datetime":"2026-10-03T20:58:30.000000Z","filename":"https://olm-s3.s3.eu-west-1.amazonaws.com/2026/10/03/43pL0zR9mErAEJr6Pk58NlQHbLtAOZgQBMbJJN0p.jpg","tags":[{"type":"standard","category":"other","item":"paper","quantity":1},{"type":"material","category":"material","item":"paper","quantity":1,"parent_category":"other","parent_item":"paper"}],"objects":[{"status":"OK","on_map":true,"group":"Piece","subgroup":"","layer":"Paper Piece","full_name":"Piece \u2013 Paper Piece","olm_key":"other/paper","quantity":1,"picked_up":true}],"groups":["litter"],"has_litter":true,"has_pet_waste":false,"has_substances":false,"zone":"cottonwood_zone_C","zone_edge_m":36.1,"nbhd_edge_m":null}},{"type":"Feature","geometry":{"type":"Point","coordinates":[-122.55695343018,49.212295532227]},"properties":{"id":555678,"datetime":"2026-10-03T20:58:35.000000Z","filename":"https://olm-s3.s3.eu-west-1.amazonaws.com/2026/10/03/YuxQabukwQ27xXhn63e8mvXGhYH0gtTnwMNkaifs.jpg","tags":[{"type":"standard","category":"other","item":"paper","quantity":1},{"type":"material","category":"material","item":"paper","quantity":1,"parent_category":"other","parent_item":"paper"}],"objects":[{"status":"OK","on_map":true,"group":"Piece","subgroup":"","layer":"Paper Piece","full_name":"Piece \u2013 Paper Piece","olm_key":"other/paper","quantity":1,"picked_up":true}],"groups":["litter"],"has_litter":true,"has_pet_waste":false,"has_substances":false,"zone":"cottonwood_zone_C","zone_edge_m":36.1,"nbhd_edge_m":null}},{"type":"Feature","geometry":{"type":"Point","coordinates":[-122.55695343018,49.212295532227]},"properties":{"id":555677,"datetime":"2026-10-03T20:58:42.000000Z","filename":"https://olm-s3.s3.eu-west-1.amazonaws.com/2026/10/03/wK57z15ENyyy9DNubHluswuZYrzZjWJuNsIhNVc7.jpg","tags":[{"type":"standard","category":"smoking","item":"butts","quantity":1}],"objects":[{"status":"OK","on_map":true,"group":"Smoking","subgroup":"","layer":"Cigarette Butts","full_name":"Smoking \u2013 Cigarette Butts","olm_key":"smoking/butts","quantity":1,"picked_up":true}],"groups":["substances"],"has_litter":false,"has_pet_waste":false,"has_substances":true,"zone":"cottonwood_zone_C","zone_edge_m":36.1,"nbhd_edge_m":null}},{"type":"Feature","geometry":{"type":"Point","coordinates":[-122.55695343018,49.212295532227]},"properties":{"id":555676,"datetime":"2026-10-03T20:58:55.000000Z","filename":"https://olm-s3.s3.eu-west-1.amazonaws.com/2026/10/03/0FNIQn9gkS4WI7n5GGwp6TnN9iFYJoc1uqDEg9M7.jpg","tags":[{"type":"standard","category":"food","item":"wrapper","quantity":1}],"objects":[{"status":"OK","on_map":true,"group":"Convenient Food Drink","subgroup":"Snack","layer":"Foil / Plastic Film Snack Wrapper","full_name":"Convenient Food Drink \u2013 Snack \u2013 Foil / Plastic Film Snack Wrapper","olm_key":"food/wrapper","quantity":1,"picked_up":true}],"groups":["litter"],"has_litter":true,"has_pet_waste":false,"has_substances":false,"zone":"cottonwood_zone_C","zone_edge_m":36.1,"nbhd_edge_m":null}},{"type":"Feature","geometry":{"type":"Point","coordinates":[-122.55695343018,49.212295532227]},"properties":{"id":555675,"datetime":"2026-10-03T20:59:01.000000Z","filename":"https://olm-s3.s3.eu-west-1.amazonaws.com/2026/10/03/DuwfkmpBnejMVUxwHdWuMMu0n4PpT3A0LvN1jXgd.jpg","tags":[{"type":"standard","category":"smoking","item":"butts","quantity":1}],"objects":[{"status":"OK","on_map":true,"group":"Smoking","subgroup":"","layer":"Cigarette Butts","full_name":"Smoking \u2013 Cigarette Butts","olm_key":"smoking/butts","quantity":1,"picked_up":true}],"groups":["substances"],"has_litter":false,"has_pet_waste":false,"has_substances":true,"zone":"cottonwood_zone_C","zone_edge_m":36.1,"nbhd_edge_m":null}},{"type":"Feature","geometry":{"type":"Point","coordinates":[-122.55695343018,49.212295532227]},"properties":{"id":555674,"datetime":"2026-10-03T20:59:09.000000Z","filename":"https://olm-s3.s3.eu-west-1.amazonaws.com/2026/10/03/RgRNrQKoGxpnsy04t1AgvYvG1nVGzTD0FiQZ0tJD.jpg","tags":[{"type":"standard","category":"smoking","item":"butts","quantity":1}],"objects":[{"status":"OK","on_map":true,"group":"Smoking","subgroup":"","layer":"Cigarette Butts","full_name":"Smoking \u2013 Cigarette Butts","olm_key":"smoking/butts","quantity":1,"picked_up":true}],"groups":["substances"],"has_litter":false,"has_pet_waste":false,"has_substances":true,"zone":"cottonwood_zone_C","zone_edge_m":36.1,"nbhd_edge_m":null}},{"type":"Feature","geometry":{"type":"Point","coordinates":[-122.55695343018,49.212295532227]},"properties":{"id":555673,"datetime":"2026-10-03T20:59:17.000000Z","filename":"https://olm-s3.s3.eu-west-1.amazonaws.com/2026/10/03/04cJrYtTzZnrnsrpaGBDEcY42q8x2re0ZapvvMNX.jpg","tags":[{"type":"standard","category":"smoking","item":"butts","quantity":1}],"objects":[{"status":"OK","on_map":true,"group":"Smoking","subgroup":"","layer":"Cigarette Butts","full_name":"Smoking \u2013 Cigarette Butts","olm_key":"smoking/butts","quantity":1,"picked_up":true}],"groups":["substances"],"has_litter":false,"has_pet_waste":false,"has_substances":true,"zone":"cottonwood_zone_C","zone_edge_m":36.1,"nbhd_edge_m":null}},{"type":"Feature","geometry":{"type":"Point","coordinates":[-122.55695343018,49.212295532227]},"properties":{"id":555672,"datetime":"2026-10-03T20:59:27.000000Z","filename":"https://olm-s3.s3.eu-west-1.amazonaws.com/2026/10/03/4Tdpj6bwBVWiQHlWsPnXex3IceaFxKhw9iOf6RGF.jpg","tags":[{"type":"standard","category":"smoking","item":"butts","quantity":1}],"objects":[{"status":"OK","on_map":true,"group":"Smoking","subgroup":"","layer":"Cigarette Butts","full_name":"Smoking \u2013 Cigarette Butts","olm_key":"smoking/butts","quantity":1,"picked_up":true}],"groups":["substances"],"has_litter":false,"has_pet_waste":false,"has_substances":true,"zone":"cottonwood_zone_C","zone_edge_m":36.1,"nbhd_edge_m":null}},{"type":"Feature","geometry":{"type":"Point","coordinates":[-122.55695343018,49.212295532227]},"properties":{"id":555671,"datetime":"2026-10-03T20:59:40.000000Z","filename":"https://olm-s3.s3.eu-west-1.amazonaws.com/2026/10/03/pZxQdGUFnAKMfPEjfq0hQ0UypuPRGSBiYI5xzwyH.jpg","tags":[{"type":"standard","category":"other","item":"plastic","quantity":1}],"objects":[{"status":"OK","on_map":true,"group":"Piece","subgroup":"","layer":"Plastic Piece","full_name":"Piece \u2013 Plastic Piece","olm_key":"other/plastic","quantity":1,"picked_up":true}],"groups":["litter"],"has_litter":true,"has_pet_waste":false,"has_substances":false,"zone":"cottonwood_zone_C","zone_edge_m":36.1,"nbhd_edge_m":null}},{"type":"Feature","geometry":{"type":"Point","coordinates":[-122.55695343018,49.212295532227]},"properties":{"id":555670,"datetime":"2026-10-03T20:59:50.000000Z","filename":"https://olm-s3.s3.eu-west-1.amazonaws.com/2026/10/03/JsimkAEsA0AzV2klTpr6Ld8YxG1O76HCaawztLCg.jpg","tags":[{"type":"standard","category":"smoking","item":"butts","quantity":1}],"objects":[{"status":"OK","on_map":true,"group":"Smoking","subgroup":"","layer":"Cigarette Butts","full_name":"Smoking \u2013 Cigarette Butts","olm_key":"smoking/butts","quantity":1,"picked_up":true}],"groups":["substances"],"has_litter":false,"has_pet_waste":false,"has_substances":true,"zone":"cottonwood_zone_C","zone_edge_m":36.1,"nbhd_edge_m":null}},{"type":"Feature","geometry":{"type":"Point","coordinates":[-122.55695343018,49.212295532227]},"properties":{"id":555669,"datetime":"2026-10-03T21:00:01.000000Z","filename":"https://olm-s3.s3.eu-west-1.amazonaws.com/2026/10/03/PekbNg8MPBfpFDTSAtgBfIjo9PPD5vP38zs8P4tD.jpg","tags":[{"type":"standard","category":"softdrinks","item":"straw_wrapper","quantity":1}],"objects":[{"status":"OK","on_map":true,"group":"Convenient Food Drink","subgroup":"Drink","layer":"Drink Straw Wrapper","full_name":"Convenient Food Drink \u2013 Drink \u2013 Drink Straw Wrapper","olm_key":"softdrinks/straw_wrapper","quantity":1,"picked_up":true}],"groups":["litter"],"has_litter":true,"has_pet_waste":false,"has_substances":false,"zone":"cottonwood_zone_C","zone_edge_m":36.1,"nbhd_edge_m":null}},{"type":"Feature","geometry":{"type":"Point","coordinates":[-122.55695343018,49.212295532227]},"properties":{"id":555668,"datetime":"2026-10-03T21:00:11.000000Z","filename":"https://olm-s3.s3.eu-west-1.amazonaws.com/2026/10/03/0J9f5bdRVWFWRwu6sqqVbbmiORR6Q6tOot67eETo.jpg","tags":[{"type":"standard","category":"food","item":"gum","quantity":1}],"objects":[{"status":"OK","on_map":true,"group":"Convenient Food Drink","subgroup":"Snack","layer":"Chewed Gum","full_name":"Convenient Food Drink \u2013 Snack \u2013 Chewed Gum","olm_key":"food/gum","quantity":1,"picked_up":true}],"groups":["litter"],"has_litter":true,"has_pet_waste":false,"has_substances":false,"zone":"cottonwood_zone_C","zone_edge_m":36.1,"nbhd_edge_m":null}},{"type":"Feature","geometry":{"type":"Point","coordinates":[-122.55693817139,49.212959289551]},"properties":{"id":555667,"datetime":"2026-10-03T21:02:27.000000Z","filename":"https://olm-s3.s3.eu-west-1.amazonaws.com/2026/10/03/hB2fUyLJNptAgJ2CRBRv40HsQKMZB8yAQJrJXh7N.jpg","tags":[{"type":"standard","category":"other","item":"clothing","quantity":1}],"objects":[{"status":"OK","on_map":true,"group":"Household","subgroup":"","layer":"Abandoned Textile Apparel","full_name":"Household \u2013 Abandoned Textile Apparel","olm_key":"other/clothing","quantity":1,"picked_up":true}],"groups":["litter"],"has_litter":true,"has_pet_waste":false,"has_substances":false,"zone":"cottonwood_zone_B","zone_edge_m":37.8,"nbhd_edge_m":null}},{"type":"Feature","geometry":{"type":"Point","coordinates":[-122.55693817139,49.212959289551]},"properties":{"id":555666,"datetime":"2026-10-03T21:03:17.000000Z","filename":"https://olm-s3.s3.eu-west-1.amazonaws.com/2026/10/03/fj7SQYinssljRfPY1qyMFs4rYFl1lu2NlrfXNuJO.jpg","tags":[{"type":"standard","category":"food","item":"packaging","quantity":1}],"objects":[{"status":"OK","on_map":true,"group":"Convenient Food Drink","subgroup":"Take-out","layer":"Food Packaging","full_name":"Convenient Food Drink \u2013 Take-out \u2013 Food Packaging","olm_key":"food/packaging","quantity":1,"picked_up":true}],"groups":["litter"],"has_litter":true,"has_pet_waste":false,"has_substances":false,"zone":"cottonwood_zone_B","zone_edge_m":37.8,"nbhd_edge_m":null}},{"type":"Feature","geometry":{"type":"Point","coordinates":[-122.55693817139,49.212959289551]},"properties":{"id":555665,"datetime":"2026-10-03T21:03:37.000000Z","filename":"https://olm-s3.s3.eu-west-1.amazonaws.com/2026/10/03/nc1NLsViinn8XRXTtnzEBJ1oT9tnWsqLZsg14fuK.jpg","tags":[{"type":"standard","category":"smoking","item":"butts","quantity":1}],"objects":[{"status":"OK","on_map":true,"group":"Smoking","subgroup":"","layer":"Cigarette Butts","full_name":"Smoking \u2013 Cigarette Butts","olm_key":"smoking/butts","quantity":1,"picked_up":true}],"groups":["substances"],"has_litter":false,"has_pet_waste":false,"has_substances":true,"zone":"cottonwood_zone_B","zone_edge_m":37.8,"nbhd_edge_m":null}},{"type":"Feature","geometry":{"type":"Point","coordinates":[-122.55693817139,49.212959289551]},"properties":{"id":555664,"datetime":"2026-10-03T21:03:58.000000Z","filename":"https://olm-s3.s3.eu-west-1.amazonaws.com/2026/10/03/nun4Yj6ioPH6iXcF8RIoFWNBb2Z64QjGCeCBLXwx.jpg","tags":[{"type":"standard","category":"pets","item":"dogshit","quantity":1}],"objects":[{"status":"OK","on_map":true,"group":"Fecal","subgroup":"","layer":"Pet Waste Unbagged","full_name":"Fecal \u2013 Pet Waste Unbagged","olm_key":"pets/dogshit","quantity":1,"picked_up":false}],"groups":["pet_waste"],"has_litter":false,"has_pet_waste":true,"has_substances":false,"zone":"cottonwood_zone_B","zone_edge_m":37.8,"nbhd_edge_m":null}},{"type":"Feature","geometry":{"type":"Point","coordinates":[-122.55693817139,49.212959289551]},"properties":{"id":555663,"datetime":"2026-10-03T21:04:05.000000Z","filename":"https://olm-s3.s3.eu-west-1.amazonaws.com/2026/10/03/Sk13XirXj4AGpaVPWba9KHbwhWdrh0cwaSReuneF.jpg","tags":[{"type":"standard","category":"other","item":"plastic","quantity":1},{"type":"custom_tag","category":"custom_tag","item":"tinsel","quantity":1,"parent_category":"other","parent_item":"plastic"}],"objects":[{"status":"OK","on_map":true,"group":"Piece","subgroup":"","layer":"Plastic Piece","full_name":"Piece \u2013 Plastic Piece","olm_key":"other/plastic","quantity":1,"picked_up":true}],"groups":["litter"],"has_litter":true,"has_pet_waste":false,"has_substances":false,"zone":"cottonwood_zone_B","zone_edge_m":37.8,"nbhd_edge_m":null}},{"type":"Feature","geometry":{"type":"Point","coordinates":[-122.55693817139,49.212959289551]},"properties":{"id":555662,"datetime":"2026-10-03T21:04:33.000000Z","filename":"https://olm-s3.s3.eu-west-1.amazonaws.com/2026/10/03/EXZBscDLAFzHSM4Q0iZdBVZpUml8dhS3neDD0QFV.jpg","tags":[{"type":"standard","category":"smoking","item":"butts","quantity":1}],"objects":[{"status":"OK","on_map":true,"group":"Smoking","subgroup":"","layer":"Cigarette Butts","full_name":"Smoking \u2013 Cigarette Butts","olm_key":"smoking/butts","quantity":1,"picked_up":true}],"groups":["substances"],"has_litter":false,"has_pet_waste":false,"has_substances":true,"zone":"cottonwood_zone_B","zone_edge_m":37.8,"nbhd_edge_m":null}},{"type":"Feature","geometry":{"type":"Point","coordinates":[-122.55693817139,49.212959289551]},"properties":{"id":555661,"datetime":"2026-10-03T21:04:44.000000Z","filename":"https://olm-s3.s3.eu-west-1.amazonaws.com/2026/10/03/FJQkdAkUwvlfnzBWgtLhkaLxMk8KTfUawr1NRIsh.jpg","tags":[{"type":"standard","category":"other","item":"other","quantity":1},{"type":"custom_tag","category":"custom_tag","item":"broken glass","quantity":1,"parent_category":"other","parent_item":"other"}],"objects":[{"status":"OK","on_map":true,"group":"Piece","subgroup":"","layer":"Broken Glass Piece","full_name":"Piece \u2013 Broken Glass Piece","olm_key":"other/other","quantity":1,"picked_up":true}],"groups":["litter"],"has_litter":true,"has_pet_waste":false,"has_substances":false,"zone":"cottonwood_zone_B","zone_edge_m":37.8,"nbhd_edge_m":null}},{"type":"Feature","geometry":{"type":"Point","coordinates":[-122.55693817139,49.212959289551]},"properties":{"id":555660,"datetime":"2026-10-03T21:04:53.000000Z","filename":"https://olm-s3.s3.eu-west-1.amazonaws.com/2026/10/03/kiYIrTWhgRBievwH4Er9g28ys0DZNdaDAGuErndr.jpg","tags":[{"type":"standard","category":"industrial","item":"tape","quantity":1}],"objects":[{"status":"OK","on_map":true,"group":"Industrial","subgroup":"","layer":"Flagging Tape","full_name":"Industrial \u2013 Flagging Tape","olm_key":"industrial/tape","quantity":1,"picked_up":true}],"groups":["litter"],"has_litter":true,"has_pet_waste":false,"has_substances":false,"zone":"cottonwood_zone_B","zone_edge_m":37.8,"nbhd_edge_m":null}},{"type":"Feature","geometry":{"type":"Point","coordinates":[-122.55693817139,49.212959289551]},"properties":{"id":555659,"datetime":"2026-10-03T21:05:08.000000Z","filename":"https://olm-s3.s3.eu-west-1.amazonaws.com/2026/10/03/E4RggBYhlFF4gYXC5erqtt0xala7XGROIzL7nvEa.jpg","tags":[{"type":"standard","category":"other","item":"plastic","quantity":1}],"objects":[{"status":"OK","on_map":true,"group":"Piece","subgroup":"","layer":"Plastic Piece","full_name":"Piece \u2013 Plastic Piece","olm_key":"other/plastic","quantity":1,"picked_up":true}],"groups":["litter"],"has_litter":true,"has_pet_waste":false,"has_substances":false,"zone":"cottonwood_zone_B","zone_edge_m":37.8,"nbhd_edge_m":null}},{"type":"Feature","geometry":{"type":"Point","coordinates":[-122.55693817139,49.212959289551]},"properties":{"id":555658,"datetime":"2026-10-03T21:05:39.000000Z","filename":"https://olm-s3.s3.eu-west-1.amazonaws.com/2026/10/03/aH1oxF89Nqjg0aniN39yIzo8XhTyNVWYiaPpT67u.jpg","tags":[{"type":"standard","category":"other","item":"other","quantity":1}],"objects":[{"status":"OK","on_map":true,"group":"Household","subgroup":"","layer":"Household misc","full_name":"Household \u2013 Household misc","olm_key":"other/other","quantity":1,"picked_up":true}],"groups":["litter"],"has_litter":true,"has_pet_waste":false,"has_substances":false,"zone":"cottonwood_zone_B","zone_edge_m":37.8,"nbhd_edge_m":null}},{"type":"Feature","geometry":{"type":"Point","coordinates":[-122.55693817139,49.212959289551]},"properties":{"id":555657,"datetime":"2026-10-03T21:05:55.000000Z","filename":"https://olm-s3.s3.eu-west-1.amazonaws.com/2026/10/03/ABkjyNsVerieum76EW2Uu3LXcuW9vjP4sM40zkfe.jpg","tags":[{"type":"standard","category":"smoking","item":"butts","quantity":1}],"objects":[{"status":"OK","on_map":true,"group":"Smoking","subgroup":"","layer":"Cigarette Butts","full_name":"Smoking \u2013 Cigarette Butts","olm_key":"smoking/butts","quantity":1,"picked_up":true}],"groups":["substances"],"has_litter":false,"has_pet_waste":false,"has_substances":true,"zone":"cottonwood_zone_B","zone_edge_m":37.8,"nbhd_edge_m":null}},{"type":"Feature","geometry":{"type":"Point","coordinates":[-122.55693817139,49.212959289551]},"properties":{"id":555656,"datetime":"2026-10-03T21:06:24.000000Z","filename":"https://olm-s3.s3.eu-west-1.amazonaws.com/2026/10/03/4jzyyzvou4emEBosHLkMyqyqOWMzH559GqTNCNM7.jpg","tags":[{"type":"standard","category":"food","item":"wrapper","quantity":1}],"objects":[{"status":"OK","on_map":true,"group":"Convenient Food Drink","subgroup":"Snack","layer":"Foil / Plastic Film Snack Wrapper","full_name":"Convenient Food Drink \u2013 Snack \u2013 Foil / Plastic Film Snack Wrapper","olm_key":"food/wrapper","quantity":1,"picked_up":true}],"groups":["litter"],"has_litter":true,"has_pet_waste":false,"has_substances":false,"zone":"cottonwood_zone_B","zone_edge_m":37.8,"nbhd_edge_m":null}},{"type":"Feature","geometry":{"type":"Point","coordinates":[-122.55693817139,49.212959289551]},"properties":{"id":555655,"datetime":"2026-10-03T21:06:29.000000Z","filename":"https://olm-s3.s3.eu-west-1.amazonaws.com/2026/10/03/FCKE584UEZVYLJCfSSVM9F1KGIaRDejDld7t6OPE.jpg","tags":[{"type":"standard","category":"smoking","item":"butts","quantity":1}],"objects":[{"status":"OK","on_map":true,"group":"Smoking","subgroup":"","layer":"Cigarette Butts","full_name":"Smoking \u2013 Cigarette Butts","olm_key":"smoking/butts","quantity":1,"picked_up":true}],"groups":["substances"],"has_litter":false,"has_pet_waste":false,"has_substances":true,"zone":"cottonwood_zone_B","zone_edge_m":37.8,"nbhd_edge_m":null}},{"type":"Feature","geometry":{"type":"Point","coordinates":[-122.556640625,49.213001251221]},"properties":{"id":555654,"datetime":"2026-10-03T21:06:38.000000Z","filename":"https://olm-s3.s3.eu-west-1.amazonaws.com/2026/10/03/LlqRoelBlTgCiMVKz4if5a6b0CIdm8rxsrJruuTT.jpg","tags":[{"type":"standard","category":"other","item":"plastic","quantity":1}],"objects":[{"status":"OK","on_map":true,"group":"Piece","subgroup":"","layer":"Plastic Piece","full_name":"Piece \u2013 Plastic Piece","olm_key":"other/plastic","quantity":1,"picked_up":true}],"groups":["litter"],"has_litter":true,"has_pet_waste":false,"has_substances":false,"zone":"cottonwood_zone_B","zone_edge_m":42.4,"nbhd_edge_m":null}},{"type":"Feature","geometry":{"type":"Point","coordinates":[-122.556640625,49.213001251221]},"properties":{"id":555653,"datetime":"2026-10-03T21:07:07.000000Z","filename":"https://olm-s3.s3.eu-west-1.amazonaws.com/2026/10/03/AzZlV9egOR28bSCPOshQXIqo4JBx2JjsP5Rfb5o0.jpg","tags":[{"type":"standard","category":"other","item":"plastic","quantity":1}],"objects":[{"status":"OK","on_map":true,"group":"Piece","subgroup":"","layer":"Plastic Piece","full_name":"Piece \u2013 Plastic Piece","olm_key":"other/plastic","quantity":1,"picked_up":true}],"groups":["litter"],"has_litter":true,"has_pet_waste":false,"has_substances":false,"zone":"cottonwood_zone_B","zone_edge_m":42.4,"nbhd_edge_m":null}},{"type":"Feature","geometry":{"type":"Point","coordinates":[-122.556640625,49.213001251221]},"properties":{"id":555652,"datetime":"2026-10-03T21:07:18.000000Z","filename":"https://olm-s3.s3.eu-west-1.amazonaws.com/2026/10/03/zu89QqfIrbIng3ecAnc2BMmMdJl38w7yqQmB0Hcu.jpg","tags":[{"type":"standard","category":"dumping","item":"dumping","quantity":1,"object_type":"small"}],"objects":[{"status":"OK","on_map":true,"group":"Dumping","subgroup":"","layer":"Sml","full_name":"Dumping \u2013 Sml","olm_key":"dumping/dumping","quantity":1,"picked_up":false}],"groups":["litter"],"has_litter":true,"has_pet_waste":false,"has_substances":false,"zone":"cottonwood_zone_B","zone_edge_m":42.4,"nbhd_edge_m":null}},{"type":"Feature","geometry":{"type":"Point","coordinates":[-122.556640625,49.213001251221]},"properties":{"id":555651,"datetime":"2026-10-03T21:07:51.000000Z","filename":"https://olm-s3.s3.eu-west-1.amazonaws.com/2026/10/03/ZmtFtDc1kTU34w6LwNqFgW5yFC9NAY58GfT2zhrS.jpg","tags":[{"type":"standard","category":"pets","item":"dogshit_in_bag","quantity":1}],"objects":[{"status":"OK","on_map":true,"group":"Fecal","subgroup":"","layer":"Pet Waste Bagged","full_name":"Fecal \u2013 Pet Waste Bagged","olm_key":"pets/dogshit_in_bag","quantity":1,"picked_up":false}],"groups":["pet_waste"],"has_litter":false,"has_pet_waste":true,"has_substances":false,"zone":"cottonwood_zone_B","zone_edge_m":42.4,"nbhd_edge_m":null}},{"type":"Feature","geometry":{"type":"Point","coordinates":[-122.556640625,49.213001251221]},"properties":{"id":555650,"datetime":"2026-10-03T21:08:03.000000Z","filename":"https://olm-s3.s3.eu-west-1.amazonaws.com/2026/10/03/Pltb27lOHmLdk7DyltJeRuc1tQnFakhF4duGgXwy.jpg","tags":[{"type":"standard","category":"smoking","item":"butts","quantity":1}],"objects":[{"status":"OK","on_map":true,"group":"Smoking","subgroup":"","layer":"Cigarette Butts","full_name":"Smoking \u2013 Cigarette Butts","olm_key":"smoking/butts","quantity":1,"picked_up":true}],"groups":["substances"],"has_litter":false,"has_pet_waste":false,"has_substances":true,"zone":"cottonwood_zone_B","zone_edge_m":42.4,"nbhd_edge_m":null}},{"type":"Feature","geometry":{"type":"Point","coordinates":[-122.556640625,49.213001251221]},"properties":{"id":555649,"datetime":"2026-10-03T21:09:13.000000Z","filename":"https://olm-s3.s3.eu-west-1.amazonaws.com/2026/10/03/OrzGtVS1kVn6zKmMYj26ZDqYoVHgmJ6TXv4Sm97C.jpg","tags":[{"type":"standard","category":"other","item":"plastic","quantity":1}],"objects":[{"status":"OK","on_map":true,"group":"Piece","subgroup":"","layer":"Plastic Piece","full_name":"Piece \u2013 Plastic Piece","olm_key":"other/plastic","quantity":1,"picked_up":true}],"groups":["litter"],"has_litter":true,"has_pet_waste":false,"has_substances":false,"zone":"cottonwood_zone_B","zone_edge_m":42.4,"nbhd_edge_m":null}},{"type":"Feature","geometry":{"type":"Point","coordinates":[-122.556640625,49.213001251221]},"properties":{"id":555648,"datetime":"2026-10-03T21:09:32.000000Z","filename":"https://olm-s3.s3.eu-west-1.amazonaws.com/2026/10/03/Z1kNDwOHx83i1p7g2DA59bz8IWzbcnxqTTY6JiMB.jpg","tags":[{"type":"standard","category":"other","item":"paper","quantity":1},{"type":"material","category":"material","item":"paper","quantity":1,"parent_category":"other","parent_item":"paper"}],"objects":[{"status":"OK","on_map":true,"group":"Piece","subgroup":"","layer":"Paper Piece","full_name":"Piece \u2013 Paper Piece","olm_key":"other/paper","quantity":1,"picked_up":true}],"groups":["litter"],"has_litter":true,"has_pet_waste":false,"has_substances":false,"zone":"cottonwood_zone_B","zone_edge_m":42.4,"nbhd_edge_m":null}},{"type":"Feature","geometry":{"type":"Point","coordinates":[-122.556640625,49.213001251221]},"properties":{"id":555647,"datetime":"2026-10-03T21:09:44.000000Z","filename":"https://olm-s3.s3.eu-west-1.amazonaws.com/2026/10/03/wibhZb314EhXfzuRIF7PRK3q8atyxlnoYeCzCosV.jpg","tags":[{"type":"standard","category":"softdrinks","item":"straw_wrapper","quantity":1}],"objects":[{"status":"OK","on_map":true,"group":"Convenient Food Drink","subgroup":"Drink","layer":"Drink Straw Wrapper","full_name":"Convenient Food Drink \u2013 Drink \u2013 Drink Straw Wrapper","olm_key":"softdrinks/straw_wrapper","quantity":1,"picked_up":true}],"groups":["litter"],"has_litter":true,"has_pet_waste":false,"has_substances":false,"zone":"cottonwood_zone_B","zone_edge_m":42.4,"nbhd_edge_m":null}},{"type":"Feature","geometry":{"type":"Point","coordinates":[-122.556640625,49.213001251221]},"properties":{"id":555646,"datetime":"2026-10-03T21:10:21.000000Z","filename":"https://olm-s3.s3.eu-west-1.amazonaws.com/2026/10/03/rJLU4w5LIsMO3nzwqmhmCGzJL8Z1fOUIFqRdCbeK.jpg","tags":[{"type":"standard","category":"food","item":"other","quantity":1}],"objects":[{"status":"OK","on_map":true,"group":"Household","subgroup":"","layer":"Organic Debris, Misc.","full_name":"Household \u2013 Organic Debris, Misc.","olm_key":"food/other","quantity":1,"picked_up":true}],"groups":["litter"],"has_litter":true,"has_pet_waste":false,"has_substances":false,"zone":"cottonwood_zone_B","zone_edge_m":42.4,"nbhd_edge_m":null}},{"type":"Feature","geometry":{"type":"Point","coordinates":[-122.556640625,49.213001251221]},"properties":{"id":555645,"datetime":"2026-10-03T21:10:33.000000Z","filename":"https://olm-s3.s3.eu-west-1.amazonaws.com/2026/10/03/ZLfrdxLs64ofBeBLpT2lrSEIP1DmK7If5qQkIIHE.jpg","tags":[{"type":"standard","category":"other","item":"plastic","quantity":1}],"objects":[{"status":"OK","on_map":true,"group":"Piece","subgroup":"","layer":"Plastic Piece","full_name":"Piece \u2013 Plastic Piece","olm_key":"other/plastic","quantity":1,"picked_up":true}],"groups":["litter"],"has_litter":true,"has_pet_waste":false,"has_substances":false,"zone":"cottonwood_zone_B","zone_edge_m":42.4,"nbhd_edge_m":null}},{"type":"Feature","geometry":{"type":"Point","coordinates":[-122.55655670166,49.213779449463]},"properties":{"id":555644,"datetime":"2026-10-03T21:11:21.000000Z","filename":"https://olm-s3.s3.eu-west-1.amazonaws.com/2026/10/03/LKlhuGaJ9LbUvM2Uc8IP932eDMpE9J5hR4MiYeyq.jpg","tags":[{"type":"standard","category":"other","item":"plastic","quantity":1}],"objects":[{"status":"OK","on_map":true,"group":"Piece","subgroup":"","layer":"Plastic Piece","full_name":"Piece \u2013 Plastic Piece","olm_key":"other/plastic","quantity":1,"picked_up":true}],"groups":["litter"],"has_litter":true,"has_pet_waste":false,"has_substances":false,"zone":"cottonwood_zone_B","zone_edge_m":40.5,"nbhd_edge_m":null}},{"type":"Feature","geometry":{"type":"Point","coordinates":[-122.55655670166,49.213779449463]},"properties":{"id":555643,"datetime":"2026-10-03T21:12:30.000000Z","filename":"https://olm-s3.s3.eu-west-1.amazonaws.com/2026/10/03/qRdgLsMWpE04g5u1pUnfdXDk88QuNDFE8skLAIFA.jpg","tags":[{"type":"standard","category":"smoking","item":"butts","quantity":1}],"objects":[{"status":"OK","on_map":true,"group":"Smoking","subgroup":"","layer":"Cigarette Butts","full_name":"Smoking \u2013 Cigarette Butts","olm_key":"smoking/butts","quantity":1,"picked_up":true}],"groups":["substances"],"has_litter":false,"has_pet_waste":false,"has_substances":true,"zone":"cottonwood_zone_B","zone_edge_m":40.5,"nbhd_edge_m":null}},{"type":"Feature","geometry":{"type":"Point","coordinates":[-122.5570526123,49.21556854248]},"properties":{"id":555642,"datetime":"2026-10-03T21:13:01.000000Z","filename":"https://olm-s3.s3.eu-west-1.amazonaws.com/2026/10/03/twmbjVcLo332RyGT5UGB6hYQ2lAtV3TReCOlCXsc.jpg","tags":[{"type":"standard","category":"softdrinks","item":"straw_wrapper","quantity":1}],"objects":[{"status":"OK","on_map":true,"group":"Convenient Food Drink","subgroup":"Drink","layer":"Drink Straw Wrapper","full_name":"Convenient Food Drink \u2013 Drink \u2013 Drink Straw Wrapper","olm_key":"softdrinks/straw_wrapper","quantity":1,"picked_up":true}],"groups":["litter"],"has_litter":true,"has_pet_waste":false,"has_substances":false,"zone":"cottonwood_zone_B","zone_edge_m":76.5,"nbhd_edge_m":null}},{"type":"Feature","geometry":{"type":"Point","coordinates":[-122.5570526123,49.21556854248]},"properties":{"id":555641,"datetime":"2026-10-03T21:13:10.000000Z","filename":"https://olm-s3.s3.eu-west-1.amazonaws.com/2026/10/03/gw86sATSDzSYyBQztEUOol0H0bxyXYykJdZckPsY.jpg","tags":[{"type":"standard","category":"other","item":"plastic","quantity":1}],"objects":[{"status":"OK","on_map":true,"group":"Piece","subgroup":"","layer":"Plastic Piece","full_name":"Piece \u2013 Plastic Piece","olm_key":"other/plastic","quantity":1,"picked_up":true}],"groups":["litter"],"has_litter":true,"has_pet_waste":false,"has_substances":false,"zone":"cottonwood_zone_B","zone_edge_m":76.5,"nbhd_edge_m":null}},{"type":"Feature","geometry":{"type":"Point","coordinates":[-122.5570526123,49.21556854248]},"properties":{"id":555640,"datetime":"2026-10-03T21:13:16.000000Z","filename":"https://olm-s3.s3.eu-west-1.amazonaws.com/2026/10/03/Y8tJnd9W6Q7dJpOtKRA6Jm9ClPOf2vvbT0UO6W2E.jpg","tags":[{"type":"standard","category":"other","item":"plastic","quantity":1}],"objects":[{"status":"OK","on_map":true,"group":"Piece","subgroup":"","layer":"Plastic Piece","full_name":"Piece \u2013 Plastic Piece","olm_key":"other/plastic","quantity":1,"picked_up":true}],"groups":["litter"],"has_litter":true,"has_pet_waste":false,"has_substances":false,"zone":"cottonwood_zone_B","zone_edge_m":76.5,"nbhd_edge_m":null}},{"type":"Feature","geometry":{"type":"Point","coordinates":[-122.5570526123,49.21556854248]},"properties":{"id":555639,"datetime":"2026-10-03T21:13:23.000000Z","filename":"https://olm-s3.s3.eu-west-1.amazonaws.com/2026/10/03/RNqOOaNUhDd1i38FmugPI6katWVi5CONHbxkipB5.jpg","tags":[{"type":"standard","category":"smoking","item":"butts","quantity":1}],"objects":[{"status":"OK","on_map":true,"group":"Smoking","subgroup":"","layer":"Cigarette Butts","full_name":"Smoking \u2013 Cigarette Butts","olm_key":"smoking/butts","quantity":1,"picked_up":true}],"groups":["substances"],"has_litter":false,"has_pet_waste":false,"has_substances":true,"zone":"cottonwood_zone_B","zone_edge_m":76.5,"nbhd_edge_m":null}},{"type":"Feature","geometry":{"type":"Point","coordinates":[-122.5570526123,49.21556854248]},"properties":{"id":555638,"datetime":"2026-10-03T21:13:29.000000Z","filename":"https://olm-s3.s3.eu-west-1.amazonaws.com/2026/10/03/KGQj82GBOG67faXiYGbcfn9pGjeusGrmhGBju9es.jpg","tags":[{"type":"standard","category":"other","item":"paper","quantity":1},{"type":"material","category":"material","item":"paper","quantity":1,"parent_category":"other","parent_item":"paper"}],"objects":[{"status":"OK","on_map":true,"group":"Piece","subgroup":"","layer":"Paper Piece","full_name":"Piece \u2013 Paper Piece","olm_key":"other/paper","quantity":1,"picked_up":true}],"groups":["litter"],"has_litter":true,"has_pet_waste":false,"has_substances":false,"zone":"cottonwood_zone_B","zone_edge_m":76.5,"nbhd_edge_m":null}},{"type":"Feature","geometry":{"type":"Point","coordinates":[-122.5570526123,49.21556854248]},"properties":{"id":555637,"datetime":"2026-10-03T21:13:41.000000Z","filename":"https://olm-s3.s3.eu-west-1.amazonaws.com/2026/10/03/fJ3sifqMt1OPlogQnoSN9nxoZsRA7qq78ZEGP0Rp.jpg","tags":[{"type":"standard","category":"smoking","item":"butts","quantity":1}],"objects":[{"status":"OK","on_map":true,"group":"Smoking","subgroup":"","layer":"Cigarette Butts","full_name":"Smoking \u2013 Cigarette Butts","olm_key":"smoking/butts","quantity":1,"picked_up":true}],"groups":["substances"],"has_litter":false,"has_pet_waste":false,"has_substances":true,"zone":"cottonwood_zone_B","zone_edge_m":76.5,"nbhd_edge_m":null}},{"type":"Feature","geometry":{"type":"Point","coordinates":[-122.5570526123,49.21556854248]},"properties":{"id":555636,"datetime":"2026-10-03T21:14:01.000000Z","filename":"https://olm-s3.s3.eu-west-1.amazonaws.com/2026/10/03/ukAuyqJqedu80paiZghkT7VD20E0M3WwCR15qtso.jpg","tags":[{"type":"standard","category":"other","item":"paper","quantity":1},{"type":"material","category":"material","item":"paper","quantity":1,"parent_category":"other","parent_item":"paper"}],"objects":[{"status":"OK","on_map":true,"group":"Piece","subgroup":"","layer":"Paper Piece","full_name":"Piece \u2013 Paper Piece","olm_key":"other/paper","quantity":1,"picked_up":true}],"groups":["litter"],"has_litter":true,"has_pet_waste":false,"has_substances":false,"zone":"cottonwood_zone_B","zone_edge_m":76.5,"nbhd_edge_m":null}},{"type":"Feature","geometry":{"type":"Point","coordinates":[-122.55725097656,49.216312408447]},"properties":{"id":555635,"datetime":"2026-10-03T21:14:53.000000Z","filename":"https://olm-s3.s3.eu-west-1.amazonaws.com/2026/10/03/p5I7LmB8oaDTnnkWWlI4btjXUEectLcPENNxI3I8.jpg","tags":[{"type":"standard","category":"other","item":"plastic","quantity":1}],"objects":[{"status":"OK","on_map":true,"group":"Piece","subgroup":"","layer":"Plastic Piece","full_name":"Piece \u2013 Plastic Piece","olm_key":"other/plastic","quantity":1,"picked_up":true}],"groups":["litter"],"has_litter":true,"has_pet_waste":false,"has_substances":false,"zone":"cottonwood_zone_B","zone_edge_m":88.8,"nbhd_edge_m":null}},{"type":"Feature","geometry":{"type":"Point","coordinates":[-122.55725097656,49.216312408447]},"properties":{"id":555634,"datetime":"2026-10-03T21:15:32.000000Z","filename":"https://olm-s3.s3.eu-west-1.amazonaws.com/2026/10/03/cRufTduTcdPiYomjBeuy7a6zdEvXpr1fzO11rOBM.jpg","tags":[{"type":"standard","category":"other","item":"paper","quantity":1},{"type":"material","category":"material","item":"paper","quantity":1,"parent_category":"other","parent_item":"paper"}],"objects":[{"status":"OK","on_map":true,"group":"Piece","subgroup":"","layer":"Paper Piece","full_name":"Piece \u2013 Paper Piece","olm_key":"other/paper","quantity":1,"picked_up":true}],"groups":["litter"],"has_litter":true,"has_pet_waste":false,"has_substances":false,"zone":"cottonwood_zone_B","zone_edge_m":88.8,"nbhd_edge_m":null}},{"type":"Feature","geometry":{"type":"Point","coordinates":[-122.55725097656,49.216312408447]},"properties":{"id":555633,"datetime":"2026-10-03T21:15:50.000000Z","filename":"https://olm-s3.s3.eu-west-1.amazonaws.com/2026/10/03/osbuk58jZklUM2kOIQBZNmeDtM68xuTxWv4NxtLz.jpg","tags":[{"type":"standard","category":"other","item":"plastic","quantity":1}],"objects":[{"status":"OK","on_map":true,"group":"Piece","subgroup":"","layer":"Plastic Piece","full_name":"Piece \u2013 Plastic Piece","olm_key":"other/plastic","quantity":1,"picked_up":true}],"groups":["litter"],"has_litter":true,"has_pet_waste":false,"has_substances":false,"zone":"cottonwood_zone_B","zone_edge_m":88.8,"nbhd_edge_m":null}},{"type":"Feature","geometry":{"type":"Point","coordinates":[-122.55725097656,49.216312408447]},"properties":{"id":555632,"datetime":"2026-10-03T21:15:57.000000Z","filename":"https://olm-s3.s3.eu-west-1.amazonaws.com/2026/10/03/cKTQh7jkHnE5Mpcylp6hJhQpAvRakWuKcsCIstqx.jpg","tags":[{"type":"standard","category":"other","item":"other","quantity":1},{"type":"material","category":"material","item":"wood","quantity":1,"parent_category":"other","parent_item":"other"}],"objects":[{"status":"OK","on_map":true,"group":"Piece","subgroup":"","layer":"Wood Debris","full_name":"Piece \u2013 Wood Debris","olm_key":"other/other","quantity":1,"picked_up":true}],"groups":["litter"],"has_litter":true,"has_pet_waste":false,"has_substances":false,"zone":"cottonwood_zone_B","zone_edge_m":88.8,"nbhd_edge_m":null}},{"type":"Feature","geometry":{"type":"Point","coordinates":[-122.55709838867,49.21711730957]},"properties":{"id":555631,"datetime":"2026-10-03T21:17:11.000000Z","filename":"https://olm-s3.s3.eu-west-1.amazonaws.com/2026/10/03/3L0AWyeJKLMGoYskGZuBq3hH3DBK90eUCtMfeskQ.jpg","tags":[{"type":"standard","category":"other","item":"plastic","quantity":1}],"objects":[{"status":"OK","on_map":true,"group":"Piece","subgroup":"","layer":"Plastic Piece","full_name":"Piece \u2013 Plastic Piece","olm_key":"other/plastic","quantity":1,"picked_up":true}],"groups":["litter"],"has_litter":true,"has_pet_waste":false,"has_substances":false,"zone":"cottonwood_zone_A","zone_edge_m":0.8,"nbhd_edge_m":null}},{"type":"Feature","geometry":{"type":"Point","coordinates":[-122.55709838867,49.21711730957]},"properties":{"id":555630,"datetime":"2026-10-03T21:18:03.000000Z","filename":"https://olm-s3.s3.eu-west-1.amazonaws.com/2026/10/03/ZYfpFln2OR0DABIj6Tv2SefU6tZ1DLslS2g8FJzh.jpg","tags":[{"type":"standard","category":"food","item":"napkins","quantity":1},{"type":"material","category":"material","item":"paper","quantity":1,"parent_category":"food","parent_item":"napkins"}],"objects":[{"status":"OK","on_map":true,"group":"Convenient Food Drink","subgroup":"Take-out","layer":"Napkins","full_name":"Convenient Food Drink \u2013 Take-out \u2013 Napkins","olm_key":"food/napkins","quantity":1,"picked_up":true}],"groups":["litter"],"has_litter":true,"has_pet_waste":false,"has_substances":false,"zone":"cottonwood_zone_A","zone_edge_m":0.8,"nbhd_edge_m":null}},{"type":"Feature","geometry":{"type":"Point","coordinates":[-122.55709838867,49.21711730957]},"properties":{"id":555629,"datetime":"2026-10-03T21:18:40.000000Z","filename":"https://olm-s3.s3.eu-west-1.amazonaws.com/2026/10/03/AvpAwayVryQVh80Ufgh22D0XZNA2WPnFeg2dyiko.jpg","tags":[{"type":"standard","category":"other","item":"plastic","quantity":1}],"objects":[{"status":"OK","on_map":true,"group":"Piece","subgroup":"","layer":"Plastic Piece","full_name":"Piece \u2013 Plastic Piece","olm_key":"other/plastic","quantity":1,"picked_up":true}],"groups":["litter"],"has_litter":true,"has_pet_waste":false,"has_substances":false,"zone":"cottonwood_zone_A","zone_edge_m":0.8,"nbhd_edge_m":null}},{"type":"Feature","geometry":{"type":"Point","coordinates":[-122.55713653564,49.218326568604]},"properties":{"id":555628,"datetime":"2026-10-03T21:19:14.000000Z","filename":"https://olm-s3.s3.eu-west-1.amazonaws.com/2026/10/03/UdAQiEBhbFF1mvCRIuTUH4VBiVPrXppz3Pfffft7.jpg","tags":[{"type":"standard","category":"food","item":"wrapper","quantity":1}],"objects":[{"status":"OK","on_map":true,"group":"Convenient Food Drink","subgroup":"Snack","layer":"Foil / Plastic Film Snack Wrapper","full_name":"Convenient Food Drink \u2013 Snack \u2013 Foil / Plastic Film Snack Wrapper","olm_key":"food/wrapper","quantity":1,"picked_up":true}],"groups":["litter"],"has_litter":true,"has_pet_waste":false,"has_substances":false,"zone":"cottonwood_zone_A","zone_edge_m":82.6,"nbhd_edge_m":null}},{"type":"Feature","geometry":{"type":"Point","coordinates":[-122.55713653564,49.218326568604]},"properties":{"id":555627,"datetime":"2026-10-03T21:19:33.000000Z","filename":"https://olm-s3.s3.eu-west-1.amazonaws.com/2026/10/03/XN9Yw2Syqce5HM8P8Rak2OALreJLBaVD5W7Op9Na.jpg","tags":[{"type":"standard","category":"smoking","item":"packaging","quantity":1},{"type":"custom_tag","category":"custom_tag","item":"THC","quantity":1,"parent_category":"smoking","parent_item":"packaging"},{"type":"standard","category":"softdrinks","item":"cup","quantity":1},{"type":"standard","category":"softdrinks","item":"lid","quantity":1}],"objects":[{"status":"OK","on_map":true,"group":"Smoking","subgroup":"","layer":"Cannabis Packaging","full_name":"Smoking \u2013 Cannabis Packaging","olm_key":"smoking/packaging","quantity":1,"picked_up":true},{"status":"OK","on_map":true,"group":"Convenient Food Drink","subgroup":"Drink","layer":"Cold Beverage Cup","full_name":"Convenient Food Drink \u2013 Drink \u2013 Cold Beverage Cup","olm_key":"softdrinks/cup","quantity":1,"picked_up":true},{"status":"OK","on_map":true,"group":"Convenient Food Drink","subgroup":"Drink","layer":"Cold Beverage Lid","full_name":"Convenient Food Drink \u2013 Drink \u2013 Cold Beverage Lid","olm_key":"softdrinks/lid","quantity":1,"picked_up":true}],"groups":["litter","substances"],"has_litter":true,"has_pet_waste":false,"has_substances":true,"zone":"cottonwood_zone_A","zone_edge_m":82.6,"nbhd_edge_m":null}},{"type":"Feature","geometry":{"type":"Point","coordinates":[-122.55713653564,49.218326568604]},"properties":{"id":555626,"datetime":"2026-10-03T21:19:38.000000Z","filename":"https://olm-s3.s3.eu-west-1.amazonaws.com/2026/10/03/8pT5wy7MLmjRiy40SxKHdAB1IbNGJZYMqPk6316P.jpg","tags":[{"type":"standard","category":"food","item":"wrapper","quantity":1},{"type":"standard","category":"other","item":"plastic","quantity":1}],"objects":[{"status":"OK","on_map":true,"group":"Convenient Food Drink","subgroup":"Snack","layer":"Foil / Plastic Film Snack Wrapper","full_name":"Convenient Food Drink \u2013 Snack \u2013 Foil / Plastic Film Snack Wrapper","olm_key":"food/wrapper","quantity":1,"picked_up":true},{"status":"OK","on_map":true,"group":"Piece","subgroup":"","layer":"Plastic Piece","full_name":"Piece \u2013 Plastic Piece","olm_key":"other/plastic","quantity":1,"picked_up":true}],"groups":["litter"],"has_litter":true,"has_pet_waste":false,"has_substances":false,"zone":"cottonwood_zone_A","zone_edge_m":82.6,"nbhd_edge_m":null}},{"type":"Feature","geometry":{"type":"Point","coordinates":[-122.55713653564,49.218326568604]},"properties":{"id":555625,"datetime":"2026-10-03T21:20:12.000000Z","filename":"https://olm-s3.s3.eu-west-1.amazonaws.com/2026/10/03/ASrIJvIIygJUJbxqsGpaHwoOgpSJHcSNvuwuB6kp.jpg","tags":[{"type":"standard","category":"smoking","item":"butts","quantity":1}],"objects":[{"status":"OK","on_map":true,"group":"Smoking","subgroup":"","layer":"Cigarette Butts","full_name":"Smoking \u2013 Cigarette Butts","olm_key":"smoking/butts","quantity":1,"picked_up":true}],"groups":["substances"],"has_litter":false,"has_pet_waste":false,"has_substances":true,"zone":"cottonwood_zone_A","zone_edge_m":82.6,"nbhd_edge_m":null}},{"type":"Feature","geometry":{"type":"Point","coordinates":[-122.55713653564,49.218326568604]},"properties":{"id":555624,"datetime":"2026-10-03T21:20:18.000000Z","filename":"https://olm-s3.s3.eu-west-1.amazonaws.com/2026/10/03/AcNOEYaowaNFNwCAHbZ4PO1PumTaThZiXx5IqjQH.jpg","tags":[{"type":"standard","category":"other","item":"paper","quantity":1},{"type":"material","category":"material","item":"paper","quantity":1,"parent_category":"other","parent_item":"paper"}],"objects":[{"status":"OK","on_map":true,"group":"Piece","subgroup":"","layer":"Paper Piece","full_name":"Piece \u2013 Paper Piece","olm_key":"other/paper","quantity":1,"picked_up":true}],"groups":["litter"],"has_litter":true,"has_pet_waste":false,"has_substances":false,"zone":"cottonwood_zone_A","zone_edge_m":82.6,"nbhd_edge_m":null}},{"type":"Feature","geometry":{"type":"Point","coordinates":[-122.55713653564,49.218326568604]},"properties":{"id":555623,"datetime":"2026-10-03T21:20:25.000000Z","filename":"https://olm-s3.s3.eu-west-1.amazonaws.com/2026/10/03/iZB8GzQDOgH75MdNzbEqIFMZA45DelPTVLpPaZnr.jpg","tags":[{"type":"standard","category":"other","item":"paper","quantity":1},{"type":"material","category":"material","item":"paper","quantity":1,"parent_category":"other","parent_item":"paper"},{"type":"standard","category":"other","item":"plastic","quantity":1}],"objects":[{"status":"OK","on_map":true,"group":"Piece","subgroup":"","layer":"Paper Piece","full_name":"Piece \u2013 Paper Piece","olm_key":"other/paper","quantity":1,"picked_up":true},{"status":"OK","on_map":true,"group":"Piece","subgroup":"","layer":"Plastic Piece","full_name":"Piece \u2013 Plastic Piece","olm_key":"other/plastic","quantity":1,"picked_up":true}],"groups":["litter"],"has_litter":true,"has_pet_waste":false,"has_substances":false,"zone":"cottonwood_zone_A","zone_edge_m":82.6,"nbhd_edge_m":null}},{"type":"Feature","geometry":{"type":"Point","coordinates":[-122.55718994141,49.21887588501]},"properties":{"id":555622,"datetime":"2026-10-03T21:20:44.000000Z","filename":"https://olm-s3.s3.eu-west-1.amazonaws.com/2026/10/03/eHGxaTbCrGSi7dc2EUt7EmS5iYfm4ZCKQPKQYm8V.jpg","tags":[{"type":"standard","category":"smoking","item":"butts","quantity":1}],"objects":[{"status":"OK","on_map":true,"group":"Smoking","subgroup":"","layer":"Cigarette Butts","full_name":"Smoking \u2013 Cigarette Butts","olm_key":"smoking/butts","quantity":1,"picked_up":true}],"groups":["substances"],"has_litter":false,"has_pet_waste":false,"has_substances":true,"zone":"cottonwood_zone_A","zone_edge_m":86.5,"nbhd_edge_m":null}},{"type":"Feature","geometry":{"type":"Point","coordinates":[-122.5572052002,49.218906402588]},"properties":{"id":555621,"datetime":"2026-10-03T21:21:02.000000Z","filename":"https://olm-s3.s3.eu-west-1.amazonaws.com/2026/10/03/FQfZEaz5TjUKh8S4HcUXmY84Zww1y0UwUirZsWHk.jpg","tags":[{"type":"standard","category":"smoking","item":"butts","quantity":1}],"objects":[{"status":"OK","on_map":true,"group":"Smoking","subgroup":"","layer":"Cigarette Butts","full_name":"Smoking \u2013 Cigarette Butts","olm_key":"smoking/butts","quantity":1,"picked_up":true}],"groups":["substances"],"has_litter":false,"has_pet_waste":false,"has_substances":true,"zone":"cottonwood_zone_A","zone_edge_m":87.6,"nbhd_edge_m":null}},{"type":"Feature","geometry":{"type":"Point","coordinates":[-122.5572052002,49.218906402588]},"properties":{"id":555620,"datetime":"2026-10-03T21:21:10.000000Z","filename":"https://olm-s3.s3.eu-west-1.amazonaws.com/2026/10/03/pEG3kSCzpp5aeUDFYw8cQ8MhyfFeO1sbqMdgdRMO.jpg","tags":[{"type":"standard","category":"food","item":"tinfoil","quantity":1}],"objects":[{"status":"OK","on_map":true,"group":"Piece","subgroup":"","layer":"Foil Piece","full_name":"Piece \u2013 Foil Piece","olm_key":"food/tinfoil","quantity":1,"picked_up":true}],"groups":["litter"],"has_litter":true,"has_pet_waste":false,"has_substances":false,"zone":"cottonwood_zone_A","zone_edge_m":87.6,"nbhd_edge_m":null}},{"type":"Feature","geometry":{"type":"Point","coordinates":[-122.5572052002,49.218906402588]},"properties":{"id":555619,"datetime":"2026-10-03T21:21:15.000000Z","filename":"https://olm-s3.s3.eu-west-1.amazonaws.com/2026/10/03/yOZcTfcPFmIsQ9zPNAcRHRgGJejBtsAhEozBkSah.jpg","tags":[{"type":"standard","category":"food","item":"tinfoil","quantity":1}],"objects":[{"status":"OK","on_map":true,"group":"Piece","subgroup":"","layer":"Foil Piece","full_name":"Piece \u2013 Foil Piece","olm_key":"food/tinfoil","quantity":1,"picked_up":true}],"groups":["litter"],"has_litter":true,"has_pet_waste":false,"has_substances":false,"zone":"cottonwood_zone_A","zone_edge_m":87.6,"nbhd_edge_m":null}},{"type":"Feature","geometry":{"type":"Point","coordinates":[-122.5572052002,49.218906402588]},"properties":{"id":555618,"datetime":"2026-10-03T21:21:35.000000Z","filename":"https://olm-s3.s3.eu-west-1.amazonaws.com/2026/10/03/3Snud3WJ809O73tq42qOXjdh56MtiBXmZAaVfPTf.jpg","tags":[{"type":"standard","category":"smoking","item":"butts","quantity":1}],"objects":[{"status":"OK","on_map":true,"group":"Smoking","subgroup":"","layer":"Cigarette Butts","full_name":"Smoking \u2013 Cigarette Butts","olm_key":"smoking/butts","quantity":1,"picked_up":true}],"groups":["substances"],"has_litter":false,"has_pet_waste":false,"has_substances":true,"zone":"cottonwood_zone_A","zone_edge_m":87.6,"nbhd_edge_m":null}},{"type":"Feature","geometry":{"type":"Point","coordinates":[-122.5572052002,49.218906402588]},"properties":{"id":555617,"datetime":"2026-10-03T21:21:45.000000Z","filename":"https://olm-s3.s3.eu-west-1.amazonaws.com/2026/10/03/mXmxz2AkMDlWJ0sQ12xwEogqmOL44jgmRUaxeGpD.jpg","tags":[{"type":"standard","category":"food","item":"napkins","quantity":2},{"type":"material","category":"material","item":"paper","quantity":1,"parent_category":"food","parent_item":"napkins"}],"objects":[{"status":"OK","on_map":true,"group":"Convenient Food Drink","subgroup":"Take-out","layer":"Napkins","full_name":"Convenient Food Drink \u2013 Take-out \u2013 Napkins","olm_key":"food/napkins","quantity":2,"picked_up":true}],"groups":["litter"],"has_litter":true,"has_pet_waste":false,"has_substances":false,"zone":"cottonwood_zone_A","zone_edge_m":87.6,"nbhd_edge_m":null}},{"type":"Feature","geometry":{"type":"Point","coordinates":[-122.5572052002,49.219295501709]},"properties":{"id":555616,"datetime":"2026-10-03T21:22:22.000000Z","filename":"https://olm-s3.s3.eu-west-1.amazonaws.com/2026/10/03/40Z32WhRVYwBgPPfQ9gHrjr7neILfgVwxqcnmNJb.jpg","tags":[{"type":"standard","category":"smoking","item":"packaging","quantity":1},{"type":"custom_tag","category":"custom_tag","item":"THC","quantity":1,"parent_category":"smoking","parent_item":"packaging"}],"objects":[{"status":"OK","on_map":true,"group":"Smoking","subgroup":"","layer":"Cannabis Packaging","full_name":"Smoking \u2013 Cannabis Packaging","olm_key":"smoking/packaging","quantity":1,"picked_up":true}],"groups":["substances"],"has_litter":false,"has_pet_waste":false,"has_substances":true,"zone":"cottonwood_zone_A","zone_edge_m":87.6,"nbhd_edge_m":null}},{"type":"Feature","geometry":{"type":"Point","coordinates":[-122.55721282959,49.219299316406]},"properties":{"id":555615,"datetime":"2026-10-03T21:22:31.000000Z","filename":"https://olm-s3.s3.eu-west-1.amazonaws.com/2026/10/03/wQGzJ7a8NhqhVC9qePmwxp4qidBxrprTyCN8St5o.jpg","tags":[{"type":"standard","category":"smoking","item":"butts","quantity":3}],"objects":[{"status":"OK","on_map":true,"group":"Smoking","subgroup":"","layer":"Cigarette Butts","full_name":"Smoking \u2013 Cigarette Butts","olm_key":"smoking/butts","quantity":3,"picked_up":true}],"groups":["substances"],"has_litter":false,"has_pet_waste":false,"has_substances":true,"zone":"cottonwood_zone_A","zone_edge_m":88.2,"nbhd_edge_m":null}},{"type":"Feature","geometry":{"type":"Point","coordinates":[-122.55721282959,49.219299316406]},"properties":{"id":555614,"datetime":"2026-10-03T21:22:56.000000Z","filename":"https://olm-s3.s3.eu-west-1.amazonaws.com/2026/10/03/YIuE1epthAzkahwIYzlRMAa52N8S2b3CzZFOdMHS.jpg","tags":[{"type":"standard","category":"softdrinks","item":"can","quantity":1},{"type":"material","category":"material","item":"aluminium","quantity":1,"parent_category":"softdrinks","parent_item":"can"}],"objects":[{"status":"OK","on_map":true,"group":"Convenient Food Drink","subgroup":"Drink","layer":"Aluminum Drink Cans","full_name":"Convenient Food Drink \u2013 Drink \u2013 Aluminum Drink Cans","olm_key":"softdrinks/can","quantity":1,"picked_up":true}],"groups":["litter"],"has_litter":true,"has_pet_waste":false,"has_substances":false,"zone":"cottonwood_zone_A","zone_edge_m":88.2,"nbhd_edge_m":null}},{"type":"Feature","geometry":{"type":"Point","coordinates":[-122.55721282959,49.219299316406]},"properties":{"id":555613,"datetime":"2026-10-03T21:23:06.000000Z","filename":"https://olm-s3.s3.eu-west-1.amazonaws.com/2026/10/03/t2Sm7CfvbM7FzZruNse0150Wg2YNeDLGsFhiOVJz.jpg","tags":[{"type":"standard","category":"other","item":"paper","quantity":1},{"type":"material","category":"material","item":"paper","quantity":1,"parent_category":"other","parent_item":"paper"}],"objects":[{"status":"OK","on_map":true,"group":"Piece","subgroup":"","layer":"Paper Piece","full_name":"Piece \u2013 Paper Piece","olm_key":"other/paper","quantity":1,"picked_up":true}],"groups":["litter"],"has_litter":true,"has_pet_waste":false,"has_substances":false,"zone":"cottonwood_zone_A","zone_edge_m":88.2,"nbhd_edge_m":null}},{"type":"Feature","geometry":{"type":"Point","coordinates":[-122.55721282959,49.219299316406]},"properties":{"id":555612,"datetime":"2026-10-03T21:23:36.000000Z","filename":"https://olm-s3.s3.eu-west-1.amazonaws.com/2026/10/03/ulVYSD1SMkYaAnD9HAUw1GggYBLnpmsCGGLXEjym.jpg","tags":[{"type":"standard","category":"smoking","item":"butts","quantity":1}],"objects":[{"status":"OK","on_map":true,"group":"Smoking","subgroup":"","layer":"Cigarette Butts","full_name":"Smoking \u2013 Cigarette Butts","olm_key":"smoking/butts","quantity":1,"picked_up":true}],"groups":["substances"],"has_litter":false,"has_pet_waste":false,"has_substances":true,"zone":"cottonwood_zone_A","zone_edge_m":88.2,"nbhd_edge_m":null}},{"type":"Feature","geometry":{"type":"Point","coordinates":[-122.55721282959,49.219299316406]},"properties":{"id":555611,"datetime":"2026-10-03T21:23:58.000000Z","filename":"https://olm-s3.s3.eu-west-1.amazonaws.com/2026/10/03/yDvtyao5yX20qnGA4Jxki92krw54nSdg3C8kN7z5.jpg","tags":[{"type":"standard","category":"softdrinks","item":"cup","quantity":1,"object_type":"soda"},{"type":"brand","category":"brand","item":"mcdonalds","quantity":1,"parent_category":"softdrinks","parent_item":"cup"},{"type":"standard","category":"softdrinks","item":"lid","quantity":1},{"type":"standard","category":"softdrinks","item":"straw","quantity":1}],"objects":[{"status":"OK","on_map":true,"group":"Convenient Food Drink","subgroup":"Drink","layer":"Cold Beverage Cup","full_name":"Convenient Food Drink \u2013 Drink \u2013 Cold Beverage Cup","olm_key":"softdrinks/cup","quantity":1,"picked_up":true},{"status":"OK","on_map":true,"group":"Convenient Food Drink","subgroup":"Drink","layer":"Cold Beverage Lid","full_name":"Convenient Food Drink \u2013 Drink \u2013 Cold Beverage Lid","olm_key":"softdrinks/lid","quantity":1,"picked_up":true},{"status":"OK","on_map":true,"group":"Convenient Food Drink","subgroup":"Drink","layer":"Paper Drink Straws","full_name":"Convenient Food Drink \u2013 Drink \u2013 Paper Drink Straws","olm_key":"softdrinks/straw","quantity":1,"picked_up":true}],"groups":["litter"],"has_litter":true,"has_pet_waste":false,"has_substances":false,"zone":"cottonwood_zone_A","zone_edge_m":88.2,"nbhd_edge_m":null}},{"type":"Feature","geometry":{"type":"Point","coordinates":[-122.55721282959,49.219299316406]},"properties":{"id":555610,"datetime":"2026-10-03T21:24:13.000000Z","filename":"https://olm-s3.s3.eu-west-1.amazonaws.com/2026/10/03/cS9F8hRkT1IeO0hqnuNiV8PLzErpBM2ApWr6RBWS.jpg","tags":[{"type":"standard","category":"coffee","item":"cup","quantity":1},{"type":"standard","category":"coffee","item":"sleeve","quantity":1},{"type":"standard","category":"coffee","item":"lid","quantity":1}],"objects":[{"status":"OK","on_map":true,"group":"Convenient Food Drink","subgroup":"Drink","layer":"Poly-lined Hot Beverage Cup","full_name":"Convenient Food Drink \u2013 Drink \u2013 Poly-lined Hot Beverage Cup","olm_key":"coffee/cup","quantity":1,"picked_up":true},{"status":"OK","on_map":true,"group":"Convenient Food Drink","subgroup":"Drink","layer":"Corrugated Cardboard Cup Sleeve","full_name":"Convenient Food Drink \u2013 Drink \u2013 Corrugated Cardboard Cup Sleeve","olm_key":"coffee/sleeve","quantity":1,"picked_up":true},{"status":"OK","on_map":true,"group":"Convenient Food Drink","subgroup":"Drink","layer":"Hot Beverage Cup Lid","full_name":"Convenient Food Drink \u2013 Drink \u2013 Hot Beverage Cup Lid","olm_key":"coffee/lid","quantity":1,"picked_up":true}],"groups":["litter"],"has_litter":true,"has_pet_waste":false,"has_substances":false,"zone":"cottonwood_zone_A","zone_edge_m":88.2,"nbhd_edge_m":null}},{"type":"Feature","geometry":{"type":"Point","coordinates":[-122.55726623535,49.21968460083]},"properties":{"id":555609,"datetime":"2026-10-03T21:24:22.000000Z","filename":"https://olm-s3.s3.eu-west-1.amazonaws.com/2026/10/03/UHW43CJdFF0a9XHbi6wb9dXKMSOf1vwkLb4bzsj2.jpg","tags":[{"type":"standard","category":"other","item":"plastic","quantity":1}],"objects":[{"status":"OK","on_map":true,"group":"Piece","subgroup":"","layer":"Plastic Piece","full_name":"Piece \u2013 Plastic Piece","olm_key":"other/plastic","quantity":1,"picked_up":true}],"groups":["litter"],"has_litter":true,"has_pet_waste":false,"has_substances":false,"zone":"cottonwood_zone_A","zone_edge_m":92.1,"nbhd_edge_m":null}},{"type":"Feature","geometry":{"type":"Point","coordinates":[-122.55722045898,49.219623565674]},"properties":{"id":555608,"datetime":"2026-10-03T21:24:32.000000Z","filename":"https://olm-s3.s3.eu-west-1.amazonaws.com/2026/10/03/JPUt6Jb7VPJ1TvjFSbfV1sTC9g4KxbQS91KB1kZf.jpg","tags":[{"type":"standard","category":"smoking","item":"butts","quantity":1}],"objects":[{"status":"OK","on_map":true,"group":"Smoking","subgroup":"","layer":"Cigarette Butts","full_name":"Smoking \u2013 Cigarette Butts","olm_key":"smoking/butts","quantity":1,"picked_up":true}],"groups":["substances"],"has_litter":false,"has_pet_waste":false,"has_substances":true,"zone":"cottonwood_zone_A","zone_edge_m":88.7,"nbhd_edge_m":null}},{"type":"Feature","geometry":{"type":"Point","coordinates":[-122.55722045898,49.219623565674]},"properties":{"id":555607,"datetime":"2026-10-03T21:24:40.000000Z","filename":"https://olm-s3.s3.eu-west-1.amazonaws.com/2026/10/03/JsOyFZnEAHMhrorHKqi5KmxT2IiOfIhRCBCUHFiW.jpg","tags":[{"type":"standard","category":"smoking","item":"butts","quantity":2}],"objects":[{"status":"OK","on_map":true,"group":"Smoking","subgroup":"","layer":"Cigarette Butts","full_name":"Smoking \u2013 Cigarette Butts","olm_key":"smoking/butts","quantity":2,"picked_up":true}],"groups":["substances"],"has_litter":false,"has_pet_waste":false,"has_substances":true,"zone":"cottonwood_zone_A","zone_edge_m":88.7,"nbhd_edge_m":null}},{"type":"Feature","geometry":{"type":"Point","coordinates":[-122.55722045898,49.219623565674]},"properties":{"id":555606,"datetime":"2026-10-03T21:24:51.000000Z","filename":"https://olm-s3.s3.eu-west-1.amazonaws.com/2026/10/03/5bTggdaX3gtj9EfjWo58i8cwhAYhVDlRMyJTlmD9.jpg","tags":[{"type":"standard","category":"smoking","item":"butts","quantity":1}],"objects":[{"status":"OK","on_map":true,"group":"Smoking","subgroup":"","layer":"Cigarette Butts","full_name":"Smoking \u2013 Cigarette Butts","olm_key":"smoking/butts","quantity":1,"picked_up":true}],"groups":["substances"],"has_litter":false,"has_pet_waste":false,"has_substances":true,"zone":"cottonwood_zone_A","zone_edge_m":88.7,"nbhd_edge_m":null}},{"type":"Feature","geometry":{"type":"Point","coordinates":[-122.55722045898,49.219623565674]},"properties":{"id":555605,"datetime":"2026-10-03T21:24:56.000000Z","filename":"https://olm-s3.s3.eu-west-1.amazonaws.com/2026/10/03/dlwrZ7TCKqskoVolWIrthZWvq7qEjGyHq64XKve8.jpg","tags":[{"type":"standard","category":"smoking","item":"butts","quantity":1}],"objects":[{"status":"OK","on_map":true,"group":"Smoking","subgroup":"","layer":"Cigarette Butts","full_name":"Smoking \u2013 Cigarette Butts","olm_key":"smoking/butts","quantity":1,"picked_up":true}],"groups":["substances"],"has_litter":false,"has_pet_waste":false,"has_substances":true,"zone":"cottonwood_zone_A","zone_edge_m":88.7,"nbhd_edge_m":null}},{"type":"Feature","geometry":{"type":"Point","coordinates":[-122.55722045898,49.219623565674]},"properties":{"id":555604,"datetime":"2026-10-03T21:25:11.000000Z","filename":"https://olm-s3.s3.eu-west-1.amazonaws.com/2026/10/03/hxutlU7XyBaPpUWjDuVBuazBKNy8grMRhzz2pPHl.jpg","tags":[{"type":"standard","category":"food","item":"packaging","quantity":1}],"objects":[{"status":"OK","on_map":true,"group":"Convenient Food Drink","subgroup":"Take-out","layer":"Food Packaging","full_name":"Convenient Food Drink \u2013 Take-out \u2013 Food Packaging","olm_key":"food/packaging","quantity":1,"picked_up":true}],"groups":["litter"],"has_litter":true,"has_pet_waste":false,"has_substances":false,"zone":"cottonwood_zone_A","zone_edge_m":88.7,"nbhd_edge_m":null}},{"type":"Feature","geometry":{"type":"Point","coordinates":[-122.55722045898,49.219623565674]},"properties":{"id":555603,"datetime":"2026-10-03T21:25:15.000000Z","filename":"https://olm-s3.s3.eu-west-1.amazonaws.com/2026/10/03/J8LYsWCrtZhSjiBfpNTQiFee1BHZQBjOLclL40hw.jpg","tags":[{"type":"standard","category":"other","item":"paper","quantity":3},{"type":"material","category":"material","item":"paper","quantity":1,"parent_category":"other","parent_item":"paper"}],"objects":[{"status":"OK","on_map":true,"group":"Piece","subgroup":"","layer":"Paper Piece","full_name":"Piece \u2013 Paper Piece","olm_key":"other/paper","quantity":3,"picked_up":true}],"groups":["litter"],"has_litter":true,"has_pet_waste":false,"has_substances":false,"zone":"cottonwood_zone_A","zone_edge_m":88.7,"nbhd_edge_m":null}},{"type":"Feature","geometry":{"type":"Point","coordinates":[-122.55722045898,49.219623565674]},"properties":{"id":555602,"datetime":"2026-10-03T21:25:22.000000Z","filename":"https://olm-s3.s3.eu-west-1.amazonaws.com/2026/10/03/azhSf8razXi9UJ50TFRZKzu5w5beVA8Z35lfD5Mc.jpg","tags":[{"type":"standard","category":"other","item":"plastic","quantity":1}],"objects":[{"status":"OK","on_map":true,"group":"Piece","subgroup":"","layer":"Plastic Piece","full_name":"Piece \u2013 Plastic Piece","olm_key":"other/plastic","quantity":1,"picked_up":true}],"groups":["litter"],"has_litter":true,"has_pet_waste":false,"has_substances":false,"zone":"cottonwood_zone_A","zone_edge_m":88.7,"nbhd_edge_m":null}},{"type":"Feature","geometry":{"type":"Point","coordinates":[-122.55722045898,49.219623565674]},"properties":{"id":555601,"datetime":"2026-10-03T21:25:30.000000Z","filename":"https://olm-s3.s3.eu-west-1.amazonaws.com/2026/10/03/aSXboVrM4QdgQJnWPn6tMbUEHfqQAO38JY0tdyLw.jpg","tags":[{"type":"standard","category":"smoking","item":"butts","quantity":2}],"objects":[{"status":"OK","on_map":true,"group":"Smoking","subgroup":"","layer":"Cigarette Butts","full_name":"Smoking \u2013 Cigarette Butts","olm_key":"smoking/butts","quantity":2,"picked_up":true}],"groups":["substances"],"has_litter":false,"has_pet_waste":false,"has_substances":true,"zone":"cottonwood_zone_A","zone_edge_m":88.7,"nbhd_edge_m":null}},{"type":"Feature","geometry":{"type":"Point","coordinates":[-122.55722045898,49.219623565674]},"properties":{"id":555600,"datetime":"2026-10-03T21:25:36.000000Z","filename":"https://olm-s3.s3.eu-west-1.amazonaws.com/2026/10/03/NeNwfXCsiug2lno40lq0FiPSERmD4z9MCyJtmhVN.jpg","tags":[{"type":"standard","category":"other","item":"paper","quantity":1},{"type":"material","category":"material","item":"paper","quantity":1,"parent_category":"other","parent_item":"paper"},{"type":"standard","category":"smoking","item":"butts","quantity":1}],"objects":[{"status":"OK","on_map":true,"group":"Piece","subgroup":"","layer":"Paper Piece","full_name":"Piece \u2013 Paper Piece","olm_key":"other/paper","quantity":1,"picked_up":true},{"status":"OK","on_map":true,"group":"Smoking","subgroup":"","layer":"Cigarette Butts","full_name":"Smoking \u2013 Cigarette Butts","olm_key":"smoking/butts","quantity":1,"picked_up":true}],"groups":["litter","substances"],"has_litter":true,"has_pet_waste":false,"has_substances":true,"zone":"cottonwood_zone_A","zone_edge_m":88.7,"nbhd_edge_m":null}},{"type":"Feature","geometry":{"type":"Point","coordinates":[-122.55722045898,49.219623565674]},"properties":{"id":555599,"datetime":"2026-10-03T21:25:42.000000Z","filename":"https://olm-s3.s3.eu-west-1.amazonaws.com/2026/10/03/xLIXqokUp2lQlLkwRYeO2GQsY0ft4OGugspANCRD.jpg","tags":[{"type":"standard","category":"sanitary","item":"wipes","quantity":1}],"objects":[{"status":"OK","on_map":true,"group":"Household","subgroup":"","layer":"Wet Wipes","full_name":"Household \u2013 Wet Wipes","olm_key":"sanitary/wipes","quantity":1,"picked_up":true}],"groups":["litter"],"has_litter":true,"has_pet_waste":false,"has_substances":false,"zone":"cottonwood_zone_A","zone_edge_m":88.7,"nbhd_edge_m":null}},{"type":"Feature","geometry":{"type":"Point","coordinates":[-122.55722045898,49.219623565674]},"properties":{"id":555598,"datetime":"2026-10-03T21:25:50.000000Z","filename":"https://olm-s3.s3.eu-west-1.amazonaws.com/2026/10/03/DnJpRWVTKnXRIiK3XfXVa9dBmvf6xztoMNtCmBcm.jpg","tags":[{"type":"standard","category":"industrial","item":"other","quantity":1},{"type":"standard","category":"other","item":"plastic","quantity":1}],"objects":[{"status":"OK","on_map":true,"group":"Industrial","subgroup":"","layer":"Industrial Debris","full_name":"Industrial \u2013 Industrial Debris","olm_key":"industrial/other","quantity":1,"picked_up":true},{"status":"OK","on_map":true,"group":"Piece","subgroup":"","layer":"Plastic Piece","full_name":"Piece \u2013 Plastic Piece","olm_key":"other/plastic","quantity":1,"picked_up":true}],"groups":["litter"],"has_litter":true,"has_pet_waste":false,"has_substances":false,"zone":"cottonwood_zone_A","zone_edge_m":88.7,"nbhd_edge_m":null}},{"type":"Feature","geometry":{"type":"Point","coordinates":[-122.55722045898,49.219623565674]},"properties":{"id":555597,"datetime":"2026-10-03T21:26:17.000000Z","filename":"https://olm-s3.s3.eu-west-1.amazonaws.com/2026/10/03/AeHurSgjoboiFlnLghF3E5yyaMweeDeNhLRDOcxj.jpg","tags":[{"type":"standard","category":"other","item":"paper","quantity":1},{"type":"material","category":"material","item":"paper","quantity":1,"parent_category":"other","parent_item":"paper"}],"objects":[{"status":"OK","on_map":true,"group":"Piece","subgroup":"","layer":"Paper Piece","full_name":"Piece \u2013 Paper Piece","olm_key":"other/paper","quantity":1,"picked_up":true}],"groups":["litter"],"has_litter":true,"has_pet_waste":false,"has_substances":false,"zone":"cottonwood_zone_A","zone_edge_m":88.7,"nbhd_edge_m":null}},{"type":"Feature","geometry":{"type":"Point","coordinates":[-122.55722045898,49.219623565674]},"properties":{"id":555596,"datetime":"2026-10-03T21:26:23.000000Z","filename":"https://olm-s3.s3.eu-west-1.amazonaws.com/2026/10/03/AJ8nLDdmkaoDsiJ0anQ3d0ScRwqkpeWrKzZDK0wi.jpg","tags":[{"type":"standard","category":"smoking","item":"butts","quantity":1}],"objects":[{"status":"OK","on_map":true,"group":"Smoking","subgroup":"","layer":"Cigarette Butts","full_name":"Smoking \u2013 Cigarette Butts","olm_key":"smoking/butts","quantity":1,"picked_up":true}],"groups":["substances"],"has_litter":false,"has_pet_waste":false,"has_substances":true,"zone":"cottonwood_zone_A","zone_edge_m":88.7,"nbhd_edge_m":null}},{"type":"Feature","geometry":{"type":"Point","coordinates":[-122.55718231201,49.219837188721]},"properties":{"id":555595,"datetime":"2026-10-03T21:26:30.000000Z","filename":"https://olm-s3.s3.eu-west-1.amazonaws.com/2026/10/03/jkiVnqCY019a4QZMksOuGI7NIx4spGlR6nPfCwOK.jpg","tags":[{"type":"standard","category":"food","item":"tinfoil","quantity":1}],"objects":[{"status":"OK","on_map":true,"group":"Piece","subgroup":"","layer":"Foil Piece","full_name":"Piece \u2013 Foil Piece","olm_key":"food/tinfoil","quantity":1,"picked_up":true}],"groups":["litter"],"has_litter":true,"has_pet_waste":false,"has_substances":false,"zone":"cottonwood_zone_A","zone_edge_m":86.0,"nbhd_edge_m":null}},{"type":"Feature","geometry":{"type":"Point","coordinates":[-122.55725860596,49.219837188721]},"properties":{"id":555594,"datetime":"2026-10-03T21:26:37.000000Z","filename":"https://olm-s3.s3.eu-west-1.amazonaws.com/2026/10/03/DpdH4pi1tfCjAJOvc8lubMvFZUbZ2f1uiO90DOFJ.jpg","tags":[{"type":"standard","category":"other","item":"plastic","quantity":1}],"objects":[{"status":"OK","on_map":true,"group":"Piece","subgroup":"","layer":"Plastic Piece","full_name":"Piece \u2013 Plastic Piece","olm_key":"other/plastic","quantity":1,"picked_up":true}],"groups":["litter"],"has_litter":true,"has_pet_waste":false,"has_substances":false,"zone":"cottonwood_zone_A","zone_edge_m":91.5,"nbhd_edge_m":null}},{"type":"Feature","geometry":{"type":"Point","coordinates":[-122.5571975708,49.219867706299]},"properties":{"id":555593,"datetime":"2026-10-03T21:26:47.000000Z","filename":"https://olm-s3.s3.eu-west-1.amazonaws.com/2026/10/03/HtofV71pd3nlWrwy2RQ9DUvy0b4iCCAuNlKcCCZg.jpg","tags":[{"type":"standard","category":"smoking","item":"butts","quantity":1}],"objects":[{"status":"OK","on_map":true,"group":"Smoking","subgroup":"","layer":"Cigarette Butts","full_name":"Smoking \u2013 Cigarette Butts","olm_key":"smoking/butts","quantity":1,"picked_up":true}],"groups":["substances"],"has_litter":false,"has_pet_waste":false,"has_substances":true,"zone":"cottonwood_zone_A","zone_edge_m":87.1,"nbhd_edge_m":null}},{"type":"Feature","geometry":{"type":"Point","coordinates":[-122.55722808838,49.219879150391]},"properties":{"id":555592,"datetime":"2026-10-03T21:26:54.000000Z","filename":"https://olm-s3.s3.eu-west-1.amazonaws.com/2026/10/03/3YUGIc69ny0mBZd7UVMNSKnJPrPsLwy1RNCeGk4c.jpg","tags":[{"type":"standard","category":"other","item":"other","quantity":2}],"objects":[{"status":"OK","on_map":true,"group":"Household","subgroup":"","layer":"Household misc","full_name":"Household \u2013 Household misc","olm_key":"other/other","quantity":2,"picked_up":true}],"groups":["litter"],"has_litter":true,"has_pet_waste":false,"has_substances":false,"zone":"cottonwood_zone_A","zone_edge_m":89.3,"nbhd_edge_m":null}},{"type":"Feature","geometry":{"type":"Point","coordinates":[-122.55722808838,49.219879150391]},"properties":{"id":555591,"datetime":"2026-10-03T21:27:05.000000Z","filename":"https://olm-s3.s3.eu-west-1.amazonaws.com/2026/10/03/5fF7qjjBIRJeBI31bxDyPntWXG9T69lwVxLKP1nf.jpg","tags":[{"type":"standard","category":"food","item":"packet","quantity":1}],"objects":[{"status":"OK","on_map":true,"group":"Convenient Food Drink","subgroup":"Take-out","layer":"Condiment Packets","full_name":"Convenient Food Drink \u2013 Take-out \u2013 Condiment Packets","olm_key":"food/packet","quantity":1,"picked_up":true}],"groups":["litter"],"has_litter":true,"has_pet_waste":false,"has_substances":false,"zone":"cottonwood_zone_A","zone_edge_m":89.3,"nbhd_edge_m":null}},{"type":"Feature","geometry":{"type":"Point","coordinates":[-122.55722808838,49.219879150391]},"properties":{"id":555590,"datetime":"2026-10-03T21:27:31.000000Z","filename":"https://olm-s3.s3.eu-west-1.amazonaws.com/2026/10/03/eybHtz07yb7NXbKiLEyCT2iuZRmxYaNCXxbLVD1i.jpg","tags":[{"type":"standard","category":"food","item":"packaging","quantity":1}],"objects":[{"status":"OK","on_map":true,"group":"Convenient Food Drink","subgroup":"Take-out","layer":"Food Packaging","full_name":"Convenient Food Drink \u2013 Take-out \u2013 Food Packaging","olm_key":"food/packaging","quantity":1,"picked_up":true}],"groups":["litter"],"has_litter":true,"has_pet_waste":false,"has_substances":false,"zone":"cottonwood_zone_A","zone_edge_m":89.3,"nbhd_edge_m":null}},{"type":"Feature","geometry":{"type":"Point","coordinates":[-122.55722808838,49.219879150391]},"properties":{"id":555589,"datetime":"2026-10-03T21:27:38.000000Z","filename":"https://olm-s3.s3.eu-west-1.amazonaws.com/2026/10/03/9JEartLHgLgFejXnSiCJ823GibKzKTL2u5qMK05N.jpg","tags":[{"type":"standard","category":"other","item":"balloon","quantity":2}],"objects":[{"status":"OK","on_map":true,"group":"Household","subgroup":"","layer":"Party Litter","full_name":"Household \u2013 Party Litter","olm_key":"other/balloon","quantity":2,"picked_up":true}],"groups":["litter"],"has_litter":true,"has_pet_waste":false,"has_substances":false,"zone":"cottonwood_zone_A","zone_edge_m":89.3,"nbhd_edge_m":null}},{"type":"Feature","geometry":{"type":"Point","coordinates":[-122.55722808838,49.219879150391]},"properties":{"id":555588,"datetime":"2026-10-03T21:27:45.000000Z","filename":"https://olm-s3.s3.eu-west-1.amazonaws.com/2026/10/03/kZgHF9vRvIIU1dA9m1ZCFhLYFbi1iPqF07v9uh2K.jpg","tags":[{"type":"standard","category":"other","item":"balloon","quantity":1}],"objects":[{"status":"OK","on_map":true,"group":"Household","subgroup":"","layer":"Party Litter","full_name":"Household \u2013 Party Litter","olm_key":"other/balloon","quantity":1,"picked_up":true}],"groups":["litter"],"has_litter":true,"has_pet_waste":false,"has_substances":false,"zone":"cottonwood_zone_A","zone_edge_m":89.3,"nbhd_edge_m":null}},{"type":"Feature","geometry":{"type":"Point","coordinates":[-122.55722808838,49.219879150391]},"properties":{"id":555587,"datetime":"2026-10-03T21:27:51.000000Z","filename":"https://olm-s3.s3.eu-west-1.amazonaws.com/2026/10/03/6w7a4jGjgMbm5h4MujQYoDD7c49a4CY9hWRky5ZS.jpg","tags":[{"type":"standard","category":"other","item":"plastic","quantity":1}],"objects":[{"status":"OK","on_map":true,"group":"Piece","subgroup":"","layer":"Plastic Piece","full_name":"Piece \u2013 Plastic Piece","olm_key":"other/plastic","quantity":1,"picked_up":true}],"groups":["litter"],"has_litter":true,"has_pet_waste":false,"has_substances":false,"zone":"cottonwood_zone_A","zone_edge_m":89.3,"nbhd_edge_m":null}},{"type":"Feature","geometry":{"type":"Point","coordinates":[-122.55722808838,49.219879150391]},"properties":{"id":555586,"datetime":"2026-10-03T21:27:54.000000Z","filename":"https://olm-s3.s3.eu-west-1.amazonaws.com/2026/10/03/FuK74NpBAo1J1JHGjPqejpRqN5pyauXYG6WOD1lU.jpg","tags":[{"type":"standard","category":"food","item":"tinfoil","quantity":1}],"objects":[{"status":"OK","on_map":true,"group":"Piece","subgroup":"","layer":"Foil Piece","full_name":"Piece \u2013 Foil Piece","olm_key":"food/tinfoil","quantity":1,"picked_up":true}],"groups":["litter"],"has_litter":true,"has_pet_waste":false,"has_substances":false,"zone":"cottonwood_zone_A","zone_edge_m":89.3,"nbhd_edge_m":null}},{"type":"Feature","geometry":{"type":"Point","coordinates":[-122.55730438232,49.220420837402]},"properties":{"id":555585,"datetime":"2026-10-03T21:28:56.000000Z","filename":"https://olm-s3.s3.eu-west-1.amazonaws.com/2026/10/03/C0qincbG3KbsvzOHg6pk4ZKCdUvYxyj24FfeE3oq.jpg","tags":[{"type":"standard","category":"other","item":"paper","quantity":1},{"type":"material","category":"material","item":"paper","quantity":1,"parent_category":"other","parent_item":"paper"}],"objects":[{"status":"OK","on_map":true,"group":"Piece","subgroup":"","layer":"Paper Piece","full_name":"Piece \u2013 Paper Piece","olm_key":"other/paper","quantity":1,"picked_up":true}],"groups":["litter"],"has_litter":true,"has_pet_waste":false,"has_substances":false,"zone":"cottonwood_zone_A","zone_edge_m":64.5,"nbhd_edge_m":null}},{"type":"Feature","geometry":{"type":"Point","coordinates":[-122.55730438232,49.220420837402]},"properties":{"id":555584,"datetime":"2026-10-03T21:29:13.000000Z","filename":"https://olm-s3.s3.eu-west-1.amazonaws.com/2026/10/03/dJVKa06VA4mvmbi1CleF5YFMrOCYb5qrefEHgP6S.jpg","tags":[{"type":"standard","category":"other","item":"plastic","quantity":1}],"objects":[{"status":"OK","on_map":true,"group":"Piece","subgroup":"","layer":"Plastic Piece","full_name":"Piece \u2013 Plastic Piece","olm_key":"other/plastic","quantity":1,"picked_up":true}],"groups":["litter"],"has_litter":true,"has_pet_waste":false,"has_substances":false,"zone":"cottonwood_zone_A","zone_edge_m":64.5,"nbhd_edge_m":null}},{"type":"Feature","geometry":{"type":"Point","coordinates":[-122.55730438232,49.220420837402]},"properties":{"id":555583,"datetime":"2026-10-03T21:30:06.000000Z","filename":"https://olm-s3.s3.eu-west-1.amazonaws.com/2026/10/03/HEoty6LoDrLDUL1MnMLmfyXWSJWEdT2xmLh5Lnca.jpg","tags":[{"type":"standard","category":"other","item":"metal","quantity":1}],"objects":[{"status":"OK","on_map":true,"group":"Piece","subgroup":"","layer":"Household or Unknown Metal Piece","full_name":"Piece \u2013 Household or Unknown Metal Piece","olm_key":"other/metal","quantity":1,"picked_up":true}],"groups":["litter"],"has_litter":true,"has_pet_waste":false,"has_substances":false,"zone":"cottonwood_zone_A","zone_edge_m":64.5,"nbhd_edge_m":null}},{"type":"Feature","geometry":{"type":"Point","coordinates":[-122.55730438232,49.220420837402]},"properties":{"id":555582,"datetime":"2026-10-03T21:30:25.000000Z","filename":"https://olm-s3.s3.eu-west-1.amazonaws.com/2026/10/03/G4XAMpKbIPt2JfVHAIawyypBnjxnAWMvfg4VZsn2.jpg","tags":[{"type":"standard","category":"other","item":"plastic","quantity":1}],"objects":[{"status":"OK","on_map":true,"group":"Piece","subgroup":"","layer":"Plastic Piece","full_name":"Piece \u2013 Plastic Piece","olm_key":"other/plastic","quantity":1,"picked_up":true}],"groups":["litter"],"has_litter":true,"has_pet_waste":false,"has_substances":false,"zone":"cottonwood_zone_A","zone_edge_m":64.5,"nbhd_edge_m":null}},{"type":"Feature","geometry":{"type":"Point","coordinates":[-122.55730438232,49.220420837402]},"properties":{"id":555581,"datetime":"2026-10-03T21:30:43.000000Z","filename":"https://olm-s3.s3.eu-west-1.amazonaws.com/2026/10/03/PJKPMzHc9GW6Z6OEYCIr8zRnKuEBptbWCaRnUJ5B.jpg","tags":[{"type":"standard","category":"softdrinks","item":"lid","quantity":1}],"objects":[{"status":"OK","on_map":true,"group":"Convenient Food Drink","subgroup":"Drink","layer":"Cold Beverage Lid","full_name":"Convenient Food Drink \u2013 Drink \u2013 Cold Beverage Lid","olm_key":"softdrinks/lid","quantity":1,"picked_up":true}],"groups":["litter"],"has_litter":true,"has_pet_waste":false,"has_substances":false,"zone":"cottonwood_zone_A","zone_edge_m":64.5,"nbhd_edge_m":null}},{"type":"Feature","geometry":{"type":"Point","coordinates":[-122.55730438232,49.220420837402]},"properties":{"id":555580,"datetime":"2026-10-03T21:30:50.000000Z","filename":"https://olm-s3.s3.eu-west-1.amazonaws.com/2026/10/03/XPmINcrdHR6W8R8iFnLb6dTrHWFSmo2meI40Z8h3.jpg","tags":[{"type":"standard","category":"other","item":"paper","quantity":1},{"type":"material","category":"material","item":"paper","quantity":1,"parent_category":"other","parent_item":"paper"}],"objects":[{"status":"OK","on_map":true,"group":"Piece","subgroup":"","layer":"Paper Piece","full_name":"Piece \u2013 Paper Piece","olm_key":"other/paper","quantity":1,"picked_up":true}],"groups":["litter"],"has_litter":true,"has_pet_waste":false,"has_substances":false,"zone":"cottonwood_zone_A","zone_edge_m":64.5,"nbhd_edge_m":null}},{"type":"Feature","geometry":{"type":"Point","coordinates":[-122.55730438232,49.220420837402]},"properties":{"id":555579,"datetime":"2026-10-03T21:31:27.000000Z","filename":"https://olm-s3.s3.eu-west-1.amazonaws.com/2026/10/03/lDhVwoGX7L4WNPsnXyNopeAPT7YPJlkMvzQQr5oV.jpg","tags":[{"type":"standard","category":"other","item":"metal","quantity":1}],"objects":[{"status":"OK","on_map":true,"group":"Piece","subgroup":"","layer":"Household or Unknown Metal Piece","full_name":"Piece \u2013 Household or Unknown Metal Piece","olm_key":"other/metal","quantity":1,"picked_up":true}],"groups":["litter"],"has_litter":true,"has_pet_waste":false,"has_substances":false,"zone":"cottonwood_zone_A","zone_edge_m":64.5,"nbhd_edge_m":null}},{"type":"Feature","geometry":{"type":"Point","coordinates":[-122.55730438232,49.220420837402]},"properties":{"id":555578,"datetime":"2026-10-03T21:31:39.000000Z","filename":"https://olm-s3.s3.eu-west-1.amazonaws.com/2026/10/03/RWt3jko9bfdqUwfyIZxqgEmtWY0rWma1EoScVwki.jpg","tags":[{"type":"standard","category":"other","item":"metal","quantity":1}],"objects":[{"status":"OK","on_map":true,"group":"Piece","subgroup":"","layer":"Household or Unknown Metal Piece","full_name":"Piece \u2013 Household or Unknown Metal Piece","olm_key":"other/metal","quantity":1,"picked_up":true}],"groups":["litter"],"has_litter":true,"has_pet_waste":false,"has_substances":false,"zone":"cottonwood_zone_A","zone_edge_m":64.5,"nbhd_edge_m":null}},{"type":"Feature","geometry":{"type":"Point","coordinates":[-122.55730438232,49.220420837402]},"properties":{"id":555577,"datetime":"2026-10-03T21:31:50.000000Z","filename":"https://olm-s3.s3.eu-west-1.amazonaws.com/2026/10/03/nXocycYiZQ9ZnMqclDe8DoHov3fm6JJDwVpAtgF1.jpg","tags":[{"type":"standard","category":"other","item":"other","quantity":1}],"objects":[{"status":"OK","on_map":true,"group":"Household","subgroup":"","layer":"Household misc","full_name":"Household \u2013 Household misc","olm_key":"other/other","quantity":1,"picked_up":true}],"groups":["litter"],"has_litter":true,"has_pet_waste":false,"has_substances":false,"zone":"cottonwood_zone_A","zone_edge_m":64.5,"nbhd_edge_m":null}},{"type":"Feature","geometry":{"type":"Point","coordinates":[-122.55730438232,49.220420837402]},"properties":{"id":555576,"datetime":"2026-10-03T21:32:00.000000Z","filename":"https://olm-s3.s3.eu-west-1.amazonaws.com/2026/10/03/FnTWKY5CnOoiFy1oUlN3DJs2guNmEHd9PNd7nS9F.jpg","tags":[{"type":"standard","category":"smoking","item":"butts","quantity":1}],"objects":[{"status":"OK","on_map":true,"group":"Smoking","subgroup":"","layer":"Cigarette Butts","full_name":"Smoking \u2013 Cigarette Butts","olm_key":"smoking/butts","quantity":1,"picked_up":true}],"groups":["substances"],"has_litter":false,"has_pet_waste":false,"has_substances":true,"zone":"cottonwood_zone_A","zone_edge_m":64.5,"nbhd_edge_m":null}},{"type":"Feature","geometry":{"type":"Point","coordinates":[-122.55730438232,49.220420837402]},"properties":{"id":555575,"datetime":"2026-10-03T21:32:08.000000Z","filename":"https://olm-s3.s3.eu-west-1.amazonaws.com/2026/10/03/tOgMmyoi9MfYDe9MVigvtko8dYWJgyRWkkskfSSe.jpg","tags":[{"type":"standard","category":"food","item":"cutlery","quantity":1}],"objects":[{"status":"OK","on_map":true,"group":"Convenient Food Drink","subgroup":"Take-out","layer":"Cutlery","full_name":"Convenient Food Drink \u2013 Take-out \u2013 Cutlery","olm_key":"food/cutlery","quantity":1,"picked_up":true}],"groups":["litter"],"has_litter":true,"has_pet_waste":false,"has_substances":false,"zone":"cottonwood_zone_A","zone_edge_m":64.5,"nbhd_edge_m":null}},{"type":"Feature","geometry":{"type":"Point","coordinates":[-122.55730438232,49.220420837402]},"properties":{"id":555574,"datetime":"2026-10-03T21:32:16.000000Z","filename":"https://olm-s3.s3.eu-west-1.amazonaws.com/2026/10/03/QTT8aP4IXxCmeL8cTxlfP8isFzrBAy8uiZs9rMBB.jpg","tags":[{"type":"standard","category":"other","item":"plastic","quantity":1}],"objects":[{"status":"OK","on_map":true,"group":"Piece","subgroup":"","layer":"Plastic Piece","full_name":"Piece \u2013 Plastic Piece","olm_key":"other/plastic","quantity":1,"picked_up":true}],"groups":["litter"],"has_litter":true,"has_pet_waste":false,"has_substances":false,"zone":"cottonwood_zone_A","zone_edge_m":64.5,"nbhd_edge_m":null}},{"type":"Feature","geometry":{"type":"Point","coordinates":[-122.55730438232,49.220420837402]},"properties":{"id":555573,"datetime":"2026-10-03T21:32:20.000000Z","filename":"https://olm-s3.s3.eu-west-1.amazonaws.com/2026/10/03/EkGtTEZKOLq57NQuBZ5FVi7f8i6916V5XN7yhpvQ.jpg","tags":[{"type":"standard","category":"alcohol","item":"can","quantity":1,"object_type":"spirits"}],"objects":[{"status":"OK","on_map":true,"group":"Household","subgroup":"Liquor","layer":"Liquor Can","full_name":"Household \u2013 Liquor \u2013 Liquor Can","olm_key":"alcohol/can","quantity":1,"picked_up":true}],"groups":["substances"],"has_litter":false,"has_pet_waste":false,"has_substances":true,"zone":"cottonwood_zone_A","zone_edge_m":64.5,"nbhd_edge_m":null}},{"type":"Feature","geometry":{"type":"Point","coordinates":[-122.55730438232,49.220420837402]},"properties":{"id":555572,"datetime":"2026-10-03T21:32:31.000000Z","filename":"https://olm-s3.s3.eu-west-1.amazonaws.com/2026/10/03/dbB0KikaCd2AaViVM7hEeG21ZCKsze00U0knzOnO.jpg","tags":[{"type":"standard","category":"other","item":"paper","quantity":1},{"type":"material","category":"material","item":"paper","quantity":1,"parent_category":"other","parent_item":"paper"}],"objects":[{"status":"OK","on_map":true,"group":"Piece","subgroup":"","layer":"Paper Piece","full_name":"Piece \u2013 Paper Piece","olm_key":"other/paper","quantity":1,"picked_up":true}],"groups":["litter"],"has_litter":true,"has_pet_waste":false,"has_substances":false,"zone":"cottonwood_zone_A","zone_edge_m":64.5,"nbhd_edge_m":null}},{"type":"Feature","geometry":{"type":"Point","coordinates":[-122.55693054199,49.219566345215]},"properties":{"id":555571,"datetime":"2026-10-03T21:32:59.000000Z","filename":"https://olm-s3.s3.eu-west-1.amazonaws.com/2026/10/03/g9G6dQ0s6xAZiqDTa21vcz6R0WfxRyuX62Y3efat.jpg","tags":[{"type":"standard","category":"softdrinks","item":"straw_wrapper","quantity":1}],"objects":[{"status":"OK","on_map":true,"group":"Convenient Food Drink","subgroup":"Drink","layer":"Drink Straw Wrapper","full_name":"Convenient Food Drink \u2013 Drink \u2013 Drink Straw Wrapper","olm_key":"softdrinks/straw_wrapper","quantity":1,"picked_up":true}],"groups":["litter"],"has_litter":true,"has_pet_waste":false,"has_substances":false,"zone":"cottonwood_zone_A","zone_edge_m":67.7,"nbhd_edge_m":null}},{"type":"Feature","geometry":{"type":"Point","coordinates":[-122.5569152832,49.219444274902]},"properties":{"id":555570,"datetime":"2026-10-03T21:33:18.000000Z","filename":"https://olm-s3.s3.eu-west-1.amazonaws.com/2026/10/03/FcIBIfLRJI3aJuWL2hThPLFYGmwU4zTsla12yAfP.jpg","tags":[{"type":"standard","category":"sanitary","item":"wipes","quantity":1}],"objects":[{"status":"OK","on_map":true,"group":"Household","subgroup":"","layer":"Wet Wipes","full_name":"Household \u2013 Wet Wipes","olm_key":"sanitary/wipes","quantity":1,"picked_up":true}],"groups":["litter"],"has_litter":true,"has_pet_waste":false,"has_substances":false,"zone":"cottonwood_zone_A","zone_edge_m":66.6,"nbhd_edge_m":null}},{"type":"Feature","geometry":{"type":"Point","coordinates":[-122.5569152832,49.219444274902]},"properties":{"id":555569,"datetime":"2026-10-03T21:33:23.000000Z","filename":"https://olm-s3.s3.eu-west-1.amazonaws.com/2026/10/03/X0qnISUwM4x2KANoZe7psr1NHeh8OyIqhhSIY13V.jpg","tags":[{"type":"standard","category":"coffee","item":"cup","quantity":1},{"type":"brand","category":"brand","item":"mcdonalds","quantity":1,"parent_category":"coffee","parent_item":"cup"},{"type":"standard","category":"coffee","item":"lid","quantity":1}],"objects":[{"status":"OK","on_map":true,"group":"Convenient Food Drink","subgroup":"Drink","layer":"Poly-lined Hot Beverage Cup","full_name":"Convenient Food Drink \u2013 Drink \u2013 Poly-lined Hot Beverage Cup","olm_key":"coffee/cup","quantity":1,"picked_up":true},{"status":"OK","on_map":true,"group":"Convenient Food Drink","subgroup":"Drink","layer":"Hot Beverage Cup Lid","full_name":"Convenient Food Drink \u2013 Drink \u2013 Hot Beverage Cup Lid","olm_key":"coffee/lid","quantity":1,"picked_up":true}],"groups":["litter"],"has_litter":true,"has_pet_waste":false,"has_substances":false,"zone":"cottonwood_zone_A","zone_edge_m":66.6,"nbhd_edge_m":null}},{"type":"Feature","geometry":{"type":"Point","coordinates":[-122.5569152832,49.219444274902]},"properties":{"id":555568,"datetime":"2026-10-03T21:33:35.000000Z","filename":"https://olm-s3.s3.eu-west-1.amazonaws.com/2026/10/03/DaBKoFSWuCe8LdFNtu7aDdUUmg6iZPKNpoznRcSH.jpg","tags":[{"type":"standard","category":"coffee","item":"lid","quantity":1}],"objects":[{"status":"OK","on_map":true,"group":"Convenient Food Drink","subgroup":"Drink","layer":"Hot Beverage Cup Lid","full_name":"Convenient Food Drink \u2013 Drink \u2013 Hot Beverage Cup Lid","olm_key":"coffee/lid","quantity":1,"picked_up":true}],"groups":["litter"],"has_litter":true,"has_pet_waste":false,"has_substances":false,"zone":"cottonwood_zone_A","zone_edge_m":66.6,"nbhd_edge_m":null}},{"type":"Feature","geometry":{"type":"Point","coordinates":[-122.5569152832,49.219444274902]},"properties":{"id":555567,"datetime":"2026-10-03T21:33:39.000000Z","filename":"https://olm-s3.s3.eu-west-1.amazonaws.com/2026/10/03/EwiFOErIsmzCORr9LMcu0Unvag65yoROkM5eirES.jpg","tags":[{"type":"standard","category":"other","item":"plastic","quantity":1}],"objects":[{"status":"OK","on_map":true,"group":"Piece","subgroup":"","layer":"Plastic Piece","full_name":"Piece \u2013 Plastic Piece","olm_key":"other/plastic","quantity":1,"picked_up":true}],"groups":["litter"],"has_litter":true,"has_pet_waste":false,"has_substances":false,"zone":"cottonwood_zone_A","zone_edge_m":66.6,"nbhd_edge_m":null}},{"type":"Feature","geometry":{"type":"Point","coordinates":[-122.5569152832,49.219444274902]},"properties":{"id":555566,"datetime":"2026-10-03T21:33:53.000000Z","filename":"https://olm-s3.s3.eu-west-1.amazonaws.com/2026/10/03/5MdNUM1bruGLj8RA29XD6LlY3L1a7iY9hNTAzVKf.jpg","tags":[{"type":"standard","category":"other","item":"plastic","quantity":1}],"objects":[{"status":"OK","on_map":true,"group":"Piece","subgroup":"","layer":"Plastic Piece","full_name":"Piece \u2013 Plastic Piece","olm_key":"other/plastic","quantity":1,"picked_up":true}],"groups":["litter"],"has_litter":true,"has_pet_waste":false,"has_substances":false,"zone":"cottonwood_zone_A","zone_edge_m":66.6,"nbhd_edge_m":null}},{"type":"Feature","geometry":{"type":"Point","coordinates":[-122.5569152832,49.219444274902]},"properties":{"id":555565,"datetime":"2026-10-03T21:34:03.000000Z","filename":"https://olm-s3.s3.eu-west-1.amazonaws.com/2026/10/03/jbWbNIy8Fn7wtCuhbmXeWo3UOJslbk6fBIOsVCKU.jpg","tags":[{"type":"standard","category":"other","item":"plastic","quantity":1}],"objects":[{"status":"OK","on_map":true,"group":"Piece","subgroup":"","layer":"Plastic Piece","full_name":"Piece \u2013 Plastic Piece","olm_key":"other/plastic","quantity":1,"picked_up":true}],"groups":["litter"],"has_litter":true,"has_pet_waste":false,"has_substances":false,"zone":"cottonwood_zone_A","zone_edge_m":66.6,"nbhd_edge_m":null}},{"type":"Feature","geometry":{"type":"Point","coordinates":[-122.5569152832,49.219444274902]},"properties":{"id":555564,"datetime":"2026-10-03T21:34:10.000000Z","filename":"https://olm-s3.s3.eu-west-1.amazonaws.com/2026/10/03/LMRhf3EZvo4qbrUeWKSNwsqw0I0uyieADsu5xAJw.jpg","tags":[{"type":"standard","category":"other","item":"paper","quantity":1},{"type":"material","category":"material","item":"paper","quantity":1,"parent_category":"other","parent_item":"paper"}],"objects":[{"status":"OK","on_map":true,"group":"Piece","subgroup":"","layer":"Paper Piece","full_name":"Piece \u2013 Paper Piece","olm_key":"other/paper","quantity":1,"picked_up":true}],"groups":["litter"],"has_litter":true,"has_pet_waste":false,"has_substances":false,"zone":"cottonwood_zone_A","zone_edge_m":66.6,"nbhd_edge_m":null}},{"type":"Feature","geometry":{"type":"Point","coordinates":[-122.5569152832,49.219444274902]},"properties":{"id":555563,"datetime":"2026-10-03T21:34:36.000000Z","filename":"https://olm-s3.s3.eu-west-1.amazonaws.com/2026/10/03/muehG66j9TirUERNxc8AEewvSC157DwXqduV7JOt.jpg","tags":[{"type":"standard","category":"industrial","item":"other","quantity":1}],"objects":[{"status":"OK","on_map":true,"group":"Industrial","subgroup":"","layer":"Industrial Debris","full_name":"Industrial \u2013 Industrial Debris","olm_key":"industrial/other","quantity":1,"picked_up":false}],"groups":["litter"],"has_litter":true,"has_pet_waste":false,"has_substances":false,"zone":"cottonwood_zone_A","zone_edge_m":66.6,"nbhd_edge_m":null}},{"type":"Feature","geometry":{"type":"Point","coordinates":[-122.5569152832,49.219444274902]},"properties":{"id":555562,"datetime":"2026-10-03T21:34:54.000000Z","filename":"https://olm-s3.s3.eu-west-1.amazonaws.com/2026/10/03/w2Fx7huiCAwPNm4EVy29KAhEqUIOPZb52BLSMW3C.jpg","tags":[{"type":"standard","category":"softdrinks","item":"can","quantity":1,"object_type":"energy"},{"type":"material","category":"material","item":"aluminium","quantity":1,"parent_category":"softdrinks","parent_item":"can"}],"objects":[{"status":"OK","on_map":true,"group":"Convenient Food Drink","subgroup":"Drink","layer":"Aluminum Drink Cans","full_name":"Convenient Food Drink \u2013 Drink \u2013 Aluminum Drink Cans","olm_key":"softdrinks/can","quantity":1,"picked_up":true}],"groups":["litter"],"has_litter":true,"has_pet_waste":false,"has_substances":false,"zone":"cottonwood_zone_A","zone_edge_m":66.6,"nbhd_edge_m":null}},{"type":"Feature","geometry":{"type":"Point","coordinates":[-122.5569152832,49.219444274902]},"properties":{"id":555561,"datetime":"2026-10-03T21:35:03.000000Z","filename":"https://olm-s3.s3.eu-west-1.amazonaws.com/2026/10/03/MFT19jc7xuSsbHrCuSLrVv5yLnbs3tueQl0K3D4C.jpg","tags":[{"type":"standard","category":"other","item":"plastic","quantity":1}],"objects":[{"status":"OK","on_map":true,"group":"Piece","subgroup":"","layer":"Plastic Piece","full_name":"Piece \u2013 Plastic Piece","olm_key":"other/plastic","quantity":1,"picked_up":true}],"groups":["litter"],"has_litter":true,"has_pet_waste":false,"has_substances":false,"zone":"cottonwood_zone_A","zone_edge_m":66.6,"nbhd_edge_m":null}},{"type":"Feature","geometry":{"type":"Point","coordinates":[-122.55687713623,49.219295501709]},"properties":{"id":555560,"datetime":"2026-10-03T21:35:13.000000Z","filename":"https://olm-s3.s3.eu-west-1.amazonaws.com/2026/10/03/L7olcVTixc4hkrap0dQVXCWc5OfgLllNg9RauKtS.jpg","tags":[{"type":"standard","category":"other","item":"other","quantity":1},{"type":"material","category":"material","item":"wood","quantity":1,"parent_category":"other","parent_item":"other"}],"objects":[{"status":"OK","on_map":true,"group":"Piece","subgroup":"","layer":"Wood Debris","full_name":"Piece \u2013 Wood Debris","olm_key":"other/other","quantity":1,"picked_up":true}],"groups":["litter"],"has_litter":true,"has_pet_waste":false,"has_substances":false,"zone":"cottonwood_zone_A","zone_edge_m":63.8,"nbhd_edge_m":null}},{"type":"Feature","geometry":{"type":"Point","coordinates":[-122.55690765381,49.219264984131]},"properties":{"id":555559,"datetime":"2026-10-03T21:35:25.000000Z","filename":"https://olm-s3.s3.eu-west-1.amazonaws.com/2026/10/03/LOyAhptwwCxCaAeuISpcCdr5d0bEB6bNdTlnRBni.jpg","tags":[{"type":"standard","category":"other","item":"other","quantity":1},{"type":"material","category":"material","item":"wood","quantity":1,"parent_category":"other","parent_item":"other"}],"objects":[{"status":"OK","on_map":true,"group":"Piece","subgroup":"","layer":"Wood Debris","full_name":"Piece \u2013 Wood Debris","olm_key":"other/other","quantity":1,"picked_up":true}],"groups":["litter"],"has_litter":true,"has_pet_waste":false,"has_substances":false,"zone":"cottonwood_zone_A","zone_edge_m":66.0,"nbhd_edge_m":null}},{"type":"Feature","geometry":{"type":"Point","coordinates":[-122.5569152832,49.219249725342]},"properties":{"id":555558,"datetime":"2026-10-03T21:35:32.000000Z","filename":"https://olm-s3.s3.eu-west-1.amazonaws.com/2026/10/03/hecr0WdsnU7q6RTxUWPuPoSxKSWS5Tt1p6nYy0ct.jpg","tags":[{"type":"standard","category":"smoking","item":"butts","quantity":1}],"objects":[{"status":"OK","on_map":true,"group":"Smoking","subgroup":"","layer":"Cigarette Butts","full_name":"Smoking \u2013 Cigarette Butts","olm_key":"smoking/butts","quantity":1,"picked_up":true}],"groups":["substances"],"has_litter":false,"has_pet_waste":false,"has_substances":true,"zone":"cottonwood_zone_A","zone_edge_m":66.6,"nbhd_edge_m":null}},{"type":"Feature","geometry":{"type":"Point","coordinates":[-122.55690765381,49.219249725342]},"properties":{"id":555557,"datetime":"2026-10-03T21:35:40.000000Z","filename":"https://olm-s3.s3.eu-west-1.amazonaws.com/2026/10/03/SeVL508LbjbGDp7FKQHkPEmrzcakjNGHfCHJkzKi.jpg","tags":[{"type":"standard","category":"other","item":"paper","quantity":1},{"type":"material","category":"material","item":"paper","quantity":1,"parent_category":"other","parent_item":"paper"}],"objects":[{"status":"OK","on_map":true,"group":"Piece","subgroup":"","layer":"Paper Piece","full_name":"Piece \u2013 Paper Piece","olm_key":"other/paper","quantity":1,"picked_up":true}],"groups":["litter"],"has_litter":true,"has_pet_waste":false,"has_substances":false,"zone":"cottonwood_zone_A","zone_edge_m":66.0,"nbhd_edge_m":null}},{"type":"Feature","geometry":{"type":"Point","coordinates":[-122.55690765381,49.219249725342]},"properties":{"id":555556,"datetime":"2026-10-03T21:36:40.000000Z","filename":"https://olm-s3.s3.eu-west-1.amazonaws.com/2026/10/03/U3penOnwnAQe6Yy043tMTPgJxqIA1RJynKJ2HRtS.jpg","tags":[{"type":"standard","category":"smoking","item":"butts","quantity":1}],"objects":[{"status":"OK","on_map":true,"group":"Smoking","subgroup":"","layer":"Cigarette Butts","full_name":"Smoking \u2013 Cigarette Butts","olm_key":"smoking/butts","quantity":1,"picked_up":true}],"groups":["substances"],"has_litter":false,"has_pet_waste":false,"has_substances":true,"zone":"cottonwood_zone_A","zone_edge_m":66.0,"nbhd_edge_m":null}},{"type":"Feature","geometry":{"type":"Point","coordinates":[-122.55690765381,49.219249725342]},"properties":{"id":555555,"datetime":"2026-10-03T21:36:45.000000Z","filename":"https://olm-s3.s3.eu-west-1.amazonaws.com/2026/10/03/RSa1MFzAgtBAmTyxdubMy1hpAUsv3kcunSoKJnUi.jpg","tags":[{"type":"standard","category":"other","item":"plastic","quantity":1}],"objects":[{"status":"OK","on_map":true,"group":"Piece","subgroup":"","layer":"Plastic Piece","full_name":"Piece \u2013 Plastic Piece","olm_key":"other/plastic","quantity":1,"picked_up":true}],"groups":["litter"],"has_litter":true,"has_pet_waste":false,"has_substances":false,"zone":"cottonwood_zone_A","zone_edge_m":66.0,"nbhd_edge_m":null}},{"type":"Feature","geometry":{"type":"Point","coordinates":[-122.55690765381,49.219249725342]},"properties":{"id":555554,"datetime":"2026-10-03T21:36:59.000000Z","filename":"https://olm-s3.s3.eu-west-1.amazonaws.com/2026/10/03/5g7PrPzSgkhnH4JAElJtWvQ8H8ltlbvkcBY74ebh.jpg","tags":[{"type":"standard","category":"other","item":"plastic","quantity":1}],"objects":[{"status":"OK","on_map":true,"group":"Piece","subgroup":"","layer":"Plastic Piece","full_name":"Piece \u2013 Plastic Piece","olm_key":"other/plastic","quantity":1,"picked_up":true}],"groups":["litter"],"has_litter":true,"has_pet_waste":false,"has_substances":false,"zone":"cottonwood_zone_A","zone_edge_m":66.0,"nbhd_edge_m":null}},{"type":"Feature","geometry":{"type":"Point","coordinates":[-122.55690765381,49.219249725342]},"properties":{"id":555553,"datetime":"2026-10-03T21:37:08.000000Z","filename":"https://olm-s3.s3.eu-west-1.amazonaws.com/2026/10/03/5ZfYNTBV81leGDmQRQM3UqPY677HHKl1uZQQkJih.jpg","tags":[{"type":"standard","category":"smoking","item":"butts","quantity":1}],"objects":[{"status":"OK","on_map":true,"group":"Smoking","subgroup":"","layer":"Cigarette Butts","full_name":"Smoking \u2013 Cigarette Butts","olm_key":"smoking/butts","quantity":1,"picked_up":true}],"groups":["substances"],"has_litter":false,"has_pet_waste":false,"has_substances":true,"zone":"cottonwood_zone_A","zone_edge_m":66.0,"nbhd_edge_m":null}},{"type":"Feature","geometry":{"type":"Point","coordinates":[-122.55690765381,49.219249725342]},"properties":{"id":555552,"datetime":"2026-10-03T21:37:15.000000Z","filename":"https://olm-s3.s3.eu-west-1.amazonaws.com/2026/10/03/0cww7xq4Zx9sCHs1TcDj3bgglfhUVFkvbSqB9h2Y.jpg","tags":[{"type":"standard","category":"food","item":"napkins","quantity":1},{"type":"material","category":"material","item":"paper","quantity":1,"parent_category":"food","parent_item":"napkins"}],"objects":[{"status":"OK","on_map":true,"group":"Convenient Food Drink","subgroup":"Take-out","layer":"Napkins","full_name":"Convenient Food Drink \u2013 Take-out \u2013 Napkins","olm_key":"food/napkins","quantity":1,"picked_up":true}],"groups":["litter"],"has_litter":true,"has_pet_waste":false,"has_substances":false,"zone":"cottonwood_zone_A","zone_edge_m":66.0,"nbhd_edge_m":null}},{"type":"Feature","geometry":{"type":"Point","coordinates":[-122.55690765381,49.219249725342]},"properties":{"id":555551,"datetime":"2026-10-03T21:37:23.000000Z","filename":"https://olm-s3.s3.eu-west-1.amazonaws.com/2026/10/03/mBgFUHzInzlByloCSDAHdv4Q9E6Qpyl5bgmJ12rd.jpg","tags":[{"type":"standard","category":"other","item":"paper","quantity":1},{"type":"material","category":"material","item":"paper","quantity":1,"parent_category":"other","parent_item":"paper"}],"objects":[{"status":"OK","on_map":true,"group":"Piece","subgroup":"","layer":"Paper Piece","full_name":"Piece \u2013 Paper Piece","olm_key":"other/paper","quantity":1,"picked_up":true}],"groups":["litter"],"has_litter":true,"has_pet_waste":false,"has_substances":false,"zone":"cottonwood_zone_A","zone_edge_m":66.0,"nbhd_edge_m":null}},{"type":"Feature","geometry":{"type":"Point","coordinates":[-122.55690765381,49.219249725342]},"properties":{"id":555550,"datetime":"2026-10-03T21:37:30.000000Z","filename":"https://olm-s3.s3.eu-west-1.amazonaws.com/2026/10/03/pEla1bsY6d1lTxSBbvUIeYzmjTEP6GSyXRClv2DR.jpg","tags":[{"type":"standard","category":"other","item":"other","quantity":1}],"objects":[{"status":"OK","on_map":true,"group":"Household","subgroup":"","layer":"Household misc","full_name":"Household \u2013 Household misc","olm_key":"other/other","quantity":1,"picked_up":true}],"groups":["litter"],"has_litter":true,"has_pet_waste":false,"has_substances":false,"zone":"cottonwood_zone_A","zone_edge_m":66.0,"nbhd_edge_m":null}},{"type":"Feature","geometry":{"type":"Point","coordinates":[-122.55690765381,49.218563079834]},"properties":{"id":555549,"datetime":"2026-10-03T21:37:46.000000Z","filename":"https://olm-s3.s3.eu-west-1.amazonaws.com/2026/10/03/TyTjgCyQfTviYpDTjzPEYb12sdVnbsevJBQqehTX.jpg","tags":[{"type":"standard","category":"other","item":"other","quantity":1},{"type":"custom_tag","category":"custom_tag","item":"Bicycle pump","quantity":1,"parent_category":"other","parent_item":"other"}],"objects":[{"status":"OK","on_map":true,"group":"Household","subgroup":"","layer":"Household misc","full_name":"Household \u2013 Household misc","olm_key":"other/other","quantity":1,"picked_up":true}],"groups":["litter"],"has_litter":true,"has_pet_waste":false,"has_substances":false,"zone":"cottonwood_zone_A","zone_edge_m":66.0,"nbhd_edge_m":null}},{"type":"Feature","geometry":{"type":"Point","coordinates":[-122.55690765381,49.218563079834]},"properties":{"id":555548,"datetime":"2026-10-03T21:37:59.000000Z","filename":"https://olm-s3.s3.eu-west-1.amazonaws.com/2026/10/03/rFKDYYURoZpzSOdA4lCiGtrcUnLI07rjRJ8hjXRn.jpg","tags":[{"type":"standard","category":"other","item":"metal","quantity":1}],"objects":[{"status":"OK","on_map":true,"group":"Piece","subgroup":"","layer":"Household or Unknown Metal Piece","full_name":"Piece \u2013 Household or Unknown Metal Piece","olm_key":"other/metal","quantity":1,"picked_up":true}],"groups":["litter"],"has_litter":true,"has_pet_waste":false,"has_substances":false,"zone":"cottonwood_zone_A","zone_edge_m":66.0,"nbhd_edge_m":null}},{"type":"Feature","geometry":{"type":"Point","coordinates":[-122.55690765381,49.218563079834]},"properties":{"id":555547,"datetime":"2026-10-03T21:38:54.000000Z","filename":"https://olm-s3.s3.eu-west-1.amazonaws.com/2026/10/03/efZ7ZSKrRNqRlDhBg4mtsbZiulGaGQ4IZhB1yhFl.jpg","tags":[{"type":"standard","category":"food","item":"packaging","quantity":1}],"objects":[{"status":"OK","on_map":true,"group":"Convenient Food Drink","subgroup":"Take-out","layer":"Food Packaging","full_name":"Convenient Food Drink \u2013 Take-out \u2013 Food Packaging","olm_key":"food/packaging","quantity":1,"picked_up":true}],"groups":["litter"],"has_litter":true,"has_pet_waste":false,"has_substances":false,"zone":"cottonwood_zone_A","zone_edge_m":66.0,"nbhd_edge_m":null}},{"type":"Feature","geometry":{"type":"Point","coordinates":[-122.55690765381,49.218563079834]},"properties":{"id":555546,"datetime":"2026-10-03T21:39:04.000000Z","filename":"https://olm-s3.s3.eu-west-1.amazonaws.com/2026/10/03/635DhLOynAkk8Ku1RKPK81wreLzAArleEn51joA7.jpg","tags":[{"type":"standard","category":"other","item":"paper","quantity":1},{"type":"material","category":"material","item":"paper","quantity":1,"parent_category":"other","parent_item":"paper"}],"objects":[{"status":"OK","on_map":true,"group":"Piece","subgroup":"","layer":"Paper Piece","full_name":"Piece \u2013 Paper Piece","olm_key":"other/paper","quantity":1,"picked_up":true}],"groups":["litter"],"has_litter":true,"has_pet_waste":false,"has_substances":false,"zone":"cottonwood_zone_A","zone_edge_m":66.0,"nbhd_edge_m":null}},{"type":"Feature","geometry":{"type":"Point","coordinates":[-122.55690765381,49.218563079834]},"properties":{"id":555545,"datetime":"2026-10-03T21:39:10.000000Z","filename":"https://olm-s3.s3.eu-west-1.amazonaws.com/2026/10/03/jw2RSWlLWoIkqhXr2b4O1IK03QYUtwzOqlxv5mvO.jpg","tags":[{"type":"standard","category":"other","item":"paper","quantity":1},{"type":"material","category":"material","item":"paper","quantity":1,"parent_category":"other","parent_item":"paper"}],"objects":[{"status":"OK","on_map":true,"group":"Piece","subgroup":"","layer":"Paper Piece","full_name":"Piece \u2013 Paper Piece","olm_key":"other/paper","quantity":1,"picked_up":true}],"groups":["litter"],"has_litter":true,"has_pet_waste":false,"has_substances":false,"zone":"cottonwood_zone_A","zone_edge_m":66.0,"nbhd_edge_m":null}},{"type":"Feature","geometry":{"type":"Point","coordinates":[-122.55690765381,49.218563079834]},"properties":{"id":555544,"datetime":"2026-10-03T21:39:19.000000Z","filename":"https://olm-s3.s3.eu-west-1.amazonaws.com/2026/10/03/A1eJvD9cBGMmxaRSrLgat9WvIbQONKqhA9AThJ4D.jpg","tags":[{"type":"standard","category":"smoking","item":"butts","quantity":1}],"objects":[{"status":"OK","on_map":true,"group":"Smoking","subgroup":"","layer":"Cigarette Butts","full_name":"Smoking \u2013 Cigarette Butts","olm_key":"smoking/butts","quantity":1,"picked_up":true}],"groups":["substances"],"has_litter":false,"has_pet_waste":false,"has_substances":true,"zone":"cottonwood_zone_A","zone_edge_m":66.0,"nbhd_edge_m":null}},{"type":"Feature","geometry":{"type":"Point","coordinates":[-122.55690002441,49.217662811279]},"properties":{"id":555543,"datetime":"2026-10-03T21:40:15.000000Z","filename":"https://olm-s3.s3.eu-west-1.amazonaws.com/2026/10/03/3dsQx4BNpl65tL1VfCohLz8s2mDIOIxgGcsgyn1V.jpg","tags":[{"type":"standard","category":"smoking","item":"butts","quantity":1}],"objects":[{"status":"OK","on_map":true,"group":"Smoking","subgroup":"","layer":"Cigarette Butts","full_name":"Smoking \u2013 Cigarette Butts","olm_key":"smoking/butts","quantity":1,"picked_up":true}],"groups":["substances"],"has_litter":false,"has_pet_waste":false,"has_substances":true,"zone":"cottonwood_zone_A","zone_edge_m":61.5,"nbhd_edge_m":null}},{"type":"Feature","geometry":{"type":"Point","coordinates":[-122.55690002441,49.217662811279]},"properties":{"id":555542,"datetime":"2026-10-03T21:40:35.000000Z","filename":"https://olm-s3.s3.eu-west-1.amazonaws.com/2026/10/03/PsyAOYvzsAakjoqn468iR9bSejONEjJ5QgYfOu4K.jpg","tags":[{"type":"standard","category":"other","item":"plastic","quantity":1}],"objects":[{"status":"OK","on_map":true,"group":"Piece","subgroup":"","layer":"Plastic Piece","full_name":"Piece \u2013 Plastic Piece","olm_key":"other/plastic","quantity":1,"picked_up":true}],"groups":["litter"],"has_litter":true,"has_pet_waste":false,"has_substances":false,"zone":"cottonwood_zone_A","zone_edge_m":61.5,"nbhd_edge_m":null}},{"type":"Feature","geometry":{"type":"Point","coordinates":[-122.55690002441,49.217662811279]},"properties":{"id":555541,"datetime":"2026-10-03T21:40:43.000000Z","filename":"https://olm-s3.s3.eu-west-1.amazonaws.com/2026/10/03/7qoq2FM64cb0HpTpIb6STi8JYsWD55MZE2Mwtn6y.jpg","tags":[{"type":"standard","category":"sanitary","item":"wipes","quantity":1}],"objects":[{"status":"OK","on_map":true,"group":"Household","subgroup":"","layer":"Wet Wipes","full_name":"Household \u2013 Wet Wipes","olm_key":"sanitary/wipes","quantity":1,"picked_up":true}],"groups":["litter"],"has_litter":true,"has_pet_waste":false,"has_substances":false,"zone":"cottonwood_zone_A","zone_edge_m":61.5,"nbhd_edge_m":null}},{"type":"Feature","geometry":{"type":"Point","coordinates":[-122.55690002441,49.217662811279]},"properties":{"id":555540,"datetime":"2026-10-03T21:41:14.000000Z","filename":"https://olm-s3.s3.eu-west-1.amazonaws.com/2026/10/03/0zB882JUCaw9mKhbOfvcrV2uGWRCkvyUXKdQg9GM.jpg","tags":[{"type":"standard","category":"food","item":"napkins","quantity":1},{"type":"material","category":"material","item":"paper","quantity":1,"parent_category":"food","parent_item":"napkins"}],"objects":[{"status":"OK","on_map":true,"group":"Convenient Food Drink","subgroup":"Take-out","layer":"Napkins","full_name":"Convenient Food Drink \u2013 Take-out \u2013 Napkins","olm_key":"food/napkins","quantity":1,"picked_up":true}],"groups":["litter"],"has_litter":true,"has_pet_waste":false,"has_substances":false,"zone":"cottonwood_zone_A","zone_edge_m":61.5,"nbhd_edge_m":null}},{"type":"Feature","geometry":{"type":"Point","coordinates":[-122.55690002441,49.216968536377]},"properties":{"id":555539,"datetime":"2026-10-03T21:41:22.000000Z","filename":"https://olm-s3.s3.eu-west-1.amazonaws.com/2026/10/03/Xk3ft4WO79lf9CjIVQzC9oVHFtsYdpAEXRJ4YgdB.jpg","tags":[{"type":"standard","category":"other","item":"plastic","quantity":1}],"objects":[{"status":"OK","on_map":true,"group":"Piece","subgroup":"","layer":"Plastic Piece","full_name":"Piece \u2013 Plastic Piece","olm_key":"other/plastic","quantity":1,"picked_up":true}],"groups":["litter"],"has_litter":true,"has_pet_waste":false,"has_substances":false,"zone":"cottonwood_zone_B","zone_edge_m":15.7,"nbhd_edge_m":null}},{"type":"Feature","geometry":{"type":"Point","coordinates":[-122.55680084229,49.216735839844]},"properties":{"id":555538,"datetime":"2026-10-03T21:41:46.000000Z","filename":"https://olm-s3.s3.eu-west-1.amazonaws.com/2026/10/03/jYQ6y32DwLtOynWNxcAGCikAzqapWfCRGRSi6ZXw.jpg","tags":[{"type":"standard","category":"other","item":"plastic","quantity":1}],"objects":[{"status":"OK","on_map":true,"group":"Piece","subgroup":"","layer":"Plastic Piece","full_name":"Piece \u2013 Plastic Piece","olm_key":"other/plastic","quantity":1,"picked_up":true}],"groups":["litter"],"has_litter":true,"has_pet_waste":false,"has_substances":false,"zone":"cottonwood_zone_B","zone_edge_m":41.7,"nbhd_edge_m":null}},{"type":"Feature","geometry":{"type":"Point","coordinates":[-122.55680084229,49.216735839844]},"properties":{"id":555537,"datetime":"2026-10-03T21:41:51.000000Z","filename":"https://olm-s3.s3.eu-west-1.amazonaws.com/2026/10/03/a5kzkKaSjvh4ZFZrSeswOuslW23KaNgg3NdLrF7I.jpg","tags":[{"type":"standard","category":"food","item":"napkins","quantity":1},{"type":"material","category":"material","item":"paper","quantity":1,"parent_category":"food","parent_item":"napkins"}],"objects":[{"status":"OK","on_map":true,"group":"Convenient Food Drink","subgroup":"Take-out","layer":"Napkins","full_name":"Convenient Food Drink \u2013 Take-out \u2013 Napkins","olm_key":"food/napkins","quantity":1,"picked_up":true}],"groups":["litter"],"has_litter":true,"has_pet_waste":false,"has_substances":false,"zone":"cottonwood_zone_B","zone_edge_m":41.7,"nbhd_edge_m":null}},{"type":"Feature","geometry":{"type":"Point","coordinates":[-122.55680084229,49.216735839844]},"properties":{"id":555536,"datetime":"2026-10-03T21:41:56.000000Z","filename":"https://olm-s3.s3.eu-west-1.amazonaws.com/2026/10/03/r1LmSneWbPV1aRDY4l2iGpHTkX4Sb6gdAYSvB8YO.jpg","tags":[{"type":"standard","category":"food","item":"packet","quantity":1}],"objects":[{"status":"OK","on_map":true,"group":"Convenient Food Drink","subgroup":"Take-out","layer":"Condiment Packets","full_name":"Convenient Food Drink \u2013 Take-out \u2013 Condiment Packets","olm_key":"food/packet","quantity":1,"picked_up":true}],"groups":["litter"],"has_litter":true,"has_pet_waste":false,"has_substances":false,"zone":"cottonwood_zone_B","zone_edge_m":41.7,"nbhd_edge_m":null}},{"type":"Feature","geometry":{"type":"Point","coordinates":[-122.55680084229,49.216735839844]},"properties":{"id":555535,"datetime":"2026-10-03T21:42:07.000000Z","filename":"https://olm-s3.s3.eu-west-1.amazonaws.com/2026/10/03/4jWdp1lK8ivRdU0RZD7UJNvQgd4xn1j493Caa2EB.jpg","tags":[{"type":"standard","category":"food","item":"packaging","quantity":1}],"objects":[{"status":"OK","on_map":true,"group":"Convenient Food Drink","subgroup":"Take-out","layer":"Food Packaging","full_name":"Convenient Food Drink \u2013 Take-out \u2013 Food Packaging","olm_key":"food/packaging","quantity":1,"picked_up":true}],"groups":["litter"],"has_litter":true,"has_pet_waste":false,"has_substances":false,"zone":"cottonwood_zone_B","zone_edge_m":41.7,"nbhd_edge_m":null}},{"type":"Feature","geometry":{"type":"Point","coordinates":[-122.55680084229,49.216735839844]},"properties":{"id":555534,"datetime":"2026-10-03T21:42:22.000000Z","filename":"https://olm-s3.s3.eu-west-1.amazonaws.com/2026/10/03/wCz7yGymaH9sYhnmvkyF8x5jFsnjiVQuog3hOKNj.jpg","tags":[{"type":"standard","category":"food","item":"packet","quantity":1},{"type":"standard","category":"other","item":"paper","quantity":1},{"type":"material","category":"material","item":"paper","quantity":1,"parent_category":"other","parent_item":"paper"}],"objects":[{"status":"OK","on_map":true,"group":"Convenient Food Drink","subgroup":"Take-out","layer":"Condiment Packets","full_name":"Convenient Food Drink \u2013 Take-out \u2013 Condiment Packets","olm_key":"food/packet","quantity":1,"picked_up":true},{"status":"OK","on_map":true,"group":"Piece","subgroup":"","layer":"Paper Piece","full_name":"Piece \u2013 Paper Piece","olm_key":"other/paper","quantity":1,"picked_up":true}],"groups":["litter"],"has_litter":true,"has_pet_waste":false,"has_substances":false,"zone":"cottonwood_zone_B","zone_edge_m":41.7,"nbhd_edge_m":null}},{"type":"Feature","geometry":{"type":"Point","coordinates":[-122.55679321289,49.216209411621]},"properties":{"id":555533,"datetime":"2026-10-03T21:43:00.000000Z","filename":"https://olm-s3.s3.eu-west-1.amazonaws.com/2026/10/03/bbeew7iU91x45I9c61NEr1B2YL4U6a334eTQHAIA.jpg","tags":[{"type":"standard","category":"other","item":"plastic","quantity":1}],"objects":[{"status":"OK","on_map":true,"group":"Piece","subgroup":"","layer":"Plastic Piece","full_name":"Piece \u2013 Plastic Piece","olm_key":"other/plastic","quantity":1,"picked_up":true}],"groups":["litter"],"has_litter":true,"has_pet_waste":false,"has_substances":false,"zone":"cottonwood_zone_B","zone_edge_m":57.7,"nbhd_edge_m":null}},{"type":"Feature","geometry":{"type":"Point","coordinates":[-122.5567855835,49.216209411621]},"properties":{"id":555532,"datetime":"2026-10-03T21:43:52.000000Z","filename":"https://olm-s3.s3.eu-west-1.amazonaws.com/2026/10/03/wqMk54V997uCwLPCqsC5w9GGebiN5VVrJX7ZK91h.jpg","tags":[{"type":"standard","category":"softdrinks","item":"can","quantity":1,"object_type":"soda"},{"type":"material","category":"material","item":"aluminium","quantity":1,"parent_category":"softdrinks","parent_item":"can"}],"objects":[{"status":"OK","on_map":true,"group":"Convenient Food Drink","subgroup":"Drink","layer":"Aluminum Drink Cans","full_name":"Convenient Food Drink \u2013 Drink \u2013 Aluminum Drink Cans","olm_key":"softdrinks/can","quantity":1,"picked_up":true}],"groups":["litter"],"has_litter":true,"has_pet_waste":false,"has_substances":false,"zone":"cottonwood_zone_B","zone_edge_m":57.1,"nbhd_edge_m":null}},{"type":"Feature","geometry":{"type":"Point","coordinates":[-122.5567855835,49.216209411621]},"properties":{"id":555531,"datetime":"2026-10-03T21:44:17.000000Z","filename":"https://olm-s3.s3.eu-west-1.amazonaws.com/2026/10/03/5PFy55q8R3HY5IqN6QFAOxXy8eHzX6zmd9lMCCay.jpg","tags":[{"type":"standard","category":"smoking","item":"packaging","quantity":1},{"type":"custom_tag","category":"custom_tag","item":"THC","quantity":1,"parent_category":"smoking","parent_item":"packaging"}],"objects":[{"status":"OK","on_map":true,"group":"Smoking","subgroup":"","layer":"Cannabis Packaging","full_name":"Smoking \u2013 Cannabis Packaging","olm_key":"smoking/packaging","quantity":1,"picked_up":true}],"groups":["substances"],"has_litter":false,"has_pet_waste":false,"has_substances":true,"zone":"cottonwood_zone_B","zone_edge_m":57.1,"nbhd_edge_m":null}},{"type":"Feature","geometry":{"type":"Point","coordinates":[-122.5567855835,49.216209411621]},"properties":{"id":555530,"datetime":"2026-10-03T21:44:38.000000Z","filename":"https://olm-s3.s3.eu-west-1.amazonaws.com/2026/10/03/xPHJNLwlv4IjGgakfJU8RRNje4J2Jw1KJxGKQqO8.jpg","tags":[{"type":"standard","category":"industrial","item":"tape","quantity":1}],"objects":[{"status":"OK","on_map":true,"group":"Industrial","subgroup":"","layer":"Flagging Tape","full_name":"Industrial \u2013 Flagging Tape","olm_key":"industrial/tape","quantity":1,"picked_up":true}],"groups":["litter"],"has_litter":true,"has_pet_waste":false,"has_substances":false,"zone":"cottonwood_zone_B","zone_edge_m":57.1,"nbhd_edge_m":null}},{"type":"Feature","geometry":{"type":"Point","coordinates":[-122.55670166016,49.2158203125]},"properties":{"id":555529,"datetime":"2026-10-03T21:45:17.000000Z","filename":"https://olm-s3.s3.eu-west-1.amazonaws.com/2026/10/03/ECz0TW7xcu8L1HBWkP27J2SfeKPDymVpfMaN2AbH.jpg","tags":[{"type":"standard","category":"smoking","item":"butts","quantity":1}],"objects":[{"status":"OK","on_map":true,"group":"Smoking","subgroup":"","layer":"Cigarette Butts","full_name":"Smoking \u2013 Cigarette Butts","olm_key":"smoking/butts","quantity":1,"picked_up":true}],"groups":["substances"],"has_litter":false,"has_pet_waste":false,"has_substances":true,"zone":"cottonwood_zone_B","zone_edge_m":51.0,"nbhd_edge_m":null}},{"type":"Feature","geometry":{"type":"Point","coordinates":[-122.55670166016,49.2158203125]},"properties":{"id":555528,"datetime":"2026-10-03T21:45:27.000000Z","filename":"https://olm-s3.s3.eu-west-1.amazonaws.com/2026/10/03/J6loK5OCJjSD2hb0TbFVlPNGmiPIo1aM3uGUhJBS.jpg","tags":[{"type":"standard","category":"other","item":"other","quantity":1}],"objects":[{"status":"OK","on_map":true,"group":"Household","subgroup":"","layer":"Household misc","full_name":"Household \u2013 Household misc","olm_key":"other/other","quantity":1,"picked_up":true}],"groups":["litter"],"has_litter":true,"has_pet_waste":false,"has_substances":false,"zone":"cottonwood_zone_B","zone_edge_m":51.0,"nbhd_edge_m":null}},{"type":"Feature","geometry":{"type":"Point","coordinates":[-122.55670166016,49.2158203125]},"properties":{"id":555527,"datetime":"2026-10-03T21:45:38.000000Z","filename":"https://olm-s3.s3.eu-west-1.amazonaws.com/2026/10/03/HqFgwthToYmlIJLZEXtktga8GHenSyZU7cvtr8zQ.jpg","tags":[{"type":"standard","category":"other","item":"other","quantity":1}],"objects":[{"status":"OK","on_map":true,"group":"Household","subgroup":"","layer":"Household misc","full_name":"Household \u2013 Household misc","olm_key":"other/other","quantity":1,"picked_up":true}],"groups":["litter"],"has_litter":true,"has_pet_waste":false,"has_substances":false,"zone":"cottonwood_zone_B","zone_edge_m":51.0,"nbhd_edge_m":null}},{"type":"Feature","geometry":{"type":"Point","coordinates":[-122.55670166016,49.2158203125]},"properties":{"id":555526,"datetime":"2026-10-03T21:45:49.000000Z","filename":"https://olm-s3.s3.eu-west-1.amazonaws.com/2026/10/03/xhs9JCR4UhTzpjH5HzVoNi2SJwMZEPqM6ZSEo2pb.jpg","tags":[{"type":"standard","category":"other","item":"other","quantity":1},{"type":"custom_tag","category":"custom_tag","item":"E-waste","quantity":1,"parent_category":"other","parent_item":"other"}],"objects":[{"status":"OK","on_map":true,"group":"Household","subgroup":"","layer":"E-waste Piece","full_name":"Household \u2013 E-waste Piece","olm_key":"other/other","quantity":1,"picked_up":true}],"groups":["litter"],"has_litter":true,"has_pet_waste":false,"has_substances":false,"zone":"cottonwood_zone_B","zone_edge_m":51.0,"nbhd_edge_m":null}},{"type":"Feature","geometry":{"type":"Point","coordinates":[-122.55670166016,49.2158203125]},"properties":{"id":555525,"datetime":"2026-10-03T21:46:02.000000Z","filename":"https://olm-s3.s3.eu-west-1.amazonaws.com/2026/10/03/z7TmE8kqJfHAdOcIP6HEYj2thu5ISoYPSSQshcPM.jpg","tags":[{"type":"standard","category":"other","item":"plastic","quantity":1}],"objects":[{"status":"OK","on_map":true,"group":"Piece","subgroup":"","layer":"Plastic Piece","full_name":"Piece \u2013 Plastic Piece","olm_key":"other/plastic","quantity":1,"picked_up":true}],"groups":["litter"],"has_litter":true,"has_pet_waste":false,"has_substances":false,"zone":"cottonwood_zone_B","zone_edge_m":51.0,"nbhd_edge_m":null}},{"type":"Feature","geometry":{"type":"Point","coordinates":[-122.55670166016,49.2158203125]},"properties":{"id":555524,"datetime":"2026-10-03T21:46:35.000000Z","filename":"https://olm-s3.s3.eu-west-1.amazonaws.com/2026/10/03/qEKn3FXpid5uNyk7hNAFxp2iy3PTJi1aqGIpXHjF.jpg","tags":[{"type":"standard","category":"smoking","item":"butts","quantity":1}],"objects":[{"status":"OK","on_map":true,"group":"Smoking","subgroup":"","layer":"Cigarette Butts","full_name":"Smoking \u2013 Cigarette Butts","olm_key":"smoking/butts","quantity":1,"picked_up":true}],"groups":["substances"],"has_litter":false,"has_pet_waste":false,"has_substances":true,"zone":"cottonwood_zone_B","zone_edge_m":51.0,"nbhd_edge_m":null}},{"type":"Feature","geometry":{"type":"Point","coordinates":[-122.55670166016,49.2158203125]},"properties":{"id":555523,"datetime":"2026-10-03T21:46:40.000000Z","filename":"https://olm-s3.s3.eu-west-1.amazonaws.com/2026/10/03/Krptq0NjzLtryqQ2h0lSSRt3CErxhIJrpK2UTx7Q.jpg","tags":[{"type":"standard","category":"other","item":"plastic","quantity":1}],"objects":[{"status":"OK","on_map":true,"group":"Piece","subgroup":"","layer":"Plastic Piece","full_name":"Piece \u2013 Plastic Piece","olm_key":"other/plastic","quantity":1,"picked_up":true}],"groups":["litter"],"has_litter":true,"has_pet_waste":false,"has_substances":false,"zone":"cottonwood_zone_B","zone_edge_m":51.0,"nbhd_edge_m":null}},{"type":"Feature","geometry":{"type":"Point","coordinates":[-122.55712890625,49.214942932129]},"properties":{"id":555522,"datetime":"2026-10-03T21:47:04.000000Z","filename":"https://olm-s3.s3.eu-west-1.amazonaws.com/2026/10/03/gqCAH8SCqHwtMCw4g6YeK0pEFp0mkmAqCSjErlw2.jpg","tags":[{"type":"standard","category":"other","item":"plastic","quantity":2}],"objects":[{"status":"OK","on_map":true,"group":"Piece","subgroup":"","layer":"Plastic Piece","full_name":"Piece \u2013 Plastic Piece","olm_key":"other/plastic","quantity":2,"picked_up":true}],"groups":["litter"],"has_litter":true,"has_pet_waste":false,"has_substances":false,"zone":"cottonwood_zone_B","zone_edge_m":82.1,"nbhd_edge_m":null}},{"type":"Feature","geometry":{"type":"Point","coordinates":[-122.55712890625,49.214942932129]},"properties":{"id":555521,"datetime":"2026-10-03T21:47:17.000000Z","filename":"https://olm-s3.s3.eu-west-1.amazonaws.com/2026/10/03/C1yu2MXlcOo6qltwpTemTlIuhrTv7JDeTh1AyRsh.jpg","tags":[{"type":"standard","category":"smoking","item":"butts","quantity":1}],"objects":[{"status":"OK","on_map":true,"group":"Smoking","subgroup":"","layer":"Cigarette Butts","full_name":"Smoking \u2013 Cigarette Butts","olm_key":"smoking/butts","quantity":1,"picked_up":true}],"groups":["substances"],"has_litter":false,"has_pet_waste":false,"has_substances":true,"zone":"cottonwood_zone_B","zone_edge_m":82.1,"nbhd_edge_m":null}},{"type":"Feature","geometry":{"type":"Point","coordinates":[-122.55712890625,49.214942932129]},"properties":{"id":555520,"datetime":"2026-10-03T21:47:30.000000Z","filename":"https://olm-s3.s3.eu-west-1.amazonaws.com/2026/10/03/F25QK5pnuixUAhPLttjwYi2YMhK9UGAJlOuaBW2D.jpg","tags":[{"type":"standard","category":"food","item":"wrapper","quantity":1}],"objects":[{"status":"OK","on_map":true,"group":"Convenient Food Drink","subgroup":"Snack","layer":"Foil / Plastic Film Snack Wrapper","full_name":"Convenient Food Drink \u2013 Snack \u2013 Foil / Plastic Film Snack Wrapper","olm_key":"food/wrapper","quantity":1,"picked_up":true}],"groups":["litter"],"has_litter":true,"has_pet_waste":false,"has_substances":false,"zone":"cottonwood_zone_B","zone_edge_m":82.1,"nbhd_edge_m":null}},{"type":"Feature","geometry":{"type":"Point","coordinates":[-122.55637359619,49.213306427002]},"properties":{"id":555519,"datetime":"2026-10-03T21:48:14.000000Z","filename":"https://olm-s3.s3.eu-west-1.amazonaws.com/2026/10/03/Pa7E17kbEd0rK052GkJSyZKZuN7rbohMkCd9rdcR.jpg","tags":[{"type":"standard","category":"smoking","item":"butts","quantity":1}],"objects":[{"status":"OK","on_map":true,"group":"Smoking","subgroup":"","layer":"Cigarette Butts","full_name":"Smoking \u2013 Cigarette Butts","olm_key":"smoking/butts","quantity":1,"picked_up":true}],"groups":["substances"],"has_litter":false,"has_pet_waste":false,"has_substances":true,"zone":"cottonwood_zone_B","zone_edge_m":27.2,"nbhd_edge_m":null}},{"type":"Feature","geometry":{"type":"Point","coordinates":[-122.55674743652,49.214221954346]},"properties":{"id":555518,"datetime":"2026-10-03T21:48:23.000000Z","filename":"https://olm-s3.s3.eu-west-1.amazonaws.com/2026/10/03/5NPi0OIvpxahQIrjCUhRxu0rJ6yIUO3w2wXVM3Yf.jpg","tags":[{"type":"standard","category":"smoking","item":"butts","quantity":2}],"objects":[{"status":"OK","on_map":true,"group":"Smoking","subgroup":"","layer":"Cigarette Butts","full_name":"Smoking \u2013 Cigarette Butts","olm_key":"smoking/butts","quantity":2,"picked_up":true}],"groups":["substances"],"has_litter":false,"has_pet_waste":false,"has_substances":true,"zone":"cottonwood_zone_B","zone_edge_m":54.4,"nbhd_edge_m":null}},{"type":"Feature","geometry":{"type":"Point","coordinates":[-122.55675506592,49.214096069336]},"properties":{"id":555517,"datetime":"2026-10-03T21:48:37.000000Z","filename":"https://olm-s3.s3.eu-west-1.amazonaws.com/2026/10/03/xSnNEESMVCxpBj2aUly3afZ5CIMRau87GQfUcAu6.jpg","tags":[{"type":"standard","category":"food","item":"other","quantity":1}],"objects":[{"status":"OK","on_map":true,"group":"Household","subgroup":"","layer":"Organic Debris, Misc.","full_name":"Household \u2013 Organic Debris, Misc.","olm_key":"food/other","quantity":1,"picked_up":true}],"groups":["litter"],"has_litter":true,"has_pet_waste":false,"has_substances":false,"zone":"cottonwood_zone_B","zone_edge_m":54.9,"nbhd_edge_m":null}},{"type":"Feature","geometry":{"type":"Point","coordinates":[-122.55675506592,49.214096069336]},"properties":{"id":555516,"datetime":"2026-10-03T21:48:49.000000Z","filename":"https://olm-s3.s3.eu-west-1.amazonaws.com/2026/10/03/tdPpLzgvlrRBiX9feH6brLLV9eUdnxDL3u2qSgV9.jpg","tags":[{"type":"standard","category":"pets","item":"dogshit_in_bag","quantity":1}],"objects":[{"status":"OK","on_map":true,"group":"Fecal","subgroup":"","layer":"Pet Waste Bagged","full_name":"Fecal \u2013 Pet Waste Bagged","olm_key":"pets/dogshit_in_bag","quantity":1,"picked_up":false}],"groups":["pet_waste"],"has_litter":false,"has_pet_waste":true,"has_substances":false,"zone":"cottonwood_zone_B","zone_edge_m":54.9,"nbhd_edge_m":null}},{"type":"Feature","geometry":{"type":"Point","coordinates":[-122.55675506592,49.214096069336]},"properties":{"id":555515,"datetime":"2026-10-03T21:48:54.000000Z","filename":"https://olm-s3.s3.eu-west-1.amazonaws.com/2026/10/03/V1nxAxCOduekU9QhI0fxOK6MW6TVUgdvJLJTb1Z8.jpg","tags":[{"type":"standard","category":"food","item":"crisp_packet","quantity":1}],"objects":[{"status":"OK","on_map":true,"group":"Convenient Food Drink","subgroup":"Snack","layer":"Metalized Chip Bags","full_name":"Convenient Food Drink \u2013 Snack \u2013 Metalized Chip Bags","olm_key":"food/crisp_packet","quantity":1,"picked_up":true}],"groups":["litter"],"has_litter":true,"has_pet_waste":false,"has_substances":false,"zone":"cottonwood_zone_B","zone_edge_m":54.9,"nbhd_edge_m":null}},{"type":"Feature","geometry":{"type":"Point","coordinates":[-122.55675506592,49.214096069336]},"properties":{"id":555514,"datetime":"2026-10-03T21:49:16.000000Z","filename":"https://olm-s3.s3.eu-west-1.amazonaws.com/2026/10/03/XuTurMMqniO3f1EkvFOoFMTUTEDuLSs4i9TrOrex.jpg","tags":[{"type":"standard","category":"pets","item":"dogshit_in_bag","quantity":1}],"objects":[{"status":"OK","on_map":true,"group":"Fecal","subgroup":"","layer":"Pet Waste Bagged","full_name":"Fecal \u2013 Pet Waste Bagged","olm_key":"pets/dogshit_in_bag","quantity":1,"picked_up":false}],"groups":["pet_waste"],"has_litter":false,"has_pet_waste":true,"has_substances":false,"zone":"cottonwood_zone_B","zone_edge_m":54.9,"nbhd_edge_m":null}},{"type":"Feature","geometry":{"type":"Point","coordinates":[-122.55675506592,49.214096069336]},"properties":{"id":555513,"datetime":"2026-10-03T21:49:22.000000Z","filename":"https://olm-s3.s3.eu-west-1.amazonaws.com/2026/10/03/5S0qTbNTVg2IiVruqRUI4QfGLdh9f5CW4zFPNCAv.jpg","tags":[{"type":"standard","category":"smoking","item":"butts","quantity":1}],"objects":[{"status":"OK","on_map":true,"group":"Smoking","subgroup":"","layer":"Cigarette Butts","full_name":"Smoking \u2013 Cigarette Butts","olm_key":"smoking/butts","quantity":1,"picked_up":true}],"groups":["substances"],"has_litter":false,"has_pet_waste":false,"has_substances":true,"zone":"cottonwood_zone_B","zone_edge_m":54.9,"nbhd_edge_m":null}},{"type":"Feature","geometry":{"type":"Point","coordinates":[-122.55675506592,49.214096069336]},"properties":{"id":555512,"datetime":"2026-10-03T21:50:12.000000Z","filename":"https://olm-s3.s3.eu-west-1.amazonaws.com/2026/10/03/xrTE888KCZQJq4PESxV9kZaIcLxFLyHykmGKWeGY.jpg","tags":[{"type":"standard","category":"other","item":"other","quantity":1}],"objects":[{"status":"OK","on_map":true,"group":"Household","subgroup":"","layer":"Household misc","full_name":"Household \u2013 Household misc","olm_key":"other/other","quantity":1,"picked_up":true}],"groups":["litter"],"has_litter":true,"has_pet_waste":false,"has_substances":false,"zone":"cottonwood_zone_B","zone_edge_m":54.9,"nbhd_edge_m":null}},{"type":"Feature","geometry":{"type":"Point","coordinates":[-122.55675506592,49.214096069336]},"properties":{"id":555511,"datetime":"2026-10-03T21:50:22.000000Z","filename":"https://olm-s3.s3.eu-west-1.amazonaws.com/2026/10/03/f0HuwNTibhrMA04wtvOUqIekjN4K2jZ2y8VQppHr.jpg","tags":[{"type":"standard","category":"other","item":"plastic","quantity":1}],"objects":[{"status":"OK","on_map":true,"group":"Piece","subgroup":"","layer":"Plastic Piece","full_name":"Piece \u2013 Plastic Piece","olm_key":"other/plastic","quantity":1,"picked_up":true}],"groups":["litter"],"has_litter":true,"has_pet_waste":false,"has_substances":false,"zone":"cottonwood_zone_B","zone_edge_m":54.9,"nbhd_edge_m":null}},{"type":"Feature","geometry":{"type":"Point","coordinates":[-122.55674743652,49.21301651001]},"properties":{"id":555510,"datetime":"2026-10-03T21:50:54.000000Z","filename":"https://olm-s3.s3.eu-west-1.amazonaws.com/2026/10/03/dkDNq1CCSgpIGVw28JxfSHhrtEnlEInaTDQqoLf2.jpg","tags":[{"type":"standard","category":"food","item":"tinfoil","quantity":1}],"objects":[{"status":"OK","on_map":true,"group":"Piece","subgroup":"","layer":"Foil Piece","full_name":"Piece \u2013 Foil Piece","olm_key":"food/tinfoil","quantity":1,"picked_up":true}],"groups":["litter"],"has_litter":true,"has_pet_waste":false,"has_substances":false,"zone":"cottonwood_zone_B","zone_edge_m":44.1,"nbhd_edge_m":null}},{"type":"Feature","geometry":{"type":"Point","coordinates":[-122.55674743652,49.21301651001]},"properties":{"id":555509,"datetime":"2026-10-03T21:51:23.000000Z","filename":"https://olm-s3.s3.eu-west-1.amazonaws.com/2026/10/03/Ucte4qnL77MwViuxfcRAK0pQZrF5LXKiSnsYSPjx.jpg","tags":[{"type":"standard","category":"smoking","item":"butts","quantity":1}],"objects":[{"status":"OK","on_map":true,"group":"Smoking","subgroup":"","layer":"Cigarette Butts","full_name":"Smoking \u2013 Cigarette Butts","olm_key":"smoking/butts","quantity":1,"picked_up":true}],"groups":["substances"],"has_litter":false,"has_pet_waste":false,"has_substances":true,"zone":"cottonwood_zone_B","zone_edge_m":44.1,"nbhd_edge_m":null}},{"type":"Feature","geometry":{"type":"Point","coordinates":[-122.55674743652,49.21301651001]},"properties":{"id":555508,"datetime":"2026-10-03T21:51:26.000000Z","filename":"https://olm-s3.s3.eu-west-1.amazonaws.com/2026/10/03/7JHnXnjlTfFyUl0tqkLM5uadR4lIyjqSIFK5FaQd.jpg","tags":[{"type":"standard","category":"other","item":"paper","quantity":1},{"type":"material","category":"material","item":"paper","quantity":1,"parent_category":"other","parent_item":"paper"}],"objects":[{"status":"OK","on_map":true,"group":"Piece","subgroup":"","layer":"Paper Piece","full_name":"Piece \u2013 Paper Piece","olm_key":"other/paper","quantity":1,"picked_up":true}],"groups":["litter"],"has_litter":true,"has_pet_waste":false,"has_substances":false,"zone":"cottonwood_zone_B","zone_edge_m":44.1,"nbhd_edge_m":null}},{"type":"Feature","geometry":{"type":"Point","coordinates":[-122.55674743652,49.21301651001]},"properties":{"id":555507,"datetime":"2026-10-03T21:51:51.000000Z","filename":"https://olm-s3.s3.eu-west-1.amazonaws.com/2026/10/03/KzInrarvdXnrjoMBqqpAFSs4E1MnQ5d6BtggwszX.jpg","tags":[{"type":"standard","category":"softdrinks","item":"juice_pouch","quantity":1}],"objects":[{"status":"OK","on_map":true,"group":"Convenient Food Drink","subgroup":"Drink","layer":"Drink Box Pouch","full_name":"Convenient Food Drink \u2013 Drink \u2013 Drink Box Pouch","olm_key":"softdrinks/juice_pouch","quantity":1,"picked_up":true}],"groups":["litter"],"has_litter":true,"has_pet_waste":false,"has_substances":false,"zone":"cottonwood_zone_B","zone_edge_m":44.1,"nbhd_edge_m":null}},{"type":"Feature","geometry":{"type":"Point","coordinates":[-122.55674743652,49.21301651001]},"properties":{"id":555506,"datetime":"2026-10-03T21:51:55.000000Z","filename":"https://olm-s3.s3.eu-west-1.amazonaws.com/2026/10/03/Pm0XILYqa8mZkWqyPMC3lrWKmfWXk2OpqgjK38bt.jpg","tags":[{"type":"standard","category":"other","item":"plastic","quantity":1}],"objects":[{"status":"OK","on_map":true,"group":"Piece","subgroup":"","layer":"Plastic Piece","full_name":"Piece \u2013 Plastic Piece","olm_key":"other/plastic","quantity":1,"picked_up":true}],"groups":["litter"],"has_litter":true,"has_pet_waste":false,"has_substances":false,"zone":"cottonwood_zone_B","zone_edge_m":44.1,"nbhd_edge_m":null}},{"type":"Feature","geometry":{"type":"Point","coordinates":[-122.55674743652,49.21301651001]},"properties":{"id":555505,"datetime":"2026-10-03T21:52:21.000000Z","filename":"https://olm-s3.s3.eu-west-1.amazonaws.com/2026/10/03/ECfsfEAEyJAwrEPK6FqPaBu67mCJDOIE6hcZWzx5.jpg","tags":[{"type":"standard","category":"smoking","item":"butts","quantity":1}],"objects":[{"status":"OK","on_map":true,"group":"Smoking","subgroup":"","layer":"Cigarette Butts","full_name":"Smoking \u2013 Cigarette Butts","olm_key":"smoking/butts","quantity":1,"picked_up":true}],"groups":["substances"],"has_litter":false,"has_pet_waste":false,"has_substances":true,"zone":"cottonwood_zone_B","zone_edge_m":44.1,"nbhd_edge_m":null}},{"type":"Feature","geometry":{"type":"Point","coordinates":[-122.55674743652,49.21301651001]},"properties":{"id":555504,"datetime":"2026-10-03T21:52:29.000000Z","filename":"https://olm-s3.s3.eu-west-1.amazonaws.com/2026/10/03/ixoY1xOa0FdpA6zOWvxNEYx7kR0ZakuQzn02wwEt.jpg","tags":[{"type":"standard","category":"smoking","item":"packaging","quantity":1},{"type":"custom_tag","category":"custom_tag","item":"THC","quantity":1,"parent_category":"smoking","parent_item":"packaging"}],"objects":[{"status":"OK","on_map":true,"group":"Smoking","subgroup":"","layer":"Cannabis Packaging","full_name":"Smoking \u2013 Cannabis Packaging","olm_key":"smoking/packaging","quantity":1,"picked_up":true}],"groups":["substances"],"has_litter":false,"has_pet_waste":false,"has_substances":true,"zone":"cottonwood_zone_B","zone_edge_m":44.1,"nbhd_edge_m":null}},{"type":"Feature","geometry":{"type":"Point","coordinates":[-122.55674743652,49.21301651001]},"properties":{"id":555503,"datetime":"2026-10-03T21:52:46.000000Z","filename":"https://olm-s3.s3.eu-west-1.amazonaws.com/2026/10/03/jT8r1tMYLBiBgenBayrjqGQtLgqRt7AlElkuLjU3.jpg","tags":[{"type":"standard","category":"smoking","item":"butts","quantity":1}],"objects":[{"status":"OK","on_map":true,"group":"Smoking","subgroup":"","layer":"Cigarette Butts","full_name":"Smoking \u2013 Cigarette Butts","olm_key":"smoking/butts","quantity":1,"picked_up":true}],"groups":["substances"],"has_litter":false,"has_pet_waste":false,"has_substances":true,"zone":"cottonwood_zone_B","zone_edge_m":44.1,"nbhd_edge_m":null}},{"type":"Feature","geometry":{"type":"Point","coordinates":[-122.55674743652,49.21301651001]},"properties":{"id":555502,"datetime":"2026-10-03T21:52:56.000000Z","filename":"https://olm-s3.s3.eu-west-1.amazonaws.com/2026/10/03/3GiqlrDn3OhZDRQsuPmWRA5BEBUccwvaeOEO8mta.jpg","tags":[{"type":"standard","category":"smoking","item":"butts","quantity":1}],"objects":[{"status":"OK","on_map":true,"group":"Smoking","subgroup":"","layer":"Cigarette Butts","full_name":"Smoking \u2013 Cigarette Butts","olm_key":"smoking/butts","quantity":1,"picked_up":true}],"groups":["substances"],"has_litter":false,"has_pet_waste":false,"has_substances":true,"zone":"cottonwood_zone_B","zone_edge_m":44.1,"nbhd_edge_m":null}},{"type":"Feature","geometry":{"type":"Point","coordinates":[-122.55674743652,49.21301651001]},"properties":{"id":555501,"datetime":"2026-10-03T21:53:05.000000Z","filename":"https://olm-s3.s3.eu-west-1.amazonaws.com/2026/10/03/jGsQEFMNlHduLcZKcP1RJ07niQXSicITDX2qp5cK.jpg","tags":[{"type":"standard","category":"smoking","item":"butts","quantity":1}],"objects":[{"status":"OK","on_map":true,"group":"Smoking","subgroup":"","layer":"Cigarette Butts","full_name":"Smoking \u2013 Cigarette Butts","olm_key":"smoking/butts","quantity":1,"picked_up":true}],"groups":["substances"],"has_litter":false,"has_pet_waste":false,"has_substances":true,"zone":"cottonwood_zone_B","zone_edge_m":44.1,"nbhd_edge_m":null}},{"type":"Feature","geometry":{"type":"Point","coordinates":[-122.55668640137,49.211940765381]},"properties":{"id":555500,"datetime":"2026-10-03T21:53:41.000000Z","filename":"https://olm-s3.s3.eu-west-1.amazonaws.com/2026/10/03/8X4c8aR0eAquJgdaVdkqb8MNtrEXpwE33puPjLkz.jpg","tags":[{"type":"standard","category":"smoking","item":"butts","quantity":1}],"objects":[{"status":"OK","on_map":true,"group":"Smoking","subgroup":"","layer":"Cigarette Butts","full_name":"Smoking \u2013 Cigarette Butts","olm_key":"smoking/butts","quantity":1,"picked_up":true}],"groups":["substances"],"has_litter":false,"has_pet_waste":false,"has_substances":true,"zone":"cottonwood_zone_C","zone_edge_m":49.9,"nbhd_edge_m":null}},{"type":"Feature","geometry":{"type":"Point","coordinates":[-122.55669403076,49.211849212646]},"properties":{"id":555499,"datetime":"2026-10-03T21:54:04.000000Z","filename":"https://olm-s3.s3.eu-west-1.amazonaws.com/2026/10/03/ZKpTKEGyTmN0RUkbFPEgNseHbLCqQwUuBgJecqhU.jpg","tags":[{"type":"standard","category":"smoking","item":"butts","quantity":1}],"objects":[{"status":"OK","on_map":true,"group":"Smoking","subgroup":"","layer":"Cigarette Butts","full_name":"Smoking \u2013 Cigarette Butts","olm_key":"smoking/butts","quantity":1,"picked_up":true}],"groups":["substances"],"has_litter":false,"has_pet_waste":false,"has_substances":true,"zone":"cottonwood_zone_C","zone_edge_m":50.5,"nbhd_edge_m":null}},{"type":"Feature","geometry":{"type":"Point","coordinates":[-122.55669403076,49.211849212646]},"properties":{"id":555498,"datetime":"2026-10-03T21:54:48.000000Z","filename":"https://olm-s3.s3.eu-west-1.amazonaws.com/2026/10/03/KUwtBy0mJ0eFls1hmiOFuQhhwRzR8Tmjz9Lb3ecl.jpg","tags":[{"type":"standard","category":"smoking","item":"butts","quantity":1}],"objects":[{"status":"OK","on_map":true,"group":"Smoking","subgroup":"","layer":"Cigarette Butts","full_name":"Smoking \u2013 Cigarette Butts","olm_key":"smoking/butts","quantity":1,"picked_up":true}],"groups":["substances"],"has_litter":false,"has_pet_waste":false,"has_substances":true,"zone":"cottonwood_zone_C","zone_edge_m":50.5,"nbhd_edge_m":null}},{"type":"Feature","geometry":{"type":"Point","coordinates":[-122.55669403076,49.211849212646]},"properties":{"id":555497,"datetime":"2026-10-03T21:55:08.000000Z","filename":"https://olm-s3.s3.eu-west-1.amazonaws.com/2026/10/03/ryTQZUzHYtGzpWmrwkRHZr0BWpEkTmmr6wfzLDc4.jpg","tags":[{"type":"standard","category":"other","item":"other","quantity":1},{"type":"material","category":"material","item":"paper","quantity":1,"parent_category":"other","parent_item":"other"},{"type":"custom_tag","category":"custom_tag","item":"Disposable plate","quantity":1,"parent_category":"other","parent_item":"other"}],"objects":[{"status":"OK","on_map":true,"group":"Household","subgroup":"","layer":"Household misc","full_name":"Household \u2013 Household misc","olm_key":"other/other","quantity":1,"picked_up":true}],"groups":["litter"],"has_litter":true,"has_pet_waste":false,"has_substances":false,"zone":"cottonwood_zone_C","zone_edge_m":50.5,"nbhd_edge_m":null}},{"type":"Feature","geometry":{"type":"Point","coordinates":[-122.55669403076,49.211849212646]},"properties":{"id":555496,"datetime":"2026-10-03T21:55:18.000000Z","filename":"https://olm-s3.s3.eu-west-1.amazonaws.com/2026/10/03/CRbJ0eWbFFJCy80PmLOBISSP6Ue3beGUiwwATRR7.jpg","tags":[{"type":"standard","category":"other","item":"paper","quantity":1},{"type":"material","category":"material","item":"paper","quantity":1,"parent_category":"other","parent_item":"paper"}],"objects":[{"status":"OK","on_map":true,"group":"Piece","subgroup":"","layer":"Paper Piece","full_name":"Piece \u2013 Paper Piece","olm_key":"other/paper","quantity":1,"picked_up":true}],"groups":["litter"],"has_litter":true,"has_pet_waste":false,"has_substances":false,"zone":"cottonwood_zone_C","zone_edge_m":50.5,"nbhd_edge_m":null}},{"type":"Feature","geometry":{"type":"Point","coordinates":[-122.55669403076,49.211849212646]},"properties":{"id":555495,"datetime":"2026-10-03T21:55:25.000000Z","filename":"https://olm-s3.s3.eu-west-1.amazonaws.com/2026/10/03/uE6qDKjTpA7iYVAg5USjhf3bm33x1BUkGFs5eidA.jpg","tags":[{"type":"standard","category":"other","item":"plastic","quantity":1}],"objects":[{"status":"OK","on_map":true,"group":"Piece","subgroup":"","layer":"Plastic Piece","full_name":"Piece \u2013 Plastic Piece","olm_key":"other/plastic","quantity":1,"picked_up":true}],"groups":["litter"],"has_litter":true,"has_pet_waste":false,"has_substances":false,"zone":"cottonwood_zone_C","zone_edge_m":50.5,"nbhd_edge_m":null}},{"type":"Feature","geometry":{"type":"Point","coordinates":[-122.55669403076,49.211849212646]},"properties":{"id":555494,"datetime":"2026-10-03T21:55:30.000000Z","filename":"https://olm-s3.s3.eu-west-1.amazonaws.com/2026/10/03/eqOE7bzxK2BtaQwMVTSBLBRHagR6tIwTb1QkDUQf.jpg","tags":[{"type":"standard","category":"smoking","item":"butts","quantity":1}],"objects":[{"status":"OK","on_map":true,"group":"Smoking","subgroup":"","layer":"Cigarette Butts","full_name":"Smoking \u2013 Cigarette Butts","olm_key":"smoking/butts","quantity":1,"picked_up":true}],"groups":["substances"],"has_litter":false,"has_pet_waste":false,"has_substances":true,"zone":"cottonwood_zone_C","zone_edge_m":50.5,"nbhd_edge_m":null}},{"type":"Feature","geometry":{"type":"Point","coordinates":[-122.55669403076,49.211849212646]},"properties":{"id":555493,"datetime":"2026-10-03T21:55:42.000000Z","filename":"https://olm-s3.s3.eu-west-1.amazonaws.com/2026/10/03/EH9Msr7dZk5slD2z06HKAV1Jta44gOlI4H67sgVR.jpg","tags":[{"type":"standard","category":"pets","item":"dogshit_in_bag","quantity":1}],"objects":[{"status":"OK","on_map":true,"group":"Fecal","subgroup":"","layer":"Pet Waste Bagged","full_name":"Fecal \u2013 Pet Waste Bagged","olm_key":"pets/dogshit_in_bag","quantity":1,"picked_up":false}],"groups":["pet_waste"],"has_litter":false,"has_pet_waste":true,"has_substances":false,"zone":"cottonwood_zone_C","zone_edge_m":50.5,"nbhd_edge_m":null}},{"type":"Feature","geometry":{"type":"Point","coordinates":[-122.55669403076,49.211849212646]},"properties":{"id":555492,"datetime":"2026-10-03T21:55:55.000000Z","filename":"https://olm-s3.s3.eu-west-1.amazonaws.com/2026/10/03/Bx0oZEPJuPu7RbFJy6yABEPCwyYi8bd5HKyTGi41.jpg","tags":[{"type":"standard","category":"other","item":"paper","quantity":1},{"type":"material","category":"material","item":"paper","quantity":1,"parent_category":"other","parent_item":"paper"}],"objects":[{"status":"OK","on_map":true,"group":"Piece","subgroup":"","layer":"Paper Piece","full_name":"Piece \u2013 Paper Piece","olm_key":"other/paper","quantity":1,"picked_up":true}],"groups":["litter"],"has_litter":true,"has_pet_waste":false,"has_substances":false,"zone":"cottonwood_zone_C","zone_edge_m":50.5,"nbhd_edge_m":null}},{"type":"Feature","geometry":{"type":"Point","coordinates":[-122.55669403076,49.211849212646]},"properties":{"id":555491,"datetime":"2026-10-03T21:56:04.000000Z","filename":"https://olm-s3.s3.eu-west-1.amazonaws.com/2026/10/03/LXOuVyiHjBHUauhmf2bIxCBrIhAjjif5rjOB9Neb.jpg","tags":[{"type":"standard","category":"smoking","item":"butts","quantity":1}],"objects":[{"status":"OK","on_map":true,"group":"Smoking","subgroup":"","layer":"Cigarette Butts","full_name":"Smoking \u2013 Cigarette Butts","olm_key":"smoking/butts","quantity":1,"picked_up":true}],"groups":["substances"],"has_litter":false,"has_pet_waste":false,"has_substances":true,"zone":"cottonwood_zone_C","zone_edge_m":50.5,"nbhd_edge_m":null}},{"type":"Feature","geometry":{"type":"Point","coordinates":[-122.55669403076,49.211849212646]},"properties":{"id":555490,"datetime":"2026-10-03T21:56:08.000000Z","filename":"https://olm-s3.s3.eu-west-1.amazonaws.com/2026/10/03/6sLImIjnFDYeTCcAgNFrTSsIRWseVkwrq0cSilci.jpg","tags":[{"type":"standard","category":"smoking","item":"butts","quantity":1}],"objects":[{"status":"OK","on_map":true,"group":"Smoking","subgroup":"","layer":"Cigarette Butts","full_name":"Smoking \u2013 Cigarette Butts","olm_key":"smoking/butts","quantity":1,"picked_up":true}],"groups":["substances"],"has_litter":false,"has_pet_waste":false,"has_substances":true,"zone":"cottonwood_zone_C","zone_edge_m":50.5,"nbhd_edge_m":null}},{"type":"Feature","geometry":{"type":"Point","coordinates":[-122.55669403076,49.211849212646]},"properties":{"id":555489,"datetime":"2026-10-03T21:56:20.000000Z","filename":"https://olm-s3.s3.eu-west-1.amazonaws.com/2026/10/03/UBL9vNwMTFRN7MGwRdF9DdoK7Ume3yxwc8xFJS1E.jpg","tags":[{"type":"standard","category":"other","item":"paper","quantity":1},{"type":"material","category":"material","item":"paper","quantity":1,"parent_category":"other","parent_item":"paper"}],"objects":[{"status":"OK","on_map":true,"group":"Piece","subgroup":"","layer":"Paper Piece","full_name":"Piece \u2013 Paper Piece","olm_key":"other/paper","quantity":1,"picked_up":true}],"groups":["litter"],"has_litter":true,"has_pet_waste":false,"has_substances":false,"zone":"cottonwood_zone_C","zone_edge_m":50.5,"nbhd_edge_m":null}},{"type":"Feature","geometry":{"type":"Point","coordinates":[-122.55669403076,49.211849212646]},"properties":{"id":555488,"datetime":"2026-10-03T21:56:38.000000Z","filename":"https://olm-s3.s3.eu-west-1.amazonaws.com/2026/10/03/5rBgDLo0iI0LdTs4iGnA53GdoPjuo01II9jpOkBT.jpg","tags":[{"type":"standard","category":"smoking","item":"butts","quantity":1}],"objects":[{"status":"OK","on_map":true,"group":"Smoking","subgroup":"","layer":"Cigarette Butts","full_name":"Smoking \u2013 Cigarette Butts","olm_key":"smoking/butts","quantity":1,"picked_up":true}],"groups":["substances"],"has_litter":false,"has_pet_waste":false,"has_substances":true,"zone":"cottonwood_zone_C","zone_edge_m":50.5,"nbhd_edge_m":null}},{"type":"Feature","geometry":{"type":"Point","coordinates":[-122.55669403076,49.211849212646]},"properties":{"id":555487,"datetime":"2026-10-03T21:56:42.000000Z","filename":"https://olm-s3.s3.eu-west-1.amazonaws.com/2026/10/03/kEz654XDaGD6nqYtEmZ68J0fNBOGMftPcslN68Xy.jpg","tags":[{"type":"standard","category":"smoking","item":"butts","quantity":1}],"objects":[{"status":"OK","on_map":true,"group":"Smoking","subgroup":"","layer":"Cigarette Butts","full_name":"Smoking \u2013 Cigarette Butts","olm_key":"smoking/butts","quantity":1,"picked_up":true}],"groups":["substances"],"has_litter":false,"has_pet_waste":false,"has_substances":true,"zone":"cottonwood_zone_C","zone_edge_m":50.5,"nbhd_edge_m":null}},{"type":"Feature","geometry":{"type":"Point","coordinates":[-122.55669403076,49.211849212646]},"properties":{"id":555486,"datetime":"2026-10-03T21:57:05.000000Z","filename":"https://olm-s3.s3.eu-west-1.amazonaws.com/2026/10/03/P7iwkw7KUC0HzP6d8UY1pHNNlDOfBPbILpEoCtRr.jpg","tags":[{"type":"standard","category":"other","item":"paper","quantity":1},{"type":"material","category":"material","item":"paper","quantity":1,"parent_category":"other","parent_item":"paper"}],"objects":[{"status":"OK","on_map":true,"group":"Piece","subgroup":"","layer":"Paper Piece","full_name":"Piece \u2013 Paper Piece","olm_key":"other/paper","quantity":1,"picked_up":true}],"groups":["litter"],"has_litter":true,"has_pet_waste":false,"has_substances":false,"zone":"cottonwood_zone_C","zone_edge_m":50.5,"nbhd_edge_m":null}},{"type":"Feature","geometry":{"type":"Point","coordinates":[-122.55669403076,49.211849212646]},"properties":{"id":555485,"datetime":"2026-10-03T21:57:12.000000Z","filename":"https://olm-s3.s3.eu-west-1.amazonaws.com/2026/10/03/Hog11FUHGOXY5VF5j2NirBoIXi6TyDpkeEU8BiNq.jpg","tags":[{"type":"standard","category":"food","item":"napkins","quantity":1},{"type":"material","category":"material","item":"paper","quantity":1,"parent_category":"food","parent_item":"napkins"}],"objects":[{"status":"OK","on_map":true,"group":"Convenient Food Drink","subgroup":"Take-out","layer":"Napkins","full_name":"Convenient Food Drink \u2013 Take-out \u2013 Napkins","olm_key":"food/napkins","quantity":1,"picked_up":true}],"groups":["litter"],"has_litter":true,"has_pet_waste":false,"has_substances":false,"zone":"cottonwood_zone_C","zone_edge_m":50.5,"nbhd_edge_m":null}},{"type":"Feature","geometry":{"type":"Point","coordinates":[-122.55669403076,49.211849212646]},"properties":{"id":555484,"datetime":"2026-10-03T21:57:29.000000Z","filename":"https://olm-s3.s3.eu-west-1.amazonaws.com/2026/10/03/rBKvZWRR2b1drmCYKqHalxPKj1V5nt8Oi4DHIHcF.jpg","tags":[{"type":"standard","category":"food","item":"napkins","quantity":1},{"type":"material","category":"material","item":"paper","quantity":1,"parent_category":"food","parent_item":"napkins"}],"objects":[{"status":"OK","on_map":true,"group":"Convenient Food Drink","subgroup":"Take-out","layer":"Napkins","full_name":"Convenient Food Drink \u2013 Take-out \u2013 Napkins","olm_key":"food/napkins","quantity":1,"picked_up":true}],"groups":["litter"],"has_litter":true,"has_pet_waste":false,"has_substances":false,"zone":"cottonwood_zone_C","zone_edge_m":50.5,"nbhd_edge_m":null}},{"type":"Feature","geometry":{"type":"Point","coordinates":[-122.55669403076,49.211849212646]},"properties":{"id":555483,"datetime":"2026-10-03T21:57:38.000000Z","filename":"https://olm-s3.s3.eu-west-1.amazonaws.com/2026/10/03/GuCcUqirQJO8GhYQsMv9BOO6WijkYrg24oxv1w4a.jpg","tags":[{"type":"standard","category":"other","item":"plastic_bag","quantity":1}],"objects":[{"status":"OK","on_map":true,"group":"Household","subgroup":"","layer":"Household Plastic Bag","full_name":"Household \u2013 Household Plastic Bag","olm_key":"other/plastic_bag","quantity":1,"picked_up":true}],"groups":["litter"],"has_litter":true,"has_pet_waste":false,"has_substances":false,"zone":"cottonwood_zone_C","zone_edge_m":50.5,"nbhd_edge_m":null}},{"type":"Feature","geometry":{"type":"Point","coordinates":[-122.55669403076,49.211849212646]},"properties":{"id":555482,"datetime":"2026-10-03T21:57:47.000000Z","filename":"https://olm-s3.s3.eu-west-1.amazonaws.com/2026/10/03/xUj9PzSh0DXDZoD6m2cQkrQiYJLWAOjTPQnA7LQl.jpg","tags":[{"type":"standard","category":"other","item":"plastic","quantity":1}],"objects":[{"status":"OK","on_map":true,"group":"Piece","subgroup":"","layer":"Plastic Piece","full_name":"Piece \u2013 Plastic Piece","olm_key":"other/plastic","quantity":1,"picked_up":true}],"groups":["litter"],"has_litter":true,"has_pet_waste":false,"has_substances":false,"zone":"cottonwood_zone_C","zone_edge_m":50.5,"nbhd_edge_m":null}},{"type":"Feature","geometry":{"type":"Point","coordinates":[-122.55748748779,49.210109710693]},"properties":{"id":555481,"datetime":"2026-10-03T21:58:58.000000Z","filename":"https://olm-s3.s3.eu-west-1.amazonaws.com/2026/10/03/vJiKXCkhs3lz6OsUvlEIIYYTZGiRjbtSikDqPXwU.jpg","tags":[{"type":"standard","category":"smoking","item":"butts","quantity":2}],"objects":[{"status":"OK","on_map":true,"group":"Smoking","subgroup":"","layer":"Cigarette Butts","full_name":"Smoking \u2013 Cigarette Butts","olm_key":"smoking/butts","quantity":2,"picked_up":true}],"groups":["substances"],"has_litter":false,"has_pet_waste":false,"has_substances":true,"zone":"cottonwood_zone_C","zone_edge_m":36.7,"nbhd_edge_m":null}},{"type":"Feature","geometry":{"type":"Point","coordinates":[-122.5574798584,49.210105895996]},"properties":{"id":555480,"datetime":"2026-10-03T21:59:03.000000Z","filename":"https://olm-s3.s3.eu-west-1.amazonaws.com/2026/10/03/cMV3aIsUfbfRSvDNRqebCqovqmOdH4zhP52WVxhU.jpg","tags":[{"type":"standard","category":"smoking","item":"butts","quantity":1}],"objects":[{"status":"OK","on_map":true,"group":"Smoking","subgroup":"","layer":"Cigarette Butts","full_name":"Smoking \u2013 Cigarette Butts","olm_key":"smoking/butts","quantity":1,"picked_up":true}],"groups":["substances"],"has_litter":false,"has_pet_waste":false,"has_substances":true,"zone":"cottonwood_zone_C","zone_edge_m":36.3,"nbhd_edge_m":null}},{"type":"Feature","geometry":{"type":"Point","coordinates":[-122.55751037598,49.210113525391]},"properties":{"id":555479,"datetime":"2026-10-03T21:59:09.000000Z","filename":"https://olm-s3.s3.eu-west-1.amazonaws.com/2026/10/03/4sRfJsGhUXDMQ99fE8FbBSE0bSsUTZwmLyOqAQty.jpg","tags":[{"type":"standard","category":"smoking","item":"butts","quantity":1}],"objects":[{"status":"OK","on_map":true,"group":"Smoking","subgroup":"","layer":"Cigarette Butts","full_name":"Smoking \u2013 Cigarette Butts","olm_key":"smoking/butts","quantity":1,"picked_up":true}],"groups":["substances"],"has_litter":false,"has_pet_waste":false,"has_substances":true,"zone":"cottonwood_zone_C","zone_edge_m":37.1,"nbhd_edge_m":null}},{"type":"Feature","geometry":{"type":"Point","coordinates":[-122.55751037598,49.210113525391]},"properties":{"id":555478,"datetime":"2026-10-03T21:59:14.000000Z","filename":"https://olm-s3.s3.eu-west-1.amazonaws.com/2026/10/03/cywg7vS8TGzNQXWeVrUPLOc7ezI1N4uBShEzmCgJ.jpg","tags":[{"type":"standard","category":"smoking","item":"butts","quantity":1}],"objects":[{"status":"OK","on_map":true,"group":"Smoking","subgroup":"","layer":"Cigarette Butts","full_name":"Smoking \u2013 Cigarette Butts","olm_key":"smoking/butts","quantity":1,"picked_up":true}],"groups":["substances"],"has_litter":false,"has_pet_waste":false,"has_substances":true,"zone":"cottonwood_zone_C","zone_edge_m":37.1,"nbhd_edge_m":null}},{"type":"Feature","geometry":{"type":"Point","coordinates":[-122.55751037598,49.210113525391]},"properties":{"id":555477,"datetime":"2026-10-03T21:59:18.000000Z","filename":"https://olm-s3.s3.eu-west-1.amazonaws.com/2026/10/03/TxgCYfCbQVLfNgCCerUmRypFTSy3ueJboajbciUn.jpg","tags":[{"type":"standard","category":"smoking","item":"butts","quantity":1}],"objects":[{"status":"OK","on_map":true,"group":"Smoking","subgroup":"","layer":"Cigarette Butts","full_name":"Smoking \u2013 Cigarette Butts","olm_key":"smoking/butts","quantity":1,"picked_up":true}],"groups":["substances"],"has_litter":false,"has_pet_waste":false,"has_substances":true,"zone":"cottonwood_zone_C","zone_edge_m":37.1,"nbhd_edge_m":null}},{"type":"Feature","geometry":{"type":"Point","coordinates":[-122.55884552002,49.2099609375]},"properties":{"id":555476,"datetime":"2026-10-03T22:00:29.000000Z","filename":"https://olm-s3.s3.eu-west-1.amazonaws.com/2026/10/03/wjeajjDlputidEfPWhIzkz5MNml7BY9CyR7FghTN.jpg","tags":[{"type":"standard","category":"other","item":"plastic","quantity":1}],"objects":[{"status":"OK","on_map":true,"group":"Piece","subgroup":"","layer":"Plastic Piece","full_name":"Piece \u2013 Plastic Piece","olm_key":"other/plastic","quantity":1,"picked_up":true}],"groups":["litter"],"has_litter":true,"has_pet_waste":false,"has_substances":false,"zone":"cottonwood_zone_C","zone_edge_m":20.1,"nbhd_edge_m":null}},{"type":"Feature","geometry":{"type":"Point","coordinates":[-122.55884552002,49.2099609375]},"properties":{"id":555475,"datetime":"2026-10-03T22:01:05.000000Z","filename":"https://olm-s3.s3.eu-west-1.amazonaws.com/2026/10/03/bImvVdXus6litPUse0r1gBA07nyzRFM2isV5KsC2.jpg","tags":[{"type":"standard","category":"other","item":"plastic","quantity":1}],"objects":[{"status":"OK","on_map":true,"group":"Piece","subgroup":"","layer":"Plastic Piece","full_name":"Piece \u2013 Plastic Piece","olm_key":"other/plastic","quantity":1,"picked_up":true}],"groups":["litter"],"has_litter":true,"has_pet_waste":false,"has_substances":false,"zone":"cottonwood_zone_C","zone_edge_m":20.1,"nbhd_edge_m":null}},{"type":"Feature","geometry":{"type":"Point","coordinates":[-122.55884552002,49.2099609375]},"properties":{"id":555474,"datetime":"2026-10-03T22:01:18.000000Z","filename":"https://olm-s3.s3.eu-west-1.amazonaws.com/2026/10/03/VnL8V3VTOtUrNZXVuL4tzIFexo3pBSbmqRHldopy.jpg","tags":[{"type":"standard","category":"other","item":"plastic","quantity":1}],"objects":[{"status":"OK","on_map":true,"group":"Piece","subgroup":"","layer":"Plastic Piece","full_name":"Piece \u2013 Plastic Piece","olm_key":"other/plastic","quantity":1,"picked_up":true}],"groups":["litter"],"has_litter":true,"has_pet_waste":false,"has_substances":false,"zone":"cottonwood_zone_C","zone_edge_m":20.1,"nbhd_edge_m":null}},{"type":"Feature","geometry":{"type":"Point","coordinates":[-122.56032562256,49.209941864014]},"properties":{"id":555473,"datetime":"2026-10-03T22:02:12.000000Z","filename":"https://olm-s3.s3.eu-west-1.amazonaws.com/2026/10/03/vTWI03pfzBtwHa1l3FQakwyINLz2oiGFZm3O9q6H.jpg","tags":[{"type":"standard","category":"other","item":"other","quantity":4},{"type":"custom_tag","category":"custom_tag","item":"broken glass","quantity":1,"parent_category":"other","parent_item":"other"}],"objects":[{"status":"OK","on_map":true,"group":"Piece","subgroup":"","layer":"Broken Glass Piece","full_name":"Piece \u2013 Broken Glass Piece","olm_key":"other/other","quantity":4,"picked_up":true}],"groups":["litter"],"has_litter":true,"has_pet_waste":false,"has_substances":false,"zone":"cottonwood_zone_C","zone_edge_m":18.0,"nbhd_edge_m":null}},{"type":"Feature","geometry":{"type":"Point","coordinates":[-122.56032562256,49.209941864014]},"properties":{"id":555472,"datetime":"2026-10-03T22:02:45.000000Z","filename":"https://olm-s3.s3.eu-west-1.amazonaws.com/2026/10/03/TVG2lyPwwAgeIcWvYy27lsVC1kKbdWCKhW6PuJvN.jpg","tags":[{"type":"standard","category":"other","item":"plastic","quantity":1}],"objects":[{"status":"OK","on_map":true,"group":"Piece","subgroup":"","layer":"Plastic Piece","full_name":"Piece \u2013 Plastic Piece","olm_key":"other/plastic","quantity":1,"picked_up":true}],"groups":["litter"],"has_litter":true,"has_pet_waste":false,"has_substances":false,"zone":"cottonwood_zone_C","zone_edge_m":18.0,"nbhd_edge_m":null}},{"type":"Feature","geometry":{"type":"Point","coordinates":[-122.56032562256,49.209941864014]},"properties":{"id":555471,"datetime":"2026-10-03T22:02:50.000000Z","filename":"https://olm-s3.s3.eu-west-1.amazonaws.com/2026/10/03/nQRhokd1ru03ohw8ktcpC6z2YMfaSrCeY46lBolP.jpg","tags":[{"type":"standard","category":"other","item":"plastic","quantity":1}],"objects":[{"status":"OK","on_map":true,"group":"Piece","subgroup":"","layer":"Plastic Piece","full_name":"Piece \u2013 Plastic Piece","olm_key":"other/plastic","quantity":1,"picked_up":true}],"groups":["litter"],"has_litter":true,"has_pet_waste":false,"has_substances":false,"zone":"cottonwood_zone_C","zone_edge_m":18.0,"nbhd_edge_m":null}},{"type":"Feature","geometry":{"type":"Point","coordinates":[-122.56032562256,49.209941864014]},"properties":{"id":555470,"datetime":"2026-10-03T22:02:56.000000Z","filename":"https://olm-s3.s3.eu-west-1.amazonaws.com/2026/10/03/E8xYzddo1GVgOy9DAgvPJsYCap7pQ46q2pyz80gH.jpg","tags":[{"type":"standard","category":"other","item":"plastic","quantity":1}],"objects":[{"status":"OK","on_map":true,"group":"Piece","subgroup":"","layer":"Plastic Piece","full_name":"Piece \u2013 Plastic Piece","olm_key":"other/plastic","quantity":1,"picked_up":true}],"groups":["litter"],"has_litter":true,"has_pet_waste":false,"has_substances":false,"zone":"cottonwood_zone_C","zone_edge_m":18.0,"nbhd_edge_m":null}},{"type":"Feature","geometry":{"type":"Point","coordinates":[-122.56032562256,49.209941864014]},"properties":{"id":555469,"datetime":"2026-10-03T22:03:03.000000Z","filename":"https://olm-s3.s3.eu-west-1.amazonaws.com/2026/10/03/JapzTPbLFkKycDuPkzghjCBKbUF8HZvr5fPcXOQ4.jpg","tags":[{"type":"standard","category":"other","item":"plastic","quantity":1}],"objects":[{"status":"OK","on_map":true,"group":"Piece","subgroup":"","layer":"Plastic Piece","full_name":"Piece \u2013 Plastic Piece","olm_key":"other/plastic","quantity":1,"picked_up":true}],"groups":["litter"],"has_litter":true,"has_pet_waste":false,"has_substances":false,"zone":"cottonwood_zone_C","zone_edge_m":18.0,"nbhd_edge_m":null}},{"type":"Feature","geometry":{"type":"Point","coordinates":[-122.56114196777,49.209941864014]},"properties":{"id":555468,"datetime":"2026-10-03T22:04:53.000000Z","filename":"https://olm-s3.s3.eu-west-1.amazonaws.com/2026/10/03/8snVTea1K6eBf5wh6dgl3GQed265LiOKdSCY9J5f.jpg","tags":[{"type":"standard","category":"other","item":"paper","quantity":1},{"type":"material","category":"material","item":"paper","quantity":1,"parent_category":"other","parent_item":"paper"}],"objects":[{"status":"OK","on_map":true,"group":"Piece","subgroup":"","layer":"Paper Piece","full_name":"Piece \u2013 Paper Piece","olm_key":"other/paper","quantity":1,"picked_up":true}],"groups":["litter"],"has_litter":true,"has_pet_waste":false,"has_substances":false,"zone":"cottonwood_zone_C","zone_edge_m":18.0,"nbhd_edge_m":null}},{"type":"Feature","geometry":{"type":"Point","coordinates":[-122.56114196777,49.209941864014]},"properties":{"id":555467,"datetime":"2026-10-03T22:05:19.000000Z","filename":"https://olm-s3.s3.eu-west-1.amazonaws.com/2026/10/03/B3sCnFvoKaSpdVuCpF4n6LK0QosD9Y4jyeuN5SAU.jpg","tags":[{"type":"standard","category":"other","item":"other","quantity":1}],"objects":[{"status":"OK","on_map":true,"group":"Household","subgroup":"","layer":"Household misc","full_name":"Household \u2013 Household misc","olm_key":"other/other","quantity":1,"picked_up":true}],"groups":["litter"],"has_litter":true,"has_pet_waste":false,"has_substances":false,"zone":"cottonwood_zone_C","zone_edge_m":18.0,"nbhd_edge_m":null}},{"type":"Feature","geometry":{"type":"Point","coordinates":[-122.56114196777,49.209941864014]},"properties":{"id":555466,"datetime":"2026-10-03T22:05:26.000000Z","filename":"https://olm-s3.s3.eu-west-1.amazonaws.com/2026/10/03/WtIDWWuhnQFYfOju8c2Zuf35Yp5VIJgWgYfhwFwR.jpg","tags":[{"type":"standard","category":"other","item":"plastic","quantity":1}],"objects":[{"status":"OK","on_map":true,"group":"Piece","subgroup":"","layer":"Plastic Piece","full_name":"Piece \u2013 Plastic Piece","olm_key":"other/plastic","quantity":1,"picked_up":true}],"groups":["litter"],"has_litter":true,"has_pet_waste":false,"has_substances":false,"zone":"cottonwood_zone_C","zone_edge_m":18.0,"nbhd_edge_m":null}},{"type":"Feature","geometry":{"type":"Point","coordinates":[-122.56114196777,49.209941864014]},"properties":{"id":555465,"datetime":"2026-10-03T22:05:36.000000Z","filename":"https://olm-s3.s3.eu-west-1.amazonaws.com/2026/10/03/Y9UPOtE539hBDB5hqEc69Bmu9O450Ly9Js9t5IOr.jpg","tags":[{"type":"standard","category":"sanitary","item":"wipes","quantity":1}],"objects":[{"status":"OK","on_map":true,"group":"Household","subgroup":"","layer":"Wet Wipes","full_name":"Household \u2013 Wet Wipes","olm_key":"sanitary/wipes","quantity":1,"picked_up":true}],"groups":["litter"],"has_litter":true,"has_pet_waste":false,"has_substances":false,"zone":"cottonwood_zone_C","zone_edge_m":18.0,"nbhd_edge_m":null}},{"type":"Feature","geometry":{"type":"Point","coordinates":[-122.56114196777,49.209941864014]},"properties":{"id":555464,"datetime":"2026-10-03T22:05:48.000000Z","filename":"https://olm-s3.s3.eu-west-1.amazonaws.com/2026/10/03/kMSu95jjRwMKygrCpiICq4rywoiswPGkiPGMPJnw.jpg","tags":[{"type":"standard","category":"pets","item":"dogshit_in_bag","quantity":1}],"objects":[{"status":"OK","on_map":true,"group":"Fecal","subgroup":"","layer":"Pet Waste Bagged","full_name":"Fecal \u2013 Pet Waste Bagged","olm_key":"pets/dogshit_in_bag","quantity":1,"picked_up":true}],"groups":["pet_waste"],"has_litter":false,"has_pet_waste":true,"has_substances":false,"zone":"cottonwood_zone_C","zone_edge_m":18.0,"nbhd_edge_m":null}}]}